ISO-10303-21;
HEADER;
/*Generated by software containing ST-Developer
 * from STEP Tools, Inc. (www.steptools.com) 
 */
/*OPTION: using custom renumber hook */
/*description */
/*implementation_level */
FILE_DESCRIPTION(('STEP AP242 Edition 2','STEP AP242 Edition 2''CAx-IF Rec.Pracs.---Representation and Presentation of Product Manufa
cturing Information (PMI)---4.0---2014-10-13','STEP AP242 Edition 2''CAx-IF Rec.Pracs.---Representation and Presentation of Product Manufa
cturing Information (PMI)---4.0---2014-10-13''CAx-IF Rec.Pracs.---3D Tessellated Geometry---0.4---2014-09-14','STEP AP242 Edition 2''CAx-IF Rec.Pracs.---Representation and Presentation of Product Manufa
cturing Information (PMI)---4.0---2014-10-13''CAx-IF Rec.Pracs.---3D Tessellated Geometry---0.4---2014-09-14''2;1','STEP AP242 Edition 2''CAx-IF Rec.Pracs.---Representation and Presentation of Product Manufa
cturing Information (PMI)---4.0---2014-10-13''CAx-IF Rec.Pracs.---3D Tessellated Geometry---0.4---2014-09-14''2;1''CAx-IF Rec.Pracs.---User Defined Attributes---1.5---2016-08-15'),'2;1');
/*name */
/*time_stamp */
/*author */
/*organization */
/*preprocessor_version */
/*originating_system */
/*authorisation */
FILE_NAME('/vol/tmp/translate-5635530659564137259/Sims Needs Small v2.step','2026-04-03T18:45:42',(''),(''),'ST-DEVELOPER v20','ONSHAPE BY PTC INC, 1.213','  ');
FILE_SCHEMA(('AP242_MANAGED_MODEL_BASED_3D_ENGINEERING_MIM_LF { 1 0 10303 442 3 1 4 }'));
ENDSEC;
DATA;
#10=DRAUGHTING_PRE_DEFINED_COLOUR('red');
#11=VERTEX_LOOP('',#3190);
#12=VERTEX_LOOP('',#3192);
#13=VERTEX_LOOP('',#3194);
#14=VERTEX_LOOP('',#3196);
#15=VERTEX_LOOP('',#3198);
#16=SHAPE_REPRESENTATION_RELATIONSHIP('','',#5060,#34);
#17=SHAPE_REPRESENTATION_RELATIONSHIP('','',#5061,#35);
#18=SHAPE_REPRESENTATION_RELATIONSHIP('','',#5062,#36);
#19=SHAPE_REPRESENTATION_RELATIONSHIP('','',#5063,#37);
#20=SHAPE_REPRESENTATION_RELATIONSHIP('','',#5064,#38);
#21=SHAPE_REPRESENTATION_RELATIONSHIP('','',#5065,#39);
#22=SHAPE_REPRESENTATION_RELATIONSHIP('','',#5066,#40);
#23=SHAPE_REPRESENTATION_RELATIONSHIP('','',#5067,#41);
#24=SHAPE_REPRESENTATION_RELATIONSHIP('','',#5068,#42);
#25=SHAPE_REPRESENTATION_RELATIONSHIP('','',#5069,#43);
#26=SHAPE_REPRESENTATION_RELATIONSHIP('','',#5070,#44);
#27=SHAPE_REPRESENTATION_RELATIONSHIP('','',#5071,#45);
#28=SHAPE_REPRESENTATION_RELATIONSHIP('','',#5072,#46);
#29=SHAPE_REPRESENTATION_RELATIONSHIP('','',#5073,#47);
#30=SHAPE_REPRESENTATION_RELATIONSHIP('','',#5074,#48);
#31=SHAPE_REPRESENTATION_RELATIONSHIP('','',#5075,#49);
#32=SHAPE_REPRESENTATION_RELATIONSHIP('','',#5076,#50);
#33=SHAPE_REPRESENTATION_RELATIONSHIP('','',#5077,#51);
#34=ADVANCED_BREP_SHAPE_REPRESENTATION('',(#5024),#8520);
#35=ADVANCED_BREP_SHAPE_REPRESENTATION('',(#5025),#8521);
#36=ADVANCED_BREP_SHAPE_REPRESENTATION('',(#5026),#8522);
#37=ADVANCED_BREP_SHAPE_REPRESENTATION('',(#5027),#8523);
#38=ADVANCED_BREP_SHAPE_REPRESENTATION('',(#5028),#8524);
#39=ADVANCED_BREP_SHAPE_REPRESENTATION('',(#5029),#8525);
#40=ADVANCED_BREP_SHAPE_REPRESENTATION('',(#5030),#8526);
#41=ADVANCED_BREP_SHAPE_REPRESENTATION('',(#5031),#8527);
#42=ADVANCED_BREP_SHAPE_REPRESENTATION('',(#5032),#8528);
#43=ADVANCED_BREP_SHAPE_REPRESENTATION('',(#5033),#8529);
#44=ADVANCED_BREP_SHAPE_REPRESENTATION('',(#5034),#8530);
#45=ADVANCED_BREP_SHAPE_REPRESENTATION('',(#5035),#8531);
#46=ADVANCED_BREP_SHAPE_REPRESENTATION('',(#5036),#8532);
#47=ADVANCED_BREP_SHAPE_REPRESENTATION('',(#5037),#8533);
#48=ADVANCED_BREP_SHAPE_REPRESENTATION('',(#5038),#8534);
#49=ADVANCED_BREP_SHAPE_REPRESENTATION('',(#5039),#8535);
#50=ADVANCED_BREP_SHAPE_REPRESENTATION('',(#5040),#8536);
#51=ADVANCED_BREP_SHAPE_REPRESENTATION('',(#5041),#8537);
#52=CONICAL_SURFACE('',#5092,0.0012,0.785398163397446);
#53=CONICAL_SURFACE('',#5189,0.0008,1.02974425867666);
#54=CONICAL_SURFACE('',#5192,0.0008,1.02974425867666);
#55=CONICAL_SURFACE('',#5195,0.0008,1.02974425867666);
#56=CONICAL_SURFACE('',#5198,0.0008,1.02974425867666);
#57=CONICAL_SURFACE('',#5201,0.0008,1.02974425867666);
#58=CONICAL_SURFACE('',#5224,0.0025,0.785398163397449);
#59=CONICAL_SURFACE('',#5373,0.00225,0.785398163397448);
#60=CONICAL_SURFACE('',#5376,0.00225,0.785398163397448);
#61=CONICAL_SURFACE('',#5379,0.00225,0.785398163397448);
#62=CONICAL_SURFACE('',#5382,0.00225,0.785398163397448);
#63=CONICAL_SURFACE('',#5385,0.00225,0.785398163397448);
#64=CONICAL_SURFACE('',#5388,0.002,0.785398163397448);
#65=CONICAL_SURFACE('',#5390,0.00925426356589144,0.785398163397452);
#66=CONICAL_SURFACE('',#5391,0.0117,0.785398163397449);
#67=CONICAL_SURFACE('',#5392,0.2283,0.785398163397449);
#68=CONICAL_SURFACE('',#5393,0.2322,0.785398163397449);
#69=CONICAL_SURFACE('',#5394,0.0124764976958525,0.785398163397452);
#70=CONICAL_SURFACE('',#5395,0.0117,0.785398163397446);
#71=CONICAL_SURFACE('',#5398,0.00875426356589144,0.785398163397443);
#72=CONICAL_SURFACE('',#5399,0.0122,0.785398163397446);
#73=CONICAL_SURFACE('',#5400,0.2278,0.785398163397417);
#74=CONICAL_SURFACE('',#5401,0.2317,0.785398163397445);
#75=CONICAL_SURFACE('',#5402,0.0119764976958525,0.785398163397446);
#76=CONICAL_SURFACE('',#5403,0.0122,0.785398163397445);
#77=CONICAL_SURFACE('',#5406,0.00725426356589144,0.785398163397453);
#78=CONICAL_SURFACE('',#5407,0.0107,0.785398163397449);
#79=CONICAL_SURFACE('',#5408,0.2293,0.785398163397449);
#80=CONICAL_SURFACE('',#5409,0.2302,0.785398163397449);
#81=CONICAL_SURFACE('',#5410,0.0104764976958525,0.785398163397452);
#82=CONICAL_SURFACE('',#5411,0.0107,0.785398163397449);
#83=CONICAL_SURFACE('',#5438,0.0012,0.785398163397448);
#84=CONICAL_SURFACE('',#5464,0.0012,0.785398163397446);
#85=CONICAL_SURFACE('',#5490,0.0012,0.785398163397448);
#86=CONICAL_SURFACE('',#5516,0.0012,0.785398163397446);
#87=CONICAL_SURFACE('',#5542,0.0012,0.785398163397448);
#88=CONICAL_SURFACE('',#5568,0.0012,0.785398163397446);
#89=CONICAL_SURFACE('',#5594,0.0012,0.785398163397448);
#90=PLANE('',#5083);
#91=PLANE('',#5085);
#92=PLANE('',#5086);
#93=PLANE('',#5087);
#94=PLANE('',#5088);
#95=PLANE('',#5089);
#96=PLANE('',#5090);
#97=PLANE('',#5091);
#98=PLANE('',#5097);
#99=PLANE('',#5104);
#100=PLANE('',#5111);
#101=PLANE('',#5118);
#102=PLANE('',#5125);
#103=PLANE('',#5132);
#104=PLANE('',#5142);
#105=PLANE('',#5149);
#106=PLANE('',#5156);
#107=PLANE('',#5163);
#108=PLANE('',#5167);
#109=PLANE('',#5168);
#110=PLANE('',#5169);
#111=PLANE('',#5170);
#112=PLANE('',#5174);
#113=PLANE('',#5175);
#114=PLANE('',#5176);
#115=PLANE('',#5177);
#116=PLANE('',#5178);
#117=PLANE('',#5180);
#118=PLANE('',#5202);
#119=PLANE('',#5203);
#120=PLANE('',#5204);
#121=PLANE('',#5205);
#122=PLANE('',#5206);
#123=PLANE('',#5207);
#124=PLANE('',#5208);
#125=PLANE('',#5209);
#126=PLANE('',#5210);
#127=PLANE('',#5211);
#128=PLANE('',#5212);
#129=PLANE('',#5213);
#130=PLANE('',#5214);
#131=PLANE('',#5215);
#132=PLANE('',#5216);
#133=PLANE('',#5217);
#134=PLANE('',#5218);
#135=PLANE('',#5219);
#136=PLANE('',#5220);
#137=PLANE('',#5221);
#138=PLANE('',#5226);
#139=PLANE('',#5236);
#140=PLANE('',#5246);
#141=PLANE('',#5256);
#142=PLANE('',#5266);
#143=PLANE('',#5279);
#144=PLANE('',#5302);
#145=PLANE('',#5315);
#146=PLANE('',#5318);
#147=PLANE('',#5321);
#148=PLANE('',#5322);
#149=PLANE('',#5325);
#150=PLANE('',#5328);
#151=PLANE('',#5329);
#152=PLANE('',#5332);
#153=PLANE('',#5335);
#154=PLANE('',#5336);
#155=PLANE('',#5339);
#156=PLANE('',#5342);
#157=PLANE('',#5343);
#158=PLANE('',#5346);
#159=PLANE('',#5349);
#160=PLANE('',#5350);
#161=PLANE('',#5353);
#162=PLANE('',#5356);
#163=PLANE('',#5357);
#164=PLANE('',#5360);
#165=PLANE('',#5363);
#166=PLANE('',#5364);
#167=PLANE('',#5367);
#168=PLANE('',#5370);
#169=PLANE('',#5389);
#170=PLANE('',#5396);
#171=PLANE('',#5397);
#172=PLANE('',#5404);
#173=PLANE('',#5405);
#174=PLANE('',#5412);
#175=PLANE('',#5414);
#176=PLANE('',#5418);
#177=PLANE('',#5422);
#178=PLANE('',#5423);
#179=PLANE('',#5429);
#180=PLANE('',#5431);
#181=PLANE('',#5432);
#182=PLANE('',#5433);
#183=PLANE('',#5434);
#184=PLANE('',#5435);
#185=PLANE('',#5436);
#186=PLANE('',#5437);
#187=PLANE('',#5440);
#188=PLANE('',#5444);
#189=PLANE('',#5448);
#190=PLANE('',#5449);
#191=PLANE('',#5455);
#192=PLANE('',#5457);
#193=PLANE('',#5458);
#194=PLANE('',#5459);
#195=PLANE('',#5460);
#196=PLANE('',#5461);
#197=PLANE('',#5462);
#198=PLANE('',#5463);
#199=PLANE('',#5466);
#200=PLANE('',#5470);
#201=PLANE('',#5474);
#202=PLANE('',#5475);
#203=PLANE('',#5481);
#204=PLANE('',#5483);
#205=PLANE('',#5484);
#206=PLANE('',#5485);
#207=PLANE('',#5486);
#208=PLANE('',#5487);
#209=PLANE('',#5488);
#210=PLANE('',#5489);
#211=PLANE('',#5492);
#212=PLANE('',#5496);
#213=PLANE('',#5500);
#214=PLANE('',#5501);
#215=PLANE('',#5507);
#216=PLANE('',#5509);
#217=PLANE('',#5510);
#218=PLANE('',#5511);
#219=PLANE('',#5512);
#220=PLANE('',#5513);
#221=PLANE('',#5514);
#222=PLANE('',#5515);
#223=PLANE('',#5518);
#224=PLANE('',#5522);
#225=PLANE('',#5526);
#226=PLANE('',#5527);
#227=PLANE('',#5533);
#228=PLANE('',#5535);
#229=PLANE('',#5536);
#230=PLANE('',#5537);
#231=PLANE('',#5538);
#232=PLANE('',#5539);
#233=PLANE('',#5540);
#234=PLANE('',#5541);
#235=PLANE('',#5544);
#236=PLANE('',#5548);
#237=PLANE('',#5552);
#238=PLANE('',#5553);
#239=PLANE('',#5559);
#240=PLANE('',#5561);
#241=PLANE('',#5562);
#242=PLANE('',#5563);
#243=PLANE('',#5564);
#244=PLANE('',#5565);
#245=PLANE('',#5566);
#246=PLANE('',#5567);
#247=PLANE('',#5570);
#248=PLANE('',#5574);
#249=PLANE('',#5578);
#250=PLANE('',#5579);
#251=PLANE('',#5585);
#252=PLANE('',#5587);
#253=PLANE('',#5588);
#254=PLANE('',#5589);
#255=PLANE('',#5590);
#256=PLANE('',#5591);
#257=PLANE('',#5592);
#258=PLANE('',#5593);
#259=PLANE('',#5596);
#260=PLANE('',#5600);
#261=PLANE('',#5604);
#262=PLANE('',#5605);
#263=LINE('',#7103,#697);
#264=LINE('',#7107,#698);
#265=LINE('',#7112,#699);
#266=LINE('',#7114,#700);
#267=LINE('',#7116,#701);
#268=LINE('',#7118,#702);
#269=LINE('',#7120,#703);
#270=LINE('',#7122,#704);
#271=LINE('',#7124,#705);
#272=LINE('',#7126,#706);
#273=LINE('',#7128,#707);
#274=LINE('',#7130,#708);
#275=LINE('',#7132,#709);
#276=LINE('',#7134,#710);
#277=LINE('',#7136,#711);
#278=LINE('',#7138,#712);
#279=LINE('',#7143,#713);
#280=LINE('',#7148,#714);
#281=LINE('',#7152,#715);
#282=LINE('',#7154,#716);
#283=LINE('',#7156,#717);
#284=LINE('',#7160,#718);
#285=LINE('',#7164,#719);
#286=LINE('',#7169,#720);
#287=LINE('',#7173,#721);
#288=LINE('',#7175,#722);
#289=LINE('',#7177,#723);
#290=LINE('',#7181,#724);
#291=LINE('',#7185,#725);
#292=LINE('',#7190,#726);
#293=LINE('',#7194,#727);
#294=LINE('',#7196,#728);
#295=LINE('',#7198,#729);
#296=LINE('',#7202,#730);
#297=LINE('',#7206,#731);
#298=LINE('',#7211,#732);
#299=LINE('',#7215,#733);
#300=LINE('',#7217,#734);
#301=LINE('',#7219,#735);
#302=LINE('',#7223,#736);
#303=LINE('',#7227,#737);
#304=LINE('',#7232,#738);
#305=LINE('',#7236,#739);
#306=LINE('',#7238,#740);
#307=LINE('',#7240,#741);
#308=LINE('',#7244,#742);
#309=LINE('',#7251,#743);
#310=LINE('',#7255,#744);
#311=LINE('',#7257,#745);
#312=LINE('',#7259,#746);
#313=LINE('',#7261,#747);
#314=LINE('',#7265,#748);
#315=LINE('',#7271,#749);
#316=LINE('',#7277,#750);
#317=LINE('',#7281,#751);
#318=LINE('',#7283,#752);
#319=LINE('',#7285,#753);
#320=LINE('',#7289,#754);
#321=LINE('',#7293,#755);
#322=LINE('',#7298,#756);
#323=LINE('',#7302,#757);
#324=LINE('',#7304,#758);
#325=LINE('',#7306,#759);
#326=LINE('',#7310,#760);
#327=LINE('',#7314,#761);
#328=LINE('',#7319,#762);
#329=LINE('',#7323,#763);
#330=LINE('',#7325,#764);
#331=LINE('',#7327,#765);
#332=LINE('',#7331,#766);
#333=LINE('',#7335,#767);
#334=LINE('',#7340,#768);
#335=LINE('',#7344,#769);
#336=LINE('',#7346,#770);
#337=LINE('',#7348,#771);
#338=LINE('',#7352,#772);
#339=LINE('',#7356,#773);
#340=LINE('',#7357,#774);
#341=LINE('',#7359,#775);
#342=LINE('',#7360,#776);
#343=LINE('',#7362,#777);
#344=LINE('',#7363,#778);
#345=LINE('',#7365,#779);
#346=LINE('',#7366,#780);
#347=LINE('',#7371,#781);
#348=LINE('',#7372,#782);
#349=LINE('',#7374,#783);
#350=LINE('',#7375,#784);
#351=LINE('',#7377,#785);
#352=LINE('',#7378,#786);
#353=LINE('',#7380,#787);
#354=LINE('',#7381,#788);
#355=LINE('',#7388,#789);
#356=LINE('',#7391,#790);
#357=LINE('',#7393,#791);
#358=LINE('',#7395,#792);
#359=LINE('',#7396,#793);
#360=LINE('',#7399,#794);
#361=LINE('',#7401,#795);
#362=LINE('',#7403,#796);
#363=LINE('',#7404,#797);
#364=LINE('',#7407,#798);
#365=LINE('',#7409,#799);
#366=LINE('',#7411,#800);
#367=LINE('',#7412,#801);
#368=LINE('',#7415,#802);
#369=LINE('',#7417,#803);
#370=LINE('',#7419,#804);
#371=LINE('',#7456,#805);
#372=LINE('',#7459,#806);
#373=LINE('',#7461,#807);
#374=LINE('',#7463,#808);
#375=LINE('',#7465,#809);
#376=LINE('',#7466,#810);
#377=LINE('',#7468,#811);
#378=LINE('',#7470,#812);
#379=LINE('',#7473,#813);
#380=LINE('',#7476,#814);
#381=LINE('',#7478,#815);
#382=LINE('',#7480,#816);
#383=LINE('',#7482,#817);
#384=LINE('',#7483,#818);
#385=LINE('',#7485,#819);
#386=LINE('',#7487,#820);
#387=LINE('',#7490,#821);
#388=LINE('',#7493,#822);
#389=LINE('',#7495,#823);
#390=LINE('',#7497,#824);
#391=LINE('',#7499,#825);
#392=LINE('',#7500,#826);
#393=LINE('',#7502,#827);
#394=LINE('',#7504,#828);
#395=LINE('',#7507,#829);
#396=LINE('',#7510,#830);
#397=LINE('',#7512,#831);
#398=LINE('',#7514,#832);
#399=LINE('',#7516,#833);
#400=LINE('',#7517,#834);
#401=LINE('',#7519,#835);
#402=LINE('',#7521,#836);
#403=LINE('',#7529,#837);
#404=LINE('',#7532,#838);
#405=LINE('',#7534,#839);
#406=LINE('',#7536,#840);
#407=LINE('',#7538,#841);
#408=LINE('',#7544,#842);
#409=LINE('',#7550,#843);
#410=LINE('',#7556,#844);
#411=LINE('',#7559,#845);
#412=LINE('',#7560,#846);
#413=LINE('',#7562,#847);
#414=LINE('',#7568,#848);
#415=LINE('',#7574,#849);
#416=LINE('',#7579,#850);
#417=LINE('',#7583,#851);
#418=LINE('',#7585,#852);
#419=LINE('',#7587,#853);
#420=LINE('',#7591,#854);
#421=LINE('',#7597,#855);
#422=LINE('',#7603,#856);
#423=LINE('',#7607,#857);
#424=LINE('',#7609,#858);
#425=LINE('',#7611,#859);
#426=LINE('',#7615,#860);
#427=LINE('',#7628,#861);
#428=LINE('',#7636,#862);
#429=LINE('',#7644,#863);
#430=LINE('',#7652,#864);
#431=LINE('',#7673,#865);
#432=LINE('',#7677,#866);
#433=LINE('',#7681,#867);
#434=LINE('',#7685,#868);
#435=LINE('',#7689,#869);
#436=LINE('',#7693,#870);
#437=LINE('',#7697,#871);
#438=LINE('',#7701,#872);
#439=LINE('',#7705,#873);
#440=LINE('',#7709,#874);
#441=LINE('',#7713,#875);
#442=LINE('',#7717,#876);
#443=LINE('',#7721,#877);
#444=LINE('',#7725,#878);
#445=LINE('',#7729,#879);
#446=LINE('',#7733,#880);
#447=LINE('',#7740,#881);
#448=LINE('',#7748,#882);
#449=LINE('',#7764,#883);
#450=LINE('',#7766,#884);
#451=LINE('',#7768,#885);
#452=LINE('',#7770,#886);
#453=LINE('',#7774,#887);
#454=LINE('',#7776,#888);
#455=LINE('',#7781,#889);
#456=LINE('',#7783,#890);
#457=LINE('',#7785,#891);
#458=LINE('',#7787,#892);
#459=LINE('',#7791,#893);
#460=LINE('',#7793,#894);
#461=LINE('',#7798,#895);
#462=LINE('',#7800,#896);
#463=LINE('',#7802,#897);
#464=LINE('',#7804,#898);
#465=LINE('',#7808,#899);
#466=LINE('',#7810,#900);
#467=LINE('',#7815,#901);
#468=LINE('',#7817,#902);
#469=LINE('',#7819,#903);
#470=LINE('',#7821,#904);
#471=LINE('',#7825,#905);
#472=LINE('',#7827,#906);
#473=LINE('',#7832,#907);
#474=LINE('',#7834,#908);
#475=LINE('',#7836,#909);
#476=LINE('',#7838,#910);
#477=LINE('',#7842,#911);
#478=LINE('',#7844,#912);
#479=LINE('',#7849,#913);
#480=LINE('',#7851,#914);
#481=LINE('',#7853,#915);
#482=LINE('',#7855,#916);
#483=LINE('',#7859,#917);
#484=LINE('',#7861,#918);
#485=LINE('',#7866,#919);
#486=LINE('',#7868,#920);
#487=LINE('',#7870,#921);
#488=LINE('',#7872,#922);
#489=LINE('',#7876,#923);
#490=LINE('',#7878,#924);
#491=LINE('',#7883,#925);
#492=LINE('',#7885,#926);
#493=LINE('',#7887,#927);
#494=LINE('',#7889,#928);
#495=LINE('',#7893,#929);
#496=LINE('',#7895,#930);
#497=LINE('',#7924,#931);
#498=LINE('',#7925,#932);
#499=LINE('',#7927,#933);
#500=LINE('',#7929,#934);
#501=LINE('',#7931,#935);
#502=LINE('',#7933,#936);
#503=LINE('',#7935,#937);
#504=LINE('',#7937,#938);
#505=LINE('',#7940,#939);
#506=LINE('',#7941,#940);
#507=LINE('',#7943,#941);
#508=LINE('',#7945,#942);
#509=LINE('',#7947,#943);
#510=LINE('',#7949,#944);
#511=LINE('',#7951,#945);
#512=LINE('',#7953,#946);
#513=LINE('',#7956,#947);
#514=LINE('',#7957,#948);
#515=LINE('',#7959,#949);
#516=LINE('',#7961,#950);
#517=LINE('',#7963,#951);
#518=LINE('',#7965,#952);
#519=LINE('',#7967,#953);
#520=LINE('',#7969,#954);
#521=LINE('',#7973,#955);
#522=LINE('',#7976,#956);
#523=LINE('',#7978,#957);
#524=LINE('',#7980,#958);
#525=LINE('',#7986,#959);
#526=LINE('',#7988,#960);
#527=LINE('',#7990,#961);
#528=LINE('',#7992,#962);
#529=LINE('',#8005,#963);
#530=LINE('',#8009,#964);
#531=LINE('',#8014,#965);
#532=LINE('',#8016,#966);
#533=LINE('',#8018,#967);
#534=LINE('',#8020,#968);
#535=LINE('',#8022,#969);
#536=LINE('',#8024,#970);
#537=LINE('',#8026,#971);
#538=LINE('',#8028,#972);
#539=LINE('',#8030,#973);
#540=LINE('',#8032,#974);
#541=LINE('',#8034,#975);
#542=LINE('',#8036,#976);
#543=LINE('',#8038,#977);
#544=LINE('',#8040,#978);
#545=LINE('',#8045,#979);
#546=LINE('',#8048,#980);
#547=LINE('',#8050,#981);
#548=LINE('',#8052,#982);
#549=LINE('',#8058,#983);
#550=LINE('',#8060,#984);
#551=LINE('',#8062,#985);
#552=LINE('',#8064,#986);
#553=LINE('',#8077,#987);
#554=LINE('',#8081,#988);
#555=LINE('',#8086,#989);
#556=LINE('',#8088,#990);
#557=LINE('',#8090,#991);
#558=LINE('',#8092,#992);
#559=LINE('',#8094,#993);
#560=LINE('',#8096,#994);
#561=LINE('',#8098,#995);
#562=LINE('',#8100,#996);
#563=LINE('',#8102,#997);
#564=LINE('',#8104,#998);
#565=LINE('',#8106,#999);
#566=LINE('',#8108,#1000);
#567=LINE('',#8110,#1001);
#568=LINE('',#8112,#1002);
#569=LINE('',#8117,#1003);
#570=LINE('',#8120,#1004);
#571=LINE('',#8122,#1005);
#572=LINE('',#8124,#1006);
#573=LINE('',#8130,#1007);
#574=LINE('',#8132,#1008);
#575=LINE('',#8134,#1009);
#576=LINE('',#8136,#1010);
#577=LINE('',#8149,#1011);
#578=LINE('',#8153,#1012);
#579=LINE('',#8158,#1013);
#580=LINE('',#8160,#1014);
#581=LINE('',#8162,#1015);
#582=LINE('',#8164,#1016);
#583=LINE('',#8166,#1017);
#584=LINE('',#8168,#1018);
#585=LINE('',#8170,#1019);
#586=LINE('',#8172,#1020);
#587=LINE('',#8174,#1021);
#588=LINE('',#8176,#1022);
#589=LINE('',#8178,#1023);
#590=LINE('',#8180,#1024);
#591=LINE('',#8182,#1025);
#592=LINE('',#8184,#1026);
#593=LINE('',#8189,#1027);
#594=LINE('',#8192,#1028);
#595=LINE('',#8194,#1029);
#596=LINE('',#8196,#1030);
#597=LINE('',#8202,#1031);
#598=LINE('',#8204,#1032);
#599=LINE('',#8206,#1033);
#600=LINE('',#8208,#1034);
#601=LINE('',#8221,#1035);
#602=LINE('',#8225,#1036);
#603=LINE('',#8230,#1037);
#604=LINE('',#8232,#1038);
#605=LINE('',#8234,#1039);
#606=LINE('',#8236,#1040);
#607=LINE('',#8238,#1041);
#608=LINE('',#8240,#1042);
#609=LINE('',#8242,#1043);
#610=LINE('',#8244,#1044);
#611=LINE('',#8246,#1045);
#612=LINE('',#8248,#1046);
#613=LINE('',#8250,#1047);
#614=LINE('',#8252,#1048);
#615=LINE('',#8254,#1049);
#616=LINE('',#8256,#1050);
#617=LINE('',#8261,#1051);
#618=LINE('',#8264,#1052);
#619=LINE('',#8266,#1053);
#620=LINE('',#8268,#1054);
#621=LINE('',#8274,#1055);
#622=LINE('',#8276,#1056);
#623=LINE('',#8278,#1057);
#624=LINE('',#8280,#1058);
#625=LINE('',#8293,#1059);
#626=LINE('',#8297,#1060);
#627=LINE('',#8302,#1061);
#628=LINE('',#8304,#1062);
#629=LINE('',#8306,#1063);
#630=LINE('',#8308,#1064);
#631=LINE('',#8310,#1065);
#632=LINE('',#8312,#1066);
#633=LINE('',#8314,#1067);
#634=LINE('',#8316,#1068);
#635=LINE('',#8318,#1069);
#636=LINE('',#8320,#1070);
#637=LINE('',#8322,#1071);
#638=LINE('',#8324,#1072);
#639=LINE('',#8326,#1073);
#640=LINE('',#8328,#1074);
#641=LINE('',#8333,#1075);
#642=LINE('',#8336,#1076);
#643=LINE('',#8338,#1077);
#644=LINE('',#8340,#1078);
#645=LINE('',#8346,#1079);
#646=LINE('',#8348,#1080);
#647=LINE('',#8350,#1081);
#648=LINE('',#8352,#1082);
#649=LINE('',#8365,#1083);
#650=LINE('',#8369,#1084);
#651=LINE('',#8374,#1085);
#652=LINE('',#8376,#1086);
#653=LINE('',#8378,#1087);
#654=LINE('',#8380,#1088);
#655=LINE('',#8382,#1089);
#656=LINE('',#8384,#1090);
#657=LINE('',#8386,#1091);
#658=LINE('',#8388,#1092);
#659=LINE('',#8390,#1093);
#660=LINE('',#8392,#1094);
#661=LINE('',#8394,#1095);
#662=LINE('',#8396,#1096);
#663=LINE('',#8398,#1097);
#664=LINE('',#8400,#1098);
#665=LINE('',#8405,#1099);
#666=LINE('',#8408,#1100);
#667=LINE('',#8410,#1101);
#668=LINE('',#8412,#1102);
#669=LINE('',#8418,#1103);
#670=LINE('',#8420,#1104);
#671=LINE('',#8422,#1105);
#672=LINE('',#8424,#1106);
#673=LINE('',#8437,#1107);
#674=LINE('',#8441,#1108);
#675=LINE('',#8446,#1109);
#676=LINE('',#8448,#1110);
#677=LINE('',#8450,#1111);
#678=LINE('',#8452,#1112);
#679=LINE('',#8454,#1113);
#680=LINE('',#8456,#1114);
#681=LINE('',#8458,#1115);
#682=LINE('',#8460,#1116);
#683=LINE('',#8462,#1117);
#684=LINE('',#8464,#1118);
#685=LINE('',#8466,#1119);
#686=LINE('',#8468,#1120);
#687=LINE('',#8470,#1121);
#688=LINE('',#8472,#1122);
#689=LINE('',#8477,#1123);
#690=LINE('',#8480,#1124);
#691=LINE('',#8482,#1125);
#692=LINE('',#8484,#1126);
#693=LINE('',#8490,#1127);
#694=LINE('',#8492,#1128);
#695=LINE('',#8494,#1129);
#696=LINE('',#8496,#1130);
#697=VECTOR('',#5614,1.);
#698=VECTOR('',#5617,1.);
#699=VECTOR('',#5624,1.);
#700=VECTOR('',#5625,1.);
#701=VECTOR('',#5626,1.);
#702=VECTOR('',#5627,1.);
#703=VECTOR('',#5628,1.);
#704=VECTOR('',#5631,1.);
#705=VECTOR('',#5632,1.);
#706=VECTOR('',#5633,1.);
#707=VECTOR('',#5634,1.);
#708=VECTOR('',#5635,1.);
#709=VECTOR('',#5638,1.);
#710=VECTOR('',#5641,1.);
#711=VECTOR('',#5644,1.);
#712=VECTOR('',#5647,1.);
#713=VECTOR('',#5656,1.);
#714=VECTOR('',#5659,1.);
#715=VECTOR('',#5664,1.);
#716=VECTOR('',#5665,1.);
#717=VECTOR('',#5666,1.);
#718=VECTOR('',#5671,1.);
#719=VECTOR('',#5676,1.);
#720=VECTOR('',#5679,1.);
#721=VECTOR('',#5684,1.);
#722=VECTOR('',#5685,1.);
#723=VECTOR('',#5686,1.);
#724=VECTOR('',#5691,1.);
#725=VECTOR('',#5696,1.);
#726=VECTOR('',#5699,1.);
#727=VECTOR('',#5704,1.);
#728=VECTOR('',#5705,1.);
#729=VECTOR('',#5706,1.);
#730=VECTOR('',#5711,1.);
#731=VECTOR('',#5716,1.);
#732=VECTOR('',#5719,1.);
#733=VECTOR('',#5724,1.);
#734=VECTOR('',#5725,1.);
#735=VECTOR('',#5726,1.);
#736=VECTOR('',#5731,1.);
#737=VECTOR('',#5736,1.);
#738=VECTOR('',#5739,1.);
#739=VECTOR('',#5744,1.);
#740=VECTOR('',#5745,1.);
#741=VECTOR('',#5746,1.);
#742=VECTOR('',#5751,1.);
#743=VECTOR('',#5758,1.);
#744=VECTOR('',#5761,1.);
#745=VECTOR('',#5764,1.);
#746=VECTOR('',#5765,1.);
#747=VECTOR('',#5766,1.);
#748=VECTOR('',#5771,1.);
#749=VECTOR('',#5778,1.);
#750=VECTOR('',#5785,1.);
#751=VECTOR('',#5790,1.);
#752=VECTOR('',#5791,1.);
#753=VECTOR('',#5792,1.);
#754=VECTOR('',#5797,1.);
#755=VECTOR('',#5802,1.);
#756=VECTOR('',#5805,1.);
#757=VECTOR('',#5810,1.);
#758=VECTOR('',#5811,1.);
#759=VECTOR('',#5812,1.);
#760=VECTOR('',#5817,1.);
#761=VECTOR('',#5822,1.);
#762=VECTOR('',#5825,1.);
#763=VECTOR('',#5830,1.);
#764=VECTOR('',#5831,1.);
#765=VECTOR('',#5832,1.);
#766=VECTOR('',#5837,1.);
#767=VECTOR('',#5842,1.);
#768=VECTOR('',#5845,1.);
#769=VECTOR('',#5850,1.);
#770=VECTOR('',#5851,1.);
#771=VECTOR('',#5852,1.);
#772=VECTOR('',#5857,1.);
#773=VECTOR('',#5862,1.);
#774=VECTOR('',#5863,1.);
#775=VECTOR('',#5866,1.);
#776=VECTOR('',#5867,1.);
#777=VECTOR('',#5870,1.);
#778=VECTOR('',#5871,1.);
#779=VECTOR('',#5874,1.);
#780=VECTOR('',#5875,1.);
#781=VECTOR('',#5884,1.);
#782=VECTOR('',#5885,1.);
#783=VECTOR('',#5888,1.);
#784=VECTOR('',#5889,1.);
#785=VECTOR('',#5892,1.);
#786=VECTOR('',#5893,1.);
#787=VECTOR('',#5896,1.);
#788=VECTOR('',#5897,1.);
#789=VECTOR('',#5906,1.);
#790=VECTOR('',#5907,1.);
#791=VECTOR('',#5908,1.);
#792=VECTOR('',#5909,1.);
#793=VECTOR('',#5910,1.);
#794=VECTOR('',#5911,1.);
#795=VECTOR('',#5912,1.);
#796=VECTOR('',#5913,1.);
#797=VECTOR('',#5914,1.);
#798=VECTOR('',#5915,1.);
#799=VECTOR('',#5916,1.);
#800=VECTOR('',#5917,1.);
#801=VECTOR('',#5918,1.);
#802=VECTOR('',#5919,1.);
#803=VECTOR('',#5920,1.);
#804=VECTOR('',#5921,1.);
#805=VECTOR('',#5964,1.);
#806=VECTOR('',#5965,1.);
#807=VECTOR('',#5966,1.);
#808=VECTOR('',#5967,1.);
#809=VECTOR('',#5970,1.);
#810=VECTOR('',#5971,1.);
#811=VECTOR('',#5974,1.);
#812=VECTOR('',#5977,1.);
#813=VECTOR('',#5982,1.);
#814=VECTOR('',#5983,1.);
#815=VECTOR('',#5984,1.);
#816=VECTOR('',#5985,1.);
#817=VECTOR('',#5988,1.);
#818=VECTOR('',#5989,1.);
#819=VECTOR('',#5992,1.);
#820=VECTOR('',#5995,1.);
#821=VECTOR('',#6000,1.);
#822=VECTOR('',#6001,1.);
#823=VECTOR('',#6002,1.);
#824=VECTOR('',#6003,1.);
#825=VECTOR('',#6006,1.);
#826=VECTOR('',#6007,1.);
#827=VECTOR('',#6010,1.);
#828=VECTOR('',#6013,1.);
#829=VECTOR('',#6018,1.);
#830=VECTOR('',#6019,1.);
#831=VECTOR('',#6020,1.);
#832=VECTOR('',#6021,1.);
#833=VECTOR('',#6024,1.);
#834=VECTOR('',#6025,1.);
#835=VECTOR('',#6028,1.);
#836=VECTOR('',#6031,1.);
#837=VECTOR('',#6044,1.);
#838=VECTOR('',#6045,1.);
#839=VECTOR('',#6046,1.);
#840=VECTOR('',#6047,1.);
#841=VECTOR('',#6050,1.);
#842=VECTOR('',#6057,1.);
#843=VECTOR('',#6064,1.);
#844=VECTOR('',#6071,1.);
#845=VECTOR('',#6072,1.);
#846=VECTOR('',#6073,1.);
#847=VECTOR('',#6076,1.);
#848=VECTOR('',#6083,1.);
#849=VECTOR('',#6090,1.);
#850=VECTOR('',#6093,1.);
#851=VECTOR('',#6098,1.);
#852=VECTOR('',#6099,1.);
#853=VECTOR('',#6100,1.);
#854=VECTOR('',#6105,1.);
#855=VECTOR('',#6112,1.);
#856=VECTOR('',#6119,1.);
#857=VECTOR('',#6124,1.);
#858=VECTOR('',#6125,1.);
#859=VECTOR('',#6126,1.);
#860=VECTOR('',#6131,1.);
#861=VECTOR('',#6150,1.);
#862=VECTOR('',#6157,1.);
#863=VECTOR('',#6164,1.);
#864=VECTOR('',#6171,1.);
#865=VECTOR('',#6192,1.);
#866=VECTOR('',#6195,1.);
#867=VECTOR('',#6198,1.);
#868=VECTOR('',#6201,1.);
#869=VECTOR('',#6204,1.);
#870=VECTOR('',#6207,1.);
#871=VECTOR('',#6210,1.);
#872=VECTOR('',#6213,1.);
#873=VECTOR('',#6216,1.);
#874=VECTOR('',#6219,1.);
#875=VECTOR('',#6222,1.);
#876=VECTOR('',#6225,1.);
#877=VECTOR('',#6228,1.);
#878=VECTOR('',#6231,1.);
#879=VECTOR('',#6234,1.);
#880=VECTOR('',#6237,1.);
#881=VECTOR('',#6244,1.);
#882=VECTOR('',#6251,1.);
#883=VECTOR('',#6268,1.);
#884=VECTOR('',#6269,1.);
#885=VECTOR('',#6270,1.);
#886=VECTOR('',#6273,1.);
#887=VECTOR('',#6278,1.);
#888=VECTOR('',#6279,1.);
#889=VECTOR('',#6288,1.);
#890=VECTOR('',#6289,1.);
#891=VECTOR('',#6290,1.);
#892=VECTOR('',#6293,1.);
#893=VECTOR('',#6298,1.);
#894=VECTOR('',#6299,1.);
#895=VECTOR('',#6308,1.);
#896=VECTOR('',#6309,1.);
#897=VECTOR('',#6310,1.);
#898=VECTOR('',#6313,1.);
#899=VECTOR('',#6318,1.);
#900=VECTOR('',#6319,1.);
#901=VECTOR('',#6328,1.);
#902=VECTOR('',#6329,1.);
#903=VECTOR('',#6330,1.);
#904=VECTOR('',#6333,1.);
#905=VECTOR('',#6338,1.);
#906=VECTOR('',#6339,1.);
#907=VECTOR('',#6348,1.);
#908=VECTOR('',#6349,1.);
#909=VECTOR('',#6350,1.);
#910=VECTOR('',#6353,1.);
#911=VECTOR('',#6358,1.);
#912=VECTOR('',#6359,1.);
#913=VECTOR('',#6368,1.);
#914=VECTOR('',#6369,1.);
#915=VECTOR('',#6370,1.);
#916=VECTOR('',#6373,1.);
#917=VECTOR('',#6378,1.);
#918=VECTOR('',#6379,1.);
#919=VECTOR('',#6388,1.);
#920=VECTOR('',#6389,1.);
#921=VECTOR('',#6390,1.);
#922=VECTOR('',#6393,1.);
#923=VECTOR('',#6398,1.);
#924=VECTOR('',#6399,1.);
#925=VECTOR('',#6408,1.);
#926=VECTOR('',#6409,1.);
#927=VECTOR('',#6410,1.);
#928=VECTOR('',#6413,1.);
#929=VECTOR('',#6418,1.);
#930=VECTOR('',#6419,1.);
#931=VECTOR('',#6464,1.);
#932=VECTOR('',#6465,1.);
#933=VECTOR('',#6468,1.);
#934=VECTOR('',#6471,1.);
#935=VECTOR('',#6474,1.);
#936=VECTOR('',#6477,1.);
#937=VECTOR('',#6480,1.);
#938=VECTOR('',#6483,1.);
#939=VECTOR('',#6488,1.);
#940=VECTOR('',#6489,1.);
#941=VECTOR('',#6492,1.);
#942=VECTOR('',#6495,1.);
#943=VECTOR('',#6498,1.);
#944=VECTOR('',#6501,1.);
#945=VECTOR('',#6504,1.);
#946=VECTOR('',#6507,1.);
#947=VECTOR('',#6512,1.);
#948=VECTOR('',#6513,1.);
#949=VECTOR('',#6516,1.);
#950=VECTOR('',#6519,1.);
#951=VECTOR('',#6522,1.);
#952=VECTOR('',#6525,1.);
#953=VECTOR('',#6528,1.);
#954=VECTOR('',#6531,1.);
#955=VECTOR('',#6538,1.);
#956=VECTOR('',#6539,1.);
#957=VECTOR('',#6540,1.);
#958=VECTOR('',#6541,1.);
#959=VECTOR('',#6548,1.);
#960=VECTOR('',#6551,1.);
#961=VECTOR('',#6552,1.);
#962=VECTOR('',#6553,1.);
#963=VECTOR('',#6572,1.);
#964=VECTOR('',#6575,1.);
#965=VECTOR('',#6582,1.);
#966=VECTOR('',#6583,1.);
#967=VECTOR('',#6584,1.);
#968=VECTOR('',#6585,1.);
#969=VECTOR('',#6586,1.);
#970=VECTOR('',#6589,1.);
#971=VECTOR('',#6590,1.);
#972=VECTOR('',#6591,1.);
#973=VECTOR('',#6592,1.);
#974=VECTOR('',#6593,1.);
#975=VECTOR('',#6596,1.);
#976=VECTOR('',#6599,1.);
#977=VECTOR('',#6602,1.);
#978=VECTOR('',#6605,1.);
#979=VECTOR('',#6614,1.);
#980=VECTOR('',#6615,1.);
#981=VECTOR('',#6616,1.);
#982=VECTOR('',#6617,1.);
#983=VECTOR('',#6624,1.);
#984=VECTOR('',#6627,1.);
#985=VECTOR('',#6628,1.);
#986=VECTOR('',#6629,1.);
#987=VECTOR('',#6648,1.);
#988=VECTOR('',#6651,1.);
#989=VECTOR('',#6658,1.);
#990=VECTOR('',#6659,1.);
#991=VECTOR('',#6660,1.);
#992=VECTOR('',#6661,1.);
#993=VECTOR('',#6662,1.);
#994=VECTOR('',#6665,1.);
#995=VECTOR('',#6666,1.);
#996=VECTOR('',#6667,1.);
#997=VECTOR('',#6668,1.);
#998=VECTOR('',#6669,1.);
#999=VECTOR('',#6672,1.);
#1000=VECTOR('',#6675,1.);
#1001=VECTOR('',#6678,1.);
#1002=VECTOR('',#6681,1.);
#1003=VECTOR('',#6690,1.);
#1004=VECTOR('',#6691,1.);
#1005=VECTOR('',#6692,1.);
#1006=VECTOR('',#6693,1.);
#1007=VECTOR('',#6700,1.);
#1008=VECTOR('',#6703,1.);
#1009=VECTOR('',#6704,1.);
#1010=VECTOR('',#6705,1.);
#1011=VECTOR('',#6724,1.);
#1012=VECTOR('',#6727,1.);
#1013=VECTOR('',#6734,1.);
#1014=VECTOR('',#6735,1.);
#1015=VECTOR('',#6736,1.);
#1016=VECTOR('',#6737,1.);
#1017=VECTOR('',#6738,1.);
#1018=VECTOR('',#6741,1.);
#1019=VECTOR('',#6742,1.);
#1020=VECTOR('',#6743,1.);
#1021=VECTOR('',#6744,1.);
#1022=VECTOR('',#6745,1.);
#1023=VECTOR('',#6748,1.);
#1024=VECTOR('',#6751,1.);
#1025=VECTOR('',#6754,1.);
#1026=VECTOR('',#6757,1.);
#1027=VECTOR('',#6766,1.);
#1028=VECTOR('',#6767,1.);
#1029=VECTOR('',#6768,1.);
#1030=VECTOR('',#6769,1.);
#1031=VECTOR('',#6776,1.);
#1032=VECTOR('',#6779,1.);
#1033=VECTOR('',#6780,1.);
#1034=VECTOR('',#6781,1.);
#1035=VECTOR('',#6800,1.);
#1036=VECTOR('',#6803,1.);
#1037=VECTOR('',#6810,1.);
#1038=VECTOR('',#6811,1.);
#1039=VECTOR('',#6812,1.);
#1040=VECTOR('',#6813,1.);
#1041=VECTOR('',#6814,1.);
#1042=VECTOR('',#6817,1.);
#1043=VECTOR('',#6818,1.);
#1044=VECTOR('',#6819,1.);
#1045=VECTOR('',#6820,1.);
#1046=VECTOR('',#6821,1.);
#1047=VECTOR('',#6824,1.);
#1048=VECTOR('',#6827,1.);
#1049=VECTOR('',#6830,1.);
#1050=VECTOR('',#6833,1.);
#1051=VECTOR('',#6842,1.);
#1052=VECTOR('',#6843,1.);
#1053=VECTOR('',#6844,1.);
#1054=VECTOR('',#6845,1.);
#1055=VECTOR('',#6852,1.);
#1056=VECTOR('',#6855,1.);
#1057=VECTOR('',#6856,1.);
#1058=VECTOR('',#6857,1.);
#1059=VECTOR('',#6876,1.);
#1060=VECTOR('',#6879,1.);
#1061=VECTOR('',#6886,1.);
#1062=VECTOR('',#6887,1.);
#1063=VECTOR('',#6888,1.);
#1064=VECTOR('',#6889,1.);
#1065=VECTOR('',#6890,1.);
#1066=VECTOR('',#6893,1.);
#1067=VECTOR('',#6894,1.);
#1068=VECTOR('',#6895,1.);
#1069=VECTOR('',#6896,1.);
#1070=VECTOR('',#6897,1.);
#1071=VECTOR('',#6900,1.);
#1072=VECTOR('',#6903,1.);
#1073=VECTOR('',#6906,1.);
#1074=VECTOR('',#6909,1.);
#1075=VECTOR('',#6918,1.);
#1076=VECTOR('',#6919,1.);
#1077=VECTOR('',#6920,1.);
#1078=VECTOR('',#6921,1.);
#1079=VECTOR('',#6928,1.);
#1080=VECTOR('',#6931,1.);
#1081=VECTOR('',#6932,1.);
#1082=VECTOR('',#6933,1.);
#1083=VECTOR('',#6952,1.);
#1084=VECTOR('',#6955,1.);
#1085=VECTOR('',#6962,1.);
#1086=VECTOR('',#6963,1.);
#1087=VECTOR('',#6964,1.);
#1088=VECTOR('',#6965,1.);
#1089=VECTOR('',#6966,1.);
#1090=VECTOR('',#6969,1.);
#1091=VECTOR('',#6970,1.);
#1092=VECTOR('',#6971,1.);
#1093=VECTOR('',#6972,1.);
#1094=VECTOR('',#6973,1.);
#1095=VECTOR('',#6976,1.);
#1096=VECTOR('',#6979,1.);
#1097=VECTOR('',#6982,1.);
#1098=VECTOR('',#6985,1.);
#1099=VECTOR('',#6994,1.);
#1100=VECTOR('',#6995,1.);
#1101=VECTOR('',#6996,1.);
#1102=VECTOR('',#6997,1.);
#1103=VECTOR('',#7004,1.);
#1104=VECTOR('',#7007,1.);
#1105=VECTOR('',#7008,1.);
#1106=VECTOR('',#7009,1.);
#1107=VECTOR('',#7028,1.);
#1108=VECTOR('',#7031,1.);
#1109=VECTOR('',#7038,1.);
#1110=VECTOR('',#7039,1.);
#1111=VECTOR('',#7040,1.);
#1112=VECTOR('',#7041,1.);
#1113=VECTOR('',#7042,1.);
#1114=VECTOR('',#7045,1.);
#1115=VECTOR('',#7046,1.);
#1116=VECTOR('',#7047,1.);
#1117=VECTOR('',#7048,1.);
#1118=VECTOR('',#7049,1.);
#1119=VECTOR('',#7052,1.);
#1120=VECTOR('',#7055,1.);
#1121=VECTOR('',#7058,1.);
#1122=VECTOR('',#7061,1.);
#1123=VECTOR('',#7070,1.);
#1124=VECTOR('',#7071,1.);
#1125=VECTOR('',#7072,1.);
#1126=VECTOR('',#7073,1.);
#1127=VECTOR('',#7080,1.);
#1128=VECTOR('',#7083,1.);
#1129=VECTOR('',#7084,1.);
#1130=VECTOR('',#7085,1.);
#1131=ORIENTED_EDGE('',*,*,#2425,.T.);
#1132=ORIENTED_EDGE('',*,*,#2426,.T.);
#1133=ORIENTED_EDGE('',*,*,#2427,.T.);
#1134=ORIENTED_EDGE('',*,*,#2428,.T.);
#1135=ORIENTED_EDGE('',*,*,#2429,.F.);
#1136=ORIENTED_EDGE('',*,*,#2430,.T.);
#1137=ORIENTED_EDGE('',*,*,#2428,.F.);
#1138=ORIENTED_EDGE('',*,*,#2431,.T.);
#1139=ORIENTED_EDGE('',*,*,#2432,.T.);
#1140=ORIENTED_EDGE('',*,*,#2433,.F.);
#1141=ORIENTED_EDGE('',*,*,#2434,.F.);
#1142=ORIENTED_EDGE('',*,*,#2435,.T.);
#1143=ORIENTED_EDGE('',*,*,#2426,.F.);
#1144=ORIENTED_EDGE('',*,*,#2436,.F.);
#1145=ORIENTED_EDGE('',*,*,#2437,.T.);
#1146=ORIENTED_EDGE('',*,*,#2438,.T.);
#1147=ORIENTED_EDGE('',*,*,#2439,.F.);
#1148=ORIENTED_EDGE('',*,*,#2440,.F.);
#1149=ORIENTED_EDGE('',*,*,#2431,.F.);
#1150=ORIENTED_EDGE('',*,*,#2427,.F.);
#1151=ORIENTED_EDGE('',*,*,#2440,.T.);
#1152=ORIENTED_EDGE('',*,*,#2441,.T.);
#1153=ORIENTED_EDGE('',*,*,#2435,.F.);
#1154=ORIENTED_EDGE('',*,*,#2442,.F.);
#1155=ORIENTED_EDGE('',*,*,#2436,.T.);
#1156=ORIENTED_EDGE('',*,*,#2429,.T.);
#1157=ORIENTED_EDGE('',*,*,#2434,.T.);
#1158=ORIENTED_EDGE('',*,*,#2443,.F.);
#1159=ORIENTED_EDGE('',*,*,#2437,.F.);
#1160=ORIENTED_EDGE('',*,*,#2442,.T.);
#1161=ORIENTED_EDGE('',*,*,#2433,.T.);
#1162=ORIENTED_EDGE('',*,*,#2444,.F.);
#1163=ORIENTED_EDGE('',*,*,#2438,.F.);
#1164=ORIENTED_EDGE('',*,*,#2443,.T.);
#1165=ORIENTED_EDGE('',*,*,#2432,.F.);
#1166=ORIENTED_EDGE('',*,*,#2441,.F.);
#1167=ORIENTED_EDGE('',*,*,#2439,.T.);
#1168=ORIENTED_EDGE('',*,*,#2444,.T.);
#1169=ORIENTED_EDGE('',*,*,#2425,.F.);
#1170=ORIENTED_EDGE('',*,*,#2430,.F.);
#1171=ORIENTED_EDGE('',*,*,#2445,.T.);
#1172=ORIENTED_EDGE('',*,*,#2446,.T.);
#1173=ORIENTED_EDGE('',*,*,#2447,.F.);
#1174=ORIENTED_EDGE('',*,*,#2448,.F.);
#1175=ORIENTED_EDGE('',*,*,#2447,.T.);
#1176=ORIENTED_EDGE('',*,*,#2449,.T.);
#1177=ORIENTED_EDGE('',*,*,#2450,.F.);
#1178=ORIENTED_EDGE('',*,*,#2451,.F.);
#1179=ORIENTED_EDGE('',*,*,#2450,.T.);
#1180=ORIENTED_EDGE('',*,*,#2452,.T.);
#1181=ORIENTED_EDGE('',*,*,#2453,.F.);
#1182=ORIENTED_EDGE('',*,*,#2454,.F.);
#1183=ORIENTED_EDGE('',*,*,#2455,.T.);
#1184=ORIENTED_EDGE('',*,*,#2456,.T.);
#1185=ORIENTED_EDGE('',*,*,#2457,.F.);
#1186=ORIENTED_EDGE('',*,*,#2458,.F.);
#1187=ORIENTED_EDGE('',*,*,#2457,.T.);
#1188=ORIENTED_EDGE('',*,*,#2459,.T.);
#1189=ORIENTED_EDGE('',*,*,#2460,.F.);
#1190=ORIENTED_EDGE('',*,*,#2461,.F.);
#1191=ORIENTED_EDGE('',*,*,#2460,.T.);
#1192=ORIENTED_EDGE('',*,*,#2462,.T.);
#1193=ORIENTED_EDGE('',*,*,#2463,.F.);
#1194=ORIENTED_EDGE('',*,*,#2464,.F.);
#1195=ORIENTED_EDGE('',*,*,#2465,.T.);
#1196=ORIENTED_EDGE('',*,*,#2466,.T.);
#1197=ORIENTED_EDGE('',*,*,#2467,.F.);
#1198=ORIENTED_EDGE('',*,*,#2468,.F.);
#1199=ORIENTED_EDGE('',*,*,#2467,.T.);
#1200=ORIENTED_EDGE('',*,*,#2469,.T.);
#1201=ORIENTED_EDGE('',*,*,#2470,.F.);
#1202=ORIENTED_EDGE('',*,*,#2471,.F.);
#1203=ORIENTED_EDGE('',*,*,#2470,.T.);
#1204=ORIENTED_EDGE('',*,*,#2472,.T.);
#1205=ORIENTED_EDGE('',*,*,#2473,.F.);
#1206=ORIENTED_EDGE('',*,*,#2474,.F.);
#1207=ORIENTED_EDGE('',*,*,#2475,.T.);
#1208=ORIENTED_EDGE('',*,*,#2476,.T.);
#1209=ORIENTED_EDGE('',*,*,#2477,.F.);
#1210=ORIENTED_EDGE('',*,*,#2478,.F.);
#1211=ORIENTED_EDGE('',*,*,#2477,.T.);
#1212=ORIENTED_EDGE('',*,*,#2479,.T.);
#1213=ORIENTED_EDGE('',*,*,#2480,.F.);
#1214=ORIENTED_EDGE('',*,*,#2481,.F.);
#1215=ORIENTED_EDGE('',*,*,#2480,.T.);
#1216=ORIENTED_EDGE('',*,*,#2482,.T.);
#1217=ORIENTED_EDGE('',*,*,#2483,.F.);
#1218=ORIENTED_EDGE('',*,*,#2484,.F.);
#1219=ORIENTED_EDGE('',*,*,#2485,.T.);
#1220=ORIENTED_EDGE('',*,*,#2486,.T.);
#1221=ORIENTED_EDGE('',*,*,#2487,.F.);
#1222=ORIENTED_EDGE('',*,*,#2488,.F.);
#1223=ORIENTED_EDGE('',*,*,#2487,.T.);
#1224=ORIENTED_EDGE('',*,*,#2489,.T.);
#1225=ORIENTED_EDGE('',*,*,#2490,.F.);
#1226=ORIENTED_EDGE('',*,*,#2491,.F.);
#1227=ORIENTED_EDGE('',*,*,#2490,.T.);
#1228=ORIENTED_EDGE('',*,*,#2492,.T.);
#1229=ORIENTED_EDGE('',*,*,#2493,.F.);
#1230=ORIENTED_EDGE('',*,*,#2494,.F.);
#1231=ORIENTED_EDGE('',*,*,#2495,.F.);
#1232=ORIENTED_EDGE('',*,*,#2496,.F.);
#1233=ORIENTED_EDGE('',*,*,#2497,.T.);
#1234=ORIENTED_EDGE('',*,*,#2498,.T.);
#1235=ORIENTED_EDGE('',*,*,#2499,.F.);
#1236=ORIENTED_EDGE('',*,*,#2500,.F.);
#1237=ORIENTED_EDGE('',*,*,#2501,.T.);
#1238=ORIENTED_EDGE('',*,*,#2496,.T.);
#1239=ORIENTED_EDGE('',*,*,#2502,.T.);
#1240=ORIENTED_EDGE('',*,*,#2503,.F.);
#1241=ORIENTED_EDGE('',*,*,#2504,.F.);
#1242=ORIENTED_EDGE('',*,*,#2500,.T.);
#1243=ORIENTED_EDGE('',*,*,#2505,.F.);
#1244=ORIENTED_EDGE('',*,*,#2506,.F.);
#1245=ORIENTED_EDGE('',*,*,#2507,.T.);
#1246=ORIENTED_EDGE('',*,*,#2503,.T.);
#1247=ORIENTED_EDGE('',*,*,#2508,.T.);
#1248=ORIENTED_EDGE('',*,*,#2509,.F.);
#1249=ORIENTED_EDGE('',*,*,#2510,.F.);
#1250=ORIENTED_EDGE('',*,*,#2506,.T.);
#1251=ORIENTED_EDGE('',*,*,#2511,.T.);
#1252=ORIENTED_EDGE('',*,*,#2512,.F.);
#1253=ORIENTED_EDGE('',*,*,#2513,.F.);
#1254=ORIENTED_EDGE('',*,*,#2509,.T.);
#1255=ORIENTED_EDGE('',*,*,#2514,.F.);
#1256=ORIENTED_EDGE('',*,*,#2515,.F.);
#1257=ORIENTED_EDGE('',*,*,#2516,.T.);
#1258=ORIENTED_EDGE('',*,*,#2512,.T.);
#1259=ORIENTED_EDGE('',*,*,#2517,.T.);
#1260=ORIENTED_EDGE('',*,*,#2518,.T.);
#1261=ORIENTED_EDGE('',*,*,#2519,.F.);
#1262=ORIENTED_EDGE('',*,*,#2520,.F.);
#1263=ORIENTED_EDGE('',*,*,#2519,.T.);
#1264=ORIENTED_EDGE('',*,*,#2521,.T.);
#1265=ORIENTED_EDGE('',*,*,#2522,.F.);
#1266=ORIENTED_EDGE('',*,*,#2523,.F.);
#1267=ORIENTED_EDGE('',*,*,#2522,.T.);
#1268=ORIENTED_EDGE('',*,*,#2524,.T.);
#1269=ORIENTED_EDGE('',*,*,#2525,.F.);
#1270=ORIENTED_EDGE('',*,*,#2526,.F.);
#1271=ORIENTED_EDGE('',*,*,#2527,.T.);
#1272=ORIENTED_EDGE('',*,*,#2528,.T.);
#1273=ORIENTED_EDGE('',*,*,#2529,.F.);
#1274=ORIENTED_EDGE('',*,*,#2530,.F.);
#1275=ORIENTED_EDGE('',*,*,#2529,.T.);
#1276=ORIENTED_EDGE('',*,*,#2531,.T.);
#1277=ORIENTED_EDGE('',*,*,#2532,.F.);
#1278=ORIENTED_EDGE('',*,*,#2533,.F.);
#1279=ORIENTED_EDGE('',*,*,#2532,.T.);
#1280=ORIENTED_EDGE('',*,*,#2534,.T.);
#1281=ORIENTED_EDGE('',*,*,#2535,.F.);
#1282=ORIENTED_EDGE('',*,*,#2536,.F.);
#1283=ORIENTED_EDGE('',*,*,#2537,.T.);
#1284=ORIENTED_EDGE('',*,*,#2538,.T.);
#1285=ORIENTED_EDGE('',*,*,#2539,.F.);
#1286=ORIENTED_EDGE('',*,*,#2540,.F.);
#1287=ORIENTED_EDGE('',*,*,#2539,.T.);
#1288=ORIENTED_EDGE('',*,*,#2541,.T.);
#1289=ORIENTED_EDGE('',*,*,#2542,.F.);
#1290=ORIENTED_EDGE('',*,*,#2543,.F.);
#1291=ORIENTED_EDGE('',*,*,#2542,.T.);
#1292=ORIENTED_EDGE('',*,*,#2544,.T.);
#1293=ORIENTED_EDGE('',*,*,#2545,.F.);
#1294=ORIENTED_EDGE('',*,*,#2546,.F.);
#1295=ORIENTED_EDGE('',*,*,#2547,.F.);
#1296=ORIENTED_EDGE('',*,*,#2455,.F.);
#1297=ORIENTED_EDGE('',*,*,#2548,.T.);
#1298=ORIENTED_EDGE('',*,*,#2463,.T.);
#1299=ORIENTED_EDGE('',*,*,#2549,.F.);
#1300=ORIENTED_EDGE('',*,*,#2465,.F.);
#1301=ORIENTED_EDGE('',*,*,#2550,.T.);
#1302=ORIENTED_EDGE('',*,*,#2473,.T.);
#1303=ORIENTED_EDGE('',*,*,#2551,.F.);
#1304=ORIENTED_EDGE('',*,*,#2475,.F.);
#1305=ORIENTED_EDGE('',*,*,#2552,.T.);
#1306=ORIENTED_EDGE('',*,*,#2483,.T.);
#1307=ORIENTED_EDGE('',*,*,#2553,.F.);
#1308=ORIENTED_EDGE('',*,*,#2485,.F.);
#1309=ORIENTED_EDGE('',*,*,#2554,.T.);
#1310=ORIENTED_EDGE('',*,*,#2493,.T.);
#1311=ORIENTED_EDGE('',*,*,#2555,.T.);
#1312=ORIENTED_EDGE('',*,*,#2498,.F.);
#1313=ORIENTED_EDGE('',*,*,#2556,.F.);
#1314=ORIENTED_EDGE('',*,*,#2515,.T.);
#1315=ORIENTED_EDGE('',*,*,#2557,.F.);
#1316=ORIENTED_EDGE('',*,*,#2517,.F.);
#1317=ORIENTED_EDGE('',*,*,#2558,.T.);
#1318=ORIENTED_EDGE('',*,*,#2525,.T.);
#1319=ORIENTED_EDGE('',*,*,#2559,.F.);
#1320=ORIENTED_EDGE('',*,*,#2527,.F.);
#1321=ORIENTED_EDGE('',*,*,#2560,.T.);
#1322=ORIENTED_EDGE('',*,*,#2535,.T.);
#1323=ORIENTED_EDGE('',*,*,#2561,.F.);
#1324=ORIENTED_EDGE('',*,*,#2537,.F.);
#1325=ORIENTED_EDGE('',*,*,#2562,.T.);
#1326=ORIENTED_EDGE('',*,*,#2545,.T.);
#1327=ORIENTED_EDGE('',*,*,#2563,.F.);
#1328=ORIENTED_EDGE('',*,*,#2445,.F.);
#1329=ORIENTED_EDGE('',*,*,#2564,.T.);
#1330=ORIENTED_EDGE('',*,*,#2453,.T.);
#1331=ORIENTED_EDGE('',*,*,#2565,.T.);
#1332=ORIENTED_EDGE('',*,*,#2540,.T.);
#1333=ORIENTED_EDGE('',*,*,#2543,.T.);
#1334=ORIENTED_EDGE('',*,*,#2546,.T.);
#1335=ORIENTED_EDGE('',*,*,#2562,.F.);
#1336=ORIENTED_EDGE('',*,*,#2530,.T.);
#1337=ORIENTED_EDGE('',*,*,#2533,.T.);
#1338=ORIENTED_EDGE('',*,*,#2536,.T.);
#1339=ORIENTED_EDGE('',*,*,#2560,.F.);
#1340=ORIENTED_EDGE('',*,*,#2520,.T.);
#1341=ORIENTED_EDGE('',*,*,#2523,.T.);
#1342=ORIENTED_EDGE('',*,*,#2526,.T.);
#1343=ORIENTED_EDGE('',*,*,#2558,.F.);
#1344=ORIENTED_EDGE('',*,*,#2497,.F.);
#1345=ORIENTED_EDGE('',*,*,#2501,.F.);
#1346=ORIENTED_EDGE('',*,*,#2504,.T.);
#1347=ORIENTED_EDGE('',*,*,#2507,.F.);
#1348=ORIENTED_EDGE('',*,*,#2510,.T.);
#1349=ORIENTED_EDGE('',*,*,#2513,.T.);
#1350=ORIENTED_EDGE('',*,*,#2516,.F.);
#1351=ORIENTED_EDGE('',*,*,#2556,.T.);
#1352=ORIENTED_EDGE('',*,*,#2488,.T.);
#1353=ORIENTED_EDGE('',*,*,#2491,.T.);
#1354=ORIENTED_EDGE('',*,*,#2494,.T.);
#1355=ORIENTED_EDGE('',*,*,#2554,.F.);
#1356=ORIENTED_EDGE('',*,*,#2478,.T.);
#1357=ORIENTED_EDGE('',*,*,#2481,.T.);
#1358=ORIENTED_EDGE('',*,*,#2484,.T.);
#1359=ORIENTED_EDGE('',*,*,#2552,.F.);
#1360=ORIENTED_EDGE('',*,*,#2468,.T.);
#1361=ORIENTED_EDGE('',*,*,#2471,.T.);
#1362=ORIENTED_EDGE('',*,*,#2474,.T.);
#1363=ORIENTED_EDGE('',*,*,#2550,.F.);
#1364=ORIENTED_EDGE('',*,*,#2458,.T.);
#1365=ORIENTED_EDGE('',*,*,#2461,.T.);
#1366=ORIENTED_EDGE('',*,*,#2464,.T.);
#1367=ORIENTED_EDGE('',*,*,#2548,.F.);
#1368=ORIENTED_EDGE('',*,*,#2448,.T.);
#1369=ORIENTED_EDGE('',*,*,#2451,.T.);
#1370=ORIENTED_EDGE('',*,*,#2454,.T.);
#1371=ORIENTED_EDGE('',*,*,#2564,.F.);
#1372=ORIENTED_EDGE('',*,*,#2566,.F.);
#1373=ORIENTED_EDGE('',*,*,#2567,.T.);
#1374=ORIENTED_EDGE('',*,*,#2568,.T.);
#1375=ORIENTED_EDGE('',*,*,#2569,.F.);
#1376=ORIENTED_EDGE('',*,*,#2570,.F.);
#1377=ORIENTED_EDGE('',*,*,#2571,.T.);
#1378=ORIENTED_EDGE('',*,*,#2572,.T.);
#1379=ORIENTED_EDGE('',*,*,#2573,.F.);
#1380=ORIENTED_EDGE('',*,*,#2574,.F.);
#1381=ORIENTED_EDGE('',*,*,#2575,.T.);
#1382=ORIENTED_EDGE('',*,*,#2576,.T.);
#1383=ORIENTED_EDGE('',*,*,#2577,.F.);
#1384=ORIENTED_EDGE('',*,*,#2578,.F.);
#1385=ORIENTED_EDGE('',*,*,#2579,.T.);
#1386=ORIENTED_EDGE('',*,*,#2580,.T.);
#1387=ORIENTED_EDGE('',*,*,#2581,.F.);
#1388=ORIENTED_EDGE('',*,*,#2582,.F.);
#1389=ORIENTED_EDGE('',*,*,#2583,.F.);
#1390=ORIENTED_EDGE('',*,*,#2584,.F.);
#1391=ORIENTED_EDGE('',*,*,#2585,.F.);
#1392=ORIENTED_EDGE('',*,*,#2586,.F.);
#1393=ORIENTED_EDGE('',*,*,#2587,.F.);
#1394=ORIENTED_EDGE('',*,*,#2495,.T.);
#1395=ORIENTED_EDGE('',*,*,#2555,.F.);
#1396=ORIENTED_EDGE('',*,*,#2514,.T.);
#1397=ORIENTED_EDGE('',*,*,#2511,.F.);
#1398=ORIENTED_EDGE('',*,*,#2508,.F.);
#1399=ORIENTED_EDGE('',*,*,#2505,.T.);
#1400=ORIENTED_EDGE('',*,*,#2502,.F.);
#1401=ORIENTED_EDGE('',*,*,#2499,.T.);
#1402=ORIENTED_EDGE('',*,*,#2588,.T.);
#1403=ORIENTED_EDGE('',*,*,#2587,.T.);
#1404=ORIENTED_EDGE('',*,*,#2588,.F.);
#1405=ORIENTED_EDGE('',*,*,#2589,.T.);
#1406=ORIENTED_EDGE('',*,*,#2586,.T.);
#1407=ORIENTED_EDGE('',*,*,#2589,.F.);
#1408=ORIENTED_EDGE('',*,*,#2590,.T.);
#1409=ORIENTED_EDGE('',*,*,#2585,.T.);
#1410=ORIENTED_EDGE('',*,*,#2590,.F.);
#1411=ORIENTED_EDGE('',*,*,#2591,.T.);
#1412=ORIENTED_EDGE('',*,*,#2584,.T.);
#1413=ORIENTED_EDGE('',*,*,#2591,.F.);
#1414=ORIENTED_EDGE('',*,*,#2592,.T.);
#1415=ORIENTED_EDGE('',*,*,#2583,.T.);
#1416=ORIENTED_EDGE('',*,*,#2592,.F.);
#1417=ORIENTED_EDGE('',*,*,#2563,.T.);
#1418=ORIENTED_EDGE('',*,*,#2452,.F.);
#1419=ORIENTED_EDGE('',*,*,#2449,.F.);
#1420=ORIENTED_EDGE('',*,*,#2446,.F.);
#1421=ORIENTED_EDGE('',*,*,#2593,.T.);
#1422=ORIENTED_EDGE('',*,*,#2594,.T.);
#1423=ORIENTED_EDGE('',*,*,#2595,.F.);
#1424=ORIENTED_EDGE('',*,*,#2596,.F.);
#1425=ORIENTED_EDGE('',*,*,#2559,.T.);
#1426=ORIENTED_EDGE('',*,*,#2534,.F.);
#1427=ORIENTED_EDGE('',*,*,#2531,.F.);
#1428=ORIENTED_EDGE('',*,*,#2528,.F.);
#1429=ORIENTED_EDGE('',*,*,#2597,.F.);
#1430=ORIENTED_EDGE('',*,*,#2593,.F.);
#1431=ORIENTED_EDGE('',*,*,#2598,.T.);
#1432=ORIENTED_EDGE('',*,*,#2580,.F.);
#1433=ORIENTED_EDGE('',*,*,#2581,.T.);
#1434=ORIENTED_EDGE('',*,*,#2598,.F.);
#1435=ORIENTED_EDGE('',*,*,#2596,.T.);
#1436=ORIENTED_EDGE('',*,*,#2599,.T.);
#1437=ORIENTED_EDGE('',*,*,#2582,.T.);
#1438=ORIENTED_EDGE('',*,*,#2599,.F.);
#1439=ORIENTED_EDGE('',*,*,#2595,.T.);
#1440=ORIENTED_EDGE('',*,*,#2600,.T.);
#1441=ORIENTED_EDGE('',*,*,#2600,.F.);
#1442=ORIENTED_EDGE('',*,*,#2594,.F.);
#1443=ORIENTED_EDGE('',*,*,#2597,.T.);
#1444=ORIENTED_EDGE('',*,*,#2579,.F.);
#1445=ORIENTED_EDGE('',*,*,#2547,.T.);
#1446=ORIENTED_EDGE('',*,*,#2462,.F.);
#1447=ORIENTED_EDGE('',*,*,#2459,.F.);
#1448=ORIENTED_EDGE('',*,*,#2456,.F.);
#1449=ORIENTED_EDGE('',*,*,#2601,.T.);
#1450=ORIENTED_EDGE('',*,*,#2602,.T.);
#1451=ORIENTED_EDGE('',*,*,#2603,.F.);
#1452=ORIENTED_EDGE('',*,*,#2604,.F.);
#1453=ORIENTED_EDGE('',*,*,#2551,.T.);
#1454=ORIENTED_EDGE('',*,*,#2482,.F.);
#1455=ORIENTED_EDGE('',*,*,#2479,.F.);
#1456=ORIENTED_EDGE('',*,*,#2476,.F.);
#1457=ORIENTED_EDGE('',*,*,#2605,.F.);
#1458=ORIENTED_EDGE('',*,*,#2601,.F.);
#1459=ORIENTED_EDGE('',*,*,#2606,.T.);
#1460=ORIENTED_EDGE('',*,*,#2576,.F.);
#1461=ORIENTED_EDGE('',*,*,#2577,.T.);
#1462=ORIENTED_EDGE('',*,*,#2606,.F.);
#1463=ORIENTED_EDGE('',*,*,#2604,.T.);
#1464=ORIENTED_EDGE('',*,*,#2607,.T.);
#1465=ORIENTED_EDGE('',*,*,#2578,.T.);
#1466=ORIENTED_EDGE('',*,*,#2607,.F.);
#1467=ORIENTED_EDGE('',*,*,#2603,.T.);
#1468=ORIENTED_EDGE('',*,*,#2608,.T.);
#1469=ORIENTED_EDGE('',*,*,#2608,.F.);
#1470=ORIENTED_EDGE('',*,*,#2602,.F.);
#1471=ORIENTED_EDGE('',*,*,#2605,.T.);
#1472=ORIENTED_EDGE('',*,*,#2575,.F.);
#1473=ORIENTED_EDGE('',*,*,#2561,.T.);
#1474=ORIENTED_EDGE('',*,*,#2544,.F.);
#1475=ORIENTED_EDGE('',*,*,#2541,.F.);
#1476=ORIENTED_EDGE('',*,*,#2538,.F.);
#1477=ORIENTED_EDGE('',*,*,#2609,.T.);
#1478=ORIENTED_EDGE('',*,*,#2610,.T.);
#1479=ORIENTED_EDGE('',*,*,#2611,.F.);
#1480=ORIENTED_EDGE('',*,*,#2612,.F.);
#1481=ORIENTED_EDGE('',*,*,#2557,.T.);
#1482=ORIENTED_EDGE('',*,*,#2524,.F.);
#1483=ORIENTED_EDGE('',*,*,#2521,.F.);
#1484=ORIENTED_EDGE('',*,*,#2518,.F.);
#1485=ORIENTED_EDGE('',*,*,#2613,.F.);
#1486=ORIENTED_EDGE('',*,*,#2609,.F.);
#1487=ORIENTED_EDGE('',*,*,#2614,.T.);
#1488=ORIENTED_EDGE('',*,*,#2572,.F.);
#1489=ORIENTED_EDGE('',*,*,#2573,.T.);
#1490=ORIENTED_EDGE('',*,*,#2614,.F.);
#1491=ORIENTED_EDGE('',*,*,#2612,.T.);
#1492=ORIENTED_EDGE('',*,*,#2615,.T.);
#1493=ORIENTED_EDGE('',*,*,#2574,.T.);
#1494=ORIENTED_EDGE('',*,*,#2615,.F.);
#1495=ORIENTED_EDGE('',*,*,#2611,.T.);
#1496=ORIENTED_EDGE('',*,*,#2616,.T.);
#1497=ORIENTED_EDGE('',*,*,#2616,.F.);
#1498=ORIENTED_EDGE('',*,*,#2610,.F.);
#1499=ORIENTED_EDGE('',*,*,#2613,.T.);
#1500=ORIENTED_EDGE('',*,*,#2571,.F.);
#1501=ORIENTED_EDGE('',*,*,#2549,.T.);
#1502=ORIENTED_EDGE('',*,*,#2472,.F.);
#1503=ORIENTED_EDGE('',*,*,#2469,.F.);
#1504=ORIENTED_EDGE('',*,*,#2466,.F.);
#1505=ORIENTED_EDGE('',*,*,#2617,.T.);
#1506=ORIENTED_EDGE('',*,*,#2618,.T.);
#1507=ORIENTED_EDGE('',*,*,#2619,.F.);
#1508=ORIENTED_EDGE('',*,*,#2620,.F.);
#1509=ORIENTED_EDGE('',*,*,#2553,.T.);
#1510=ORIENTED_EDGE('',*,*,#2492,.F.);
#1511=ORIENTED_EDGE('',*,*,#2489,.F.);
#1512=ORIENTED_EDGE('',*,*,#2486,.F.);
#1513=ORIENTED_EDGE('',*,*,#2621,.F.);
#1514=ORIENTED_EDGE('',*,*,#2617,.F.);
#1515=ORIENTED_EDGE('',*,*,#2622,.T.);
#1516=ORIENTED_EDGE('',*,*,#2568,.F.);
#1517=ORIENTED_EDGE('',*,*,#2569,.T.);
#1518=ORIENTED_EDGE('',*,*,#2622,.F.);
#1519=ORIENTED_EDGE('',*,*,#2620,.T.);
#1520=ORIENTED_EDGE('',*,*,#2623,.T.);
#1521=ORIENTED_EDGE('',*,*,#2570,.T.);
#1522=ORIENTED_EDGE('',*,*,#2623,.F.);
#1523=ORIENTED_EDGE('',*,*,#2619,.T.);
#1524=ORIENTED_EDGE('',*,*,#2624,.T.);
#1525=ORIENTED_EDGE('',*,*,#2624,.F.);
#1526=ORIENTED_EDGE('',*,*,#2618,.F.);
#1527=ORIENTED_EDGE('',*,*,#2621,.T.);
#1528=ORIENTED_EDGE('',*,*,#2567,.F.);
#1529=ORIENTED_EDGE('',*,*,#2625,.T.);
#1530=ORIENTED_EDGE('',*,*,#2566,.T.);
#1531=ORIENTED_EDGE('',*,*,#2625,.F.);
#1532=ORIENTED_EDGE('',*,*,#2565,.F.);
#1533=ORIENTED_EDGE('',*,*,#2626,.F.);
#1534=ORIENTED_EDGE('',*,*,#2627,.T.);
#1535=ORIENTED_EDGE('',*,*,#2628,.T.);
#1536=ORIENTED_EDGE('',*,*,#2629,.T.);
#1537=ORIENTED_EDGE('',*,*,#2630,.F.);
#1538=ORIENTED_EDGE('',*,*,#2631,.T.);
#1539=ORIENTED_EDGE('',*,*,#2626,.T.);
#1540=ORIENTED_EDGE('',*,*,#2632,.T.);
#1541=ORIENTED_EDGE('',*,*,#2633,.F.);
#1542=ORIENTED_EDGE('',*,*,#2634,.T.);
#1543=ORIENTED_EDGE('',*,*,#2630,.T.);
#1544=ORIENTED_EDGE('',*,*,#2635,.F.);
#1545=ORIENTED_EDGE('',*,*,#2636,.F.);
#1546=ORIENTED_EDGE('',*,*,#2637,.T.);
#1547=ORIENTED_EDGE('',*,*,#2633,.T.);
#1548=ORIENTED_EDGE('',*,*,#2638,.T.);
#1549=ORIENTED_EDGE('',*,*,#2639,.F.);
#1550=ORIENTED_EDGE('',*,*,#2640,.T.);
#1551=ORIENTED_EDGE('',*,*,#2636,.T.);
#1552=ORIENTED_EDGE('',*,*,#2641,.F.);
#1553=ORIENTED_EDGE('',*,*,#2642,.F.);
#1554=ORIENTED_EDGE('',*,*,#2643,.T.);
#1555=ORIENTED_EDGE('',*,*,#2639,.T.);
#1556=ORIENTED_EDGE('',*,*,#2644,.F.);
#1557=ORIENTED_EDGE('',*,*,#2645,.F.);
#1558=ORIENTED_EDGE('',*,*,#2646,.T.);
#1559=ORIENTED_EDGE('',*,*,#2642,.T.);
#1560=ORIENTED_EDGE('',*,*,#2647,.T.);
#1561=ORIENTED_EDGE('',*,*,#2648,.T.);
#1562=ORIENTED_EDGE('',*,*,#2649,.T.);
#1563=ORIENTED_EDGE('',*,*,#2650,.F.);
#1564=ORIENTED_EDGE('',*,*,#2651,.T.);
#1565=ORIENTED_EDGE('',*,*,#2650,.T.);
#1566=ORIENTED_EDGE('',*,*,#2652,.T.);
#1567=ORIENTED_EDGE('',*,*,#2653,.F.);
#1568=ORIENTED_EDGE('',*,*,#2654,.T.);
#1569=ORIENTED_EDGE('',*,*,#2653,.T.);
#1570=ORIENTED_EDGE('',*,*,#2655,.T.);
#1571=ORIENTED_EDGE('',*,*,#2656,.F.);
#1572=ORIENTED_EDGE('',*,*,#2657,.T.);
#1573=ORIENTED_EDGE('',*,*,#2656,.T.);
#1574=ORIENTED_EDGE('',*,*,#2658,.T.);
#1575=ORIENTED_EDGE('',*,*,#2659,.F.);
#1576=ORIENTED_EDGE('',*,*,#2660,.T.);
#1577=ORIENTED_EDGE('',*,*,#2659,.T.);
#1578=ORIENTED_EDGE('',*,*,#2661,.T.);
#1579=ORIENTED_EDGE('',*,*,#2662,.F.);
#1580=ORIENTED_EDGE('',*,*,#2663,.T.);
#1581=ORIENTED_EDGE('',*,*,#2662,.T.);
#1582=ORIENTED_EDGE('',*,*,#2664,.T.);
#1583=ORIENTED_EDGE('',*,*,#2665,.F.);
#1584=ORIENTED_EDGE('',*,*,#2666,.T.);
#1585=ORIENTED_EDGE('',*,*,#2665,.T.);
#1586=ORIENTED_EDGE('',*,*,#2667,.T.);
#1587=ORIENTED_EDGE('',*,*,#2668,.F.);
#1588=ORIENTED_EDGE('',*,*,#2669,.T.);
#1589=ORIENTED_EDGE('',*,*,#2668,.T.);
#1590=ORIENTED_EDGE('',*,*,#2670,.T.);
#1591=ORIENTED_EDGE('',*,*,#2648,.F.);
#1592=ORIENTED_EDGE('',*,*,#2671,.T.);
#1593=ORIENTED_EDGE('',*,*,#2628,.F.);
#1594=ORIENTED_EDGE('',*,*,#2672,.T.);
#1595=ORIENTED_EDGE('',*,*,#2645,.T.);
#1596=ORIENTED_EDGE('',*,*,#2673,.F.);
#1597=ORIENTED_EDGE('',*,*,#2674,.T.);
#1598=ORIENTED_EDGE('',*,*,#2675,.T.);
#1599=ORIENTED_EDGE('',*,*,#2676,.T.);
#1600=ORIENTED_EDGE('',*,*,#2677,.T.);
#1601=ORIENTED_EDGE('',*,*,#2678,.T.);
#1602=ORIENTED_EDGE('',*,*,#2679,.T.);
#1603=ORIENTED_EDGE('',*,*,#2680,.T.);
#1604=ORIENTED_EDGE('',*,*,#2681,.T.);
#1605=ORIENTED_EDGE('',*,*,#2682,.T.);
#1606=ORIENTED_EDGE('',*,*,#2683,.T.);
#1607=ORIENTED_EDGE('',*,*,#2684,.T.);
#1608=ORIENTED_EDGE('',*,*,#2685,.T.);
#1609=ORIENTED_EDGE('',*,*,#2686,.T.);
#1610=ORIENTED_EDGE('',*,*,#2687,.T.);
#1611=ORIENTED_EDGE('',*,*,#2688,.T.);
#1612=ORIENTED_EDGE('',*,*,#2689,.T.);
#1613=ORIENTED_EDGE('',*,*,#2690,.T.);
#1614=ORIENTED_EDGE('',*,*,#2691,.T.);
#1615=ORIENTED_EDGE('',*,*,#2692,.T.);
#1616=ORIENTED_EDGE('',*,*,#2693,.T.);
#1617=ORIENTED_EDGE('',*,*,#2694,.T.);
#1618=ORIENTED_EDGE('',*,*,#2695,.T.);
#1619=ORIENTED_EDGE('',*,*,#2696,.T.);
#1620=ORIENTED_EDGE('',*,*,#2697,.T.);
#1621=ORIENTED_EDGE('',*,*,#2698,.T.);
#1622=ORIENTED_EDGE('',*,*,#2699,.F.);
#1623=ORIENTED_EDGE('',*,*,#2700,.T.);
#1624=ORIENTED_EDGE('',*,*,#2701,.T.);
#1625=ORIENTED_EDGE('',*,*,#2702,.T.);
#1626=ORIENTED_EDGE('',*,*,#2703,.F.);
#1627=ORIENTED_EDGE('',*,*,#2704,.T.);
#1628=ORIENTED_EDGE('',*,*,#2705,.T.);
#1629=ORIENTED_EDGE('',*,*,#2706,.T.);
#1630=ORIENTED_EDGE('',*,*,#2707,.F.);
#1631=ORIENTED_EDGE('',*,*,#2708,.T.);
#1632=ORIENTED_EDGE('',*,*,#2709,.T.);
#1633=ORIENTED_EDGE('',*,*,#2710,.T.);
#1634=ORIENTED_EDGE('',*,*,#2711,.F.);
#1635=ORIENTED_EDGE('',*,*,#2712,.T.);
#1636=ORIENTED_EDGE('',*,*,#2713,.T.);
#1637=ORIENTED_EDGE('',*,*,#2714,.T.);
#1638=ORIENTED_EDGE('',*,*,#2715,.F.);
#1639=ORIENTED_EDGE('',*,*,#2716,.T.);
#1640=ORIENTED_EDGE('',*,*,#2717,.T.);
#1641=ORIENTED_EDGE('',*,*,#2718,.T.);
#1642=ORIENTED_EDGE('',*,*,#2719,.F.);
#1643=ORIENTED_EDGE('',*,*,#2720,.T.);
#1644=ORIENTED_EDGE('',*,*,#2721,.T.);
#1645=ORIENTED_EDGE('',*,*,#2722,.T.);
#1646=ORIENTED_EDGE('',*,*,#2723,.F.);
#1647=ORIENTED_EDGE('',*,*,#2724,.T.);
#1648=ORIENTED_EDGE('',*,*,#2725,.T.);
#1649=ORIENTED_EDGE('',*,*,#2726,.T.);
#1650=ORIENTED_EDGE('',*,*,#2727,.F.);
#1651=ORIENTED_EDGE('',*,*,#2629,.F.);
#1652=ORIENTED_EDGE('',*,*,#2673,.T.);
#1653=ORIENTED_EDGE('',*,*,#2647,.F.);
#1654=ORIENTED_EDGE('',*,*,#2644,.T.);
#1655=ORIENTED_EDGE('',*,*,#2641,.T.);
#1656=ORIENTED_EDGE('',*,*,#2638,.F.);
#1657=ORIENTED_EDGE('',*,*,#2635,.T.);
#1658=ORIENTED_EDGE('',*,*,#2632,.F.);
#1659=ORIENTED_EDGE('',*,*,#2728,.T.);
#1660=ORIENTED_EDGE('',*,*,#2729,.T.);
#1661=ORIENTED_EDGE('',*,*,#2730,.T.);
#1662=ORIENTED_EDGE('',*,*,#2731,.T.);
#1663=ORIENTED_EDGE('',*,*,#2732,.T.);
#1664=ORIENTED_EDGE('',*,*,#2733,.T.);
#1665=ORIENTED_EDGE('',*,*,#2734,.T.);
#1666=ORIENTED_EDGE('',*,*,#2735,.T.);
#1667=ORIENTED_EDGE('',*,*,#2736,.T.);
#1668=ORIENTED_EDGE('',*,*,#2737,.T.);
#1669=ORIENTED_EDGE('',*,*,#2738,.T.);
#1670=ORIENTED_EDGE('',*,*,#2739,.T.);
#1671=ORIENTED_EDGE('',*,*,#2740,.T.);
#1672=ORIENTED_EDGE('',*,*,#2741,.T.);
#1673=ORIENTED_EDGE('',*,*,#2725,.F.);
#1674=ORIENTED_EDGE('',*,*,#2742,.F.);
#1675=ORIENTED_EDGE('',*,*,#2743,.T.);
#1676=ORIENTED_EDGE('',*,*,#2744,.T.);
#1677=ORIENTED_EDGE('',*,*,#2724,.F.);
#1678=ORIENTED_EDGE('',*,*,#2745,.F.);
#1679=ORIENTED_EDGE('',*,*,#2746,.T.);
#1680=ORIENTED_EDGE('',*,*,#2742,.T.);
#1681=ORIENTED_EDGE('',*,*,#2727,.T.);
#1682=ORIENTED_EDGE('',*,*,#2747,.F.);
#1683=ORIENTED_EDGE('',*,*,#2748,.F.);
#1684=ORIENTED_EDGE('',*,*,#2745,.T.);
#1685=ORIENTED_EDGE('',*,*,#2726,.F.);
#1686=ORIENTED_EDGE('',*,*,#2744,.F.);
#1687=ORIENTED_EDGE('',*,*,#2749,.T.);
#1688=ORIENTED_EDGE('',*,*,#2747,.T.);
#1689=ORIENTED_EDGE('',*,*,#2743,.F.);
#1690=ORIENTED_EDGE('',*,*,#2746,.F.);
#1691=ORIENTED_EDGE('',*,*,#2748,.T.);
#1692=ORIENTED_EDGE('',*,*,#2749,.F.);
#1693=ORIENTED_EDGE('',*,*,#2721,.F.);
#1694=ORIENTED_EDGE('',*,*,#2750,.F.);
#1695=ORIENTED_EDGE('',*,*,#2751,.T.);
#1696=ORIENTED_EDGE('',*,*,#2752,.T.);
#1697=ORIENTED_EDGE('',*,*,#2720,.F.);
#1698=ORIENTED_EDGE('',*,*,#2753,.F.);
#1699=ORIENTED_EDGE('',*,*,#2754,.T.);
#1700=ORIENTED_EDGE('',*,*,#2750,.T.);
#1701=ORIENTED_EDGE('',*,*,#2723,.T.);
#1702=ORIENTED_EDGE('',*,*,#2755,.F.);
#1703=ORIENTED_EDGE('',*,*,#2756,.F.);
#1704=ORIENTED_EDGE('',*,*,#2753,.T.);
#1705=ORIENTED_EDGE('',*,*,#2722,.F.);
#1706=ORIENTED_EDGE('',*,*,#2752,.F.);
#1707=ORIENTED_EDGE('',*,*,#2757,.T.);
#1708=ORIENTED_EDGE('',*,*,#2755,.T.);
#1709=ORIENTED_EDGE('',*,*,#2751,.F.);
#1710=ORIENTED_EDGE('',*,*,#2754,.F.);
#1711=ORIENTED_EDGE('',*,*,#2756,.T.);
#1712=ORIENTED_EDGE('',*,*,#2757,.F.);
#1713=ORIENTED_EDGE('',*,*,#2717,.F.);
#1714=ORIENTED_EDGE('',*,*,#2758,.F.);
#1715=ORIENTED_EDGE('',*,*,#2759,.T.);
#1716=ORIENTED_EDGE('',*,*,#2760,.T.);
#1717=ORIENTED_EDGE('',*,*,#2716,.F.);
#1718=ORIENTED_EDGE('',*,*,#2761,.F.);
#1719=ORIENTED_EDGE('',*,*,#2762,.T.);
#1720=ORIENTED_EDGE('',*,*,#2758,.T.);
#1721=ORIENTED_EDGE('',*,*,#2719,.T.);
#1722=ORIENTED_EDGE('',*,*,#2763,.F.);
#1723=ORIENTED_EDGE('',*,*,#2764,.F.);
#1724=ORIENTED_EDGE('',*,*,#2761,.T.);
#1725=ORIENTED_EDGE('',*,*,#2718,.F.);
#1726=ORIENTED_EDGE('',*,*,#2760,.F.);
#1727=ORIENTED_EDGE('',*,*,#2765,.T.);
#1728=ORIENTED_EDGE('',*,*,#2763,.T.);
#1729=ORIENTED_EDGE('',*,*,#2759,.F.);
#1730=ORIENTED_EDGE('',*,*,#2762,.F.);
#1731=ORIENTED_EDGE('',*,*,#2764,.T.);
#1732=ORIENTED_EDGE('',*,*,#2765,.F.);
#1733=ORIENTED_EDGE('',*,*,#2713,.F.);
#1734=ORIENTED_EDGE('',*,*,#2766,.F.);
#1735=ORIENTED_EDGE('',*,*,#2767,.T.);
#1736=ORIENTED_EDGE('',*,*,#2768,.T.);
#1737=ORIENTED_EDGE('',*,*,#2712,.F.);
#1738=ORIENTED_EDGE('',*,*,#2769,.F.);
#1739=ORIENTED_EDGE('',*,*,#2770,.T.);
#1740=ORIENTED_EDGE('',*,*,#2766,.T.);
#1741=ORIENTED_EDGE('',*,*,#2715,.T.);
#1742=ORIENTED_EDGE('',*,*,#2771,.F.);
#1743=ORIENTED_EDGE('',*,*,#2772,.F.);
#1744=ORIENTED_EDGE('',*,*,#2769,.T.);
#1745=ORIENTED_EDGE('',*,*,#2714,.F.);
#1746=ORIENTED_EDGE('',*,*,#2768,.F.);
#1747=ORIENTED_EDGE('',*,*,#2773,.T.);
#1748=ORIENTED_EDGE('',*,*,#2771,.T.);
#1749=ORIENTED_EDGE('',*,*,#2767,.F.);
#1750=ORIENTED_EDGE('',*,*,#2770,.F.);
#1751=ORIENTED_EDGE('',*,*,#2772,.T.);
#1752=ORIENTED_EDGE('',*,*,#2773,.F.);
#1753=ORIENTED_EDGE('',*,*,#2709,.F.);
#1754=ORIENTED_EDGE('',*,*,#2774,.F.);
#1755=ORIENTED_EDGE('',*,*,#2775,.T.);
#1756=ORIENTED_EDGE('',*,*,#2776,.T.);
#1757=ORIENTED_EDGE('',*,*,#2708,.F.);
#1758=ORIENTED_EDGE('',*,*,#2777,.F.);
#1759=ORIENTED_EDGE('',*,*,#2778,.T.);
#1760=ORIENTED_EDGE('',*,*,#2774,.T.);
#1761=ORIENTED_EDGE('',*,*,#2711,.T.);
#1762=ORIENTED_EDGE('',*,*,#2779,.F.);
#1763=ORIENTED_EDGE('',*,*,#2780,.F.);
#1764=ORIENTED_EDGE('',*,*,#2777,.T.);
#1765=ORIENTED_EDGE('',*,*,#2710,.F.);
#1766=ORIENTED_EDGE('',*,*,#2776,.F.);
#1767=ORIENTED_EDGE('',*,*,#2781,.T.);
#1768=ORIENTED_EDGE('',*,*,#2779,.T.);
#1769=ORIENTED_EDGE('',*,*,#2775,.F.);
#1770=ORIENTED_EDGE('',*,*,#2778,.F.);
#1771=ORIENTED_EDGE('',*,*,#2780,.T.);
#1772=ORIENTED_EDGE('',*,*,#2781,.F.);
#1773=ORIENTED_EDGE('',*,*,#2705,.F.);
#1774=ORIENTED_EDGE('',*,*,#2782,.F.);
#1775=ORIENTED_EDGE('',*,*,#2783,.T.);
#1776=ORIENTED_EDGE('',*,*,#2784,.T.);
#1777=ORIENTED_EDGE('',*,*,#2704,.F.);
#1778=ORIENTED_EDGE('',*,*,#2785,.F.);
#1779=ORIENTED_EDGE('',*,*,#2786,.T.);
#1780=ORIENTED_EDGE('',*,*,#2782,.T.);
#1781=ORIENTED_EDGE('',*,*,#2707,.T.);
#1782=ORIENTED_EDGE('',*,*,#2787,.F.);
#1783=ORIENTED_EDGE('',*,*,#2788,.F.);
#1784=ORIENTED_EDGE('',*,*,#2785,.T.);
#1785=ORIENTED_EDGE('',*,*,#2706,.F.);
#1786=ORIENTED_EDGE('',*,*,#2784,.F.);
#1787=ORIENTED_EDGE('',*,*,#2789,.T.);
#1788=ORIENTED_EDGE('',*,*,#2787,.T.);
#1789=ORIENTED_EDGE('',*,*,#2783,.F.);
#1790=ORIENTED_EDGE('',*,*,#2786,.F.);
#1791=ORIENTED_EDGE('',*,*,#2788,.T.);
#1792=ORIENTED_EDGE('',*,*,#2789,.F.);
#1793=ORIENTED_EDGE('',*,*,#2701,.F.);
#1794=ORIENTED_EDGE('',*,*,#2790,.F.);
#1795=ORIENTED_EDGE('',*,*,#2791,.T.);
#1796=ORIENTED_EDGE('',*,*,#2792,.T.);
#1797=ORIENTED_EDGE('',*,*,#2700,.F.);
#1798=ORIENTED_EDGE('',*,*,#2793,.F.);
#1799=ORIENTED_EDGE('',*,*,#2794,.T.);
#1800=ORIENTED_EDGE('',*,*,#2790,.T.);
#1801=ORIENTED_EDGE('',*,*,#2703,.T.);
#1802=ORIENTED_EDGE('',*,*,#2795,.F.);
#1803=ORIENTED_EDGE('',*,*,#2796,.F.);
#1804=ORIENTED_EDGE('',*,*,#2793,.T.);
#1805=ORIENTED_EDGE('',*,*,#2702,.F.);
#1806=ORIENTED_EDGE('',*,*,#2792,.F.);
#1807=ORIENTED_EDGE('',*,*,#2797,.T.);
#1808=ORIENTED_EDGE('',*,*,#2795,.T.);
#1809=ORIENTED_EDGE('',*,*,#2791,.F.);
#1810=ORIENTED_EDGE('',*,*,#2794,.F.);
#1811=ORIENTED_EDGE('',*,*,#2796,.T.);
#1812=ORIENTED_EDGE('',*,*,#2797,.F.);
#1813=ORIENTED_EDGE('',*,*,#2697,.F.);
#1814=ORIENTED_EDGE('',*,*,#2798,.F.);
#1815=ORIENTED_EDGE('',*,*,#2799,.T.);
#1816=ORIENTED_EDGE('',*,*,#2800,.T.);
#1817=ORIENTED_EDGE('',*,*,#2696,.F.);
#1818=ORIENTED_EDGE('',*,*,#2801,.F.);
#1819=ORIENTED_EDGE('',*,*,#2802,.T.);
#1820=ORIENTED_EDGE('',*,*,#2798,.T.);
#1821=ORIENTED_EDGE('',*,*,#2699,.T.);
#1822=ORIENTED_EDGE('',*,*,#2803,.F.);
#1823=ORIENTED_EDGE('',*,*,#2804,.F.);
#1824=ORIENTED_EDGE('',*,*,#2801,.T.);
#1825=ORIENTED_EDGE('',*,*,#2698,.F.);
#1826=ORIENTED_EDGE('',*,*,#2800,.F.);
#1827=ORIENTED_EDGE('',*,*,#2805,.T.);
#1828=ORIENTED_EDGE('',*,*,#2803,.T.);
#1829=ORIENTED_EDGE('',*,*,#2799,.F.);
#1830=ORIENTED_EDGE('',*,*,#2802,.F.);
#1831=ORIENTED_EDGE('',*,*,#2804,.T.);
#1832=ORIENTED_EDGE('',*,*,#2805,.F.);
#1833=ORIENTED_EDGE('',*,*,#2695,.F.);
#1834=ORIENTED_EDGE('',*,*,#2806,.F.);
#1835=ORIENTED_EDGE('',*,*,#2806,.T.);
#1836=ORIENTED_EDGE('',*,*,#2741,.F.);
#1837=ORIENTED_EDGE('',*,*,#2694,.F.);
#1838=ORIENTED_EDGE('',*,*,#2807,.F.);
#1839=ORIENTED_EDGE('',*,*,#2807,.T.);
#1840=ORIENTED_EDGE('',*,*,#2740,.F.);
#1841=ORIENTED_EDGE('',*,*,#2693,.F.);
#1842=ORIENTED_EDGE('',*,*,#2808,.F.);
#1843=ORIENTED_EDGE('',*,*,#2808,.T.);
#1844=ORIENTED_EDGE('',*,*,#2739,.F.);
#1845=ORIENTED_EDGE('',*,*,#2692,.F.);
#1846=ORIENTED_EDGE('',*,*,#2809,.F.);
#1847=ORIENTED_EDGE('',*,*,#2809,.T.);
#1848=ORIENTED_EDGE('',*,*,#2738,.F.);
#1849=ORIENTED_EDGE('',*,*,#2691,.F.);
#1850=ORIENTED_EDGE('',*,*,#2810,.F.);
#1851=ORIENTED_EDGE('',*,*,#2810,.T.);
#1852=ORIENTED_EDGE('',*,*,#2737,.F.);
#1853=ORIENTED_EDGE('',*,*,#2811,.T.);
#1854=ORIENTED_EDGE('',*,*,#2690,.F.);
#1855=ORIENTED_EDGE('',*,*,#2728,.F.);
#1856=ORIENTED_EDGE('',*,*,#2811,.F.);
#1857=ORIENTED_EDGE('',*,*,#2812,.F.);
#1858=ORIENTED_EDGE('',*,*,#2664,.F.);
#1859=ORIENTED_EDGE('',*,*,#2813,.F.);
#1860=ORIENTED_EDGE('',*,*,#2734,.F.);
#1861=ORIENTED_EDGE('',*,*,#2813,.T.);
#1862=ORIENTED_EDGE('',*,*,#2661,.F.);
#1863=ORIENTED_EDGE('',*,*,#2814,.F.);
#1864=ORIENTED_EDGE('',*,*,#2735,.F.);
#1865=ORIENTED_EDGE('',*,*,#2812,.T.);
#1866=ORIENTED_EDGE('',*,*,#2733,.F.);
#1867=ORIENTED_EDGE('',*,*,#2815,.F.);
#1868=ORIENTED_EDGE('',*,*,#2667,.F.);
#1869=ORIENTED_EDGE('',*,*,#2814,.T.);
#1870=ORIENTED_EDGE('',*,*,#2658,.F.);
#1871=ORIENTED_EDGE('',*,*,#2816,.F.);
#1872=ORIENTED_EDGE('',*,*,#2736,.F.);
#1873=ORIENTED_EDGE('',*,*,#2815,.T.);
#1874=ORIENTED_EDGE('',*,*,#2732,.F.);
#1875=ORIENTED_EDGE('',*,*,#2817,.F.);
#1876=ORIENTED_EDGE('',*,*,#2670,.F.);
#1877=ORIENTED_EDGE('',*,*,#2816,.T.);
#1878=ORIENTED_EDGE('',*,*,#2655,.F.);
#1879=ORIENTED_EDGE('',*,*,#2818,.F.);
#1880=ORIENTED_EDGE('',*,*,#2729,.F.);
#1881=ORIENTED_EDGE('',*,*,#2817,.T.);
#1882=ORIENTED_EDGE('',*,*,#2731,.F.);
#1883=ORIENTED_EDGE('',*,*,#2819,.F.);
#1884=ORIENTED_EDGE('',*,*,#2649,.F.);
#1885=ORIENTED_EDGE('',*,*,#2818,.T.);
#1886=ORIENTED_EDGE('',*,*,#2652,.F.);
#1887=ORIENTED_EDGE('',*,*,#2819,.T.);
#1888=ORIENTED_EDGE('',*,*,#2730,.F.);
#1889=ORIENTED_EDGE('',*,*,#2820,.F.);
#1890=ORIENTED_EDGE('',*,*,#2679,.F.);
#1891=ORIENTED_EDGE('',*,*,#2821,.F.);
#1892=ORIENTED_EDGE('',*,*,#2666,.F.);
#1893=ORIENTED_EDGE('',*,*,#2821,.T.);
#1894=ORIENTED_EDGE('',*,*,#2678,.F.);
#1895=ORIENTED_EDGE('',*,*,#2822,.F.);
#1896=ORIENTED_EDGE('',*,*,#2663,.F.);
#1897=ORIENTED_EDGE('',*,*,#2820,.T.);
#1898=ORIENTED_EDGE('',*,*,#2669,.F.);
#1899=ORIENTED_EDGE('',*,*,#2823,.F.);
#1900=ORIENTED_EDGE('',*,*,#2680,.F.);
#1901=ORIENTED_EDGE('',*,*,#2822,.T.);
#1902=ORIENTED_EDGE('',*,*,#2677,.F.);
#1903=ORIENTED_EDGE('',*,*,#2824,.F.);
#1904=ORIENTED_EDGE('',*,*,#2660,.F.);
#1905=ORIENTED_EDGE('',*,*,#2823,.T.);
#1906=ORIENTED_EDGE('',*,*,#2671,.F.);
#1907=ORIENTED_EDGE('',*,*,#2825,.F.);
#1908=ORIENTED_EDGE('',*,*,#2681,.F.);
#1909=ORIENTED_EDGE('',*,*,#2824,.T.);
#1910=ORIENTED_EDGE('',*,*,#2676,.F.);
#1911=ORIENTED_EDGE('',*,*,#2826,.F.);
#1912=ORIENTED_EDGE('',*,*,#2657,.F.);
#1913=ORIENTED_EDGE('',*,*,#2825,.T.);
#1914=ORIENTED_EDGE('',*,*,#2651,.F.);
#1915=ORIENTED_EDGE('',*,*,#2827,.F.);
#1916=ORIENTED_EDGE('',*,*,#2674,.F.);
#1917=ORIENTED_EDGE('',*,*,#2826,.T.);
#1918=ORIENTED_EDGE('',*,*,#2675,.F.);
#1919=ORIENTED_EDGE('',*,*,#2827,.T.);
#1920=ORIENTED_EDGE('',*,*,#2654,.F.);
#1921=ORIENTED_EDGE('',*,*,#2828,.F.);
#1922=ORIENTED_EDGE('',*,*,#2640,.F.);
#1923=ORIENTED_EDGE('',*,*,#2829,.F.);
#1924=ORIENTED_EDGE('',*,*,#2687,.F.);
#1925=ORIENTED_EDGE('',*,*,#2829,.T.);
#1926=ORIENTED_EDGE('',*,*,#2643,.F.);
#1927=ORIENTED_EDGE('',*,*,#2830,.F.);
#1928=ORIENTED_EDGE('',*,*,#2688,.F.);
#1929=ORIENTED_EDGE('',*,*,#2828,.T.);
#1930=ORIENTED_EDGE('',*,*,#2686,.F.);
#1931=ORIENTED_EDGE('',*,*,#2831,.F.);
#1932=ORIENTED_EDGE('',*,*,#2637,.F.);
#1933=ORIENTED_EDGE('',*,*,#2830,.T.);
#1934=ORIENTED_EDGE('',*,*,#2646,.F.);
#1935=ORIENTED_EDGE('',*,*,#2832,.F.);
#1936=ORIENTED_EDGE('',*,*,#2689,.F.);
#1937=ORIENTED_EDGE('',*,*,#2831,.T.);
#1938=ORIENTED_EDGE('',*,*,#2685,.F.);
#1939=ORIENTED_EDGE('',*,*,#2833,.F.);
#1940=ORIENTED_EDGE('',*,*,#2634,.F.);
#1941=ORIENTED_EDGE('',*,*,#2832,.T.);
#1942=ORIENTED_EDGE('',*,*,#2672,.F.);
#1943=ORIENTED_EDGE('',*,*,#2834,.F.);
#1944=ORIENTED_EDGE('',*,*,#2682,.F.);
#1945=ORIENTED_EDGE('',*,*,#2833,.T.);
#1946=ORIENTED_EDGE('',*,*,#2684,.F.);
#1947=ORIENTED_EDGE('',*,*,#2835,.F.);
#1948=ORIENTED_EDGE('',*,*,#2631,.F.);
#1949=ORIENTED_EDGE('',*,*,#2834,.T.);
#1950=ORIENTED_EDGE('',*,*,#2627,.F.);
#1951=ORIENTED_EDGE('',*,*,#2835,.T.);
#1952=ORIENTED_EDGE('',*,*,#2683,.F.);
#1953=ORIENTED_EDGE('',*,*,#2836,.T.);
#1954=ORIENTED_EDGE('',*,*,#2837,.F.);
#1955=ORIENTED_EDGE('',*,*,#2838,.F.);
#1956=ORIENTED_EDGE('',*,*,#2839,.T.);
#1957=ORIENTED_EDGE('',*,*,#2840,.T.);
#1958=ORIENTED_EDGE('',*,*,#2839,.F.);
#1959=ORIENTED_EDGE('',*,*,#2841,.F.);
#1960=ORIENTED_EDGE('',*,*,#2842,.T.);
#1961=ORIENTED_EDGE('',*,*,#2843,.F.);
#1962=ORIENTED_EDGE('',*,*,#2842,.F.);
#1963=ORIENTED_EDGE('',*,*,#2844,.T.);
#1964=ORIENTED_EDGE('',*,*,#2845,.T.);
#1965=ORIENTED_EDGE('',*,*,#2846,.T.);
#1966=ORIENTED_EDGE('',*,*,#2845,.F.);
#1967=ORIENTED_EDGE('',*,*,#2847,.F.);
#1968=ORIENTED_EDGE('',*,*,#2837,.T.);
#1969=ORIENTED_EDGE('',*,*,#2838,.T.);
#1970=ORIENTED_EDGE('',*,*,#2847,.T.);
#1971=ORIENTED_EDGE('',*,*,#2844,.F.);
#1972=ORIENTED_EDGE('',*,*,#2841,.T.);
#1973=ORIENTED_EDGE('',*,*,#2836,.F.);
#1974=ORIENTED_EDGE('',*,*,#2840,.F.);
#1975=ORIENTED_EDGE('',*,*,#2843,.T.);
#1976=ORIENTED_EDGE('',*,*,#2846,.F.);
#1977=ORIENTED_EDGE('',*,*,#2848,.T.);
#1978=ORIENTED_EDGE('',*,*,#2849,.T.);
#1979=ORIENTED_EDGE('',*,*,#2850,.T.);
#1980=ORIENTED_EDGE('',*,*,#2851,.T.);
#1981=ORIENTED_EDGE('',*,*,#2852,.F.);
#1982=ORIENTED_EDGE('',*,*,#2853,.T.);
#1983=ORIENTED_EDGE('',*,*,#2851,.F.);
#1984=ORIENTED_EDGE('',*,*,#2854,.T.);
#1985=ORIENTED_EDGE('',*,*,#2855,.T.);
#1986=ORIENTED_EDGE('',*,*,#2856,.F.);
#1987=ORIENTED_EDGE('',*,*,#2857,.F.);
#1988=ORIENTED_EDGE('',*,*,#2858,.T.);
#1989=ORIENTED_EDGE('',*,*,#2849,.F.);
#1990=ORIENTED_EDGE('',*,*,#2859,.F.);
#1991=ORIENTED_EDGE('',*,*,#2860,.T.);
#1992=ORIENTED_EDGE('',*,*,#2861,.T.);
#1993=ORIENTED_EDGE('',*,*,#2862,.F.);
#1994=ORIENTED_EDGE('',*,*,#2863,.F.);
#1995=ORIENTED_EDGE('',*,*,#2854,.F.);
#1996=ORIENTED_EDGE('',*,*,#2850,.F.);
#1997=ORIENTED_EDGE('',*,*,#2863,.T.);
#1998=ORIENTED_EDGE('',*,*,#2864,.T.);
#1999=ORIENTED_EDGE('',*,*,#2858,.F.);
#2000=ORIENTED_EDGE('',*,*,#2865,.F.);
#2001=ORIENTED_EDGE('',*,*,#2859,.T.);
#2002=ORIENTED_EDGE('',*,*,#2852,.T.);
#2003=ORIENTED_EDGE('',*,*,#2857,.T.);
#2004=ORIENTED_EDGE('',*,*,#2866,.F.);
#2005=ORIENTED_EDGE('',*,*,#2860,.F.);
#2006=ORIENTED_EDGE('',*,*,#2865,.T.);
#2007=ORIENTED_EDGE('',*,*,#2856,.T.);
#2008=ORIENTED_EDGE('',*,*,#2867,.F.);
#2009=ORIENTED_EDGE('',*,*,#2861,.F.);
#2010=ORIENTED_EDGE('',*,*,#2866,.T.);
#2011=ORIENTED_EDGE('',*,*,#2855,.F.);
#2012=ORIENTED_EDGE('',*,*,#2864,.F.);
#2013=ORIENTED_EDGE('',*,*,#2862,.T.);
#2014=ORIENTED_EDGE('',*,*,#2867,.T.);
#2015=ORIENTED_EDGE('',*,*,#2848,.F.);
#2016=ORIENTED_EDGE('',*,*,#2853,.F.);
#2017=ORIENTED_EDGE('',*,*,#2868,.T.);
#2018=ORIENTED_EDGE('',*,*,#2869,.F.);
#2019=ORIENTED_EDGE('',*,*,#2870,.F.);
#2020=ORIENTED_EDGE('',*,*,#2871,.T.);
#2021=ORIENTED_EDGE('',*,*,#2872,.T.);
#2022=ORIENTED_EDGE('',*,*,#2871,.F.);
#2023=ORIENTED_EDGE('',*,*,#2873,.F.);
#2024=ORIENTED_EDGE('',*,*,#2874,.T.);
#2025=ORIENTED_EDGE('',*,*,#2875,.F.);
#2026=ORIENTED_EDGE('',*,*,#2874,.F.);
#2027=ORIENTED_EDGE('',*,*,#2876,.T.);
#2028=ORIENTED_EDGE('',*,*,#2877,.T.);
#2029=ORIENTED_EDGE('',*,*,#2878,.T.);
#2030=ORIENTED_EDGE('',*,*,#2877,.F.);
#2031=ORIENTED_EDGE('',*,*,#2879,.F.);
#2032=ORIENTED_EDGE('',*,*,#2869,.T.);
#2033=ORIENTED_EDGE('',*,*,#2870,.T.);
#2034=ORIENTED_EDGE('',*,*,#2879,.T.);
#2035=ORIENTED_EDGE('',*,*,#2876,.F.);
#2036=ORIENTED_EDGE('',*,*,#2873,.T.);
#2037=ORIENTED_EDGE('',*,*,#2868,.F.);
#2038=ORIENTED_EDGE('',*,*,#2872,.F.);
#2039=ORIENTED_EDGE('',*,*,#2875,.T.);
#2040=ORIENTED_EDGE('',*,*,#2878,.F.);
#2041=ORIENTED_EDGE('',*,*,#2880,.T.);
#2042=ORIENTED_EDGE('',*,*,#2881,.T.);
#2043=ORIENTED_EDGE('',*,*,#2882,.T.);
#2044=ORIENTED_EDGE('',*,*,#2883,.T.);
#2045=ORIENTED_EDGE('',*,*,#2884,.F.);
#2046=ORIENTED_EDGE('',*,*,#2885,.T.);
#2047=ORIENTED_EDGE('',*,*,#2883,.F.);
#2048=ORIENTED_EDGE('',*,*,#2886,.T.);
#2049=ORIENTED_EDGE('',*,*,#2887,.T.);
#2050=ORIENTED_EDGE('',*,*,#2888,.F.);
#2051=ORIENTED_EDGE('',*,*,#2889,.F.);
#2052=ORIENTED_EDGE('',*,*,#2890,.T.);
#2053=ORIENTED_EDGE('',*,*,#2881,.F.);
#2054=ORIENTED_EDGE('',*,*,#2891,.F.);
#2055=ORIENTED_EDGE('',*,*,#2892,.T.);
#2056=ORIENTED_EDGE('',*,*,#2893,.T.);
#2057=ORIENTED_EDGE('',*,*,#2894,.F.);
#2058=ORIENTED_EDGE('',*,*,#2895,.F.);
#2059=ORIENTED_EDGE('',*,*,#2886,.F.);
#2060=ORIENTED_EDGE('',*,*,#2882,.F.);
#2061=ORIENTED_EDGE('',*,*,#2895,.T.);
#2062=ORIENTED_EDGE('',*,*,#2896,.T.);
#2063=ORIENTED_EDGE('',*,*,#2890,.F.);
#2064=ORIENTED_EDGE('',*,*,#2897,.F.);
#2065=ORIENTED_EDGE('',*,*,#2891,.T.);
#2066=ORIENTED_EDGE('',*,*,#2884,.T.);
#2067=ORIENTED_EDGE('',*,*,#2889,.T.);
#2068=ORIENTED_EDGE('',*,*,#2898,.F.);
#2069=ORIENTED_EDGE('',*,*,#2892,.F.);
#2070=ORIENTED_EDGE('',*,*,#2897,.T.);
#2071=ORIENTED_EDGE('',*,*,#2888,.T.);
#2072=ORIENTED_EDGE('',*,*,#2899,.F.);
#2073=ORIENTED_EDGE('',*,*,#2893,.F.);
#2074=ORIENTED_EDGE('',*,*,#2898,.T.);
#2075=ORIENTED_EDGE('',*,*,#2887,.F.);
#2076=ORIENTED_EDGE('',*,*,#2896,.F.);
#2077=ORIENTED_EDGE('',*,*,#2894,.T.);
#2078=ORIENTED_EDGE('',*,*,#2899,.T.);
#2079=ORIENTED_EDGE('',*,*,#2880,.F.);
#2080=ORIENTED_EDGE('',*,*,#2885,.F.);
#2081=ORIENTED_EDGE('',*,*,#2900,.T.);
#2082=ORIENTED_EDGE('',*,*,#2901,.F.);
#2083=ORIENTED_EDGE('',*,*,#2902,.F.);
#2084=ORIENTED_EDGE('',*,*,#2903,.T.);
#2085=ORIENTED_EDGE('',*,*,#2904,.T.);
#2086=ORIENTED_EDGE('',*,*,#2903,.F.);
#2087=ORIENTED_EDGE('',*,*,#2905,.F.);
#2088=ORIENTED_EDGE('',*,*,#2906,.T.);
#2089=ORIENTED_EDGE('',*,*,#2907,.F.);
#2090=ORIENTED_EDGE('',*,*,#2906,.F.);
#2091=ORIENTED_EDGE('',*,*,#2908,.T.);
#2092=ORIENTED_EDGE('',*,*,#2909,.T.);
#2093=ORIENTED_EDGE('',*,*,#2910,.T.);
#2094=ORIENTED_EDGE('',*,*,#2909,.F.);
#2095=ORIENTED_EDGE('',*,*,#2911,.F.);
#2096=ORIENTED_EDGE('',*,*,#2901,.T.);
#2097=ORIENTED_EDGE('',*,*,#2902,.T.);
#2098=ORIENTED_EDGE('',*,*,#2911,.T.);
#2099=ORIENTED_EDGE('',*,*,#2908,.F.);
#2100=ORIENTED_EDGE('',*,*,#2905,.T.);
#2101=ORIENTED_EDGE('',*,*,#2900,.F.);
#2102=ORIENTED_EDGE('',*,*,#2904,.F.);
#2103=ORIENTED_EDGE('',*,*,#2907,.T.);
#2104=ORIENTED_EDGE('',*,*,#2910,.F.);
#2105=ORIENTED_EDGE('',*,*,#2912,.T.);
#2106=ORIENTED_EDGE('',*,*,#2913,.T.);
#2107=ORIENTED_EDGE('',*,*,#2914,.T.);
#2108=ORIENTED_EDGE('',*,*,#2915,.T.);
#2109=ORIENTED_EDGE('',*,*,#2916,.F.);
#2110=ORIENTED_EDGE('',*,*,#2917,.T.);
#2111=ORIENTED_EDGE('',*,*,#2915,.F.);
#2112=ORIENTED_EDGE('',*,*,#2918,.T.);
#2113=ORIENTED_EDGE('',*,*,#2919,.T.);
#2114=ORIENTED_EDGE('',*,*,#2920,.F.);
#2115=ORIENTED_EDGE('',*,*,#2921,.F.);
#2116=ORIENTED_EDGE('',*,*,#2922,.T.);
#2117=ORIENTED_EDGE('',*,*,#2913,.F.);
#2118=ORIENTED_EDGE('',*,*,#2923,.F.);
#2119=ORIENTED_EDGE('',*,*,#2924,.T.);
#2120=ORIENTED_EDGE('',*,*,#2925,.T.);
#2121=ORIENTED_EDGE('',*,*,#2926,.F.);
#2122=ORIENTED_EDGE('',*,*,#2927,.F.);
#2123=ORIENTED_EDGE('',*,*,#2918,.F.);
#2124=ORIENTED_EDGE('',*,*,#2914,.F.);
#2125=ORIENTED_EDGE('',*,*,#2927,.T.);
#2126=ORIENTED_EDGE('',*,*,#2928,.T.);
#2127=ORIENTED_EDGE('',*,*,#2922,.F.);
#2128=ORIENTED_EDGE('',*,*,#2929,.F.);
#2129=ORIENTED_EDGE('',*,*,#2923,.T.);
#2130=ORIENTED_EDGE('',*,*,#2916,.T.);
#2131=ORIENTED_EDGE('',*,*,#2921,.T.);
#2132=ORIENTED_EDGE('',*,*,#2930,.F.);
#2133=ORIENTED_EDGE('',*,*,#2924,.F.);
#2134=ORIENTED_EDGE('',*,*,#2929,.T.);
#2135=ORIENTED_EDGE('',*,*,#2920,.T.);
#2136=ORIENTED_EDGE('',*,*,#2931,.F.);
#2137=ORIENTED_EDGE('',*,*,#2925,.F.);
#2138=ORIENTED_EDGE('',*,*,#2930,.T.);
#2139=ORIENTED_EDGE('',*,*,#2919,.F.);
#2140=ORIENTED_EDGE('',*,*,#2928,.F.);
#2141=ORIENTED_EDGE('',*,*,#2926,.T.);
#2142=ORIENTED_EDGE('',*,*,#2931,.T.);
#2143=ORIENTED_EDGE('',*,*,#2912,.F.);
#2144=ORIENTED_EDGE('',*,*,#2917,.F.);
#2145=ORIENTED_EDGE('',*,*,#2932,.T.);
#2146=ORIENTED_EDGE('',*,*,#2933,.F.);
#2147=ORIENTED_EDGE('',*,*,#2934,.F.);
#2148=ORIENTED_EDGE('',*,*,#2935,.T.);
#2149=ORIENTED_EDGE('',*,*,#2936,.T.);
#2150=ORIENTED_EDGE('',*,*,#2935,.F.);
#2151=ORIENTED_EDGE('',*,*,#2937,.F.);
#2152=ORIENTED_EDGE('',*,*,#2938,.T.);
#2153=ORIENTED_EDGE('',*,*,#2939,.F.);
#2154=ORIENTED_EDGE('',*,*,#2938,.F.);
#2155=ORIENTED_EDGE('',*,*,#2940,.T.);
#2156=ORIENTED_EDGE('',*,*,#2941,.T.);
#2157=ORIENTED_EDGE('',*,*,#2942,.T.);
#2158=ORIENTED_EDGE('',*,*,#2941,.F.);
#2159=ORIENTED_EDGE('',*,*,#2943,.F.);
#2160=ORIENTED_EDGE('',*,*,#2933,.T.);
#2161=ORIENTED_EDGE('',*,*,#2934,.T.);
#2162=ORIENTED_EDGE('',*,*,#2943,.T.);
#2163=ORIENTED_EDGE('',*,*,#2940,.F.);
#2164=ORIENTED_EDGE('',*,*,#2937,.T.);
#2165=ORIENTED_EDGE('',*,*,#2932,.F.);
#2166=ORIENTED_EDGE('',*,*,#2936,.F.);
#2167=ORIENTED_EDGE('',*,*,#2939,.T.);
#2168=ORIENTED_EDGE('',*,*,#2942,.F.);
#2169=ORIENTED_EDGE('',*,*,#2944,.T.);
#2170=ORIENTED_EDGE('',*,*,#2945,.T.);
#2171=ORIENTED_EDGE('',*,*,#2946,.T.);
#2172=ORIENTED_EDGE('',*,*,#2947,.T.);
#2173=ORIENTED_EDGE('',*,*,#2948,.F.);
#2174=ORIENTED_EDGE('',*,*,#2949,.T.);
#2175=ORIENTED_EDGE('',*,*,#2947,.F.);
#2176=ORIENTED_EDGE('',*,*,#2950,.T.);
#2177=ORIENTED_EDGE('',*,*,#2951,.T.);
#2178=ORIENTED_EDGE('',*,*,#2952,.F.);
#2179=ORIENTED_EDGE('',*,*,#2953,.F.);
#2180=ORIENTED_EDGE('',*,*,#2954,.T.);
#2181=ORIENTED_EDGE('',*,*,#2945,.F.);
#2182=ORIENTED_EDGE('',*,*,#2955,.F.);
#2183=ORIENTED_EDGE('',*,*,#2956,.T.);
#2184=ORIENTED_EDGE('',*,*,#2957,.T.);
#2185=ORIENTED_EDGE('',*,*,#2958,.F.);
#2186=ORIENTED_EDGE('',*,*,#2959,.F.);
#2187=ORIENTED_EDGE('',*,*,#2950,.F.);
#2188=ORIENTED_EDGE('',*,*,#2946,.F.);
#2189=ORIENTED_EDGE('',*,*,#2959,.T.);
#2190=ORIENTED_EDGE('',*,*,#2960,.T.);
#2191=ORIENTED_EDGE('',*,*,#2954,.F.);
#2192=ORIENTED_EDGE('',*,*,#2961,.F.);
#2193=ORIENTED_EDGE('',*,*,#2955,.T.);
#2194=ORIENTED_EDGE('',*,*,#2948,.T.);
#2195=ORIENTED_EDGE('',*,*,#2953,.T.);
#2196=ORIENTED_EDGE('',*,*,#2962,.F.);
#2197=ORIENTED_EDGE('',*,*,#2956,.F.);
#2198=ORIENTED_EDGE('',*,*,#2961,.T.);
#2199=ORIENTED_EDGE('',*,*,#2952,.T.);
#2200=ORIENTED_EDGE('',*,*,#2963,.F.);
#2201=ORIENTED_EDGE('',*,*,#2957,.F.);
#2202=ORIENTED_EDGE('',*,*,#2962,.T.);
#2203=ORIENTED_EDGE('',*,*,#2951,.F.);
#2204=ORIENTED_EDGE('',*,*,#2960,.F.);
#2205=ORIENTED_EDGE('',*,*,#2958,.T.);
#2206=ORIENTED_EDGE('',*,*,#2963,.T.);
#2207=ORIENTED_EDGE('',*,*,#2944,.F.);
#2208=ORIENTED_EDGE('',*,*,#2949,.F.);
#2209=ORIENTED_EDGE('',*,*,#2964,.T.);
#2210=ORIENTED_EDGE('',*,*,#2965,.F.);
#2211=ORIENTED_EDGE('',*,*,#2966,.F.);
#2212=ORIENTED_EDGE('',*,*,#2967,.T.);
#2213=ORIENTED_EDGE('',*,*,#2968,.T.);
#2214=ORIENTED_EDGE('',*,*,#2967,.F.);
#2215=ORIENTED_EDGE('',*,*,#2969,.F.);
#2216=ORIENTED_EDGE('',*,*,#2970,.T.);
#2217=ORIENTED_EDGE('',*,*,#2971,.F.);
#2218=ORIENTED_EDGE('',*,*,#2970,.F.);
#2219=ORIENTED_EDGE('',*,*,#2972,.T.);
#2220=ORIENTED_EDGE('',*,*,#2973,.T.);
#2221=ORIENTED_EDGE('',*,*,#2974,.T.);
#2222=ORIENTED_EDGE('',*,*,#2973,.F.);
#2223=ORIENTED_EDGE('',*,*,#2975,.F.);
#2224=ORIENTED_EDGE('',*,*,#2965,.T.);
#2225=ORIENTED_EDGE('',*,*,#2966,.T.);
#2226=ORIENTED_EDGE('',*,*,#2975,.T.);
#2227=ORIENTED_EDGE('',*,*,#2972,.F.);
#2228=ORIENTED_EDGE('',*,*,#2969,.T.);
#2229=ORIENTED_EDGE('',*,*,#2964,.F.);
#2230=ORIENTED_EDGE('',*,*,#2968,.F.);
#2231=ORIENTED_EDGE('',*,*,#2971,.T.);
#2232=ORIENTED_EDGE('',*,*,#2974,.F.);
#2233=ORIENTED_EDGE('',*,*,#2976,.T.);
#2234=ORIENTED_EDGE('',*,*,#2977,.T.);
#2235=ORIENTED_EDGE('',*,*,#2978,.T.);
#2236=ORIENTED_EDGE('',*,*,#2979,.T.);
#2237=ORIENTED_EDGE('',*,*,#2980,.F.);
#2238=ORIENTED_EDGE('',*,*,#2981,.T.);
#2239=ORIENTED_EDGE('',*,*,#2979,.F.);
#2240=ORIENTED_EDGE('',*,*,#2982,.T.);
#2241=ORIENTED_EDGE('',*,*,#2983,.T.);
#2242=ORIENTED_EDGE('',*,*,#2984,.F.);
#2243=ORIENTED_EDGE('',*,*,#2985,.F.);
#2244=ORIENTED_EDGE('',*,*,#2986,.T.);
#2245=ORIENTED_EDGE('',*,*,#2977,.F.);
#2246=ORIENTED_EDGE('',*,*,#2987,.F.);
#2247=ORIENTED_EDGE('',*,*,#2988,.T.);
#2248=ORIENTED_EDGE('',*,*,#2989,.T.);
#2249=ORIENTED_EDGE('',*,*,#2990,.F.);
#2250=ORIENTED_EDGE('',*,*,#2991,.F.);
#2251=ORIENTED_EDGE('',*,*,#2982,.F.);
#2252=ORIENTED_EDGE('',*,*,#2978,.F.);
#2253=ORIENTED_EDGE('',*,*,#2991,.T.);
#2254=ORIENTED_EDGE('',*,*,#2992,.T.);
#2255=ORIENTED_EDGE('',*,*,#2986,.F.);
#2256=ORIENTED_EDGE('',*,*,#2993,.F.);
#2257=ORIENTED_EDGE('',*,*,#2987,.T.);
#2258=ORIENTED_EDGE('',*,*,#2980,.T.);
#2259=ORIENTED_EDGE('',*,*,#2985,.T.);
#2260=ORIENTED_EDGE('',*,*,#2994,.F.);
#2261=ORIENTED_EDGE('',*,*,#2988,.F.);
#2262=ORIENTED_EDGE('',*,*,#2993,.T.);
#2263=ORIENTED_EDGE('',*,*,#2984,.T.);
#2264=ORIENTED_EDGE('',*,*,#2995,.F.);
#2265=ORIENTED_EDGE('',*,*,#2989,.F.);
#2266=ORIENTED_EDGE('',*,*,#2994,.T.);
#2267=ORIENTED_EDGE('',*,*,#2983,.F.);
#2268=ORIENTED_EDGE('',*,*,#2992,.F.);
#2269=ORIENTED_EDGE('',*,*,#2990,.T.);
#2270=ORIENTED_EDGE('',*,*,#2995,.T.);
#2271=ORIENTED_EDGE('',*,*,#2976,.F.);
#2272=ORIENTED_EDGE('',*,*,#2981,.F.);
#2273=ORIENTED_EDGE('',*,*,#2996,.T.);
#2274=ORIENTED_EDGE('',*,*,#2997,.F.);
#2275=ORIENTED_EDGE('',*,*,#2998,.F.);
#2276=ORIENTED_EDGE('',*,*,#2999,.T.);
#2277=ORIENTED_EDGE('',*,*,#3000,.T.);
#2278=ORIENTED_EDGE('',*,*,#2999,.F.);
#2279=ORIENTED_EDGE('',*,*,#3001,.F.);
#2280=ORIENTED_EDGE('',*,*,#3002,.T.);
#2281=ORIENTED_EDGE('',*,*,#3003,.F.);
#2282=ORIENTED_EDGE('',*,*,#3002,.F.);
#2283=ORIENTED_EDGE('',*,*,#3004,.T.);
#2284=ORIENTED_EDGE('',*,*,#3005,.T.);
#2285=ORIENTED_EDGE('',*,*,#3006,.T.);
#2286=ORIENTED_EDGE('',*,*,#3005,.F.);
#2287=ORIENTED_EDGE('',*,*,#3007,.F.);
#2288=ORIENTED_EDGE('',*,*,#2997,.T.);
#2289=ORIENTED_EDGE('',*,*,#2998,.T.);
#2290=ORIENTED_EDGE('',*,*,#3007,.T.);
#2291=ORIENTED_EDGE('',*,*,#3004,.F.);
#2292=ORIENTED_EDGE('',*,*,#3001,.T.);
#2293=ORIENTED_EDGE('',*,*,#2996,.F.);
#2294=ORIENTED_EDGE('',*,*,#3000,.F.);
#2295=ORIENTED_EDGE('',*,*,#3003,.T.);
#2296=ORIENTED_EDGE('',*,*,#3006,.F.);
#2297=ORIENTED_EDGE('',*,*,#3008,.T.);
#2298=ORIENTED_EDGE('',*,*,#3009,.T.);
#2299=ORIENTED_EDGE('',*,*,#3010,.T.);
#2300=ORIENTED_EDGE('',*,*,#3011,.T.);
#2301=ORIENTED_EDGE('',*,*,#3012,.F.);
#2302=ORIENTED_EDGE('',*,*,#3013,.T.);
#2303=ORIENTED_EDGE('',*,*,#3011,.F.);
#2304=ORIENTED_EDGE('',*,*,#3014,.T.);
#2305=ORIENTED_EDGE('',*,*,#3015,.T.);
#2306=ORIENTED_EDGE('',*,*,#3016,.F.);
#2307=ORIENTED_EDGE('',*,*,#3017,.F.);
#2308=ORIENTED_EDGE('',*,*,#3018,.T.);
#2309=ORIENTED_EDGE('',*,*,#3009,.F.);
#2310=ORIENTED_EDGE('',*,*,#3019,.F.);
#2311=ORIENTED_EDGE('',*,*,#3020,.T.);
#2312=ORIENTED_EDGE('',*,*,#3021,.T.);
#2313=ORIENTED_EDGE('',*,*,#3022,.F.);
#2314=ORIENTED_EDGE('',*,*,#3023,.F.);
#2315=ORIENTED_EDGE('',*,*,#3014,.F.);
#2316=ORIENTED_EDGE('',*,*,#3010,.F.);
#2317=ORIENTED_EDGE('',*,*,#3023,.T.);
#2318=ORIENTED_EDGE('',*,*,#3024,.T.);
#2319=ORIENTED_EDGE('',*,*,#3018,.F.);
#2320=ORIENTED_EDGE('',*,*,#3025,.F.);
#2321=ORIENTED_EDGE('',*,*,#3019,.T.);
#2322=ORIENTED_EDGE('',*,*,#3012,.T.);
#2323=ORIENTED_EDGE('',*,*,#3017,.T.);
#2324=ORIENTED_EDGE('',*,*,#3026,.F.);
#2325=ORIENTED_EDGE('',*,*,#3020,.F.);
#2326=ORIENTED_EDGE('',*,*,#3025,.T.);
#2327=ORIENTED_EDGE('',*,*,#3016,.T.);
#2328=ORIENTED_EDGE('',*,*,#3027,.F.);
#2329=ORIENTED_EDGE('',*,*,#3021,.F.);
#2330=ORIENTED_EDGE('',*,*,#3026,.T.);
#2331=ORIENTED_EDGE('',*,*,#3015,.F.);
#2332=ORIENTED_EDGE('',*,*,#3024,.F.);
#2333=ORIENTED_EDGE('',*,*,#3022,.T.);
#2334=ORIENTED_EDGE('',*,*,#3027,.T.);
#2335=ORIENTED_EDGE('',*,*,#3008,.F.);
#2336=ORIENTED_EDGE('',*,*,#3013,.F.);
#2337=ORIENTED_EDGE('',*,*,#3028,.T.);
#2338=ORIENTED_EDGE('',*,*,#3029,.F.);
#2339=ORIENTED_EDGE('',*,*,#3030,.F.);
#2340=ORIENTED_EDGE('',*,*,#3031,.T.);
#2341=ORIENTED_EDGE('',*,*,#3032,.T.);
#2342=ORIENTED_EDGE('',*,*,#3031,.F.);
#2343=ORIENTED_EDGE('',*,*,#3033,.F.);
#2344=ORIENTED_EDGE('',*,*,#3034,.T.);
#2345=ORIENTED_EDGE('',*,*,#3035,.F.);
#2346=ORIENTED_EDGE('',*,*,#3034,.F.);
#2347=ORIENTED_EDGE('',*,*,#3036,.T.);
#2348=ORIENTED_EDGE('',*,*,#3037,.T.);
#2349=ORIENTED_EDGE('',*,*,#3038,.T.);
#2350=ORIENTED_EDGE('',*,*,#3037,.F.);
#2351=ORIENTED_EDGE('',*,*,#3039,.F.);
#2352=ORIENTED_EDGE('',*,*,#3029,.T.);
#2353=ORIENTED_EDGE('',*,*,#3030,.T.);
#2354=ORIENTED_EDGE('',*,*,#3039,.T.);
#2355=ORIENTED_EDGE('',*,*,#3036,.F.);
#2356=ORIENTED_EDGE('',*,*,#3033,.T.);
#2357=ORIENTED_EDGE('',*,*,#3028,.F.);
#2358=ORIENTED_EDGE('',*,*,#3032,.F.);
#2359=ORIENTED_EDGE('',*,*,#3035,.T.);
#2360=ORIENTED_EDGE('',*,*,#3038,.F.);
#2361=ORIENTED_EDGE('',*,*,#3040,.T.);
#2362=ORIENTED_EDGE('',*,*,#3041,.T.);
#2363=ORIENTED_EDGE('',*,*,#3042,.T.);
#2364=ORIENTED_EDGE('',*,*,#3043,.T.);
#2365=ORIENTED_EDGE('',*,*,#3044,.F.);
#2366=ORIENTED_EDGE('',*,*,#3045,.T.);
#2367=ORIENTED_EDGE('',*,*,#3043,.F.);
#2368=ORIENTED_EDGE('',*,*,#3046,.T.);
#2369=ORIENTED_EDGE('',*,*,#3047,.T.);
#2370=ORIENTED_EDGE('',*,*,#3048,.F.);
#2371=ORIENTED_EDGE('',*,*,#3049,.F.);
#2372=ORIENTED_EDGE('',*,*,#3050,.T.);
#2373=ORIENTED_EDGE('',*,*,#3041,.F.);
#2374=ORIENTED_EDGE('',*,*,#3051,.F.);
#2375=ORIENTED_EDGE('',*,*,#3052,.T.);
#2376=ORIENTED_EDGE('',*,*,#3053,.T.);
#2377=ORIENTED_EDGE('',*,*,#3054,.F.);
#2378=ORIENTED_EDGE('',*,*,#3055,.F.);
#2379=ORIENTED_EDGE('',*,*,#3046,.F.);
#2380=ORIENTED_EDGE('',*,*,#3042,.F.);
#2381=ORIENTED_EDGE('',*,*,#3055,.T.);
#2382=ORIENTED_EDGE('',*,*,#3056,.T.);
#2383=ORIENTED_EDGE('',*,*,#3050,.F.);
#2384=ORIENTED_EDGE('',*,*,#3057,.F.);
#2385=ORIENTED_EDGE('',*,*,#3051,.T.);
#2386=ORIENTED_EDGE('',*,*,#3044,.T.);
#2387=ORIENTED_EDGE('',*,*,#3049,.T.);
#2388=ORIENTED_EDGE('',*,*,#3058,.F.);
#2389=ORIENTED_EDGE('',*,*,#3052,.F.);
#2390=ORIENTED_EDGE('',*,*,#3057,.T.);
#2391=ORIENTED_EDGE('',*,*,#3048,.T.);
#2392=ORIENTED_EDGE('',*,*,#3059,.F.);
#2393=ORIENTED_EDGE('',*,*,#3053,.F.);
#2394=ORIENTED_EDGE('',*,*,#3058,.T.);
#2395=ORIENTED_EDGE('',*,*,#3047,.F.);
#2396=ORIENTED_EDGE('',*,*,#3056,.F.);
#2397=ORIENTED_EDGE('',*,*,#3054,.T.);
#2398=ORIENTED_EDGE('',*,*,#3059,.T.);
#2399=ORIENTED_EDGE('',*,*,#3040,.F.);
#2400=ORIENTED_EDGE('',*,*,#3045,.F.);
#2401=ORIENTED_EDGE('',*,*,#3060,.T.);
#2402=ORIENTED_EDGE('',*,*,#3061,.F.);
#2403=ORIENTED_EDGE('',*,*,#3062,.F.);
#2404=ORIENTED_EDGE('',*,*,#3063,.T.);
#2405=ORIENTED_EDGE('',*,*,#3064,.T.);
#2406=ORIENTED_EDGE('',*,*,#3063,.F.);
#2407=ORIENTED_EDGE('',*,*,#3065,.F.);
#2408=ORIENTED_EDGE('',*,*,#3066,.T.);
#2409=ORIENTED_EDGE('',*,*,#3067,.F.);
#2410=ORIENTED_EDGE('',*,*,#3066,.F.);
#2411=ORIENTED_EDGE('',*,*,#3068,.T.);
#2412=ORIENTED_EDGE('',*,*,#3069,.T.);
#2413=ORIENTED_EDGE('',*,*,#3070,.T.);
#2414=ORIENTED_EDGE('',*,*,#3069,.F.);
#2415=ORIENTED_EDGE('',*,*,#3071,.F.);
#2416=ORIENTED_EDGE('',*,*,#3061,.T.);
#2417=ORIENTED_EDGE('',*,*,#3062,.T.);
#2418=ORIENTED_EDGE('',*,*,#3071,.T.);
#2419=ORIENTED_EDGE('',*,*,#3068,.F.);
#2420=ORIENTED_EDGE('',*,*,#3065,.T.);
#2421=ORIENTED_EDGE('',*,*,#3060,.F.);
#2422=ORIENTED_EDGE('',*,*,#3064,.F.);
#2423=ORIENTED_EDGE('',*,*,#3067,.T.);
#2424=ORIENTED_EDGE('',*,*,#3070,.F.);
#2425=EDGE_CURVE('',#3072,#3072,#3516,.F.);
#2426=EDGE_CURVE('',#3073,#3074,#3517,.T.);
#2427=EDGE_CURVE('',#3074,#3075,#263,.T.);
#2428=EDGE_CURVE('',#3075,#3076,#3518,.T.);
#2429=EDGE_CURVE('',#3073,#3076,#264,.T.);
#2430=EDGE_CURVE('',#3077,#3077,#3519,.T.);
#2431=EDGE_CURVE('',#3075,#3078,#265,.T.);
#2432=EDGE_CURVE('',#3078,#3079,#266,.T.);
#2433=EDGE_CURVE('',#3080,#3079,#267,.T.);
#2434=EDGE_CURVE('',#3081,#3080,#268,.T.);
#2435=EDGE_CURVE('',#3081,#3076,#269,.T.);
#2436=EDGE_CURVE('',#3082,#3073,#270,.T.);
#2437=EDGE_CURVE('',#3082,#3083,#271,.T.);
#2438=EDGE_CURVE('',#3083,#3084,#272,.T.);
#2439=EDGE_CURVE('',#3085,#3084,#273,.T.);
#2440=EDGE_CURVE('',#3074,#3085,#274,.T.);
#2441=EDGE_CURVE('',#3085,#3078,#275,.T.);
#2442=EDGE_CURVE('',#3082,#3081,#276,.T.);
#2443=EDGE_CURVE('',#3083,#3080,#277,.T.);
#2444=EDGE_CURVE('',#3084,#3079,#278,.T.);
#2445=EDGE_CURVE('',#3086,#3087,#279,.T.);
#2446=EDGE_CURVE('',#3087,#3088,#3520,.F.);
#2447=EDGE_CURVE('',#3089,#3088,#280,.T.);
#2448=EDGE_CURVE('',#3086,#3089,#3521,.T.);
#2449=EDGE_CURVE('',#3088,#3090,#281,.T.);
#2450=EDGE_CURVE('',#3091,#3090,#282,.T.);
#2451=EDGE_CURVE('',#3089,#3091,#283,.T.);
#2452=EDGE_CURVE('',#3090,#3092,#3522,.F.);
#2453=EDGE_CURVE('',#3093,#3092,#284,.T.);
#2454=EDGE_CURVE('',#3091,#3093,#3523,.T.);
#2455=EDGE_CURVE('',#3094,#3095,#285,.T.);
#2456=EDGE_CURVE('',#3095,#3096,#3524,.F.);
#2457=EDGE_CURVE('',#3097,#3096,#286,.T.);
#2458=EDGE_CURVE('',#3094,#3097,#3525,.T.);
#2459=EDGE_CURVE('',#3096,#3098,#287,.T.);
#2460=EDGE_CURVE('',#3099,#3098,#288,.T.);
#2461=EDGE_CURVE('',#3097,#3099,#289,.T.);
#2462=EDGE_CURVE('',#3098,#3100,#3526,.F.);
#2463=EDGE_CURVE('',#3101,#3100,#290,.T.);
#2464=EDGE_CURVE('',#3099,#3101,#3527,.T.);
#2465=EDGE_CURVE('',#3102,#3103,#291,.T.);
#2466=EDGE_CURVE('',#3103,#3104,#3528,.F.);
#2467=EDGE_CURVE('',#3105,#3104,#292,.T.);
#2468=EDGE_CURVE('',#3102,#3105,#3529,.T.);
#2469=EDGE_CURVE('',#3104,#3106,#293,.T.);
#2470=EDGE_CURVE('',#3107,#3106,#294,.T.);
#2471=EDGE_CURVE('',#3105,#3107,#295,.T.);
#2472=EDGE_CURVE('',#3106,#3108,#3530,.F.);
#2473=EDGE_CURVE('',#3109,#3108,#296,.T.);
#2474=EDGE_CURVE('',#3107,#3109,#3531,.T.);
#2475=EDGE_CURVE('',#3110,#3111,#297,.T.);
#2476=EDGE_CURVE('',#3111,#3112,#3532,.F.);
#2477=EDGE_CURVE('',#3113,#3112,#298,.T.);
#2478=EDGE_CURVE('',#3110,#3113,#3533,.T.);
#2479=EDGE_CURVE('',#3112,#3114,#299,.T.);
#2480=EDGE_CURVE('',#3115,#3114,#300,.T.);
#2481=EDGE_CURVE('',#3113,#3115,#301,.T.);
#2482=EDGE_CURVE('',#3114,#3116,#3534,.F.);
#2483=EDGE_CURVE('',#3117,#3116,#302,.T.);
#2484=EDGE_CURVE('',#3115,#3117,#3535,.T.);
#2485=EDGE_CURVE('',#3118,#3119,#303,.T.);
#2486=EDGE_CURVE('',#3119,#3120,#3536,.F.);
#2487=EDGE_CURVE('',#3121,#3120,#304,.T.);
#2488=EDGE_CURVE('',#3118,#3121,#3537,.T.);
#2489=EDGE_CURVE('',#3120,#3122,#305,.T.);
#2490=EDGE_CURVE('',#3123,#3122,#306,.T.);
#2491=EDGE_CURVE('',#3121,#3123,#307,.T.);
#2492=EDGE_CURVE('',#3122,#3124,#3538,.F.);
#2493=EDGE_CURVE('',#3125,#3124,#308,.T.);
#2494=EDGE_CURVE('',#3123,#3125,#3539,.T.);
#2495=EDGE_CURVE('',#3126,#3127,#3540,.T.);
#2496=EDGE_CURVE('',#3128,#3126,#309,.T.);
#2497=EDGE_CURVE('',#3128,#3129,#3541,.T.);
#2498=EDGE_CURVE('',#3129,#3127,#310,.T.);
#2499=EDGE_CURVE('',#3130,#3126,#311,.T.);
#2500=EDGE_CURVE('',#3131,#3130,#312,.T.);
#2501=EDGE_CURVE('',#3131,#3128,#313,.T.);
#2502=EDGE_CURVE('',#3130,#3132,#3542,.T.);
#2503=EDGE_CURVE('',#3133,#3132,#314,.T.);
#2504=EDGE_CURVE('',#3131,#3133,#3543,.T.);
#2505=EDGE_CURVE('',#3134,#3132,#3544,.T.);
#2506=EDGE_CURVE('',#3135,#3134,#315,.T.);
#2507=EDGE_CURVE('',#3135,#3133,#3545,.T.);
#2508=EDGE_CURVE('',#3134,#3136,#3546,.T.);
#2509=EDGE_CURVE('',#3137,#3136,#316,.T.);
#2510=EDGE_CURVE('',#3135,#3137,#3547,.T.);
#2511=EDGE_CURVE('',#3136,#3138,#317,.T.);
#2512=EDGE_CURVE('',#3139,#3138,#318,.T.);
#2513=EDGE_CURVE('',#3137,#3139,#319,.T.);
#2514=EDGE_CURVE('',#3140,#3138,#3548,.T.);
#2515=EDGE_CURVE('',#3141,#3140,#320,.T.);
#2516=EDGE_CURVE('',#3141,#3139,#3549,.T.);
#2517=EDGE_CURVE('',#3142,#3143,#321,.T.);
#2518=EDGE_CURVE('',#3143,#3144,#3550,.F.);
#2519=EDGE_CURVE('',#3145,#3144,#322,.T.);
#2520=EDGE_CURVE('',#3142,#3145,#3551,.T.);
#2521=EDGE_CURVE('',#3144,#3146,#323,.T.);
#2522=EDGE_CURVE('',#3147,#3146,#324,.T.);
#2523=EDGE_CURVE('',#3145,#3147,#325,.T.);
#2524=EDGE_CURVE('',#3146,#3148,#3552,.F.);
#2525=EDGE_CURVE('',#3149,#3148,#326,.T.);
#2526=EDGE_CURVE('',#3147,#3149,#3553,.T.);
#2527=EDGE_CURVE('',#3150,#3151,#327,.T.);
#2528=EDGE_CURVE('',#3151,#3152,#3554,.F.);
#2529=EDGE_CURVE('',#3153,#3152,#328,.T.);
#2530=EDGE_CURVE('',#3150,#3153,#3555,.T.);
#2531=EDGE_CURVE('',#3152,#3154,#329,.T.);
#2532=EDGE_CURVE('',#3155,#3154,#330,.T.);
#2533=EDGE_CURVE('',#3153,#3155,#331,.T.);
#2534=EDGE_CURVE('',#3154,#3156,#3556,.F.);
#2535=EDGE_CURVE('',#3157,#3156,#332,.T.);
#2536=EDGE_CURVE('',#3155,#3157,#3557,.T.);
#2537=EDGE_CURVE('',#3158,#3159,#333,.T.);
#2538=EDGE_CURVE('',#3159,#3160,#3558,.F.);
#2539=EDGE_CURVE('',#3161,#3160,#334,.T.);
#2540=EDGE_CURVE('',#3158,#3161,#3559,.T.);
#2541=EDGE_CURVE('',#3160,#3162,#335,.T.);
#2542=EDGE_CURVE('',#3163,#3162,#336,.T.);
#2543=EDGE_CURVE('',#3161,#3163,#337,.T.);
#2544=EDGE_CURVE('',#3162,#3164,#3560,.F.);
#2545=EDGE_CURVE('',#3165,#3164,#338,.T.);
#2546=EDGE_CURVE('',#3163,#3165,#3561,.T.);
#2547=EDGE_CURVE('',#3095,#3100,#339,.T.);
#2548=EDGE_CURVE('',#3094,#3101,#340,.T.);
#2549=EDGE_CURVE('',#3103,#3108,#341,.T.);
#2550=EDGE_CURVE('',#3102,#3109,#342,.T.);
#2551=EDGE_CURVE('',#3111,#3116,#343,.T.);
#2552=EDGE_CURVE('',#3110,#3117,#344,.T.);
#2553=EDGE_CURVE('',#3119,#3124,#345,.T.);
#2554=EDGE_CURVE('',#3118,#3125,#346,.T.);
#2555=EDGE_CURVE('',#3140,#3127,#3562,.T.);
#2556=EDGE_CURVE('',#3141,#3129,#3563,.T.);
#2557=EDGE_CURVE('',#3143,#3148,#347,.T.);
#2558=EDGE_CURVE('',#3142,#3149,#348,.T.);
#2559=EDGE_CURVE('',#3151,#3156,#349,.T.);
#2560=EDGE_CURVE('',#3150,#3157,#350,.T.);
#2561=EDGE_CURVE('',#3159,#3164,#351,.T.);
#2562=EDGE_CURVE('',#3158,#3165,#352,.T.);
#2563=EDGE_CURVE('',#3087,#3092,#353,.T.);
#2564=EDGE_CURVE('',#3086,#3093,#354,.T.);
#2565=EDGE_CURVE('',#3166,#3166,#3564,.F.);
#2566=EDGE_CURVE('',#3167,#3167,#3565,.F.);
#2567=EDGE_CURVE('',#3168,#3169,#355,.T.);
#2568=EDGE_CURVE('',#3169,#3170,#356,.T.);
#2569=EDGE_CURVE('',#3171,#3170,#357,.T.);
#2570=EDGE_CURVE('',#3168,#3171,#358,.T.);
#2571=EDGE_CURVE('',#3172,#3173,#359,.T.);
#2572=EDGE_CURVE('',#3173,#3174,#360,.T.);
#2573=EDGE_CURVE('',#3175,#3174,#361,.T.);
#2574=EDGE_CURVE('',#3172,#3175,#362,.T.);
#2575=EDGE_CURVE('',#3176,#3177,#363,.T.);
#2576=EDGE_CURVE('',#3177,#3178,#364,.T.);
#2577=EDGE_CURVE('',#3179,#3178,#365,.T.);
#2578=EDGE_CURVE('',#3176,#3179,#366,.T.);
#2579=EDGE_CURVE('',#3180,#3181,#367,.T.);
#2580=EDGE_CURVE('',#3181,#3182,#368,.T.);
#2581=EDGE_CURVE('',#3183,#3182,#369,.T.);
#2582=EDGE_CURVE('',#3180,#3183,#370,.T.);
#2583=EDGE_CURVE('',#3184,#3184,#3566,.F.);
#2584=EDGE_CURVE('',#3185,#3185,#3567,.F.);
#2585=EDGE_CURVE('',#3186,#3186,#3568,.F.);
#2586=EDGE_CURVE('',#3187,#3187,#3569,.F.);
#2587=EDGE_CURVE('',#3188,#3188,#3570,.F.);
#2588=EDGE_CURVE('',#3189,#3189,#3571,.T.);
#2589=EDGE_CURVE('',#3191,#3191,#3572,.T.);
#2590=EDGE_CURVE('',#3193,#3193,#3573,.T.);
#2591=EDGE_CURVE('',#3195,#3195,#3574,.T.);
#2592=EDGE_CURVE('',#3197,#3197,#3575,.T.);
#2593=EDGE_CURVE('',#3199,#3200,#371,.T.);
#2594=EDGE_CURVE('',#3200,#3201,#372,.T.);
#2595=EDGE_CURVE('',#3202,#3201,#373,.T.);
#2596=EDGE_CURVE('',#3199,#3202,#374,.T.);
#2597=EDGE_CURVE('',#3200,#3181,#375,.T.);
#2598=EDGE_CURVE('',#3199,#3182,#376,.T.);
#2599=EDGE_CURVE('',#3202,#3183,#377,.T.);
#2600=EDGE_CURVE('',#3201,#3180,#378,.T.);
#2601=EDGE_CURVE('',#3203,#3204,#379,.T.);
#2602=EDGE_CURVE('',#3204,#3205,#380,.T.);
#2603=EDGE_CURVE('',#3206,#3205,#381,.T.);
#2604=EDGE_CURVE('',#3203,#3206,#382,.T.);
#2605=EDGE_CURVE('',#3204,#3177,#383,.T.);
#2606=EDGE_CURVE('',#3203,#3178,#384,.T.);
#2607=EDGE_CURVE('',#3206,#3179,#385,.T.);
#2608=EDGE_CURVE('',#3205,#3176,#386,.T.);
#2609=EDGE_CURVE('',#3207,#3208,#387,.T.);
#2610=EDGE_CURVE('',#3208,#3209,#388,.T.);
#2611=EDGE_CURVE('',#3210,#3209,#389,.T.);
#2612=EDGE_CURVE('',#3207,#3210,#390,.T.);
#2613=EDGE_CURVE('',#3208,#3173,#391,.T.);
#2614=EDGE_CURVE('',#3207,#3174,#392,.T.);
#2615=EDGE_CURVE('',#3210,#3175,#393,.T.);
#2616=EDGE_CURVE('',#3209,#3172,#394,.T.);
#2617=EDGE_CURVE('',#3211,#3212,#395,.T.);
#2618=EDGE_CURVE('',#3212,#3213,#396,.T.);
#2619=EDGE_CURVE('',#3214,#3213,#397,.T.);
#2620=EDGE_CURVE('',#3211,#3214,#398,.T.);
#2621=EDGE_CURVE('',#3212,#3169,#399,.T.);
#2622=EDGE_CURVE('',#3211,#3170,#400,.T.);
#2623=EDGE_CURVE('',#3214,#3171,#401,.T.);
#2624=EDGE_CURVE('',#3213,#3168,#402,.T.);
#2625=EDGE_CURVE('',#3215,#3215,#3576,.T.);
#2626=EDGE_CURVE('',#3216,#3217,#403,.T.);
#2627=EDGE_CURVE('',#3216,#3218,#404,.T.);
#2628=EDGE_CURVE('',#3218,#3219,#405,.T.);
#2629=EDGE_CURVE('',#3219,#3217,#406,.T.);
#2630=EDGE_CURVE('',#3220,#3221,#407,.T.);
#2631=EDGE_CURVE('',#3220,#3216,#3577,.T.);
#2632=EDGE_CURVE('',#3217,#3221,#3578,.T.);
#2633=EDGE_CURVE('',#3222,#3223,#408,.T.);
#2634=EDGE_CURVE('',#3222,#3220,#3579,.T.);
#2635=EDGE_CURVE('',#3223,#3221,#3580,.T.);
#2636=EDGE_CURVE('',#3224,#3225,#409,.T.);
#2637=EDGE_CURVE('',#3224,#3222,#3581,.T.);
#2638=EDGE_CURVE('',#3223,#3225,#3582,.T.);
#2639=EDGE_CURVE('',#3226,#3227,#410,.T.);
#2640=EDGE_CURVE('',#3226,#3224,#411,.T.);
#2641=EDGE_CURVE('',#3227,#3225,#412,.T.);
#2642=EDGE_CURVE('',#3228,#3229,#413,.T.);
#2643=EDGE_CURVE('',#3228,#3226,#3583,.T.);
#2644=EDGE_CURVE('',#3229,#3227,#3584,.T.);
#2645=EDGE_CURVE('',#3230,#3231,#414,.T.);
#2646=EDGE_CURVE('',#3230,#3228,#3585,.F.);
#2647=EDGE_CURVE('',#3229,#3231,#3586,.T.);
#2648=EDGE_CURVE('',#3232,#3233,#415,.T.);
#2649=EDGE_CURVE('',#3233,#3234,#3587,.T.);
#2650=EDGE_CURVE('',#3235,#3234,#416,.T.);
#2651=EDGE_CURVE('',#3235,#3232,#3588,.F.);
#2652=EDGE_CURVE('',#3234,#3236,#417,.T.);
#2653=EDGE_CURVE('',#3237,#3236,#418,.T.);
#2654=EDGE_CURVE('',#3237,#3235,#419,.T.);
#2655=EDGE_CURVE('',#3236,#3238,#3589,.T.);
#2656=EDGE_CURVE('',#3239,#3238,#420,.T.);
#2657=EDGE_CURVE('',#3239,#3237,#3590,.F.);
#2658=EDGE_CURVE('',#3238,#3240,#3591,.F.);
#2659=EDGE_CURVE('',#3241,#3240,#421,.T.);
#2660=EDGE_CURVE('',#3241,#3239,#3592,.T.);
#2661=EDGE_CURVE('',#3240,#3242,#3593,.T.);
#2662=EDGE_CURVE('',#3243,#3242,#422,.T.);
#2663=EDGE_CURVE('',#3243,#3241,#3594,.F.);
#2664=EDGE_CURVE('',#3242,#3244,#423,.T.);
#2665=EDGE_CURVE('',#3245,#3244,#424,.T.);
#2666=EDGE_CURVE('',#3245,#3243,#425,.T.);
#2667=EDGE_CURVE('',#3244,#3246,#3595,.T.);
#2668=EDGE_CURVE('',#3247,#3246,#426,.T.);
#2669=EDGE_CURVE('',#3247,#3245,#3596,.F.);
#2670=EDGE_CURVE('',#3246,#3233,#3597,.T.);
#2671=EDGE_CURVE('',#3232,#3247,#3598,.F.);
#2672=EDGE_CURVE('',#3218,#3230,#3599,.T.);
#2673=EDGE_CURVE('',#3219,#3231,#3600,.T.);
#2674=EDGE_CURVE('',#3248,#3249,#3601,.T.);
#2675=EDGE_CURVE('',#3249,#3250,#427,.T.);
#2676=EDGE_CURVE('',#3250,#3251,#3602,.T.);
#2677=EDGE_CURVE('',#3251,#3252,#3603,.F.);
#2678=EDGE_CURVE('',#3252,#3253,#3604,.T.);
#2679=EDGE_CURVE('',#3253,#3254,#428,.T.);
#2680=EDGE_CURVE('',#3254,#3255,#3605,.T.);
#2681=EDGE_CURVE('',#3255,#3248,#3606,.T.);
#2682=EDGE_CURVE('',#3256,#3257,#3607,.F.);
#2683=EDGE_CURVE('',#3257,#3258,#429,.T.);
#2684=EDGE_CURVE('',#3258,#3259,#3608,.F.);
#2685=EDGE_CURVE('',#3259,#3260,#3609,.F.);
#2686=EDGE_CURVE('',#3260,#3261,#3610,.F.);
#2687=EDGE_CURVE('',#3261,#3262,#430,.T.);
#2688=EDGE_CURVE('',#3262,#3263,#3611,.F.);
#2689=EDGE_CURVE('',#3263,#3256,#3612,.T.);
#2690=EDGE_CURVE('',#3264,#3264,#3613,.F.);
#2691=EDGE_CURVE('',#3265,#3265,#3614,.F.);
#2692=EDGE_CURVE('',#3266,#3266,#3615,.F.);
#2693=EDGE_CURVE('',#3267,#3267,#3616,.F.);
#2694=EDGE_CURVE('',#3268,#3268,#3617,.F.);
#2695=EDGE_CURVE('',#3269,#3269,#3618,.F.);
#2696=EDGE_CURVE('',#3270,#3271,#3619,.T.);
#2697=EDGE_CURVE('',#3271,#3272,#431,.T.);
#2698=EDGE_CURVE('',#3272,#3273,#3620,.T.);
#2699=EDGE_CURVE('',#3270,#3273,#432,.T.);
#2700=EDGE_CURVE('',#3274,#3275,#3621,.T.);
#2701=EDGE_CURVE('',#3275,#3276,#433,.T.);
#2702=EDGE_CURVE('',#3276,#3277,#3622,.T.);
#2703=EDGE_CURVE('',#3274,#3277,#434,.T.);
#2704=EDGE_CURVE('',#3278,#3279,#3623,.T.);
#2705=EDGE_CURVE('',#3279,#3280,#435,.T.);
#2706=EDGE_CURVE('',#3280,#3281,#3624,.T.);
#2707=EDGE_CURVE('',#3278,#3281,#436,.T.);
#2708=EDGE_CURVE('',#3282,#3283,#3625,.T.);
#2709=EDGE_CURVE('',#3283,#3284,#437,.T.);
#2710=EDGE_CURVE('',#3284,#3285,#3626,.T.);
#2711=EDGE_CURVE('',#3282,#3285,#438,.T.);
#2712=EDGE_CURVE('',#3286,#3287,#3627,.T.);
#2713=EDGE_CURVE('',#3287,#3288,#439,.T.);
#2714=EDGE_CURVE('',#3288,#3289,#3628,.T.);
#2715=EDGE_CURVE('',#3286,#3289,#440,.T.);
#2716=EDGE_CURVE('',#3290,#3291,#3629,.T.);
#2717=EDGE_CURVE('',#3291,#3292,#441,.T.);
#2718=EDGE_CURVE('',#3292,#3293,#3630,.T.);
#2719=EDGE_CURVE('',#3290,#3293,#442,.T.);
#2720=EDGE_CURVE('',#3294,#3295,#3631,.T.);
#2721=EDGE_CURVE('',#3295,#3296,#443,.T.);
#2722=EDGE_CURVE('',#3296,#3297,#3632,.T.);
#2723=EDGE_CURVE('',#3294,#3297,#444,.T.);
#2724=EDGE_CURVE('',#3298,#3299,#3633,.T.);
#2725=EDGE_CURVE('',#3299,#3300,#445,.T.);
#2726=EDGE_CURVE('',#3300,#3301,#3634,.T.);
#2727=EDGE_CURVE('',#3298,#3301,#446,.T.);
#2728=EDGE_CURVE('',#3302,#3302,#3635,.T.);
#2729=EDGE_CURVE('',#3303,#3304,#3636,.F.);
#2730=EDGE_CURVE('',#3304,#3305,#447,.T.);
#2731=EDGE_CURVE('',#3305,#3306,#3637,.F.);
#2732=EDGE_CURVE('',#3306,#3307,#3638,.F.);
#2733=EDGE_CURVE('',#3307,#3308,#3639,.F.);
#2734=EDGE_CURVE('',#3308,#3309,#448,.T.);
#2735=EDGE_CURVE('',#3309,#3310,#3640,.F.);
#2736=EDGE_CURVE('',#3310,#3303,#3641,.T.);
#2737=EDGE_CURVE('',#3311,#3311,#3642,.T.);
#2738=EDGE_CURVE('',#3312,#3312,#3643,.T.);
#2739=EDGE_CURVE('',#3313,#3313,#3644,.T.);
#2740=EDGE_CURVE('',#3314,#3314,#3645,.T.);
#2741=EDGE_CURVE('',#3315,#3315,#3646,.T.);
#2742=EDGE_CURVE('',#3316,#3299,#449,.T.);
#2743=EDGE_CURVE('',#3316,#3317,#450,.T.);
#2744=EDGE_CURVE('',#3317,#3300,#451,.T.);
#2745=EDGE_CURVE('',#3318,#3298,#452,.T.);
#2746=EDGE_CURVE('',#3318,#3316,#3647,.T.);
#2747=EDGE_CURVE('',#3319,#3301,#453,.T.);
#2748=EDGE_CURVE('',#3318,#3319,#454,.T.);
#2749=EDGE_CURVE('',#3317,#3319,#3648,.T.);
#2750=EDGE_CURVE('',#3320,#3295,#455,.T.);
#2751=EDGE_CURVE('',#3320,#3321,#456,.T.);
#2752=EDGE_CURVE('',#3321,#3296,#457,.T.);
#2753=EDGE_CURVE('',#3322,#3294,#458,.T.);
#2754=EDGE_CURVE('',#3322,#3320,#3649,.T.);
#2755=EDGE_CURVE('',#3323,#3297,#459,.T.);
#2756=EDGE_CURVE('',#3322,#3323,#460,.T.);
#2757=EDGE_CURVE('',#3321,#3323,#3650,.T.);
#2758=EDGE_CURVE('',#3324,#3291,#461,.T.);
#2759=EDGE_CURVE('',#3324,#3325,#462,.T.);
#2760=EDGE_CURVE('',#3325,#3292,#463,.T.);
#2761=EDGE_CURVE('',#3326,#3290,#464,.T.);
#2762=EDGE_CURVE('',#3326,#3324,#3651,.T.);
#2763=EDGE_CURVE('',#3327,#3293,#465,.T.);
#2764=EDGE_CURVE('',#3326,#3327,#466,.T.);
#2765=EDGE_CURVE('',#3325,#3327,#3652,.T.);
#2766=EDGE_CURVE('',#3328,#3287,#467,.T.);
#2767=EDGE_CURVE('',#3328,#3329,#468,.T.);
#2768=EDGE_CURVE('',#3329,#3288,#469,.T.);
#2769=EDGE_CURVE('',#3330,#3286,#470,.T.);
#2770=EDGE_CURVE('',#3330,#3328,#3653,.T.);
#2771=EDGE_CURVE('',#3331,#3289,#471,.T.);
#2772=EDGE_CURVE('',#3330,#3331,#472,.T.);
#2773=EDGE_CURVE('',#3329,#3331,#3654,.T.);
#2774=EDGE_CURVE('',#3332,#3283,#473,.T.);
#2775=EDGE_CURVE('',#3332,#3333,#474,.T.);
#2776=EDGE_CURVE('',#3333,#3284,#475,.T.);
#2777=EDGE_CURVE('',#3334,#3282,#476,.T.);
#2778=EDGE_CURVE('',#3334,#3332,#3655,.T.);
#2779=EDGE_CURVE('',#3335,#3285,#477,.T.);
#2780=EDGE_CURVE('',#3334,#3335,#478,.T.);
#2781=EDGE_CURVE('',#3333,#3335,#3656,.T.);
#2782=EDGE_CURVE('',#3336,#3279,#479,.T.);
#2783=EDGE_CURVE('',#3336,#3337,#480,.T.);
#2784=EDGE_CURVE('',#3337,#3280,#481,.T.);
#2785=EDGE_CURVE('',#3338,#3278,#482,.T.);
#2786=EDGE_CURVE('',#3338,#3336,#3657,.T.);
#2787=EDGE_CURVE('',#3339,#3281,#483,.T.);
#2788=EDGE_CURVE('',#3338,#3339,#484,.T.);
#2789=EDGE_CURVE('',#3337,#3339,#3658,.T.);
#2790=EDGE_CURVE('',#3340,#3275,#485,.T.);
#2791=EDGE_CURVE('',#3340,#3341,#486,.T.);
#2792=EDGE_CURVE('',#3341,#3276,#487,.T.);
#2793=EDGE_CURVE('',#3342,#3274,#488,.T.);
#2794=EDGE_CURVE('',#3342,#3340,#3659,.T.);
#2795=EDGE_CURVE('',#3343,#3277,#489,.T.);
#2796=EDGE_CURVE('',#3342,#3343,#490,.T.);
#2797=EDGE_CURVE('',#3341,#3343,#3660,.T.);
#2798=EDGE_CURVE('',#3344,#3271,#491,.T.);
#2799=EDGE_CURVE('',#3344,#3345,#492,.T.);
#2800=EDGE_CURVE('',#3345,#3272,#493,.T.);
#2801=EDGE_CURVE('',#3346,#3270,#494,.T.);
#2802=EDGE_CURVE('',#3346,#3344,#3661,.T.);
#2803=EDGE_CURVE('',#3347,#3273,#495,.T.);
#2804=EDGE_CURVE('',#3346,#3347,#496,.T.);
#2805=EDGE_CURVE('',#3345,#3347,#3662,.T.);
#2806=EDGE_CURVE('',#3348,#3348,#3663,.T.);
#2807=EDGE_CURVE('',#3349,#3349,#3664,.T.);
#2808=EDGE_CURVE('',#3350,#3350,#3665,.T.);
#2809=EDGE_CURVE('',#3351,#3351,#3666,.T.);
#2810=EDGE_CURVE('',#3352,#3352,#3667,.T.);
#2811=EDGE_CURVE('',#3353,#3353,#3668,.F.);
#2812=EDGE_CURVE('',#3244,#3308,#497,.T.);
#2813=EDGE_CURVE('',#3309,#3242,#498,.T.);
#2814=EDGE_CURVE('',#3310,#3240,#499,.T.);
#2815=EDGE_CURVE('',#3246,#3307,#500,.T.);
#2816=EDGE_CURVE('',#3303,#3238,#501,.T.);
#2817=EDGE_CURVE('',#3233,#3306,#502,.T.);
#2818=EDGE_CURVE('',#3304,#3236,#503,.T.);
#2819=EDGE_CURVE('',#3234,#3305,#504,.T.);
#2820=EDGE_CURVE('',#3254,#3245,#505,.T.);
#2821=EDGE_CURVE('',#3243,#3253,#506,.T.);
#2822=EDGE_CURVE('',#3241,#3252,#507,.T.);
#2823=EDGE_CURVE('',#3255,#3247,#508,.T.);
#2824=EDGE_CURVE('',#3239,#3251,#509,.T.);
#2825=EDGE_CURVE('',#3248,#3232,#510,.T.);
#2826=EDGE_CURVE('',#3237,#3250,#511,.T.);
#2827=EDGE_CURVE('',#3249,#3235,#512,.T.);
#2828=EDGE_CURVE('',#3224,#3261,#513,.T.);
#2829=EDGE_CURVE('',#3262,#3226,#514,.T.);
#2830=EDGE_CURVE('',#3263,#3228,#515,.T.);
#2831=EDGE_CURVE('',#3222,#3260,#516,.T.);
#2832=EDGE_CURVE('',#3256,#3230,#517,.T.);
#2833=EDGE_CURVE('',#3220,#3259,#518,.T.);
#2834=EDGE_CURVE('',#3257,#3218,#519,.T.);
#2835=EDGE_CURVE('',#3216,#3258,#520,.T.);
#2836=EDGE_CURVE('',#3354,#3355,#521,.T.);
#2837=EDGE_CURVE('',#3356,#3355,#522,.T.);
#2838=EDGE_CURVE('',#3357,#3356,#523,.T.);
#2839=EDGE_CURVE('',#3357,#3354,#524,.F.);
#2840=EDGE_CURVE('',#3358,#3354,#3669,.F.);
#2841=EDGE_CURVE('',#3359,#3357,#3670,.F.);
#2842=EDGE_CURVE('',#3359,#3358,#525,.T.);
#2843=EDGE_CURVE('',#3358,#3360,#526,.T.);
#2844=EDGE_CURVE('',#3359,#3361,#527,.T.);
#2845=EDGE_CURVE('',#3361,#3360,#528,.F.);
#2846=EDGE_CURVE('',#3355,#3360,#3671,.F.);
#2847=EDGE_CURVE('',#3356,#3361,#3672,.F.);
#2848=EDGE_CURVE('',#3362,#3362,#3673,.F.);
#2849=EDGE_CURVE('',#3363,#3364,#3674,.T.);
#2850=EDGE_CURVE('',#3364,#3365,#529,.T.);
#2851=EDGE_CURVE('',#3365,#3366,#3675,.T.);
#2852=EDGE_CURVE('',#3363,#3366,#530,.T.);
#2853=EDGE_CURVE('',#3367,#3367,#3676,.T.);
#2854=EDGE_CURVE('',#3365,#3368,#531,.T.);
#2855=EDGE_CURVE('',#3368,#3369,#532,.T.);
#2856=EDGE_CURVE('',#3370,#3369,#533,.T.);
#2857=EDGE_CURVE('',#3371,#3370,#534,.T.);
#2858=EDGE_CURVE('',#3371,#3366,#535,.T.);
#2859=EDGE_CURVE('',#3372,#3363,#536,.T.);
#2860=EDGE_CURVE('',#3372,#3373,#537,.T.);
#2861=EDGE_CURVE('',#3373,#3374,#538,.T.);
#2862=EDGE_CURVE('',#3375,#3374,#539,.T.);
#2863=EDGE_CURVE('',#3364,#3375,#540,.T.);
#2864=EDGE_CURVE('',#3375,#3368,#541,.T.);
#2865=EDGE_CURVE('',#3372,#3371,#542,.T.);
#2866=EDGE_CURVE('',#3373,#3370,#543,.T.);
#2867=EDGE_CURVE('',#3374,#3369,#544,.T.);
#2868=EDGE_CURVE('',#3376,#3377,#545,.T.);
#2869=EDGE_CURVE('',#3378,#3377,#546,.T.);
#2870=EDGE_CURVE('',#3379,#3378,#547,.T.);
#2871=EDGE_CURVE('',#3379,#3376,#548,.F.);
#2872=EDGE_CURVE('',#3380,#3376,#3677,.F.);
#2873=EDGE_CURVE('',#3381,#3379,#3678,.F.);
#2874=EDGE_CURVE('',#3381,#3380,#549,.T.);
#2875=EDGE_CURVE('',#3380,#3382,#550,.T.);
#2876=EDGE_CURVE('',#3381,#3383,#551,.T.);
#2877=EDGE_CURVE('',#3383,#3382,#552,.F.);
#2878=EDGE_CURVE('',#3377,#3382,#3679,.F.);
#2879=EDGE_CURVE('',#3378,#3383,#3680,.F.);
#2880=EDGE_CURVE('',#3384,#3384,#3681,.F.);
#2881=EDGE_CURVE('',#3385,#3386,#3682,.T.);
#2882=EDGE_CURVE('',#3386,#3387,#553,.T.);
#2883=EDGE_CURVE('',#3387,#3388,#3683,.T.);
#2884=EDGE_CURVE('',#3385,#3388,#554,.T.);
#2885=EDGE_CURVE('',#3389,#3389,#3684,.T.);
#2886=EDGE_CURVE('',#3387,#3390,#555,.T.);
#2887=EDGE_CURVE('',#3390,#3391,#556,.T.);
#2888=EDGE_CURVE('',#3392,#3391,#557,.T.);
#2889=EDGE_CURVE('',#3393,#3392,#558,.T.);
#2890=EDGE_CURVE('',#3393,#3388,#559,.T.);
#2891=EDGE_CURVE('',#3394,#3385,#560,.T.);
#2892=EDGE_CURVE('',#3394,#3395,#561,.T.);
#2893=EDGE_CURVE('',#3395,#3396,#562,.T.);
#2894=EDGE_CURVE('',#3397,#3396,#563,.T.);
#2895=EDGE_CURVE('',#3386,#3397,#564,.T.);
#2896=EDGE_CURVE('',#3397,#3390,#565,.T.);
#2897=EDGE_CURVE('',#3394,#3393,#566,.T.);
#2898=EDGE_CURVE('',#3395,#3392,#567,.T.);
#2899=EDGE_CURVE('',#3396,#3391,#568,.T.);
#2900=EDGE_CURVE('',#3398,#3399,#569,.T.);
#2901=EDGE_CURVE('',#3400,#3399,#570,.T.);
#2902=EDGE_CURVE('',#3401,#3400,#571,.T.);
#2903=EDGE_CURVE('',#3401,#3398,#572,.F.);
#2904=EDGE_CURVE('',#3402,#3398,#3685,.F.);
#2905=EDGE_CURVE('',#3403,#3401,#3686,.F.);
#2906=EDGE_CURVE('',#3403,#3402,#573,.T.);
#2907=EDGE_CURVE('',#3402,#3404,#574,.T.);
#2908=EDGE_CURVE('',#3403,#3405,#575,.T.);
#2909=EDGE_CURVE('',#3405,#3404,#576,.F.);
#2910=EDGE_CURVE('',#3399,#3404,#3687,.F.);
#2911=EDGE_CURVE('',#3400,#3405,#3688,.F.);
#2912=EDGE_CURVE('',#3406,#3406,#3689,.F.);
#2913=EDGE_CURVE('',#3407,#3408,#3690,.T.);
#2914=EDGE_CURVE('',#3408,#3409,#577,.T.);
#2915=EDGE_CURVE('',#3409,#3410,#3691,.T.);
#2916=EDGE_CURVE('',#3407,#3410,#578,.T.);
#2917=EDGE_CURVE('',#3411,#3411,#3692,.T.);
#2918=EDGE_CURVE('',#3409,#3412,#579,.T.);
#2919=EDGE_CURVE('',#3412,#3413,#580,.T.);
#2920=EDGE_CURVE('',#3414,#3413,#581,.T.);
#2921=EDGE_CURVE('',#3415,#3414,#582,.T.);
#2922=EDGE_CURVE('',#3415,#3410,#583,.T.);
#2923=EDGE_CURVE('',#3416,#3407,#584,.T.);
#2924=EDGE_CURVE('',#3416,#3417,#585,.T.);
#2925=EDGE_CURVE('',#3417,#3418,#586,.T.);
#2926=EDGE_CURVE('',#3419,#3418,#587,.T.);
#2927=EDGE_CURVE('',#3408,#3419,#588,.T.);
#2928=EDGE_CURVE('',#3419,#3412,#589,.T.);
#2929=EDGE_CURVE('',#3416,#3415,#590,.T.);
#2930=EDGE_CURVE('',#3417,#3414,#591,.T.);
#2931=EDGE_CURVE('',#3418,#3413,#592,.T.);
#2932=EDGE_CURVE('',#3420,#3421,#593,.T.);
#2933=EDGE_CURVE('',#3422,#3421,#594,.T.);
#2934=EDGE_CURVE('',#3423,#3422,#595,.T.);
#2935=EDGE_CURVE('',#3423,#3420,#596,.F.);
#2936=EDGE_CURVE('',#3424,#3420,#3693,.F.);
#2937=EDGE_CURVE('',#3425,#3423,#3694,.F.);
#2938=EDGE_CURVE('',#3425,#3424,#597,.T.);
#2939=EDGE_CURVE('',#3424,#3426,#598,.T.);
#2940=EDGE_CURVE('',#3425,#3427,#599,.T.);
#2941=EDGE_CURVE('',#3427,#3426,#600,.F.);
#2942=EDGE_CURVE('',#3421,#3426,#3695,.F.);
#2943=EDGE_CURVE('',#3422,#3427,#3696,.F.);
#2944=EDGE_CURVE('',#3428,#3428,#3697,.F.);
#2945=EDGE_CURVE('',#3429,#3430,#3698,.T.);
#2946=EDGE_CURVE('',#3430,#3431,#601,.T.);
#2947=EDGE_CURVE('',#3431,#3432,#3699,.T.);
#2948=EDGE_CURVE('',#3429,#3432,#602,.T.);
#2949=EDGE_CURVE('',#3433,#3433,#3700,.T.);
#2950=EDGE_CURVE('',#3431,#3434,#603,.T.);
#2951=EDGE_CURVE('',#3434,#3435,#604,.T.);
#2952=EDGE_CURVE('',#3436,#3435,#605,.T.);
#2953=EDGE_CURVE('',#3437,#3436,#606,.T.);
#2954=EDGE_CURVE('',#3437,#3432,#607,.T.);
#2955=EDGE_CURVE('',#3438,#3429,#608,.T.);
#2956=EDGE_CURVE('',#3438,#3439,#609,.T.);
#2957=EDGE_CURVE('',#3439,#3440,#610,.T.);
#2958=EDGE_CURVE('',#3441,#3440,#611,.T.);
#2959=EDGE_CURVE('',#3430,#3441,#612,.T.);
#2960=EDGE_CURVE('',#3441,#3434,#613,.T.);
#2961=EDGE_CURVE('',#3438,#3437,#614,.T.);
#2962=EDGE_CURVE('',#3439,#3436,#615,.T.);
#2963=EDGE_CURVE('',#3440,#3435,#616,.T.);
#2964=EDGE_CURVE('',#3442,#3443,#617,.T.);
#2965=EDGE_CURVE('',#3444,#3443,#618,.T.);
#2966=EDGE_CURVE('',#3445,#3444,#619,.T.);
#2967=EDGE_CURVE('',#3445,#3442,#620,.F.);
#2968=EDGE_CURVE('',#3446,#3442,#3701,.F.);
#2969=EDGE_CURVE('',#3447,#3445,#3702,.F.);
#2970=EDGE_CURVE('',#3447,#3446,#621,.T.);
#2971=EDGE_CURVE('',#3446,#3448,#622,.T.);
#2972=EDGE_CURVE('',#3447,#3449,#623,.T.);
#2973=EDGE_CURVE('',#3449,#3448,#624,.F.);
#2974=EDGE_CURVE('',#3443,#3448,#3703,.F.);
#2975=EDGE_CURVE('',#3444,#3449,#3704,.F.);
#2976=EDGE_CURVE('',#3450,#3450,#3705,.F.);
#2977=EDGE_CURVE('',#3451,#3452,#3706,.T.);
#2978=EDGE_CURVE('',#3452,#3453,#625,.T.);
#2979=EDGE_CURVE('',#3453,#3454,#3707,.T.);
#2980=EDGE_CURVE('',#3451,#3454,#626,.T.);
#2981=EDGE_CURVE('',#3455,#3455,#3708,.T.);
#2982=EDGE_CURVE('',#3453,#3456,#627,.T.);
#2983=EDGE_CURVE('',#3456,#3457,#628,.T.);
#2984=EDGE_CURVE('',#3458,#3457,#629,.T.);
#2985=EDGE_CURVE('',#3459,#3458,#630,.T.);
#2986=EDGE_CURVE('',#3459,#3454,#631,.T.);
#2987=EDGE_CURVE('',#3460,#3451,#632,.T.);
#2988=EDGE_CURVE('',#3460,#3461,#633,.T.);
#2989=EDGE_CURVE('',#3461,#3462,#634,.T.);
#2990=EDGE_CURVE('',#3463,#3462,#635,.T.);
#2991=EDGE_CURVE('',#3452,#3463,#636,.T.);
#2992=EDGE_CURVE('',#3463,#3456,#637,.T.);
#2993=EDGE_CURVE('',#3460,#3459,#638,.T.);
#2994=EDGE_CURVE('',#3461,#3458,#639,.T.);
#2995=EDGE_CURVE('',#3462,#3457,#640,.T.);
#2996=EDGE_CURVE('',#3464,#3465,#641,.T.);
#2997=EDGE_CURVE('',#3466,#3465,#642,.T.);
#2998=EDGE_CURVE('',#3467,#3466,#643,.T.);
#2999=EDGE_CURVE('',#3467,#3464,#644,.F.);
#3000=EDGE_CURVE('',#3468,#3464,#3709,.F.);
#3001=EDGE_CURVE('',#3469,#3467,#3710,.F.);
#3002=EDGE_CURVE('',#3469,#3468,#645,.T.);
#3003=EDGE_CURVE('',#3468,#3470,#646,.T.);
#3004=EDGE_CURVE('',#3469,#3471,#647,.T.);
#3005=EDGE_CURVE('',#3471,#3470,#648,.F.);
#3006=EDGE_CURVE('',#3465,#3470,#3711,.F.);
#3007=EDGE_CURVE('',#3466,#3471,#3712,.F.);
#3008=EDGE_CURVE('',#3472,#3472,#3713,.F.);
#3009=EDGE_CURVE('',#3473,#3474,#3714,.T.);
#3010=EDGE_CURVE('',#3474,#3475,#649,.T.);
#3011=EDGE_CURVE('',#3475,#3476,#3715,.T.);
#3012=EDGE_CURVE('',#3473,#3476,#650,.T.);
#3013=EDGE_CURVE('',#3477,#3477,#3716,.T.);
#3014=EDGE_CURVE('',#3475,#3478,#651,.T.);
#3015=EDGE_CURVE('',#3478,#3479,#652,.T.);
#3016=EDGE_CURVE('',#3480,#3479,#653,.T.);
#3017=EDGE_CURVE('',#3481,#3480,#654,.T.);
#3018=EDGE_CURVE('',#3481,#3476,#655,.T.);
#3019=EDGE_CURVE('',#3482,#3473,#656,.T.);
#3020=EDGE_CURVE('',#3482,#3483,#657,.T.);
#3021=EDGE_CURVE('',#3483,#3484,#658,.T.);
#3022=EDGE_CURVE('',#3485,#3484,#659,.T.);
#3023=EDGE_CURVE('',#3474,#3485,#660,.T.);
#3024=EDGE_CURVE('',#3485,#3478,#661,.T.);
#3025=EDGE_CURVE('',#3482,#3481,#662,.T.);
#3026=EDGE_CURVE('',#3483,#3480,#663,.T.);
#3027=EDGE_CURVE('',#3484,#3479,#664,.T.);
#3028=EDGE_CURVE('',#3486,#3487,#665,.T.);
#3029=EDGE_CURVE('',#3488,#3487,#666,.T.);
#3030=EDGE_CURVE('',#3489,#3488,#667,.T.);
#3031=EDGE_CURVE('',#3489,#3486,#668,.F.);
#3032=EDGE_CURVE('',#3490,#3486,#3717,.F.);
#3033=EDGE_CURVE('',#3491,#3489,#3718,.F.);
#3034=EDGE_CURVE('',#3491,#3490,#669,.T.);
#3035=EDGE_CURVE('',#3490,#3492,#670,.T.);
#3036=EDGE_CURVE('',#3491,#3493,#671,.T.);
#3037=EDGE_CURVE('',#3493,#3492,#672,.F.);
#3038=EDGE_CURVE('',#3487,#3492,#3719,.F.);
#3039=EDGE_CURVE('',#3488,#3493,#3720,.F.);
#3040=EDGE_CURVE('',#3494,#3494,#3721,.F.);
#3041=EDGE_CURVE('',#3495,#3496,#3722,.T.);
#3042=EDGE_CURVE('',#3496,#3497,#673,.T.);
#3043=EDGE_CURVE('',#3497,#3498,#3723,.T.);
#3044=EDGE_CURVE('',#3495,#3498,#674,.T.);
#3045=EDGE_CURVE('',#3499,#3499,#3724,.T.);
#3046=EDGE_CURVE('',#3497,#3500,#675,.T.);
#3047=EDGE_CURVE('',#3500,#3501,#676,.T.);
#3048=EDGE_CURVE('',#3502,#3501,#677,.T.);
#3049=EDGE_CURVE('',#3503,#3502,#678,.T.);
#3050=EDGE_CURVE('',#3503,#3498,#679,.T.);
#3051=EDGE_CURVE('',#3504,#3495,#680,.T.);
#3052=EDGE_CURVE('',#3504,#3505,#681,.T.);
#3053=EDGE_CURVE('',#3505,#3506,#682,.T.);
#3054=EDGE_CURVE('',#3507,#3506,#683,.T.);
#3055=EDGE_CURVE('',#3496,#3507,#684,.T.);
#3056=EDGE_CURVE('',#3507,#3500,#685,.T.);
#3057=EDGE_CURVE('',#3504,#3503,#686,.T.);
#3058=EDGE_CURVE('',#3505,#3502,#687,.T.);
#3059=EDGE_CURVE('',#3506,#3501,#688,.T.);
#3060=EDGE_CURVE('',#3508,#3509,#689,.T.);
#3061=EDGE_CURVE('',#3510,#3509,#690,.T.);
#3062=EDGE_CURVE('',#3511,#3510,#691,.T.);
#3063=EDGE_CURVE('',#3511,#3508,#692,.F.);
#3064=EDGE_CURVE('',#3512,#3508,#3725,.F.);
#3065=EDGE_CURVE('',#3513,#3511,#3726,.F.);
#3066=EDGE_CURVE('',#3513,#3512,#693,.T.);
#3067=EDGE_CURVE('',#3512,#3514,#694,.T.);
#3068=EDGE_CURVE('',#3513,#3515,#695,.T.);
#3069=EDGE_CURVE('',#3515,#3514,#696,.F.);
#3070=EDGE_CURVE('',#3509,#3514,#3727,.F.);
#3071=EDGE_CURVE('',#3510,#3515,#3728,.F.);
#3072=VERTEX_POINT('',#7099);
#3073=VERTEX_POINT('',#7101);
#3074=VERTEX_POINT('',#7102);
#3075=VERTEX_POINT('',#7104);
#3076=VERTEX_POINT('',#7106);
#3077=VERTEX_POINT('',#7110);
#3078=VERTEX_POINT('',#7113);
#3079=VERTEX_POINT('',#7115);
#3080=VERTEX_POINT('',#7117);
#3081=VERTEX_POINT('',#7119);
#3082=VERTEX_POINT('',#7123);
#3083=VERTEX_POINT('',#7125);
#3084=VERTEX_POINT('',#7127);
#3085=VERTEX_POINT('',#7129);
#3086=VERTEX_POINT('',#7144);
#3087=VERTEX_POINT('',#7145);
#3088=VERTEX_POINT('',#7147);
#3089=VERTEX_POINT('',#7149);
#3090=VERTEX_POINT('',#7153);
#3091=VERTEX_POINT('',#7155);
#3092=VERTEX_POINT('',#7159);
#3093=VERTEX_POINT('',#7161);
#3094=VERTEX_POINT('',#7165);
#3095=VERTEX_POINT('',#7166);
#3096=VERTEX_POINT('',#7168);
#3097=VERTEX_POINT('',#7170);
#3098=VERTEX_POINT('',#7174);
#3099=VERTEX_POINT('',#7176);
#3100=VERTEX_POINT('',#7180);
#3101=VERTEX_POINT('',#7182);
#3102=VERTEX_POINT('',#7186);
#3103=VERTEX_POINT('',#7187);
#3104=VERTEX_POINT('',#7189);
#3105=VERTEX_POINT('',#7191);
#3106=VERTEX_POINT('',#7195);
#3107=VERTEX_POINT('',#7197);
#3108=VERTEX_POINT('',#7201);
#3109=VERTEX_POINT('',#7203);
#3110=VERTEX_POINT('',#7207);
#3111=VERTEX_POINT('',#7208);
#3112=VERTEX_POINT('',#7210);
#3113=VERTEX_POINT('',#7212);
#3114=VERTEX_POINT('',#7216);
#3115=VERTEX_POINT('',#7218);
#3116=VERTEX_POINT('',#7222);
#3117=VERTEX_POINT('',#7224);
#3118=VERTEX_POINT('',#7228);
#3119=VERTEX_POINT('',#7229);
#3120=VERTEX_POINT('',#7231);
#3121=VERTEX_POINT('',#7233);
#3122=VERTEX_POINT('',#7237);
#3123=VERTEX_POINT('',#7239);
#3124=VERTEX_POINT('',#7243);
#3125=VERTEX_POINT('',#7245);
#3126=VERTEX_POINT('',#7249);
#3127=VERTEX_POINT('',#7250);
#3128=VERTEX_POINT('',#7252);
#3129=VERTEX_POINT('',#7254);
#3130=VERTEX_POINT('',#7258);
#3131=VERTEX_POINT('',#7260);
#3132=VERTEX_POINT('',#7264);
#3133=VERTEX_POINT('',#7266);
#3134=VERTEX_POINT('',#7270);
#3135=VERTEX_POINT('',#7272);
#3136=VERTEX_POINT('',#7276);
#3137=VERTEX_POINT('',#7278);
#3138=VERTEX_POINT('',#7282);
#3139=VERTEX_POINT('',#7284);
#3140=VERTEX_POINT('',#7288);
#3141=VERTEX_POINT('',#7290);
#3142=VERTEX_POINT('',#7294);
#3143=VERTEX_POINT('',#7295);
#3144=VERTEX_POINT('',#7297);
#3145=VERTEX_POINT('',#7299);
#3146=VERTEX_POINT('',#7303);
#3147=VERTEX_POINT('',#7305);
#3148=VERTEX_POINT('',#7309);
#3149=VERTEX_POINT('',#7311);
#3150=VERTEX_POINT('',#7315);
#3151=VERTEX_POINT('',#7316);
#3152=VERTEX_POINT('',#7318);
#3153=VERTEX_POINT('',#7320);
#3154=VERTEX_POINT('',#7324);
#3155=VERTEX_POINT('',#7326);
#3156=VERTEX_POINT('',#7330);
#3157=VERTEX_POINT('',#7332);
#3158=VERTEX_POINT('',#7336);
#3159=VERTEX_POINT('',#7337);
#3160=VERTEX_POINT('',#7339);
#3161=VERTEX_POINT('',#7341);
#3162=VERTEX_POINT('',#7345);
#3163=VERTEX_POINT('',#7347);
#3164=VERTEX_POINT('',#7351);
#3165=VERTEX_POINT('',#7353);
#3166=VERTEX_POINT('',#7384);
#3167=VERTEX_POINT('',#7387);
#3168=VERTEX_POINT('',#7389);
#3169=VERTEX_POINT('',#7390);
#3170=VERTEX_POINT('',#7392);
#3171=VERTEX_POINT('',#7394);
#3172=VERTEX_POINT('',#7397);
#3173=VERTEX_POINT('',#7398);
#3174=VERTEX_POINT('',#7400);
#3175=VERTEX_POINT('',#7402);
#3176=VERTEX_POINT('',#7405);
#3177=VERTEX_POINT('',#7406);
#3178=VERTEX_POINT('',#7408);
#3179=VERTEX_POINT('',#7410);
#3180=VERTEX_POINT('',#7413);
#3181=VERTEX_POINT('',#7414);
#3182=VERTEX_POINT('',#7416);
#3183=VERTEX_POINT('',#7418);
#3184=VERTEX_POINT('',#7421);
#3185=VERTEX_POINT('',#7423);
#3186=VERTEX_POINT('',#7425);
#3187=VERTEX_POINT('',#7427);
#3188=VERTEX_POINT('',#7429);
#3189=VERTEX_POINT('',#7432);
#3190=VERTEX_POINT('',#7434);
#3191=VERTEX_POINT('',#7437);
#3192=VERTEX_POINT('',#7439);
#3193=VERTEX_POINT('',#7442);
#3194=VERTEX_POINT('',#7444);
#3195=VERTEX_POINT('',#7447);
#3196=VERTEX_POINT('',#7449);
#3197=VERTEX_POINT('',#7452);
#3198=VERTEX_POINT('',#7454);
#3199=VERTEX_POINT('',#7457);
#3200=VERTEX_POINT('',#7458);
#3201=VERTEX_POINT('',#7460);
#3202=VERTEX_POINT('',#7462);
#3203=VERTEX_POINT('',#7474);
#3204=VERTEX_POINT('',#7475);
#3205=VERTEX_POINT('',#7477);
#3206=VERTEX_POINT('',#7479);
#3207=VERTEX_POINT('',#7491);
#3208=VERTEX_POINT('',#7492);
#3209=VERTEX_POINT('',#7494);
#3210=VERTEX_POINT('',#7496);
#3211=VERTEX_POINT('',#7508);
#3212=VERTEX_POINT('',#7509);
#3213=VERTEX_POINT('',#7511);
#3214=VERTEX_POINT('',#7513);
#3215=VERTEX_POINT('',#7525);
#3216=VERTEX_POINT('',#7530);
#3217=VERTEX_POINT('',#7531);
#3218=VERTEX_POINT('',#7533);
#3219=VERTEX_POINT('',#7535);
#3220=VERTEX_POINT('',#7539);
#3221=VERTEX_POINT('',#7540);
#3222=VERTEX_POINT('',#7545);
#3223=VERTEX_POINT('',#7546);
#3224=VERTEX_POINT('',#7551);
#3225=VERTEX_POINT('',#7552);
#3226=VERTEX_POINT('',#7557);
#3227=VERTEX_POINT('',#7558);
#3228=VERTEX_POINT('',#7563);
#3229=VERTEX_POINT('',#7564);
#3230=VERTEX_POINT('',#7569);
#3231=VERTEX_POINT('',#7570);
#3232=VERTEX_POINT('',#7575);
#3233=VERTEX_POINT('',#7576);
#3234=VERTEX_POINT('',#7578);
#3235=VERTEX_POINT('',#7580);
#3236=VERTEX_POINT('',#7584);
#3237=VERTEX_POINT('',#7586);
#3238=VERTEX_POINT('',#7590);
#3239=VERTEX_POINT('',#7592);
#3240=VERTEX_POINT('',#7596);
#3241=VERTEX_POINT('',#7598);
#3242=VERTEX_POINT('',#7602);
#3243=VERTEX_POINT('',#7604);
#3244=VERTEX_POINT('',#7608);
#3245=VERTEX_POINT('',#7610);
#3246=VERTEX_POINT('',#7614);
#3247=VERTEX_POINT('',#7616);
#3248=VERTEX_POINT('',#7626);
#3249=VERTEX_POINT('',#7627);
#3250=VERTEX_POINT('',#7629);
#3251=VERTEX_POINT('',#7631);
#3252=VERTEX_POINT('',#7633);
#3253=VERTEX_POINT('',#7635);
#3254=VERTEX_POINT('',#7637);
#3255=VERTEX_POINT('',#7639);
#3256=VERTEX_POINT('',#7642);
#3257=VERTEX_POINT('',#7643);
#3258=VERTEX_POINT('',#7645);
#3259=VERTEX_POINT('',#7647);
#3260=VERTEX_POINT('',#7649);
#3261=VERTEX_POINT('',#7651);
#3262=VERTEX_POINT('',#7653);
#3263=VERTEX_POINT('',#7655);
#3264=VERTEX_POINT('',#7659);
#3265=VERTEX_POINT('',#7661);
#3266=VERTEX_POINT('',#7663);
#3267=VERTEX_POINT('',#7665);
#3268=VERTEX_POINT('',#7667);
#3269=VERTEX_POINT('',#7669);
#3270=VERTEX_POINT('',#7671);
#3271=VERTEX_POINT('',#7672);
#3272=VERTEX_POINT('',#7674);
#3273=VERTEX_POINT('',#7676);
#3274=VERTEX_POINT('',#7679);
#3275=VERTEX_POINT('',#7680);
#3276=VERTEX_POINT('',#7682);
#3277=VERTEX_POINT('',#7684);
#3278=VERTEX_POINT('',#7687);
#3279=VERTEX_POINT('',#7688);
#3280=VERTEX_POINT('',#7690);
#3281=VERTEX_POINT('',#7692);
#3282=VERTEX_POINT('',#7695);
#3283=VERTEX_POINT('',#7696);
#3284=VERTEX_POINT('',#7698);
#3285=VERTEX_POINT('',#7700);
#3286=VERTEX_POINT('',#7703);
#3287=VERTEX_POINT('',#7704);
#3288=VERTEX_POINT('',#7706);
#3289=VERTEX_POINT('',#7708);
#3290=VERTEX_POINT('',#7711);
#3291=VERTEX_POINT('',#7712);
#3292=VERTEX_POINT('',#7714);
#3293=VERTEX_POINT('',#7716);
#3294=VERTEX_POINT('',#7719);
#3295=VERTEX_POINT('',#7720);
#3296=VERTEX_POINT('',#7722);
#3297=VERTEX_POINT('',#7724);
#3298=VERTEX_POINT('',#7727);
#3299=VERTEX_POINT('',#7728);
#3300=VERTEX_POINT('',#7730);
#3301=VERTEX_POINT('',#7732);
#3302=VERTEX_POINT('',#7736);
#3303=VERTEX_POINT('',#7738);
#3304=VERTEX_POINT('',#7739);
#3305=VERTEX_POINT('',#7741);
#3306=VERTEX_POINT('',#7743);
#3307=VERTEX_POINT('',#7745);
#3308=VERTEX_POINT('',#7747);
#3309=VERTEX_POINT('',#7749);
#3310=VERTEX_POINT('',#7751);
#3311=VERTEX_POINT('',#7754);
#3312=VERTEX_POINT('',#7756);
#3313=VERTEX_POINT('',#7758);
#3314=VERTEX_POINT('',#7760);
#3315=VERTEX_POINT('',#7762);
#3316=VERTEX_POINT('',#7765);
#3317=VERTEX_POINT('',#7767);
#3318=VERTEX_POINT('',#7771);
#3319=VERTEX_POINT('',#7775);
#3320=VERTEX_POINT('',#7782);
#3321=VERTEX_POINT('',#7784);
#3322=VERTEX_POINT('',#7788);
#3323=VERTEX_POINT('',#7792);
#3324=VERTEX_POINT('',#7799);
#3325=VERTEX_POINT('',#7801);
#3326=VERTEX_POINT('',#7805);
#3327=VERTEX_POINT('',#7809);
#3328=VERTEX_POINT('',#7816);
#3329=VERTEX_POINT('',#7818);
#3330=VERTEX_POINT('',#7822);
#3331=VERTEX_POINT('',#7826);
#3332=VERTEX_POINT('',#7833);
#3333=VERTEX_POINT('',#7835);
#3334=VERTEX_POINT('',#7839);
#3335=VERTEX_POINT('',#7843);
#3336=VERTEX_POINT('',#7850);
#3337=VERTEX_POINT('',#7852);
#3338=VERTEX_POINT('',#7856);
#3339=VERTEX_POINT('',#7860);
#3340=VERTEX_POINT('',#7867);
#3341=VERTEX_POINT('',#7869);
#3342=VERTEX_POINT('',#7873);
#3343=VERTEX_POINT('',#7877);
#3344=VERTEX_POINT('',#7884);
#3345=VERTEX_POINT('',#7886);
#3346=VERTEX_POINT('',#7890);
#3347=VERTEX_POINT('',#7894);
#3348=VERTEX_POINT('',#7901);
#3349=VERTEX_POINT('',#7905);
#3350=VERTEX_POINT('',#7909);
#3351=VERTEX_POINT('',#7913);
#3352=VERTEX_POINT('',#7917);
#3353=VERTEX_POINT('',#7921);
#3354=VERTEX_POINT('',#7974);
#3355=VERTEX_POINT('',#7975);
#3356=VERTEX_POINT('',#7977);
#3357=VERTEX_POINT('',#7979);
#3358=VERTEX_POINT('',#7983);
#3359=VERTEX_POINT('',#7985);
#3360=VERTEX_POINT('',#7989);
#3361=VERTEX_POINT('',#7991);
#3362=VERTEX_POINT('',#8001);
#3363=VERTEX_POINT('',#8003);
#3364=VERTEX_POINT('',#8004);
#3365=VERTEX_POINT('',#8006);
#3366=VERTEX_POINT('',#8008);
#3367=VERTEX_POINT('',#8012);
#3368=VERTEX_POINT('',#8015);
#3369=VERTEX_POINT('',#8017);
#3370=VERTEX_POINT('',#8019);
#3371=VERTEX_POINT('',#8021);
#3372=VERTEX_POINT('',#8025);
#3373=VERTEX_POINT('',#8027);
#3374=VERTEX_POINT('',#8029);
#3375=VERTEX_POINT('',#8031);
#3376=VERTEX_POINT('',#8046);
#3377=VERTEX_POINT('',#8047);
#3378=VERTEX_POINT('',#8049);
#3379=VERTEX_POINT('',#8051);
#3380=VERTEX_POINT('',#8055);
#3381=VERTEX_POINT('',#8057);
#3382=VERTEX_POINT('',#8061);
#3383=VERTEX_POINT('',#8063);
#3384=VERTEX_POINT('',#8073);
#3385=VERTEX_POINT('',#8075);
#3386=VERTEX_POINT('',#8076);
#3387=VERTEX_POINT('',#8078);
#3388=VERTEX_POINT('',#8080);
#3389=VERTEX_POINT('',#8084);
#3390=VERTEX_POINT('',#8087);
#3391=VERTEX_POINT('',#8089);
#3392=VERTEX_POINT('',#8091);
#3393=VERTEX_POINT('',#8093);
#3394=VERTEX_POINT('',#8097);
#3395=VERTEX_POINT('',#8099);
#3396=VERTEX_POINT('',#8101);
#3397=VERTEX_POINT('',#8103);
#3398=VERTEX_POINT('',#8118);
#3399=VERTEX_POINT('',#8119);
#3400=VERTEX_POINT('',#8121);
#3401=VERTEX_POINT('',#8123);
#3402=VERTEX_POINT('',#8127);
#3403=VERTEX_POINT('',#8129);
#3404=VERTEX_POINT('',#8133);
#3405=VERTEX_POINT('',#8135);
#3406=VERTEX_POINT('',#8145);
#3407=VERTEX_POINT('',#8147);
#3408=VERTEX_POINT('',#8148);
#3409=VERTEX_POINT('',#8150);
#3410=VERTEX_POINT('',#8152);
#3411=VERTEX_POINT('',#8156);
#3412=VERTEX_POINT('',#8159);
#3413=VERTEX_POINT('',#8161);
#3414=VERTEX_POINT('',#8163);
#3415=VERTEX_POINT('',#8165);
#3416=VERTEX_POINT('',#8169);
#3417=VERTEX_POINT('',#8171);
#3418=VERTEX_POINT('',#8173);
#3419=VERTEX_POINT('',#8175);
#3420=VERTEX_POINT('',#8190);
#3421=VERTEX_POINT('',#8191);
#3422=VERTEX_POINT('',#8193);
#3423=VERTEX_POINT('',#8195);
#3424=VERTEX_POINT('',#8199);
#3425=VERTEX_POINT('',#8201);
#3426=VERTEX_POINT('',#8205);
#3427=VERTEX_POINT('',#8207);
#3428=VERTEX_POINT('',#8217);
#3429=VERTEX_POINT('',#8219);
#3430=VERTEX_POINT('',#8220);
#3431=VERTEX_POINT('',#8222);
#3432=VERTEX_POINT('',#8224);
#3433=VERTEX_POINT('',#8228);
#3434=VERTEX_POINT('',#8231);
#3435=VERTEX_POINT('',#8233);
#3436=VERTEX_POINT('',#8235);
#3437=VERTEX_POINT('',#8237);
#3438=VERTEX_POINT('',#8241);
#3439=VERTEX_POINT('',#8243);
#3440=VERTEX_POINT('',#8245);
#3441=VERTEX_POINT('',#8247);
#3442=VERTEX_POINT('',#8262);
#3443=VERTEX_POINT('',#8263);
#3444=VERTEX_POINT('',#8265);
#3445=VERTEX_POINT('',#8267);
#3446=VERTEX_POINT('',#8271);
#3447=VERTEX_POINT('',#8273);
#3448=VERTEX_POINT('',#8277);
#3449=VERTEX_POINT('',#8279);
#3450=VERTEX_POINT('',#8289);
#3451=VERTEX_POINT('',#8291);
#3452=VERTEX_POINT('',#8292);
#3453=VERTEX_POINT('',#8294);
#3454=VERTEX_POINT('',#8296);
#3455=VERTEX_POINT('',#8300);
#3456=VERTEX_POINT('',#8303);
#3457=VERTEX_POINT('',#8305);
#3458=VERTEX_POINT('',#8307);
#3459=VERTEX_POINT('',#8309);
#3460=VERTEX_POINT('',#8313);
#3461=VERTEX_POINT('',#8315);
#3462=VERTEX_POINT('',#8317);
#3463=VERTEX_POINT('',#8319);
#3464=VERTEX_POINT('',#8334);
#3465=VERTEX_POINT('',#8335);
#3466=VERTEX_POINT('',#8337);
#3467=VERTEX_POINT('',#8339);
#3468=VERTEX_POINT('',#8343);
#3469=VERTEX_POINT('',#8345);
#3470=VERTEX_POINT('',#8349);
#3471=VERTEX_POINT('',#8351);
#3472=VERTEX_POINT('',#8361);
#3473=VERTEX_POINT('',#8363);
#3474=VERTEX_POINT('',#8364);
#3475=VERTEX_POINT('',#8366);
#3476=VERTEX_POINT('',#8368);
#3477=VERTEX_POINT('',#8372);
#3478=VERTEX_POINT('',#8375);
#3479=VERTEX_POINT('',#8377);
#3480=VERTEX_POINT('',#8379);
#3481=VERTEX_POINT('',#8381);
#3482=VERTEX_POINT('',#8385);
#3483=VERTEX_POINT('',#8387);
#3484=VERTEX_POINT('',#8389);
#3485=VERTEX_POINT('',#8391);
#3486=VERTEX_POINT('',#8406);
#3487=VERTEX_POINT('',#8407);
#3488=VERTEX_POINT('',#8409);
#3489=VERTEX_POINT('',#8411);
#3490=VERTEX_POINT('',#8415);
#3491=VERTEX_POINT('',#8417);
#3492=VERTEX_POINT('',#8421);
#3493=VERTEX_POINT('',#8423);
#3494=VERTEX_POINT('',#8433);
#3495=VERTEX_POINT('',#8435);
#3496=VERTEX_POINT('',#8436);
#3497=VERTEX_POINT('',#8438);
#3498=VERTEX_POINT('',#8440);
#3499=VERTEX_POINT('',#8444);
#3500=VERTEX_POINT('',#8447);
#3501=VERTEX_POINT('',#8449);
#3502=VERTEX_POINT('',#8451);
#3503=VERTEX_POINT('',#8453);
#3504=VERTEX_POINT('',#8457);
#3505=VERTEX_POINT('',#8459);
#3506=VERTEX_POINT('',#8461);
#3507=VERTEX_POINT('',#8463);
#3508=VERTEX_POINT('',#8478);
#3509=VERTEX_POINT('',#8479);
#3510=VERTEX_POINT('',#8481);
#3511=VERTEX_POINT('',#8483);
#3512=VERTEX_POINT('',#8487);
#3513=VERTEX_POINT('',#8489);
#3514=VERTEX_POINT('',#8493);
#3515=VERTEX_POINT('',#8495);
#3516=CIRCLE('',#5080,0.0017);
#3517=CIRCLE('',#5081,0.0017);
#3518=CIRCLE('',#5082,0.0017);
#3519=CIRCLE('',#5084,0.0012);
#3520=CIRCLE('',#5095,0.002);
#3521=CIRCLE('',#5096,0.002);
#3522=CIRCLE('',#5099,0.002);
#3523=CIRCLE('',#5100,0.002);
#3524=CIRCLE('',#5102,0.002);
#3525=CIRCLE('',#5103,0.002);
#3526=CIRCLE('',#5106,0.002);
#3527=CIRCLE('',#5107,0.002);
#3528=CIRCLE('',#5109,0.002);
#3529=CIRCLE('',#5110,0.002);
#3530=CIRCLE('',#5113,0.002);
#3531=CIRCLE('',#5114,0.002);
#3532=CIRCLE('',#5116,0.002);
#3533=CIRCLE('',#5117,0.002);
#3534=CIRCLE('',#5120,0.002);
#3535=CIRCLE('',#5121,0.002);
#3536=CIRCLE('',#5123,0.002);
#3537=CIRCLE('',#5124,0.002);
#3538=CIRCLE('',#5127,0.002);
#3539=CIRCLE('',#5128,0.002);
#3540=CIRCLE('',#5130,0.01);
#3541=CIRCLE('',#5131,0.01);
#3542=CIRCLE('',#5134,0.0102764976958525);
#3543=CIRCLE('',#5135,0.0102764976958525);
#3544=CIRCLE('',#5137,0.23);
#3545=CIRCLE('',#5138,0.23);
#3546=CIRCLE('',#5140,0.00705426356589143);
#3547=CIRCLE('',#5141,0.00705426356589143);
#3548=CIRCLE('',#5144,0.01);
#3549=CIRCLE('',#5145,0.01);
#3550=CIRCLE('',#5147,0.002);
#3551=CIRCLE('',#5148,0.002);
#3552=CIRCLE('',#5151,0.002);
#3553=CIRCLE('',#5152,0.002);
#3554=CIRCLE('',#5154,0.002);
#3555=CIRCLE('',#5155,0.002);
#3556=CIRCLE('',#5158,0.002);
#3557=CIRCLE('',#5159,0.002);
#3558=CIRCLE('',#5161,0.002);
#3559=CIRCLE('',#5162,0.002);
#3560=CIRCLE('',#5165,0.002);
#3561=CIRCLE('',#5166,0.002);
#3562=CIRCLE('',#5172,0.23);
#3563=CIRCLE('',#5173,0.23);
#3564=CIRCLE('',#5179,0.0025);
#3565=CIRCLE('',#5181,0.002);
#3566=CIRCLE('',#5182,0.0008);
#3567=CIRCLE('',#5183,0.0008);
#3568=CIRCLE('',#5184,0.0008);
#3569=CIRCLE('',#5185,0.0008);
#3570=CIRCLE('',#5186,0.0008);
#3571=CIRCLE('',#5188,0.0008);
#3572=CIRCLE('',#5191,0.0008);
#3573=CIRCLE('',#5194,0.0008);
#3574=CIRCLE('',#5197,0.0008);
#3575=CIRCLE('',#5200,0.0008);
#3576=CIRCLE('',#5223,0.002);
#3577=CIRCLE('',#5228,0.0102);
#3578=CIRCLE('',#5229,0.0102);
#3579=CIRCLE('',#5231,0.2302);
#3580=CIRCLE('',#5232,0.2302);
#3581=CIRCLE('',#5234,0.0102);
#3582=CIRCLE('',#5235,0.0102);
#3583=CIRCLE('',#5238,0.00725426356589144);
#3584=CIRCLE('',#5239,0.00725426356589144);
#3585=CIRCLE('',#5241,0.2298);
#3586=CIRCLE('',#5242,0.2298);
#3587=CIRCLE('',#5244,0.0122);
#3588=CIRCLE('',#5245,0.0122);
#3589=CIRCLE('',#5248,0.0124764976958525);
#3590=CIRCLE('',#5249,0.0124764976958525);
#3591=CIRCLE('',#5251,0.2278);
#3592=CIRCLE('',#5252,0.2278);
#3593=CIRCLE('',#5254,0.00925426356589144);
#3594=CIRCLE('',#5255,0.00925426356589144);
#3595=CIRCLE('',#5258,0.0122);
#3596=CIRCLE('',#5259,0.0122);
#3597=CIRCLE('',#5261,0.2322);
#3598=CIRCLE('',#5262,0.2322);
#3599=CIRCLE('',#5264,0.0104764976958525);
#3600=CIRCLE('',#5265,0.0104764976958525);
#3601=CIRCLE('',#5267,0.0117);
#3602=CIRCLE('',#5268,0.0119764976958525);
#3603=CIRCLE('',#5269,0.2283);
#3604=CIRCLE('',#5270,0.00875426356589144);
#3605=CIRCLE('',#5271,0.0117);
#3606=CIRCLE('',#5272,0.2317);
#3607=CIRCLE('',#5273,0.0109764976958525);
#3608=CIRCLE('',#5274,0.0107);
#3609=CIRCLE('',#5275,0.2307);
#3610=CIRCLE('',#5276,0.0107);
#3611=CIRCLE('',#5277,0.00775426356589144);
#3612=CIRCLE('',#5278,0.2293);
#3613=CIRCLE('',#5280,0.002);
#3614=CIRCLE('',#5281,0.0013);
#3615=CIRCLE('',#5282,0.0013);
#3616=CIRCLE('',#5283,0.0013);
#3617=CIRCLE('',#5284,0.0013);
#3618=CIRCLE('',#5285,0.0013);
#3619=CIRCLE('',#5286,0.002);
#3620=CIRCLE('',#5287,0.002);
#3621=CIRCLE('',#5288,0.002);
#3622=CIRCLE('',#5289,0.002);
#3623=CIRCLE('',#5290,0.002);
#3624=CIRCLE('',#5291,0.002);
#3625=CIRCLE('',#5292,0.002);
#3626=CIRCLE('',#5293,0.002);
#3627=CIRCLE('',#5294,0.002);
#3628=CIRCLE('',#5295,0.002);
#3629=CIRCLE('',#5296,0.002);
#3630=CIRCLE('',#5297,0.002);
#3631=CIRCLE('',#5298,0.002);
#3632=CIRCLE('',#5299,0.002);
#3633=CIRCLE('',#5300,0.002);
#3634=CIRCLE('',#5301,0.002);
#3635=CIRCLE('',#5303,0.0025);
#3636=CIRCLE('',#5304,0.0119764976958525);
#3637=CIRCLE('',#5305,0.0117);
#3638=CIRCLE('',#5306,0.2317);
#3639=CIRCLE('',#5307,0.0117);
#3640=CIRCLE('',#5308,0.00875426356589144);
#3641=CIRCLE('',#5309,0.2283);
#3642=CIRCLE('',#5310,0.00225);
#3643=CIRCLE('',#5311,0.00225);
#3644=CIRCLE('',#5312,0.00225);
#3645=CIRCLE('',#5313,0.00225);
#3646=CIRCLE('',#5314,0.00225);
#3647=CIRCLE('',#5317,0.002);
#3648=CIRCLE('',#5320,0.002);
#3649=CIRCLE('',#5324,0.002);
#3650=CIRCLE('',#5327,0.002);
#3651=CIRCLE('',#5331,0.002);
#3652=CIRCLE('',#5334,0.002);
#3653=CIRCLE('',#5338,0.002);
#3654=CIRCLE('',#5341,0.002);
#3655=CIRCLE('',#5345,0.002);
#3656=CIRCLE('',#5348,0.002);
#3657=CIRCLE('',#5352,0.002);
#3658=CIRCLE('',#5355,0.002);
#3659=CIRCLE('',#5359,0.002);
#3660=CIRCLE('',#5362,0.002);
#3661=CIRCLE('',#5366,0.002);
#3662=CIRCLE('',#5369,0.002);
#3663=CIRCLE('',#5372,0.0013);
#3664=CIRCLE('',#5375,0.0013);
#3665=CIRCLE('',#5378,0.0013);
#3666=CIRCLE('',#5381,0.0013);
#3667=CIRCLE('',#5384,0.0013);
#3668=CIRCLE('',#5387,0.002);
#3669=CIRCLE('',#5416,0.0019);
#3670=CIRCLE('',#5417,0.0019);
#3671=CIRCLE('',#5420,0.0019);
#3672=CIRCLE('',#5421,0.0019);
#3673=CIRCLE('',#5426,0.0017);
#3674=CIRCLE('',#5427,0.0017);
#3675=CIRCLE('',#5428,0.0017);
#3676=CIRCLE('',#5430,0.0012);
#3677=CIRCLE('',#5442,0.0019);
#3678=CIRCLE('',#5443,0.0019);
#3679=CIRCLE('',#5446,0.0019);
#3680=CIRCLE('',#5447,0.0019);
#3681=CIRCLE('',#5452,0.0017);
#3682=CIRCLE('',#5453,0.0017);
#3683=CIRCLE('',#5454,0.0017);
#3684=CIRCLE('',#5456,0.0012);
#3685=CIRCLE('',#5468,0.0019);
#3686=CIRCLE('',#5469,0.0019);
#3687=CIRCLE('',#5472,0.0019);
#3688=CIRCLE('',#5473,0.0019);
#3689=CIRCLE('',#5478,0.0017);
#3690=CIRCLE('',#5479,0.0017);
#3691=CIRCLE('',#5480,0.0017);
#3692=CIRCLE('',#5482,0.0012);
#3693=CIRCLE('',#5494,0.0019);
#3694=CIRCLE('',#5495,0.0019);
#3695=CIRCLE('',#5498,0.0019);
#3696=CIRCLE('',#5499,0.0019);
#3697=CIRCLE('',#5504,0.0017);
#3698=CIRCLE('',#5505,0.0017);
#3699=CIRCLE('',#5506,0.0017);
#3700=CIRCLE('',#5508,0.0012);
#3701=CIRCLE('',#5520,0.0019);
#3702=CIRCLE('',#5521,0.0019);
#3703=CIRCLE('',#5524,0.0019);
#3704=CIRCLE('',#5525,0.0019);
#3705=CIRCLE('',#5530,0.0017);
#3706=CIRCLE('',#5531,0.0017);
#3707=CIRCLE('',#5532,0.0017);
#3708=CIRCLE('',#5534,0.0012);
#3709=CIRCLE('',#5546,0.0019);
#3710=CIRCLE('',#5547,0.0019);
#3711=CIRCLE('',#5550,0.0019);
#3712=CIRCLE('',#5551,0.0019);
#3713=CIRCLE('',#5556,0.0017);
#3714=CIRCLE('',#5557,0.0017);
#3715=CIRCLE('',#5558,0.0017);
#3716=CIRCLE('',#5560,0.0012);
#3717=CIRCLE('',#5572,0.0019);
#3718=CIRCLE('',#5573,0.0019);
#3719=CIRCLE('',#5576,0.0019);
#3720=CIRCLE('',#5577,0.0019);
#3721=CIRCLE('',#5582,0.0017);
#3722=CIRCLE('',#5583,0.0017);
#3723=CIRCLE('',#5584,0.0017);
#3724=CIRCLE('',#5586,0.0012);
#3725=CIRCLE('',#5598,0.0019);
#3726=CIRCLE('',#5599,0.0019);
#3727=CIRCLE('',#5602,0.0019);
#3728=CIRCLE('',#5603,0.0019);
#3729=EDGE_LOOP('',(#1131));
#3730=EDGE_LOOP('',(#1132,#1133,#1134,#1135));
#3731=EDGE_LOOP('',(#1136));
#3732=EDGE_LOOP('',(#1137,#1138,#1139,#1140,#1141,#1142));
#3733=EDGE_LOOP('',(#1143,#1144,#1145,#1146,#1147,#1148));
#3734=EDGE_LOOP('',(#1149,#1150,#1151,#1152));
#3735=EDGE_LOOP('',(#1153,#1154,#1155,#1156));
#3736=EDGE_LOOP('',(#1157,#1158,#1159,#1160));
#3737=EDGE_LOOP('',(#1161,#1162,#1163,#1164));
#3738=EDGE_LOOP('',(#1165,#1166,#1167,#1168));
#3739=EDGE_LOOP('',(#1169));
#3740=EDGE_LOOP('',(#1170));
#3741=EDGE_LOOP('',(#1171,#1172,#1173,#1174));
#3742=EDGE_LOOP('',(#1175,#1176,#1177,#1178));
#3743=EDGE_LOOP('',(#1179,#1180,#1181,#1182));
#3744=EDGE_LOOP('',(#1183,#1184,#1185,#1186));
#3745=EDGE_LOOP('',(#1187,#1188,#1189,#1190));
#3746=EDGE_LOOP('',(#1191,#1192,#1193,#1194));
#3747=EDGE_LOOP('',(#1195,#1196,#1197,#1198));
#3748=EDGE_LOOP('',(#1199,#1200,#1201,#1202));
#3749=EDGE_LOOP('',(#1203,#1204,#1205,#1206));
#3750=EDGE_LOOP('',(#1207,#1208,#1209,#1210));
#3751=EDGE_LOOP('',(#1211,#1212,#1213,#1214));
#3752=EDGE_LOOP('',(#1215,#1216,#1217,#1218));
#3753=EDGE_LOOP('',(#1219,#1220,#1221,#1222));
#3754=EDGE_LOOP('',(#1223,#1224,#1225,#1226));
#3755=EDGE_LOOP('',(#1227,#1228,#1229,#1230));
#3756=EDGE_LOOP('',(#1231,#1232,#1233,#1234));
#3757=EDGE_LOOP('',(#1235,#1236,#1237,#1238));
#3758=EDGE_LOOP('',(#1239,#1240,#1241,#1242));
#3759=EDGE_LOOP('',(#1243,#1244,#1245,#1246));
#3760=EDGE_LOOP('',(#1247,#1248,#1249,#1250));
#3761=EDGE_LOOP('',(#1251,#1252,#1253,#1254));
#3762=EDGE_LOOP('',(#1255,#1256,#1257,#1258));
#3763=EDGE_LOOP('',(#1259,#1260,#1261,#1262));
#3764=EDGE_LOOP('',(#1263,#1264,#1265,#1266));
#3765=EDGE_LOOP('',(#1267,#1268,#1269,#1270));
#3766=EDGE_LOOP('',(#1271,#1272,#1273,#1274));
#3767=EDGE_LOOP('',(#1275,#1276,#1277,#1278));
#3768=EDGE_LOOP('',(#1279,#1280,#1281,#1282));
#3769=EDGE_LOOP('',(#1283,#1284,#1285,#1286));
#3770=EDGE_LOOP('',(#1287,#1288,#1289,#1290));
#3771=EDGE_LOOP('',(#1291,#1292,#1293,#1294));
#3772=EDGE_LOOP('',(#1295,#1296,#1297,#1298));
#3773=EDGE_LOOP('',(#1299,#1300,#1301,#1302));
#3774=EDGE_LOOP('',(#1303,#1304,#1305,#1306));
#3775=EDGE_LOOP('',(#1307,#1308,#1309,#1310));
#3776=EDGE_LOOP('',(#1311,#1312,#1313,#1314));
#3777=EDGE_LOOP('',(#1315,#1316,#1317,#1318));
#3778=EDGE_LOOP('',(#1319,#1320,#1321,#1322));
#3779=EDGE_LOOP('',(#1323,#1324,#1325,#1326));
#3780=EDGE_LOOP('',(#1327,#1328,#1329,#1330));
#3781=EDGE_LOOP('',(#1331));
#3782=EDGE_LOOP('',(#1332,#1333,#1334,#1335));
#3783=EDGE_LOOP('',(#1336,#1337,#1338,#1339));
#3784=EDGE_LOOP('',(#1340,#1341,#1342,#1343));
#3785=EDGE_LOOP('',(#1344,#1345,#1346,#1347,#1348,#1349,#1350,#1351));
#3786=EDGE_LOOP('',(#1352,#1353,#1354,#1355));
#3787=EDGE_LOOP('',(#1356,#1357,#1358,#1359));
#3788=EDGE_LOOP('',(#1360,#1361,#1362,#1363));
#3789=EDGE_LOOP('',(#1364,#1365,#1366,#1367));
#3790=EDGE_LOOP('',(#1368,#1369,#1370,#1371));
#3791=EDGE_LOOP('',(#1372));
#3792=EDGE_LOOP('',(#1373,#1374,#1375,#1376));
#3793=EDGE_LOOP('',(#1377,#1378,#1379,#1380));
#3794=EDGE_LOOP('',(#1381,#1382,#1383,#1384));
#3795=EDGE_LOOP('',(#1385,#1386,#1387,#1388));
#3796=EDGE_LOOP('',(#1389));
#3797=EDGE_LOOP('',(#1390));
#3798=EDGE_LOOP('',(#1391));
#3799=EDGE_LOOP('',(#1392));
#3800=EDGE_LOOP('',(#1393));
#3801=EDGE_LOOP('',(#1394,#1395,#1396,#1397,#1398,#1399,#1400,#1401));
#3802=EDGE_LOOP('',(#1402));
#3803=EDGE_LOOP('',(#1403));
#3804=EDGE_LOOP('',(#1404));
#3805=EDGE_LOOP('',(#1405));
#3806=EDGE_LOOP('',(#1406));
#3807=EDGE_LOOP('',(#1407));
#3808=EDGE_LOOP('',(#1408));
#3809=EDGE_LOOP('',(#1409));
#3810=EDGE_LOOP('',(#1410));
#3811=EDGE_LOOP('',(#1411));
#3812=EDGE_LOOP('',(#1412));
#3813=EDGE_LOOP('',(#1413));
#3814=EDGE_LOOP('',(#1414));
#3815=EDGE_LOOP('',(#1415));
#3816=EDGE_LOOP('',(#1416));
#3817=EDGE_LOOP('',(#1417,#1418,#1419,#1420));
#3818=EDGE_LOOP('',(#1421,#1422,#1423,#1424));
#3819=EDGE_LOOP('',(#1425,#1426,#1427,#1428));
#3820=EDGE_LOOP('',(#1429,#1430,#1431,#1432));
#3821=EDGE_LOOP('',(#1433,#1434,#1435,#1436));
#3822=EDGE_LOOP('',(#1437,#1438,#1439,#1440));
#3823=EDGE_LOOP('',(#1441,#1442,#1443,#1444));
#3824=EDGE_LOOP('',(#1445,#1446,#1447,#1448));
#3825=EDGE_LOOP('',(#1449,#1450,#1451,#1452));
#3826=EDGE_LOOP('',(#1453,#1454,#1455,#1456));
#3827=EDGE_LOOP('',(#1457,#1458,#1459,#1460));
#3828=EDGE_LOOP('',(#1461,#1462,#1463,#1464));
#3829=EDGE_LOOP('',(#1465,#1466,#1467,#1468));
#3830=EDGE_LOOP('',(#1469,#1470,#1471,#1472));
#3831=EDGE_LOOP('',(#1473,#1474,#1475,#1476));
#3832=EDGE_LOOP('',(#1477,#1478,#1479,#1480));
#3833=EDGE_LOOP('',(#1481,#1482,#1483,#1484));
#3834=EDGE_LOOP('',(#1485,#1486,#1487,#1488));
#3835=EDGE_LOOP('',(#1489,#1490,#1491,#1492));
#3836=EDGE_LOOP('',(#1493,#1494,#1495,#1496));
#3837=EDGE_LOOP('',(#1497,#1498,#1499,#1500));
#3838=EDGE_LOOP('',(#1501,#1502,#1503,#1504));
#3839=EDGE_LOOP('',(#1505,#1506,#1507,#1508));
#3840=EDGE_LOOP('',(#1509,#1510,#1511,#1512));
#3841=EDGE_LOOP('',(#1513,#1514,#1515,#1516));
#3842=EDGE_LOOP('',(#1517,#1518,#1519,#1520));
#3843=EDGE_LOOP('',(#1521,#1522,#1523,#1524));
#3844=EDGE_LOOP('',(#1525,#1526,#1527,#1528));
#3845=EDGE_LOOP('',(#1529));
#3846=EDGE_LOOP('',(#1530));
#3847=EDGE_LOOP('',(#1531));
#3848=EDGE_LOOP('',(#1532));
#3849=EDGE_LOOP('',(#1533,#1534,#1535,#1536));
#3850=EDGE_LOOP('',(#1537,#1538,#1539,#1540));
#3851=EDGE_LOOP('',(#1541,#1542,#1543,#1544));
#3852=EDGE_LOOP('',(#1545,#1546,#1547,#1548));
#3853=EDGE_LOOP('',(#1549,#1550,#1551,#1552));
#3854=EDGE_LOOP('',(#1553,#1554,#1555,#1556));
#3855=EDGE_LOOP('',(#1557,#1558,#1559,#1560));
#3856=EDGE_LOOP('',(#1561,#1562,#1563,#1564));
#3857=EDGE_LOOP('',(#1565,#1566,#1567,#1568));
#3858=EDGE_LOOP('',(#1569,#1570,#1571,#1572));
#3859=EDGE_LOOP('',(#1573,#1574,#1575,#1576));
#3860=EDGE_LOOP('',(#1577,#1578,#1579,#1580));
#3861=EDGE_LOOP('',(#1581,#1582,#1583,#1584));
#3862=EDGE_LOOP('',(#1585,#1586,#1587,#1588));
#3863=EDGE_LOOP('',(#1589,#1590,#1591,#1592));
#3864=EDGE_LOOP('',(#1593,#1594,#1595,#1596));
#3865=EDGE_LOOP('',(#1597,#1598,#1599,#1600,#1601,#1602,#1603,#1604));
#3866=EDGE_LOOP('',(#1605,#1606,#1607,#1608,#1609,#1610,#1611,#1612));
#3867=EDGE_LOOP('',(#1613));
#3868=EDGE_LOOP('',(#1614));
#3869=EDGE_LOOP('',(#1615));
#3870=EDGE_LOOP('',(#1616));
#3871=EDGE_LOOP('',(#1617));
#3872=EDGE_LOOP('',(#1618));
#3873=EDGE_LOOP('',(#1619,#1620,#1621,#1622));
#3874=EDGE_LOOP('',(#1623,#1624,#1625,#1626));
#3875=EDGE_LOOP('',(#1627,#1628,#1629,#1630));
#3876=EDGE_LOOP('',(#1631,#1632,#1633,#1634));
#3877=EDGE_LOOP('',(#1635,#1636,#1637,#1638));
#3878=EDGE_LOOP('',(#1639,#1640,#1641,#1642));
#3879=EDGE_LOOP('',(#1643,#1644,#1645,#1646));
#3880=EDGE_LOOP('',(#1647,#1648,#1649,#1650));
#3881=EDGE_LOOP('',(#1651,#1652,#1653,#1654,#1655,#1656,#1657,#1658));
#3882=EDGE_LOOP('',(#1659));
#3883=EDGE_LOOP('',(#1660,#1661,#1662,#1663,#1664,#1665,#1666,#1667));
#3884=EDGE_LOOP('',(#1668));
#3885=EDGE_LOOP('',(#1669));
#3886=EDGE_LOOP('',(#1670));
#3887=EDGE_LOOP('',(#1671));
#3888=EDGE_LOOP('',(#1672));
#3889=EDGE_LOOP('',(#1673,#1674,#1675,#1676));
#3890=EDGE_LOOP('',(#1677,#1678,#1679,#1680));
#3891=EDGE_LOOP('',(#1681,#1682,#1683,#1684));
#3892=EDGE_LOOP('',(#1685,#1686,#1687,#1688));
#3893=EDGE_LOOP('',(#1689,#1690,#1691,#1692));
#3894=EDGE_LOOP('',(#1693,#1694,#1695,#1696));
#3895=EDGE_LOOP('',(#1697,#1698,#1699,#1700));
#3896=EDGE_LOOP('',(#1701,#1702,#1703,#1704));
#3897=EDGE_LOOP('',(#1705,#1706,#1707,#1708));
#3898=EDGE_LOOP('',(#1709,#1710,#1711,#1712));
#3899=EDGE_LOOP('',(#1713,#1714,#1715,#1716));
#3900=EDGE_LOOP('',(#1717,#1718,#1719,#1720));
#3901=EDGE_LOOP('',(#1721,#1722,#1723,#1724));
#3902=EDGE_LOOP('',(#1725,#1726,#1727,#1728));
#3903=EDGE_LOOP('',(#1729,#1730,#1731,#1732));
#3904=EDGE_LOOP('',(#1733,#1734,#1735,#1736));
#3905=EDGE_LOOP('',(#1737,#1738,#1739,#1740));
#3906=EDGE_LOOP('',(#1741,#1742,#1743,#1744));
#3907=EDGE_LOOP('',(#1745,#1746,#1747,#1748));
#3908=EDGE_LOOP('',(#1749,#1750,#1751,#1752));
#3909=EDGE_LOOP('',(#1753,#1754,#1755,#1756));
#3910=EDGE_LOOP('',(#1757,#1758,#1759,#1760));
#3911=EDGE_LOOP('',(#1761,#1762,#1763,#1764));
#3912=EDGE_LOOP('',(#1765,#1766,#1767,#1768));
#3913=EDGE_LOOP('',(#1769,#1770,#1771,#1772));
#3914=EDGE_LOOP('',(#1773,#1774,#1775,#1776));
#3915=EDGE_LOOP('',(#1777,#1778,#1779,#1780));
#3916=EDGE_LOOP('',(#1781,#1782,#1783,#1784));
#3917=EDGE_LOOP('',(#1785,#1786,#1787,#1788));
#3918=EDGE_LOOP('',(#1789,#1790,#1791,#1792));
#3919=EDGE_LOOP('',(#1793,#1794,#1795,#1796));
#3920=EDGE_LOOP('',(#1797,#1798,#1799,#1800));
#3921=EDGE_LOOP('',(#1801,#1802,#1803,#1804));
#3922=EDGE_LOOP('',(#1805,#1806,#1807,#1808));
#3923=EDGE_LOOP('',(#1809,#1810,#1811,#1812));
#3924=EDGE_LOOP('',(#1813,#1814,#1815,#1816));
#3925=EDGE_LOOP('',(#1817,#1818,#1819,#1820));
#3926=EDGE_LOOP('',(#1821,#1822,#1823,#1824));
#3927=EDGE_LOOP('',(#1825,#1826,#1827,#1828));
#3928=EDGE_LOOP('',(#1829,#1830,#1831,#1832));
#3929=EDGE_LOOP('',(#1833));
#3930=EDGE_LOOP('',(#1834));
#3931=EDGE_LOOP('',(#1835));
#3932=EDGE_LOOP('',(#1836));
#3933=EDGE_LOOP('',(#1837));
#3934=EDGE_LOOP('',(#1838));
#3935=EDGE_LOOP('',(#1839));
#3936=EDGE_LOOP('',(#1840));
#3937=EDGE_LOOP('',(#1841));
#3938=EDGE_LOOP('',(#1842));
#3939=EDGE_LOOP('',(#1843));
#3940=EDGE_LOOP('',(#1844));
#3941=EDGE_LOOP('',(#1845));
#3942=EDGE_LOOP('',(#1846));
#3943=EDGE_LOOP('',(#1847));
#3944=EDGE_LOOP('',(#1848));
#3945=EDGE_LOOP('',(#1849));
#3946=EDGE_LOOP('',(#1850));
#3947=EDGE_LOOP('',(#1851));
#3948=EDGE_LOOP('',(#1852));
#3949=EDGE_LOOP('',(#1853));
#3950=EDGE_LOOP('',(#1854));
#3951=EDGE_LOOP('',(#1855));
#3952=EDGE_LOOP('',(#1856));
#3953=EDGE_LOOP('',(#1857,#1858,#1859,#1860));
#3954=EDGE_LOOP('',(#1861,#1862,#1863,#1864));
#3955=EDGE_LOOP('',(#1865,#1866,#1867,#1868));
#3956=EDGE_LOOP('',(#1869,#1870,#1871,#1872));
#3957=EDGE_LOOP('',(#1873,#1874,#1875,#1876));
#3958=EDGE_LOOP('',(#1877,#1878,#1879,#1880));
#3959=EDGE_LOOP('',(#1881,#1882,#1883,#1884));
#3960=EDGE_LOOP('',(#1885,#1886,#1887,#1888));
#3961=EDGE_LOOP('',(#1889,#1890,#1891,#1892));
#3962=EDGE_LOOP('',(#1893,#1894,#1895,#1896));
#3963=EDGE_LOOP('',(#1897,#1898,#1899,#1900));
#3964=EDGE_LOOP('',(#1901,#1902,#1903,#1904));
#3965=EDGE_LOOP('',(#1905,#1906,#1907,#1908));
#3966=EDGE_LOOP('',(#1909,#1910,#1911,#1912));
#3967=EDGE_LOOP('',(#1913,#1914,#1915,#1916));
#3968=EDGE_LOOP('',(#1917,#1918,#1919,#1920));
#3969=EDGE_LOOP('',(#1921,#1922,#1923,#1924));
#3970=EDGE_LOOP('',(#1925,#1926,#1927,#1928));
#3971=EDGE_LOOP('',(#1929,#1930,#1931,#1932));
#3972=EDGE_LOOP('',(#1933,#1934,#1935,#1936));
#3973=EDGE_LOOP('',(#1937,#1938,#1939,#1940));
#3974=EDGE_LOOP('',(#1941,#1942,#1943,#1944));
#3975=EDGE_LOOP('',(#1945,#1946,#1947,#1948));
#3976=EDGE_LOOP('',(#1949,#1950,#1951,#1952));
#3977=EDGE_LOOP('',(#1953,#1954,#1955,#1956));
#3978=EDGE_LOOP('',(#1957,#1958,#1959,#1960));
#3979=EDGE_LOOP('',(#1961,#1962,#1963,#1964));
#3980=EDGE_LOOP('',(#1965,#1966,#1967,#1968));
#3981=EDGE_LOOP('',(#1969,#1970,#1971,#1972));
#3982=EDGE_LOOP('',(#1973,#1974,#1975,#1976));
#3983=EDGE_LOOP('',(#1977));
#3984=EDGE_LOOP('',(#1978,#1979,#1980,#1981));
#3985=EDGE_LOOP('',(#1982));
#3986=EDGE_LOOP('',(#1983,#1984,#1985,#1986,#1987,#1988));
#3987=EDGE_LOOP('',(#1989,#1990,#1991,#1992,#1993,#1994));
#3988=EDGE_LOOP('',(#1995,#1996,#1997,#1998));
#3989=EDGE_LOOP('',(#1999,#2000,#2001,#2002));
#3990=EDGE_LOOP('',(#2003,#2004,#2005,#2006));
#3991=EDGE_LOOP('',(#2007,#2008,#2009,#2010));
#3992=EDGE_LOOP('',(#2011,#2012,#2013,#2014));
#3993=EDGE_LOOP('',(#2015));
#3994=EDGE_LOOP('',(#2016));
#3995=EDGE_LOOP('',(#2017,#2018,#2019,#2020));
#3996=EDGE_LOOP('',(#2021,#2022,#2023,#2024));
#3997=EDGE_LOOP('',(#2025,#2026,#2027,#2028));
#3998=EDGE_LOOP('',(#2029,#2030,#2031,#2032));
#3999=EDGE_LOOP('',(#2033,#2034,#2035,#2036));
#4000=EDGE_LOOP('',(#2037,#2038,#2039,#2040));
#4001=EDGE_LOOP('',(#2041));
#4002=EDGE_LOOP('',(#2042,#2043,#2044,#2045));
#4003=EDGE_LOOP('',(#2046));
#4004=EDGE_LOOP('',(#2047,#2048,#2049,#2050,#2051,#2052));
#4005=EDGE_LOOP('',(#2053,#2054,#2055,#2056,#2057,#2058));
#4006=EDGE_LOOP('',(#2059,#2060,#2061,#2062));
#4007=EDGE_LOOP('',(#2063,#2064,#2065,#2066));
#4008=EDGE_LOOP('',(#2067,#2068,#2069,#2070));
#4009=EDGE_LOOP('',(#2071,#2072,#2073,#2074));
#4010=EDGE_LOOP('',(#2075,#2076,#2077,#2078));
#4011=EDGE_LOOP('',(#2079));
#4012=EDGE_LOOP('',(#2080));
#4013=EDGE_LOOP('',(#2081,#2082,#2083,#2084));
#4014=EDGE_LOOP('',(#2085,#2086,#2087,#2088));
#4015=EDGE_LOOP('',(#2089,#2090,#2091,#2092));
#4016=EDGE_LOOP('',(#2093,#2094,#2095,#2096));
#4017=EDGE_LOOP('',(#2097,#2098,#2099,#2100));
#4018=EDGE_LOOP('',(#2101,#2102,#2103,#2104));
#4019=EDGE_LOOP('',(#2105));
#4020=EDGE_LOOP('',(#2106,#2107,#2108,#2109));
#4021=EDGE_LOOP('',(#2110));
#4022=EDGE_LOOP('',(#2111,#2112,#2113,#2114,#2115,#2116));
#4023=EDGE_LOOP('',(#2117,#2118,#2119,#2120,#2121,#2122));
#4024=EDGE_LOOP('',(#2123,#2124,#2125,#2126));
#4025=EDGE_LOOP('',(#2127,#2128,#2129,#2130));
#4026=EDGE_LOOP('',(#2131,#2132,#2133,#2134));
#4027=EDGE_LOOP('',(#2135,#2136,#2137,#2138));
#4028=EDGE_LOOP('',(#2139,#2140,#2141,#2142));
#4029=EDGE_LOOP('',(#2143));
#4030=EDGE_LOOP('',(#2144));
#4031=EDGE_LOOP('',(#2145,#2146,#2147,#2148));
#4032=EDGE_LOOP('',(#2149,#2150,#2151,#2152));
#4033=EDGE_LOOP('',(#2153,#2154,#2155,#2156));
#4034=EDGE_LOOP('',(#2157,#2158,#2159,#2160));
#4035=EDGE_LOOP('',(#2161,#2162,#2163,#2164));
#4036=EDGE_LOOP('',(#2165,#2166,#2167,#2168));
#4037=EDGE_LOOP('',(#2169));
#4038=EDGE_LOOP('',(#2170,#2171,#2172,#2173));
#4039=EDGE_LOOP('',(#2174));
#4040=EDGE_LOOP('',(#2175,#2176,#2177,#2178,#2179,#2180));
#4041=EDGE_LOOP('',(#2181,#2182,#2183,#2184,#2185,#2186));
#4042=EDGE_LOOP('',(#2187,#2188,#2189,#2190));
#4043=EDGE_LOOP('',(#2191,#2192,#2193,#2194));
#4044=EDGE_LOOP('',(#2195,#2196,#2197,#2198));
#4045=EDGE_LOOP('',(#2199,#2200,#2201,#2202));
#4046=EDGE_LOOP('',(#2203,#2204,#2205,#2206));
#4047=EDGE_LOOP('',(#2207));
#4048=EDGE_LOOP('',(#2208));
#4049=EDGE_LOOP('',(#2209,#2210,#2211,#2212));
#4050=EDGE_LOOP('',(#2213,#2214,#2215,#2216));
#4051=EDGE_LOOP('',(#2217,#2218,#2219,#2220));
#4052=EDGE_LOOP('',(#2221,#2222,#2223,#2224));
#4053=EDGE_LOOP('',(#2225,#2226,#2227,#2228));
#4054=EDGE_LOOP('',(#2229,#2230,#2231,#2232));
#4055=EDGE_LOOP('',(#2233));
#4056=EDGE_LOOP('',(#2234,#2235,#2236,#2237));
#4057=EDGE_LOOP('',(#2238));
#4058=EDGE_LOOP('',(#2239,#2240,#2241,#2242,#2243,#2244));
#4059=EDGE_LOOP('',(#2245,#2246,#2247,#2248,#2249,#2250));
#4060=EDGE_LOOP('',(#2251,#2252,#2253,#2254));
#4061=EDGE_LOOP('',(#2255,#2256,#2257,#2258));
#4062=EDGE_LOOP('',(#2259,#2260,#2261,#2262));
#4063=EDGE_LOOP('',(#2263,#2264,#2265,#2266));
#4064=EDGE_LOOP('',(#2267,#2268,#2269,#2270));
#4065=EDGE_LOOP('',(#2271));
#4066=EDGE_LOOP('',(#2272));
#4067=EDGE_LOOP('',(#2273,#2274,#2275,#2276));
#4068=EDGE_LOOP('',(#2277,#2278,#2279,#2280));
#4069=EDGE_LOOP('',(#2281,#2282,#2283,#2284));
#4070=EDGE_LOOP('',(#2285,#2286,#2287,#2288));
#4071=EDGE_LOOP('',(#2289,#2290,#2291,#2292));
#4072=EDGE_LOOP('',(#2293,#2294,#2295,#2296));
#4073=EDGE_LOOP('',(#2297));
#4074=EDGE_LOOP('',(#2298,#2299,#2300,#2301));
#4075=EDGE_LOOP('',(#2302));
#4076=EDGE_LOOP('',(#2303,#2304,#2305,#2306,#2307,#2308));
#4077=EDGE_LOOP('',(#2309,#2310,#2311,#2312,#2313,#2314));
#4078=EDGE_LOOP('',(#2315,#2316,#2317,#2318));
#4079=EDGE_LOOP('',(#2319,#2320,#2321,#2322));
#4080=EDGE_LOOP('',(#2323,#2324,#2325,#2326));
#4081=EDGE_LOOP('',(#2327,#2328,#2329,#2330));
#4082=EDGE_LOOP('',(#2331,#2332,#2333,#2334));
#4083=EDGE_LOOP('',(#2335));
#4084=EDGE_LOOP('',(#2336));
#4085=EDGE_LOOP('',(#2337,#2338,#2339,#2340));
#4086=EDGE_LOOP('',(#2341,#2342,#2343,#2344));
#4087=EDGE_LOOP('',(#2345,#2346,#2347,#2348));
#4088=EDGE_LOOP('',(#2349,#2350,#2351,#2352));
#4089=EDGE_LOOP('',(#2353,#2354,#2355,#2356));
#4090=EDGE_LOOP('',(#2357,#2358,#2359,#2360));
#4091=EDGE_LOOP('',(#2361));
#4092=EDGE_LOOP('',(#2362,#2363,#2364,#2365));
#4093=EDGE_LOOP('',(#2366));
#4094=EDGE_LOOP('',(#2367,#2368,#2369,#2370,#2371,#2372));
#4095=EDGE_LOOP('',(#2373,#2374,#2375,#2376,#2377,#2378));
#4096=EDGE_LOOP('',(#2379,#2380,#2381,#2382));
#4097=EDGE_LOOP('',(#2383,#2384,#2385,#2386));
#4098=EDGE_LOOP('',(#2387,#2388,#2389,#2390));
#4099=EDGE_LOOP('',(#2391,#2392,#2393,#2394));
#4100=EDGE_LOOP('',(#2395,#2396,#2397,#2398));
#4101=EDGE_LOOP('',(#2399));
#4102=EDGE_LOOP('',(#2400));
#4103=EDGE_LOOP('',(#2401,#2402,#2403,#2404));
#4104=EDGE_LOOP('',(#2405,#2406,#2407,#2408));
#4105=EDGE_LOOP('',(#2409,#2410,#2411,#2412));
#4106=EDGE_LOOP('',(#2413,#2414,#2415,#2416));
#4107=EDGE_LOOP('',(#2417,#2418,#2419,#2420));
#4108=EDGE_LOOP('',(#2421,#2422,#2423,#2424));
#4109=FACE_BOUND('',#3729,.T.);
#4110=FACE_BOUND('',#3730,.T.);
#4111=FACE_BOUND('',#3731,.T.);
#4112=FACE_BOUND('',#3732,.T.);
#4113=FACE_BOUND('',#3733,.T.);
#4114=FACE_BOUND('',#3734,.T.);
#4115=FACE_BOUND('',#3735,.T.);
#4116=FACE_BOUND('',#3736,.T.);
#4117=FACE_BOUND('',#3737,.T.);
#4118=FACE_BOUND('',#3738,.T.);
#4119=FACE_BOUND('',#3739,.T.);
#4120=FACE_BOUND('',#3740,.T.);
#4121=FACE_BOUND('',#3741,.T.);
#4122=FACE_BOUND('',#3742,.T.);
#4123=FACE_BOUND('',#3743,.T.);
#4124=FACE_BOUND('',#3744,.T.);
#4125=FACE_BOUND('',#3745,.T.);
#4126=FACE_BOUND('',#3746,.T.);
#4127=FACE_BOUND('',#3747,.T.);
#4128=FACE_BOUND('',#3748,.T.);
#4129=FACE_BOUND('',#3749,.T.);
#4130=FACE_BOUND('',#3750,.T.);
#4131=FACE_BOUND('',#3751,.T.);
#4132=FACE_BOUND('',#3752,.T.);
#4133=FACE_BOUND('',#3753,.T.);
#4134=FACE_BOUND('',#3754,.T.);
#4135=FACE_BOUND('',#3755,.T.);
#4136=FACE_BOUND('',#3756,.T.);
#4137=FACE_BOUND('',#3757,.T.);
#4138=FACE_BOUND('',#3758,.T.);
#4139=FACE_BOUND('',#3759,.T.);
#4140=FACE_BOUND('',#3760,.T.);
#4141=FACE_BOUND('',#3761,.T.);
#4142=FACE_BOUND('',#3762,.T.);
#4143=FACE_BOUND('',#3763,.T.);
#4144=FACE_BOUND('',#3764,.T.);
#4145=FACE_BOUND('',#3765,.T.);
#4146=FACE_BOUND('',#3766,.T.);
#4147=FACE_BOUND('',#3767,.T.);
#4148=FACE_BOUND('',#3768,.T.);
#4149=FACE_BOUND('',#3769,.T.);
#4150=FACE_BOUND('',#3770,.T.);
#4151=FACE_BOUND('',#3771,.T.);
#4152=FACE_BOUND('',#3772,.T.);
#4153=FACE_BOUND('',#3773,.T.);
#4154=FACE_BOUND('',#3774,.T.);
#4155=FACE_BOUND('',#3775,.T.);
#4156=FACE_BOUND('',#3776,.T.);
#4157=FACE_BOUND('',#3777,.T.);
#4158=FACE_BOUND('',#3778,.T.);
#4159=FACE_BOUND('',#3779,.T.);
#4160=FACE_BOUND('',#3780,.T.);
#4161=FACE_BOUND('',#3781,.T.);
#4162=FACE_BOUND('',#3782,.T.);
#4163=FACE_BOUND('',#3783,.T.);
#4164=FACE_BOUND('',#3784,.T.);
#4165=FACE_BOUND('',#3785,.T.);
#4166=FACE_BOUND('',#3786,.T.);
#4167=FACE_BOUND('',#3787,.T.);
#4168=FACE_BOUND('',#3788,.T.);
#4169=FACE_BOUND('',#3789,.T.);
#4170=FACE_BOUND('',#3790,.T.);
#4171=FACE_BOUND('',#3791,.T.);
#4172=FACE_BOUND('',#3792,.T.);
#4173=FACE_BOUND('',#3793,.T.);
#4174=FACE_BOUND('',#3794,.T.);
#4175=FACE_BOUND('',#3795,.T.);
#4176=FACE_BOUND('',#3796,.T.);
#4177=FACE_BOUND('',#3797,.T.);
#4178=FACE_BOUND('',#3798,.T.);
#4179=FACE_BOUND('',#3799,.T.);
#4180=FACE_BOUND('',#3800,.T.);
#4181=FACE_BOUND('',#3801,.T.);
#4182=FACE_BOUND('',#3802,.T.);
#4183=FACE_BOUND('',#3803,.T.);
#4184=FACE_BOUND('',#11,.T.);
#4185=FACE_BOUND('',#3804,.T.);
#4186=FACE_BOUND('',#3805,.T.);
#4187=FACE_BOUND('',#3806,.T.);
#4188=FACE_BOUND('',#12,.T.);
#4189=FACE_BOUND('',#3807,.T.);
#4190=FACE_BOUND('',#3808,.T.);
#4191=FACE_BOUND('',#3809,.T.);
#4192=FACE_BOUND('',#13,.T.);
#4193=FACE_BOUND('',#3810,.T.);
#4194=FACE_BOUND('',#3811,.T.);
#4195=FACE_BOUND('',#3812,.T.);
#4196=FACE_BOUND('',#14,.T.);
#4197=FACE_BOUND('',#3813,.T.);
#4198=FACE_BOUND('',#3814,.T.);
#4199=FACE_BOUND('',#3815,.T.);
#4200=FACE_BOUND('',#15,.T.);
#4201=FACE_BOUND('',#3816,.T.);
#4202=FACE_BOUND('',#3817,.T.);
#4203=FACE_BOUND('',#3818,.T.);
#4204=FACE_BOUND('',#3819,.T.);
#4205=FACE_BOUND('',#3820,.T.);
#4206=FACE_BOUND('',#3821,.T.);
#4207=FACE_BOUND('',#3822,.T.);
#4208=FACE_BOUND('',#3823,.T.);
#4209=FACE_BOUND('',#3824,.T.);
#4210=FACE_BOUND('',#3825,.T.);
#4211=FACE_BOUND('',#3826,.T.);
#4212=FACE_BOUND('',#3827,.T.);
#4213=FACE_BOUND('',#3828,.T.);
#4214=FACE_BOUND('',#3829,.T.);
#4215=FACE_BOUND('',#3830,.T.);
#4216=FACE_BOUND('',#3831,.T.);
#4217=FACE_BOUND('',#3832,.T.);
#4218=FACE_BOUND('',#3833,.T.);
#4219=FACE_BOUND('',#3834,.T.);
#4220=FACE_BOUND('',#3835,.T.);
#4221=FACE_BOUND('',#3836,.T.);
#4222=FACE_BOUND('',#3837,.T.);
#4223=FACE_BOUND('',#3838,.T.);
#4224=FACE_BOUND('',#3839,.T.);
#4225=FACE_BOUND('',#3840,.T.);
#4226=FACE_BOUND('',#3841,.T.);
#4227=FACE_BOUND('',#3842,.T.);
#4228=FACE_BOUND('',#3843,.T.);
#4229=FACE_BOUND('',#3844,.T.);
#4230=FACE_BOUND('',#3845,.T.);
#4231=FACE_BOUND('',#3846,.T.);
#4232=FACE_BOUND('',#3847,.T.);
#4233=FACE_BOUND('',#3848,.T.);
#4234=FACE_BOUND('',#3849,.T.);
#4235=FACE_BOUND('',#3850,.T.);
#4236=FACE_BOUND('',#3851,.T.);
#4237=FACE_BOUND('',#3852,.T.);
#4238=FACE_BOUND('',#3853,.T.);
#4239=FACE_BOUND('',#3854,.T.);
#4240=FACE_BOUND('',#3855,.T.);
#4241=FACE_BOUND('',#3856,.T.);
#4242=FACE_BOUND('',#3857,.T.);
#4243=FACE_BOUND('',#3858,.T.);
#4244=FACE_BOUND('',#3859,.T.);
#4245=FACE_BOUND('',#3860,.T.);
#4246=FACE_BOUND('',#3861,.T.);
#4247=FACE_BOUND('',#3862,.T.);
#4248=FACE_BOUND('',#3863,.T.);
#4249=FACE_BOUND('',#3864,.T.);
#4250=FACE_BOUND('',#3865,.T.);
#4251=FACE_BOUND('',#3866,.T.);
#4252=FACE_BOUND('',#3867,.T.);
#4253=FACE_BOUND('',#3868,.T.);
#4254=FACE_BOUND('',#3869,.T.);
#4255=FACE_BOUND('',#3870,.T.);
#4256=FACE_BOUND('',#3871,.T.);
#4257=FACE_BOUND('',#3872,.T.);
#4258=FACE_BOUND('',#3873,.T.);
#4259=FACE_BOUND('',#3874,.T.);
#4260=FACE_BOUND('',#3875,.T.);
#4261=FACE_BOUND('',#3876,.T.);
#4262=FACE_BOUND('',#3877,.T.);
#4263=FACE_BOUND('',#3878,.T.);
#4264=FACE_BOUND('',#3879,.T.);
#4265=FACE_BOUND('',#3880,.T.);
#4266=FACE_BOUND('',#3881,.T.);
#4267=FACE_BOUND('',#3882,.T.);
#4268=FACE_BOUND('',#3883,.T.);
#4269=FACE_BOUND('',#3884,.T.);
#4270=FACE_BOUND('',#3885,.T.);
#4271=FACE_BOUND('',#3886,.T.);
#4272=FACE_BOUND('',#3887,.T.);
#4273=FACE_BOUND('',#3888,.T.);
#4274=FACE_BOUND('',#3889,.T.);
#4275=FACE_BOUND('',#3890,.T.);
#4276=FACE_BOUND('',#3891,.T.);
#4277=FACE_BOUND('',#3892,.T.);
#4278=FACE_BOUND('',#3893,.T.);
#4279=FACE_BOUND('',#3894,.T.);
#4280=FACE_BOUND('',#3895,.T.);
#4281=FACE_BOUND('',#3896,.T.);
#4282=FACE_BOUND('',#3897,.T.);
#4283=FACE_BOUND('',#3898,.T.);
#4284=FACE_BOUND('',#3899,.T.);
#4285=FACE_BOUND('',#3900,.T.);
#4286=FACE_BOUND('',#3901,.T.);
#4287=FACE_BOUND('',#3902,.T.);
#4288=FACE_BOUND('',#3903,.T.);
#4289=FACE_BOUND('',#3904,.T.);
#4290=FACE_BOUND('',#3905,.T.);
#4291=FACE_BOUND('',#3906,.T.);
#4292=FACE_BOUND('',#3907,.T.);
#4293=FACE_BOUND('',#3908,.T.);
#4294=FACE_BOUND('',#3909,.T.);
#4295=FACE_BOUND('',#3910,.T.);
#4296=FACE_BOUND('',#3911,.T.);
#4297=FACE_BOUND('',#3912,.T.);
#4298=FACE_BOUND('',#3913,.T.);
#4299=FACE_BOUND('',#3914,.T.);
#4300=FACE_BOUND('',#3915,.T.);
#4301=FACE_BOUND('',#3916,.T.);
#4302=FACE_BOUND('',#3917,.T.);
#4303=FACE_BOUND('',#3918,.T.);
#4304=FACE_BOUND('',#3919,.T.);
#4305=FACE_BOUND('',#3920,.T.);
#4306=FACE_BOUND('',#3921,.T.);
#4307=FACE_BOUND('',#3922,.T.);
#4308=FACE_BOUND('',#3923,.T.);
#4309=FACE_BOUND('',#3924,.T.);
#4310=FACE_BOUND('',#3925,.T.);
#4311=FACE_BOUND('',#3926,.T.);
#4312=FACE_BOUND('',#3927,.T.);
#4313=FACE_BOUND('',#3928,.T.);
#4314=FACE_BOUND('',#3929,.T.);
#4315=FACE_BOUND('',#3930,.T.);
#4316=FACE_BOUND('',#3931,.T.);
#4317=FACE_BOUND('',#3932,.T.);
#4318=FACE_BOUND('',#3933,.T.);
#4319=FACE_BOUND('',#3934,.T.);
#4320=FACE_BOUND('',#3935,.T.);
#4321=FACE_BOUND('',#3936,.T.);
#4322=FACE_BOUND('',#3937,.T.);
#4323=FACE_BOUND('',#3938,.T.);
#4324=FACE_BOUND('',#3939,.T.);
#4325=FACE_BOUND('',#3940,.T.);
#4326=FACE_BOUND('',#3941,.T.);
#4327=FACE_BOUND('',#3942,.T.);
#4328=FACE_BOUND('',#3943,.T.);
#4329=FACE_BOUND('',#3944,.T.);
#4330=FACE_BOUND('',#3945,.T.);
#4331=FACE_BOUND('',#3946,.T.);
#4332=FACE_BOUND('',#3947,.T.);
#4333=FACE_BOUND('',#3948,.T.);
#4334=FACE_BOUND('',#3949,.T.);
#4335=FACE_BOUND('',#3950,.T.);
#4336=FACE_BOUND('',#3951,.T.);
#4337=FACE_BOUND('',#3952,.T.);
#4338=FACE_BOUND('',#3953,.T.);
#4339=FACE_BOUND('',#3954,.T.);
#4340=FACE_BOUND('',#3955,.T.);
#4341=FACE_BOUND('',#3956,.T.);
#4342=FACE_BOUND('',#3957,.T.);
#4343=FACE_BOUND('',#3958,.T.);
#4344=FACE_BOUND('',#3959,.T.);
#4345=FACE_BOUND('',#3960,.T.);
#4346=FACE_BOUND('',#3961,.T.);
#4347=FACE_BOUND('',#3962,.T.);
#4348=FACE_BOUND('',#3963,.T.);
#4349=FACE_BOUND('',#3964,.T.);
#4350=FACE_BOUND('',#3965,.T.);
#4351=FACE_BOUND('',#3966,.T.);
#4352=FACE_BOUND('',#3967,.T.);
#4353=FACE_BOUND('',#3968,.T.);
#4354=FACE_BOUND('',#3969,.T.);
#4355=FACE_BOUND('',#3970,.T.);
#4356=FACE_BOUND('',#3971,.T.);
#4357=FACE_BOUND('',#3972,.T.);
#4358=FACE_BOUND('',#3973,.T.);
#4359=FACE_BOUND('',#3974,.T.);
#4360=FACE_BOUND('',#3975,.T.);
#4361=FACE_BOUND('',#3976,.T.);
#4362=FACE_BOUND('',#3977,.T.);
#4363=FACE_BOUND('',#3978,.T.);
#4364=FACE_BOUND('',#3979,.T.);
#4365=FACE_BOUND('',#3980,.T.);
#4366=FACE_BOUND('',#3981,.T.);
#4367=FACE_BOUND('',#3982,.T.);
#4368=FACE_BOUND('',#3983,.T.);
#4369=FACE_BOUND('',#3984,.T.);
#4370=FACE_BOUND('',#3985,.T.);
#4371=FACE_BOUND('',#3986,.T.);
#4372=FACE_BOUND('',#3987,.T.);
#4373=FACE_BOUND('',#3988,.T.);
#4374=FACE_BOUND('',#3989,.T.);
#4375=FACE_BOUND('',#3990,.T.);
#4376=FACE_BOUND('',#3991,.T.);
#4377=FACE_BOUND('',#3992,.T.);
#4378=FACE_BOUND('',#3993,.T.);
#4379=FACE_BOUND('',#3994,.T.);
#4380=FACE_BOUND('',#3995,.T.);
#4381=FACE_BOUND('',#3996,.T.);
#4382=FACE_BOUND('',#3997,.T.);
#4383=FACE_BOUND('',#3998,.T.);
#4384=FACE_BOUND('',#3999,.T.);
#4385=FACE_BOUND('',#4000,.T.);
#4386=FACE_BOUND('',#4001,.T.);
#4387=FACE_BOUND('',#4002,.T.);
#4388=FACE_BOUND('',#4003,.T.);
#4389=FACE_BOUND('',#4004,.T.);
#4390=FACE_BOUND('',#4005,.T.);
#4391=FACE_BOUND('',#4006,.T.);
#4392=FACE_BOUND('',#4007,.T.);
#4393=FACE_BOUND('',#4008,.T.);
#4394=FACE_BOUND('',#4009,.T.);
#4395=FACE_BOUND('',#4010,.T.);
#4396=FACE_BOUND('',#4011,.T.);
#4397=FACE_BOUND('',#4012,.T.);
#4398=FACE_BOUND('',#4013,.T.);
#4399=FACE_BOUND('',#4014,.T.);
#4400=FACE_BOUND('',#4015,.T.);
#4401=FACE_BOUND('',#4016,.T.);
#4402=FACE_BOUND('',#4017,.T.);
#4403=FACE_BOUND('',#4018,.T.);
#4404=FACE_BOUND('',#4019,.T.);
#4405=FACE_BOUND('',#4020,.T.);
#4406=FACE_BOUND('',#4021,.T.);
#4407=FACE_BOUND('',#4022,.T.);
#4408=FACE_BOUND('',#4023,.T.);
#4409=FACE_BOUND('',#4024,.T.);
#4410=FACE_BOUND('',#4025,.T.);
#4411=FACE_BOUND('',#4026,.T.);
#4412=FACE_BOUND('',#4027,.T.);
#4413=FACE_BOUND('',#4028,.T.);
#4414=FACE_BOUND('',#4029,.T.);
#4415=FACE_BOUND('',#4030,.T.);
#4416=FACE_BOUND('',#4031,.T.);
#4417=FACE_BOUND('',#4032,.T.);
#4418=FACE_BOUND('',#4033,.T.);
#4419=FACE_BOUND('',#4034,.T.);
#4420=FACE_BOUND('',#4035,.T.);
#4421=FACE_BOUND('',#4036,.T.);
#4422=FACE_BOUND('',#4037,.T.);
#4423=FACE_BOUND('',#4038,.T.);
#4424=FACE_BOUND('',#4039,.T.);
#4425=FACE_BOUND('',#4040,.T.);
#4426=FACE_BOUND('',#4041,.T.);
#4427=FACE_BOUND('',#4042,.T.);
#4428=FACE_BOUND('',#4043,.T.);
#4429=FACE_BOUND('',#4044,.T.);
#4430=FACE_BOUND('',#4045,.T.);
#4431=FACE_BOUND('',#4046,.T.);
#4432=FACE_BOUND('',#4047,.T.);
#4433=FACE_BOUND('',#4048,.T.);
#4434=FACE_BOUND('',#4049,.T.);
#4435=FACE_BOUND('',#4050,.T.);
#4436=FACE_BOUND('',#4051,.T.);
#4437=FACE_BOUND('',#4052,.T.);
#4438=FACE_BOUND('',#4053,.T.);
#4439=FACE_BOUND('',#4054,.T.);
#4440=FACE_BOUND('',#4055,.T.);
#4441=FACE_BOUND('',#4056,.T.);
#4442=FACE_BOUND('',#4057,.T.);
#4443=FACE_BOUND('',#4058,.T.);
#4444=FACE_BOUND('',#4059,.T.);
#4445=FACE_BOUND('',#4060,.T.);
#4446=FACE_BOUND('',#4061,.T.);
#4447=FACE_BOUND('',#4062,.T.);
#4448=FACE_BOUND('',#4063,.T.);
#4449=FACE_BOUND('',#4064,.T.);
#4450=FACE_BOUND('',#4065,.T.);
#4451=FACE_BOUND('',#4066,.T.);
#4452=FACE_BOUND('',#4067,.T.);
#4453=FACE_BOUND('',#4068,.T.);
#4454=FACE_BOUND('',#4069,.T.);
#4455=FACE_BOUND('',#4070,.T.);
#4456=FACE_BOUND('',#4071,.T.);
#4457=FACE_BOUND('',#4072,.T.);
#4458=FACE_BOUND('',#4073,.T.);
#4459=FACE_BOUND('',#4074,.T.);
#4460=FACE_BOUND('',#4075,.T.);
#4461=FACE_BOUND('',#4076,.T.);
#4462=FACE_BOUND('',#4077,.T.);
#4463=FACE_BOUND('',#4078,.T.);
#4464=FACE_BOUND('',#4079,.T.);
#4465=FACE_BOUND('',#4080,.T.);
#4466=FACE_BOUND('',#4081,.T.);
#4467=FACE_BOUND('',#4082,.T.);
#4468=FACE_BOUND('',#4083,.T.);
#4469=FACE_BOUND('',#4084,.T.);
#4470=FACE_BOUND('',#4085,.T.);
#4471=FACE_BOUND('',#4086,.T.);
#4472=FACE_BOUND('',#4087,.T.);
#4473=FACE_BOUND('',#4088,.T.);
#4474=FACE_BOUND('',#4089,.T.);
#4475=FACE_BOUND('',#4090,.T.);
#4476=FACE_BOUND('',#4091,.T.);
#4477=FACE_BOUND('',#4092,.T.);
#4478=FACE_BOUND('',#4093,.T.);
#4479=FACE_BOUND('',#4094,.T.);
#4480=FACE_BOUND('',#4095,.T.);
#4481=FACE_BOUND('',#4096,.T.);
#4482=FACE_BOUND('',#4097,.T.);
#4483=FACE_BOUND('',#4098,.T.);
#4484=FACE_BOUND('',#4099,.T.);
#4485=FACE_BOUND('',#4100,.T.);
#4486=FACE_BOUND('',#4101,.T.);
#4487=FACE_BOUND('',#4102,.T.);
#4488=FACE_BOUND('',#4103,.T.);
#4489=FACE_BOUND('',#4104,.T.);
#4490=FACE_BOUND('',#4105,.T.);
#4491=FACE_BOUND('',#4106,.T.);
#4492=FACE_BOUND('',#4107,.T.);
#4493=FACE_BOUND('',#4108,.T.);
#4494=CYLINDRICAL_SURFACE('',#5079,0.0017);
#4495=CYLINDRICAL_SURFACE('',#5094,0.002);
#4496=CYLINDRICAL_SURFACE('',#5098,0.002);
#4497=CYLINDRICAL_SURFACE('',#5101,0.002);
#4498=CYLINDRICAL_SURFACE('',#5105,0.002);
#4499=CYLINDRICAL_SURFACE('',#5108,0.002);
#4500=CYLINDRICAL_SURFACE('',#5112,0.002);
#4501=CYLINDRICAL_SURFACE('',#5115,0.002);
#4502=CYLINDRICAL_SURFACE('',#5119,0.002);
#4503=CYLINDRICAL_SURFACE('',#5122,0.002);
#4504=CYLINDRICAL_SURFACE('',#5126,0.002);
#4505=CYLINDRICAL_SURFACE('',#5129,0.01);
#4506=CYLINDRICAL_SURFACE('',#5133,0.0102764976958525);
#4507=CYLINDRICAL_SURFACE('',#5136,0.23);
#4508=CYLINDRICAL_SURFACE('',#5139,0.00705426356589143);
#4509=CYLINDRICAL_SURFACE('',#5143,0.01);
#4510=CYLINDRICAL_SURFACE('',#5146,0.002);
#4511=CYLINDRICAL_SURFACE('',#5150,0.002);
#4512=CYLINDRICAL_SURFACE('',#5153,0.002);
#4513=CYLINDRICAL_SURFACE('',#5157,0.002);
#4514=CYLINDRICAL_SURFACE('',#5160,0.002);
#4515=CYLINDRICAL_SURFACE('',#5164,0.002);
#4516=CYLINDRICAL_SURFACE('',#5171,0.23);
#4517=CYLINDRICAL_SURFACE('',#5187,0.0008);
#4518=CYLINDRICAL_SURFACE('',#5190,0.0008);
#4519=CYLINDRICAL_SURFACE('',#5193,0.0008);
#4520=CYLINDRICAL_SURFACE('',#5196,0.0008);
#4521=CYLINDRICAL_SURFACE('',#5199,0.0008);
#4522=CYLINDRICAL_SURFACE('',#5222,0.002);
#4523=CYLINDRICAL_SURFACE('',#5227,0.0102);
#4524=CYLINDRICAL_SURFACE('',#5230,0.2302);
#4525=CYLINDRICAL_SURFACE('',#5233,0.0102);
#4526=CYLINDRICAL_SURFACE('',#5237,0.00725426356589144);
#4527=CYLINDRICAL_SURFACE('',#5240,0.2298);
#4528=CYLINDRICAL_SURFACE('',#5243,0.0122);
#4529=CYLINDRICAL_SURFACE('',#5247,0.0124764976958525);
#4530=CYLINDRICAL_SURFACE('',#5250,0.2278);
#4531=CYLINDRICAL_SURFACE('',#5253,0.00925426356589144);
#4532=CYLINDRICAL_SURFACE('',#5257,0.0122);
#4533=CYLINDRICAL_SURFACE('',#5260,0.2322);
#4534=CYLINDRICAL_SURFACE('',#5263,0.0104764976958525);
#4535=CYLINDRICAL_SURFACE('',#5316,0.002);
#4536=CYLINDRICAL_SURFACE('',#5319,0.002);
#4537=CYLINDRICAL_SURFACE('',#5323,0.002);
#4538=CYLINDRICAL_SURFACE('',#5326,0.002);
#4539=CYLINDRICAL_SURFACE('',#5330,0.002);
#4540=CYLINDRICAL_SURFACE('',#5333,0.002);
#4541=CYLINDRICAL_SURFACE('',#5337,0.002);
#4542=CYLINDRICAL_SURFACE('',#5340,0.002);
#4543=CYLINDRICAL_SURFACE('',#5344,0.002);
#4544=CYLINDRICAL_SURFACE('',#5347,0.002);
#4545=CYLINDRICAL_SURFACE('',#5351,0.002);
#4546=CYLINDRICAL_SURFACE('',#5354,0.002);
#4547=CYLINDRICAL_SURFACE('',#5358,0.002);
#4548=CYLINDRICAL_SURFACE('',#5361,0.002);
#4549=CYLINDRICAL_SURFACE('',#5365,0.002);
#4550=CYLINDRICAL_SURFACE('',#5368,0.002);
#4551=CYLINDRICAL_SURFACE('',#5371,0.0013);
#4552=CYLINDRICAL_SURFACE('',#5374,0.0013);
#4553=CYLINDRICAL_SURFACE('',#5377,0.0013);
#4554=CYLINDRICAL_SURFACE('',#5380,0.0013);
#4555=CYLINDRICAL_SURFACE('',#5383,0.0013);
#4556=CYLINDRICAL_SURFACE('',#5386,0.002);
#4557=CYLINDRICAL_SURFACE('',#5415,0.0019);
#4558=CYLINDRICAL_SURFACE('',#5419,0.0019);
#4559=CYLINDRICAL_SURFACE('',#5425,0.0017);
#4560=CYLINDRICAL_SURFACE('',#5441,0.0019);
#4561=CYLINDRICAL_SURFACE('',#5445,0.0019);
#4562=CYLINDRICAL_SURFACE('',#5451,0.0017);
#4563=CYLINDRICAL_SURFACE('',#5467,0.0019);
#4564=CYLINDRICAL_SURFACE('',#5471,0.0019);
#4565=CYLINDRICAL_SURFACE('',#5477,0.0017);
#4566=CYLINDRICAL_SURFACE('',#5493,0.0019);
#4567=CYLINDRICAL_SURFACE('',#5497,0.0019);
#4568=CYLINDRICAL_SURFACE('',#5503,0.0017);
#4569=CYLINDRICAL_SURFACE('',#5519,0.0019);
#4570=CYLINDRICAL_SURFACE('',#5523,0.0019);
#4571=CYLINDRICAL_SURFACE('',#5529,0.0017);
#4572=CYLINDRICAL_SURFACE('',#5545,0.0019);
#4573=CYLINDRICAL_SURFACE('',#5549,0.0019);
#4574=CYLINDRICAL_SURFACE('',#5555,0.0017);
#4575=CYLINDRICAL_SURFACE('',#5571,0.0019);
#4576=CYLINDRICAL_SURFACE('',#5575,0.0019);
#4577=CYLINDRICAL_SURFACE('',#5581,0.0017);
#4578=CYLINDRICAL_SURFACE('',#5597,0.0019);
#4579=CYLINDRICAL_SURFACE('',#5601,0.0019);
#4580=ADVANCED_FACE('',(#4109,#4110),#4494,.T.);
#4581=ADVANCED_FACE('',(#4111),#90,.T.);
#4582=ADVANCED_FACE('',(#4112),#91,.F.);
#4583=ADVANCED_FACE('',(#4113),#92,.T.);
#4584=ADVANCED_FACE('',(#4114),#93,.T.);
#4585=ADVANCED_FACE('',(#4115),#94,.T.);
#4586=ADVANCED_FACE('',(#4116),#95,.F.);
#4587=ADVANCED_FACE('',(#4117),#96,.F.);
#4588=ADVANCED_FACE('',(#4118),#97,.T.);
#4589=ADVANCED_FACE('',(#4119,#4120),#52,.T.);
#4590=ADVANCED_FACE('',(#4121),#4495,.F.);
#4591=ADVANCED_FACE('',(#4122),#98,.F.);
#4592=ADVANCED_FACE('',(#4123),#4496,.F.);
#4593=ADVANCED_FACE('',(#4124),#4497,.F.);
#4594=ADVANCED_FACE('',(#4125),#99,.F.);
#4595=ADVANCED_FACE('',(#4126),#4498,.F.);
#4596=ADVANCED_FACE('',(#4127),#4499,.F.);
#4597=ADVANCED_FACE('',(#4128),#100,.F.);
#4598=ADVANCED_FACE('',(#4129),#4500,.F.);
#4599=ADVANCED_FACE('',(#4130),#4501,.F.);
#4600=ADVANCED_FACE('',(#4131),#101,.F.);
#4601=ADVANCED_FACE('',(#4132),#4502,.F.);
#4602=ADVANCED_FACE('',(#4133),#4503,.F.);
#4603=ADVANCED_FACE('',(#4134),#102,.F.);
#4604=ADVANCED_FACE('',(#4135),#4504,.F.);
#4605=ADVANCED_FACE('',(#4136),#4505,.T.);
#4606=ADVANCED_FACE('',(#4137),#103,.T.);
#4607=ADVANCED_FACE('',(#4138),#4506,.T.);
#4608=ADVANCED_FACE('',(#4139),#4507,.F.);
#4609=ADVANCED_FACE('',(#4140),#4508,.T.);
#4610=ADVANCED_FACE('',(#4141),#104,.F.);
#4611=ADVANCED_FACE('',(#4142),#4509,.T.);
#4612=ADVANCED_FACE('',(#4143),#4510,.F.);
#4613=ADVANCED_FACE('',(#4144),#105,.F.);
#4614=ADVANCED_FACE('',(#4145),#4511,.F.);
#4615=ADVANCED_FACE('',(#4146),#4512,.F.);
#4616=ADVANCED_FACE('',(#4147),#106,.F.);
#4617=ADVANCED_FACE('',(#4148),#4513,.F.);
#4618=ADVANCED_FACE('',(#4149),#4514,.F.);
#4619=ADVANCED_FACE('',(#4150),#107,.F.);
#4620=ADVANCED_FACE('',(#4151),#4515,.F.);
#4621=ADVANCED_FACE('',(#4152),#108,.T.);
#4622=ADVANCED_FACE('',(#4153),#109,.T.);
#4623=ADVANCED_FACE('',(#4154),#110,.T.);
#4624=ADVANCED_FACE('',(#4155),#111,.T.);
#4625=ADVANCED_FACE('',(#4156),#4516,.T.);
#4626=ADVANCED_FACE('',(#4157),#112,.T.);
#4627=ADVANCED_FACE('',(#4158),#113,.T.);
#4628=ADVANCED_FACE('',(#4159),#114,.T.);
#4629=ADVANCED_FACE('',(#4160),#115,.T.);
#4630=ADVANCED_FACE('',(#4161,#4162,#4163,#4164,#4165,#4166,#4167,#4168,#4169,#4170),#116,.T.);
#4631=ADVANCED_FACE('',(#4171,#4172,#4173,#4174,#4175,#4176,#4177,#4178,#4179,#4180,#4181),#117,.F.);
#4632=ADVANCED_FACE('',(#4182,#4183),#4517,.F.);
#4633=ADVANCED_FACE('',(#4184,#4185),#53,.F.);
#4634=ADVANCED_FACE('',(#4186,#4187),#4518,.F.);
#4635=ADVANCED_FACE('',(#4188,#4189),#54,.F.);
#4636=ADVANCED_FACE('',(#4190,#4191),#4519,.F.);
#4637=ADVANCED_FACE('',(#4192,#4193),#55,.F.);
#4638=ADVANCED_FACE('',(#4194,#4195),#4520,.F.);
#4639=ADVANCED_FACE('',(#4196,#4197),#56,.F.);
#4640=ADVANCED_FACE('',(#4198,#4199),#4521,.F.);
#4641=ADVANCED_FACE('',(#4200,#4201),#57,.F.);
#4642=ADVANCED_FACE('',(#4202,#4203,#4204),#118,.F.);
#4643=ADVANCED_FACE('',(#4205),#119,.F.);
#4644=ADVANCED_FACE('',(#4206),#120,.T.);
#4645=ADVANCED_FACE('',(#4207),#121,.T.);
#4646=ADVANCED_FACE('',(#4208),#122,.F.);
#4647=ADVANCED_FACE('',(#4209,#4210,#4211),#123,.F.);
#4648=ADVANCED_FACE('',(#4212),#124,.F.);
#4649=ADVANCED_FACE('',(#4213),#125,.T.);
#4650=ADVANCED_FACE('',(#4214),#126,.T.);
#4651=ADVANCED_FACE('',(#4215),#127,.F.);
#4652=ADVANCED_FACE('',(#4216,#4217,#4218),#128,.F.);
#4653=ADVANCED_FACE('',(#4219),#129,.F.);
#4654=ADVANCED_FACE('',(#4220),#130,.T.);
#4655=ADVANCED_FACE('',(#4221),#131,.T.);
#4656=ADVANCED_FACE('',(#4222),#132,.F.);
#4657=ADVANCED_FACE('',(#4223,#4224,#4225),#133,.F.);
#4658=ADVANCED_FACE('',(#4226),#134,.F.);
#4659=ADVANCED_FACE('',(#4227),#135,.T.);
#4660=ADVANCED_FACE('',(#4228),#136,.T.);
#4661=ADVANCED_FACE('',(#4229),#137,.F.);
#4662=ADVANCED_FACE('',(#4230,#4231),#4522,.F.);
#4663=ADVANCED_FACE('',(#4232,#4233),#58,.F.);
#4664=ADVANCED_FACE('',(#4234),#138,.F.);
#4665=ADVANCED_FACE('',(#4235),#4523,.F.);
#4666=ADVANCED_FACE('',(#4236),#4524,.F.);
#4667=ADVANCED_FACE('',(#4237),#4525,.F.);
#4668=ADVANCED_FACE('',(#4238),#139,.T.);
#4669=ADVANCED_FACE('',(#4239),#4526,.F.);
#4670=ADVANCED_FACE('',(#4240),#4527,.T.);
#4671=ADVANCED_FACE('',(#4241),#4528,.T.);
#4672=ADVANCED_FACE('',(#4242),#140,.T.);
#4673=ADVANCED_FACE('',(#4243),#4529,.T.);
#4674=ADVANCED_FACE('',(#4244),#4530,.F.);
#4675=ADVANCED_FACE('',(#4245),#4531,.T.);
#4676=ADVANCED_FACE('',(#4246),#141,.F.);
#4677=ADVANCED_FACE('',(#4247),#4532,.T.);
#4678=ADVANCED_FACE('',(#4248),#4533,.T.);
#4679=ADVANCED_FACE('',(#4249),#4534,.F.);
#4680=ADVANCED_FACE('',(#4250,#4251),#142,.T.);
#4681=ADVANCED_FACE('',(#4252,#4253,#4254,#4255,#4256,#4257,#4258,#4259,#4260,#4261,#4262,#4263,#4264,#4265,#4266),#143,.T.);
#4682=ADVANCED_FACE('',(#4267,#4268,#4269,#4270,#4271,#4272,#4273),#144,.F.);
#4683=ADVANCED_FACE('',(#4274),#145,.T.);
#4684=ADVANCED_FACE('',(#4275),#4535,.F.);
#4685=ADVANCED_FACE('',(#4276),#146,.F.);
#4686=ADVANCED_FACE('',(#4277),#4536,.F.);
#4687=ADVANCED_FACE('',(#4278),#147,.T.);
#4688=ADVANCED_FACE('',(#4279),#148,.T.);
#4689=ADVANCED_FACE('',(#4280),#4537,.F.);
#4690=ADVANCED_FACE('',(#4281),#149,.F.);
#4691=ADVANCED_FACE('',(#4282),#4538,.F.);
#4692=ADVANCED_FACE('',(#4283),#150,.T.);
#4693=ADVANCED_FACE('',(#4284),#151,.T.);
#4694=ADVANCED_FACE('',(#4285),#4539,.F.);
#4695=ADVANCED_FACE('',(#4286),#152,.F.);
#4696=ADVANCED_FACE('',(#4287),#4540,.F.);
#4697=ADVANCED_FACE('',(#4288),#153,.T.);
#4698=ADVANCED_FACE('',(#4289),#154,.T.);
#4699=ADVANCED_FACE('',(#4290),#4541,.F.);
#4700=ADVANCED_FACE('',(#4291),#155,.F.);
#4701=ADVANCED_FACE('',(#4292),#4542,.F.);
#4702=ADVANCED_FACE('',(#4293),#156,.T.);
#4703=ADVANCED_FACE('',(#4294),#157,.T.);
#4704=ADVANCED_FACE('',(#4295),#4543,.F.);
#4705=ADVANCED_FACE('',(#4296),#158,.F.);
#4706=ADVANCED_FACE('',(#4297),#4544,.F.);
#4707=ADVANCED_FACE('',(#4298),#159,.T.);
#4708=ADVANCED_FACE('',(#4299),#160,.T.);
#4709=ADVANCED_FACE('',(#4300),#4545,.F.);
#4710=ADVANCED_FACE('',(#4301),#161,.F.);
#4711=ADVANCED_FACE('',(#4302),#4546,.F.);
#4712=ADVANCED_FACE('',(#4303),#162,.T.);
#4713=ADVANCED_FACE('',(#4304),#163,.T.);
#4714=ADVANCED_FACE('',(#4305),#4547,.F.);
#4715=ADVANCED_FACE('',(#4306),#164,.F.);
#4716=ADVANCED_FACE('',(#4307),#4548,.F.);
#4717=ADVANCED_FACE('',(#4308),#165,.T.);
#4718=ADVANCED_FACE('',(#4309),#166,.T.);
#4719=ADVANCED_FACE('',(#4310),#4549,.F.);
#4720=ADVANCED_FACE('',(#4311),#167,.F.);
#4721=ADVANCED_FACE('',(#4312),#4550,.F.);
#4722=ADVANCED_FACE('',(#4313),#168,.T.);
#4723=ADVANCED_FACE('',(#4314,#4315),#4551,.F.);
#4724=ADVANCED_FACE('',(#4316,#4317),#59,.F.);
#4725=ADVANCED_FACE('',(#4318,#4319),#4552,.F.);
#4726=ADVANCED_FACE('',(#4320,#4321),#60,.F.);
#4727=ADVANCED_FACE('',(#4322,#4323),#4553,.F.);
#4728=ADVANCED_FACE('',(#4324,#4325),#61,.F.);
#4729=ADVANCED_FACE('',(#4326,#4327),#4554,.F.);
#4730=ADVANCED_FACE('',(#4328,#4329),#62,.F.);
#4731=ADVANCED_FACE('',(#4330,#4331),#4555,.F.);
#4732=ADVANCED_FACE('',(#4332,#4333),#63,.F.);
#4733=ADVANCED_FACE('',(#4334,#4335),#4556,.F.);
#4734=ADVANCED_FACE('',(#4336,#4337),#64,.F.);
#4735=ADVANCED_FACE('',(#4338),#169,.F.);
#4736=ADVANCED_FACE('',(#4339),#65,.T.);
#4737=ADVANCED_FACE('',(#4340),#66,.T.);
#4738=ADVANCED_FACE('',(#4341),#67,.F.);
#4739=ADVANCED_FACE('',(#4342),#68,.T.);
#4740=ADVANCED_FACE('',(#4343),#69,.T.);
#4741=ADVANCED_FACE('',(#4344),#70,.T.);
#4742=ADVANCED_FACE('',(#4345),#170,.T.);
#4743=ADVANCED_FACE('',(#4346),#171,.T.);
#4744=ADVANCED_FACE('',(#4347),#71,.T.);
#4745=ADVANCED_FACE('',(#4348),#72,.T.);
#4746=ADVANCED_FACE('',(#4349),#73,.F.);
#4747=ADVANCED_FACE('',(#4350),#74,.T.);
#4748=ADVANCED_FACE('',(#4351),#75,.T.);
#4749=ADVANCED_FACE('',(#4352),#76,.T.);
#4750=ADVANCED_FACE('',(#4353),#172,.F.);
#4751=ADVANCED_FACE('',(#4354),#173,.F.);
#4752=ADVANCED_FACE('',(#4355),#77,.F.);
#4753=ADVANCED_FACE('',(#4356),#78,.F.);
#4754=ADVANCED_FACE('',(#4357),#79,.T.);
#4755=ADVANCED_FACE('',(#4358),#80,.F.);
#4756=ADVANCED_FACE('',(#4359),#81,.F.);
#4757=ADVANCED_FACE('',(#4360),#82,.F.);
#4758=ADVANCED_FACE('',(#4361),#174,.T.);
#4759=ADVANCED_FACE('',(#4362),#175,.F.);
#4760=ADVANCED_FACE('',(#4363),#4557,.T.);
#4761=ADVANCED_FACE('',(#4364),#176,.T.);
#4762=ADVANCED_FACE('',(#4365),#4558,.T.);
#4763=ADVANCED_FACE('',(#4366),#177,.F.);
#4764=ADVANCED_FACE('',(#4367),#178,.T.);
#4765=ADVANCED_FACE('',(#4368,#4369),#4559,.T.);
#4766=ADVANCED_FACE('',(#4370),#179,.T.);
#4767=ADVANCED_FACE('',(#4371),#180,.F.);
#4768=ADVANCED_FACE('',(#4372),#181,.T.);
#4769=ADVANCED_FACE('',(#4373),#182,.T.);
#4770=ADVANCED_FACE('',(#4374),#183,.T.);
#4771=ADVANCED_FACE('',(#4375),#184,.F.);
#4772=ADVANCED_FACE('',(#4376),#185,.F.);
#4773=ADVANCED_FACE('',(#4377),#186,.T.);
#4774=ADVANCED_FACE('',(#4378,#4379),#83,.T.);
#4775=ADVANCED_FACE('',(#4380),#187,.F.);
#4776=ADVANCED_FACE('',(#4381),#4560,.T.);
#4777=ADVANCED_FACE('',(#4382),#188,.T.);
#4778=ADVANCED_FACE('',(#4383),#4561,.T.);
#4779=ADVANCED_FACE('',(#4384),#189,.F.);
#4780=ADVANCED_FACE('',(#4385),#190,.T.);
#4781=ADVANCED_FACE('',(#4386,#4387),#4562,.T.);
#4782=ADVANCED_FACE('',(#4388),#191,.T.);
#4783=ADVANCED_FACE('',(#4389),#192,.F.);
#4784=ADVANCED_FACE('',(#4390),#193,.T.);
#4785=ADVANCED_FACE('',(#4391),#194,.T.);
#4786=ADVANCED_FACE('',(#4392),#195,.T.);
#4787=ADVANCED_FACE('',(#4393),#196,.F.);
#4788=ADVANCED_FACE('',(#4394),#197,.F.);
#4789=ADVANCED_FACE('',(#4395),#198,.T.);
#4790=ADVANCED_FACE('',(#4396,#4397),#84,.T.);
#4791=ADVANCED_FACE('',(#4398),#199,.F.);
#4792=ADVANCED_FACE('',(#4399),#4563,.T.);
#4793=ADVANCED_FACE('',(#4400),#200,.T.);
#4794=ADVANCED_FACE('',(#4401),#4564,.T.);
#4795=ADVANCED_FACE('',(#4402),#201,.F.);
#4796=ADVANCED_FACE('',(#4403),#202,.T.);
#4797=ADVANCED_FACE('',(#4404,#4405),#4565,.T.);
#4798=ADVANCED_FACE('',(#4406),#203,.T.);
#4799=ADVANCED_FACE('',(#4407),#204,.F.);
#4800=ADVANCED_FACE('',(#4408),#205,.T.);
#4801=ADVANCED_FACE('',(#4409),#206,.T.);
#4802=ADVANCED_FACE('',(#4410),#207,.T.);
#4803=ADVANCED_FACE('',(#4411),#208,.F.);
#4804=ADVANCED_FACE('',(#4412),#209,.F.);
#4805=ADVANCED_FACE('',(#4413),#210,.T.);
#4806=ADVANCED_FACE('',(#4414,#4415),#85,.T.);
#4807=ADVANCED_FACE('',(#4416),#211,.F.);
#4808=ADVANCED_FACE('',(#4417),#4566,.T.);
#4809=ADVANCED_FACE('',(#4418),#212,.T.);
#4810=ADVANCED_FACE('',(#4419),#4567,.T.);
#4811=ADVANCED_FACE('',(#4420),#213,.F.);
#4812=ADVANCED_FACE('',(#4421),#214,.T.);
#4813=ADVANCED_FACE('',(#4422,#4423),#4568,.T.);
#4814=ADVANCED_FACE('',(#4424),#215,.T.);
#4815=ADVANCED_FACE('',(#4425),#216,.F.);
#4816=ADVANCED_FACE('',(#4426),#217,.T.);
#4817=ADVANCED_FACE('',(#4427),#218,.T.);
#4818=ADVANCED_FACE('',(#4428),#219,.T.);
#4819=ADVANCED_FACE('',(#4429),#220,.F.);
#4820=ADVANCED_FACE('',(#4430),#221,.F.);
#4821=ADVANCED_FACE('',(#4431),#222,.T.);
#4822=ADVANCED_FACE('',(#4432,#4433),#86,.T.);
#4823=ADVANCED_FACE('',(#4434),#223,.F.);
#4824=ADVANCED_FACE('',(#4435),#4569,.T.);
#4825=ADVANCED_FACE('',(#4436),#224,.T.);
#4826=ADVANCED_FACE('',(#4437),#4570,.T.);
#4827=ADVANCED_FACE('',(#4438),#225,.F.);
#4828=ADVANCED_FACE('',(#4439),#226,.T.);
#4829=ADVANCED_FACE('',(#4440,#4441),#4571,.T.);
#4830=ADVANCED_FACE('',(#4442),#227,.T.);
#4831=ADVANCED_FACE('',(#4443),#228,.F.);
#4832=ADVANCED_FACE('',(#4444),#229,.T.);
#4833=ADVANCED_FACE('',(#4445),#230,.T.);
#4834=ADVANCED_FACE('',(#4446),#231,.T.);
#4835=ADVANCED_FACE('',(#4447),#232,.F.);
#4836=ADVANCED_FACE('',(#4448),#233,.F.);
#4837=ADVANCED_FACE('',(#4449),#234,.T.);
#4838=ADVANCED_FACE('',(#4450,#4451),#87,.T.);
#4839=ADVANCED_FACE('',(#4452),#235,.F.);
#4840=ADVANCED_FACE('',(#4453),#4572,.T.);
#4841=ADVANCED_FACE('',(#4454),#236,.T.);
#4842=ADVANCED_FACE('',(#4455),#4573,.T.);
#4843=ADVANCED_FACE('',(#4456),#237,.F.);
#4844=ADVANCED_FACE('',(#4457),#238,.T.);
#4845=ADVANCED_FACE('',(#4458,#4459),#4574,.T.);
#4846=ADVANCED_FACE('',(#4460),#239,.T.);
#4847=ADVANCED_FACE('',(#4461),#240,.F.);
#4848=ADVANCED_FACE('',(#4462),#241,.T.);
#4849=ADVANCED_FACE('',(#4463),#242,.T.);
#4850=ADVANCED_FACE('',(#4464),#243,.T.);
#4851=ADVANCED_FACE('',(#4465),#244,.F.);
#4852=ADVANCED_FACE('',(#4466),#245,.F.);
#4853=ADVANCED_FACE('',(#4467),#246,.T.);
#4854=ADVANCED_FACE('',(#4468,#4469),#88,.T.);
#4855=ADVANCED_FACE('',(#4470),#247,.F.);
#4856=ADVANCED_FACE('',(#4471),#4575,.T.);
#4857=ADVANCED_FACE('',(#4472),#248,.T.);
#4858=ADVANCED_FACE('',(#4473),#4576,.T.);
#4859=ADVANCED_FACE('',(#4474),#249,.F.);
#4860=ADVANCED_FACE('',(#4475),#250,.T.);
#4861=ADVANCED_FACE('',(#4476,#4477),#4577,.T.);
#4862=ADVANCED_FACE('',(#4478),#251,.T.);
#4863=ADVANCED_FACE('',(#4479),#252,.F.);
#4864=ADVANCED_FACE('',(#4480),#253,.T.);
#4865=ADVANCED_FACE('',(#4481),#254,.T.);
#4866=ADVANCED_FACE('',(#4482),#255,.T.);
#4867=ADVANCED_FACE('',(#4483),#256,.F.);
#4868=ADVANCED_FACE('',(#4484),#257,.F.);
#4869=ADVANCED_FACE('',(#4485),#258,.T.);
#4870=ADVANCED_FACE('',(#4486,#4487),#89,.T.);
#4871=ADVANCED_FACE('',(#4488),#259,.F.);
#4872=ADVANCED_FACE('',(#4489),#4578,.T.);
#4873=ADVANCED_FACE('',(#4490),#260,.T.);
#4874=ADVANCED_FACE('',(#4491),#4579,.T.);
#4875=ADVANCED_FACE('',(#4492),#261,.F.);
#4876=ADVANCED_FACE('',(#4493),#262,.T.);
#4877=CLOSED_SHELL('',(#4580,#4581,#4582,#4583,#4584,#4585,#4586,#4587,#4588,#4589));
#4878=CLOSED_SHELL('',(#4590,#4591,#4592,#4593,#4594,#4595,#4596,#4597,#4598,#4599,#4600,#4601,#4602,#4603,#4604,#4605,#4606,#4607,#4608,#4609,#4610,#4611,#4612,#4613,#4614,#4615,#4616,#4617,#4618,#4619,#4620,#4621,#4622,#4623,#4624,#4625,#4626,#4627,#4628,#4629,#4630,#4631,#4632,#4633,#4634,#4635,#4636,#4637,#4638,#4639,#4640,#4641,#4642,#4643,#4644,#4645,#4646,#4647,#4648,#4649,#4650,#4651,#4652,#4653,#4654,#4655,#4656,#4657,#4658,#4659,#4660,#4661,#4662,#4663));
#4879=CLOSED_SHELL('',(#4664,#4665,#4666,#4667,#4668,#4669,#4670,#4671,#4672,#4673,#4674,#4675,#4676,#4677,#4678,#4679,#4680,#4681,#4682,#4683,#4684,#4685,#4686,#4687,#4688,#4689,#4690,#4691,#4692,#4693,#4694,#4695,#4696,#4697,#4698,#4699,#4700,#4701,#4702,#4703,#4704,#4705,#4706,#4707,#4708,#4709,#4710,#4711,#4712,#4713,#4714,#4715,#4716,#4717,#4718,#4719,#4720,#4721,#4722,#4723,#4724,#4725,#4726,#4727,#4728,#4729,#4730,#4731,#4732,#4733,#4734,#4735,#4736,#4737,#4738,#4739,#4740,#4741,#4742,#4743,#4744,#4745,#4746,#4747,#4748,#4749,#4750,#4751,#4752,#4753,#4754,#4755,#4756,#4757,#4758));
#4880=CLOSED_SHELL('',(#4759,#4760,#4761,#4762,#4763,#4764));
#4881=CLOSED_SHELL('',(#4765,#4766,#4767,#4768,#4769,#4770,#4771,#4772,#4773,#4774));
#4882=CLOSED_SHELL('',(#4775,#4776,#4777,#4778,#4779,#4780));
#4883=CLOSED_SHELL('',(#4781,#4782,#4783,#4784,#4785,#4786,#4787,#4788,#4789,#4790));
#4884=CLOSED_SHELL('',(#4791,#4792,#4793,#4794,#4795,#4796));
#4885=CLOSED_SHELL('',(#4797,#4798,#4799,#4800,#4801,#4802,#4803,#4804,#4805,#4806));
#4886=CLOSED_SHELL('',(#4807,#4808,#4809,#4810,#4811,#4812));
#4887=CLOSED_SHELL('',(#4813,#4814,#4815,#4816,#4817,#4818,#4819,#4820,#4821,#4822));
#4888=CLOSED_SHELL('',(#4823,#4824,#4825,#4826,#4827,#4828));
#4889=CLOSED_SHELL('',(#4829,#4830,#4831,#4832,#4833,#4834,#4835,#4836,#4837,#4838));
#4890=CLOSED_SHELL('',(#4839,#4840,#4841,#4842,#4843,#4844));
#4891=CLOSED_SHELL('',(#4845,#4846,#4847,#4848,#4849,#4850,#4851,#4852,#4853,#4854));
#4892=CLOSED_SHELL('',(#4855,#4856,#4857,#4858,#4859,#4860));
#4893=CLOSED_SHELL('',(#4861,#4862,#4863,#4864,#4865,#4866,#4867,#4868,#4869,#4870));
#4894=CLOSED_SHELL('',(#4871,#4872,#4873,#4874,#4875,#4876));
#4895=STYLED_ITEM('',(#4913),#5024);
#4896=STYLED_ITEM('',(#4914),#5025);
#4897=STYLED_ITEM('',(#4915),#5026);
#4898=STYLED_ITEM('',(#4916),#5027);
#4899=STYLED_ITEM('',(#4917),#5028);
#4900=STYLED_ITEM('',(#4918),#5029);
#4901=STYLED_ITEM('',(#4919),#5030);
#4902=STYLED_ITEM('',(#4920),#5031);
#4903=STYLED_ITEM('',(#4921),#5032);
#4904=STYLED_ITEM('',(#4922),#5033);
#4905=STYLED_ITEM('',(#4923),#5034);
#4906=STYLED_ITEM('',(#4924),#5035);
#4907=STYLED_ITEM('',(#4925),#5036);
#4908=STYLED_ITEM('',(#4926),#5037);
#4909=STYLED_ITEM('',(#4927),#5038);
#4910=STYLED_ITEM('',(#4928),#5039);
#4911=STYLED_ITEM('',(#4929),#5040);
#4912=STYLED_ITEM('',(#4930),#5041);
#4913=PRESENTATION_STYLE_ASSIGNMENT((#4931));
#4914=PRESENTATION_STYLE_ASSIGNMENT((#4932));
#4915=PRESENTATION_STYLE_ASSIGNMENT((#4933));
#4916=PRESENTATION_STYLE_ASSIGNMENT((#4934));
#4917=PRESENTATION_STYLE_ASSIGNMENT((#4935));
#4918=PRESENTATION_STYLE_ASSIGNMENT((#4936));
#4919=PRESENTATION_STYLE_ASSIGNMENT((#4937));
#4920=PRESENTATION_STYLE_ASSIGNMENT((#4938));
#4921=PRESENTATION_STYLE_ASSIGNMENT((#4939));
#4922=PRESENTATION_STYLE_ASSIGNMENT((#4940));
#4923=PRESENTATION_STYLE_ASSIGNMENT((#4941));
#4924=PRESENTATION_STYLE_ASSIGNMENT((#4942));
#4925=PRESENTATION_STYLE_ASSIGNMENT((#4943));
#4926=PRESENTATION_STYLE_ASSIGNMENT((#4944));
#4927=PRESENTATION_STYLE_ASSIGNMENT((#4945));
#4928=PRESENTATION_STYLE_ASSIGNMENT((#4946));
#4929=PRESENTATION_STYLE_ASSIGNMENT((#4947));
#4930=PRESENTATION_STYLE_ASSIGNMENT((#4948));
#4931=SURFACE_STYLE_USAGE(.BOTH.,#4949);
#4932=SURFACE_STYLE_USAGE(.BOTH.,#4950);
#4933=SURFACE_STYLE_USAGE(.BOTH.,#4951);
#4934=SURFACE_STYLE_USAGE(.BOTH.,#4952);
#4935=SURFACE_STYLE_USAGE(.BOTH.,#4953);
#4936=SURFACE_STYLE_USAGE(.BOTH.,#4954);
#4937=SURFACE_STYLE_USAGE(.BOTH.,#4955);
#4938=SURFACE_STYLE_USAGE(.BOTH.,#4956);
#4939=SURFACE_STYLE_USAGE(.BOTH.,#4957);
#4940=SURFACE_STYLE_USAGE(.BOTH.,#4958);
#4941=SURFACE_STYLE_USAGE(.BOTH.,#4959);
#4942=SURFACE_STYLE_USAGE(.BOTH.,#4960);
#4943=SURFACE_STYLE_USAGE(.BOTH.,#4961);
#4944=SURFACE_STYLE_USAGE(.BOTH.,#4962);
#4945=SURFACE_STYLE_USAGE(.BOTH.,#4963);
#4946=SURFACE_STYLE_USAGE(.BOTH.,#4964);
#4947=SURFACE_STYLE_USAGE(.BOTH.,#4965);
#4948=SURFACE_STYLE_USAGE(.BOTH.,#4966);
#4949=SURFACE_SIDE_STYLE('',(#4967));
#4950=SURFACE_SIDE_STYLE('',(#4968));
#4951=SURFACE_SIDE_STYLE('',(#4969));
#4952=SURFACE_SIDE_STYLE('',(#4970));
#4953=SURFACE_SIDE_STYLE('',(#4971));
#4954=SURFACE_SIDE_STYLE('',(#4972));
#4955=SURFACE_SIDE_STYLE('',(#4973));
#4956=SURFACE_SIDE_STYLE('',(#4974));
#4957=SURFACE_SIDE_STYLE('',(#4975));
#4958=SURFACE_SIDE_STYLE('',(#4976));
#4959=SURFACE_SIDE_STYLE('',(#4977));
#4960=SURFACE_SIDE_STYLE('',(#4978));
#4961=SURFACE_SIDE_STYLE('',(#4979));
#4962=SURFACE_SIDE_STYLE('',(#4980));
#4963=SURFACE_SIDE_STYLE('',(#4981));
#4964=SURFACE_SIDE_STYLE('',(#4982));
#4965=SURFACE_SIDE_STYLE('',(#4983));
#4966=SURFACE_SIDE_STYLE('',(#4984));
#4967=SURFACE_STYLE_FILL_AREA(#4985);
#4968=SURFACE_STYLE_FILL_AREA(#4986);
#4969=SURFACE_STYLE_FILL_AREA(#4987);
#4970=SURFACE_STYLE_FILL_AREA(#4988);
#4971=SURFACE_STYLE_FILL_AREA(#4989);
#4972=SURFACE_STYLE_FILL_AREA(#4990);
#4973=SURFACE_STYLE_FILL_AREA(#4991);
#4974=SURFACE_STYLE_FILL_AREA(#4992);
#4975=SURFACE_STYLE_FILL_AREA(#4993);
#4976=SURFACE_STYLE_FILL_AREA(#4994);
#4977=SURFACE_STYLE_FILL_AREA(#4995);
#4978=SURFACE_STYLE_FILL_AREA(#4996);
#4979=SURFACE_STYLE_FILL_AREA(#4997);
#4980=SURFACE_STYLE_FILL_AREA(#4998);
#4981=SURFACE_STYLE_FILL_AREA(#4999);
#4982=SURFACE_STYLE_FILL_AREA(#5000);
#4983=SURFACE_STYLE_FILL_AREA(#5001);
#4984=SURFACE_STYLE_FILL_AREA(#5002);
#4985=FILL_AREA_STYLE('',(#5003));
#4986=FILL_AREA_STYLE('',(#5004));
#4987=FILL_AREA_STYLE('',(#5005));
#4988=FILL_AREA_STYLE('',(#5006));
#4989=FILL_AREA_STYLE('',(#5007));
#4990=FILL_AREA_STYLE('',(#5008));
#4991=FILL_AREA_STYLE('',(#5009));
#4992=FILL_AREA_STYLE('',(#5010));
#4993=FILL_AREA_STYLE('',(#5011));
#4994=FILL_AREA_STYLE('',(#5012));
#4995=FILL_AREA_STYLE('',(#5013));
#4996=FILL_AREA_STYLE('',(#5014));
#4997=FILL_AREA_STYLE('',(#5015));
#4998=FILL_AREA_STYLE('',(#5016));
#4999=FILL_AREA_STYLE('',(#5017));
#5000=FILL_AREA_STYLE('',(#5018));
#5001=FILL_AREA_STYLE('',(#5019));
#5002=FILL_AREA_STYLE('',(#5020));
#5003=FILL_AREA_STYLE_COLOUR('',#5021);
#5004=FILL_AREA_STYLE_COLOUR('',#5022);
#5005=FILL_AREA_STYLE_COLOUR('',#5023);
#5006=FILL_AREA_STYLE_COLOUR('',#10);
#5007=FILL_AREA_STYLE_COLOUR('',#5021);
#5008=FILL_AREA_STYLE_COLOUR('',#10);
#5009=FILL_AREA_STYLE_COLOUR('',#5021);
#5010=FILL_AREA_STYLE_COLOUR('',#10);
#5011=FILL_AREA_STYLE_COLOUR('',#5021);
#5012=FILL_AREA_STYLE_COLOUR('',#10);
#5013=FILL_AREA_STYLE_COLOUR('',#5021);
#5014=FILL_AREA_STYLE_COLOUR('',#10);
#5015=FILL_AREA_STYLE_COLOUR('',#5021);
#5016=FILL_AREA_STYLE_COLOUR('',#10);
#5017=FILL_AREA_STYLE_COLOUR('',#5021);
#5018=FILL_AREA_STYLE_COLOUR('',#10);
#5019=FILL_AREA_STYLE_COLOUR('',#5021);
#5020=FILL_AREA_STYLE_COLOUR('',#10);
#5021=COLOUR_RGB('',0.513725490196078,0.737254901960784,0.407843137254902);
#5022=COLOUR_RGB('',0.541176470588235,0.682352941176471,0.83921568627451);
#5023=COLOUR_RGB('',0.0862745098039216,0.31764705882353,0.690196078431373);
#5024=MANIFOLD_SOLID_BREP('Slider 8',#4877);
#5025=MANIFOLD_SOLID_BREP('Faceplate',#4878);
#5026=MANIFOLD_SOLID_BREP('Base',#4879);
#5027=MANIFOLD_SOLID_BREP('Colour Insert 1',#4880);
#5028=MANIFOLD_SOLID_BREP('Slider 1',#4881);
#5029=MANIFOLD_SOLID_BREP('Colour Insert 2',#4882);
#5030=MANIFOLD_SOLID_BREP('Slider 2',#4883);
#5031=MANIFOLD_SOLID_BREP('Colour Insert 3',#4884);
#5032=MANIFOLD_SOLID_BREP('Slider 3',#4885);
#5033=MANIFOLD_SOLID_BREP('Colour Insert 4',#4886);
#5034=MANIFOLD_SOLID_BREP('Slider 4',#4887);
#5035=MANIFOLD_SOLID_BREP('Colour Insert 5',#4888);
#5036=MANIFOLD_SOLID_BREP('Slider 5',#4889);
#5037=MANIFOLD_SOLID_BREP('Colour Insert 6',#4890);
#5038=MANIFOLD_SOLID_BREP('Slider 6',#4891);
#5039=MANIFOLD_SOLID_BREP('Colour Insert 7',#4892);
#5040=MANIFOLD_SOLID_BREP('Slider 7',#4893);
#5041=MANIFOLD_SOLID_BREP('Colour Insert 8',#4894);
#5042=SHAPE_DEFINITION_REPRESENTATION(#8610,#5060);
#5043=SHAPE_DEFINITION_REPRESENTATION(#8611,#5061);
#5044=SHAPE_DEFINITION_REPRESENTATION(#8612,#5062);
#5045=SHAPE_DEFINITION_REPRESENTATION(#8613,#5063);
#5046=SHAPE_DEFINITION_REPRESENTATION(#8614,#5064);
#5047=SHAPE_DEFINITION_REPRESENTATION(#8615,#5065);
#5048=SHAPE_DEFINITION_REPRESENTATION(#8616,#5066);
#5049=SHAPE_DEFINITION_REPRESENTATION(#8617,#5067);
#5050=SHAPE_DEFINITION_REPRESENTATION(#8618,#5068);
#5051=SHAPE_DEFINITION_REPRESENTATION(#8619,#5069);
#5052=SHAPE_DEFINITION_REPRESENTATION(#8620,#5070);
#5053=SHAPE_DEFINITION_REPRESENTATION(#8621,#5071);
#5054=SHAPE_DEFINITION_REPRESENTATION(#8622,#5072);
#5055=SHAPE_DEFINITION_REPRESENTATION(#8623,#5073);
#5056=SHAPE_DEFINITION_REPRESENTATION(#8624,#5074);
#5057=SHAPE_DEFINITION_REPRESENTATION(#8625,#5075);
#5058=SHAPE_DEFINITION_REPRESENTATION(#8626,#5076);
#5059=SHAPE_DEFINITION_REPRESENTATION(#8627,#5077);
#5060=SHAPE_REPRESENTATION('Slider 8',(#5078),#8520);
#5061=SHAPE_REPRESENTATION('Faceplate',(#5093),#8521);
#5062=SHAPE_REPRESENTATION('Base',(#5225),#8522);
#5063=SHAPE_REPRESENTATION('Colour Insert 1',(#5413),#8523);
#5064=SHAPE_REPRESENTATION('Slider 1',(#5424),#8524);
#5065=SHAPE_REPRESENTATION('Colour Insert 2',(#5439),#8525);
#5066=SHAPE_REPRESENTATION('Slider 2',(#5450),#8526);
#5067=SHAPE_REPRESENTATION('Colour Insert 3',(#5465),#8527);
#5068=SHAPE_REPRESENTATION('Slider 3',(#5476),#8528);
#5069=SHAPE_REPRESENTATION('Colour Insert 4',(#5491),#8529);
#5070=SHAPE_REPRESENTATION('Slider 4',(#5502),#8530);
#5071=SHAPE_REPRESENTATION('Colour Insert 5',(#5517),#8531);
#5072=SHAPE_REPRESENTATION('Slider 5',(#5528),#8532);
#5073=SHAPE_REPRESENTATION('Colour Insert 6',(#5543),#8533);
#5074=SHAPE_REPRESENTATION('Slider 6',(#5554),#8534);
#5075=SHAPE_REPRESENTATION('Colour Insert 7',(#5569),#8535);
#5076=SHAPE_REPRESENTATION('Slider 7',(#5580),#8536);
#5077=SHAPE_REPRESENTATION('Colour Insert 8',(#5595),#8537);
#5078=AXIS2_PLACEMENT_3D('',#7096,#5606,#5607);
#5079=AXIS2_PLACEMENT_3D('',#7097,#5608,#5609);
#5080=AXIS2_PLACEMENT_3D('',#7098,#5610,#5611);
#5081=AXIS2_PLACEMENT_3D('',#7100,#5612,#5613);
#5082=AXIS2_PLACEMENT_3D('',#7105,#5615,#5616);
#5083=AXIS2_PLACEMENT_3D('',#7108,#5618,#5619);
#5084=AXIS2_PLACEMENT_3D('',#7109,#5620,#5621);
#5085=AXIS2_PLACEMENT_3D('',#7111,#5622,#5623);
#5086=AXIS2_PLACEMENT_3D('',#7121,#5629,#5630);
#5087=AXIS2_PLACEMENT_3D('',#7131,#5636,#5637);
#5088=AXIS2_PLACEMENT_3D('',#7133,#5639,#5640);
#5089=AXIS2_PLACEMENT_3D('',#7135,#5642,#5643);
#5090=AXIS2_PLACEMENT_3D('',#7137,#5645,#5646);
#5091=AXIS2_PLACEMENT_3D('',#7139,#5648,#5649);
#5092=AXIS2_PLACEMENT_3D('',#7140,#5650,#5651);
#5093=AXIS2_PLACEMENT_3D('',#7141,#5652,#5653);
#5094=AXIS2_PLACEMENT_3D('',#7142,#5654,#5655);
#5095=AXIS2_PLACEMENT_3D('',#7146,#5657,#5658);
#5096=AXIS2_PLACEMENT_3D('',#7150,#5660,#5661);
#5097=AXIS2_PLACEMENT_3D('',#7151,#5662,#5663);
#5098=AXIS2_PLACEMENT_3D('',#7157,#5667,#5668);
#5099=AXIS2_PLACEMENT_3D('',#7158,#5669,#5670);
#5100=AXIS2_PLACEMENT_3D('',#7162,#5672,#5673);
#5101=AXIS2_PLACEMENT_3D('',#7163,#5674,#5675);
#5102=AXIS2_PLACEMENT_3D('',#7167,#5677,#5678);
#5103=AXIS2_PLACEMENT_3D('',#7171,#5680,#5681);
#5104=AXIS2_PLACEMENT_3D('',#7172,#5682,#5683);
#5105=AXIS2_PLACEMENT_3D('',#7178,#5687,#5688);
#5106=AXIS2_PLACEMENT_3D('',#7179,#5689,#5690);
#5107=AXIS2_PLACEMENT_3D('',#7183,#5692,#5693);
#5108=AXIS2_PLACEMENT_3D('',#7184,#5694,#5695);
#5109=AXIS2_PLACEMENT_3D('',#7188,#5697,#5698);
#5110=AXIS2_PLACEMENT_3D('',#7192,#5700,#5701);
#5111=AXIS2_PLACEMENT_3D('',#7193,#5702,#5703);
#5112=AXIS2_PLACEMENT_3D('',#7199,#5707,#5708);
#5113=AXIS2_PLACEMENT_3D('',#7200,#5709,#5710);
#5114=AXIS2_PLACEMENT_3D('',#7204,#5712,#5713);
#5115=AXIS2_PLACEMENT_3D('',#7205,#5714,#5715);
#5116=AXIS2_PLACEMENT_3D('',#7209,#5717,#5718);
#5117=AXIS2_PLACEMENT_3D('',#7213,#5720,#5721);
#5118=AXIS2_PLACEMENT_3D('',#7214,#5722,#5723);
#5119=AXIS2_PLACEMENT_3D('',#7220,#5727,#5728);
#5120=AXIS2_PLACEMENT_3D('',#7221,#5729,#5730);
#5121=AXIS2_PLACEMENT_3D('',#7225,#5732,#5733);
#5122=AXIS2_PLACEMENT_3D('',#7226,#5734,#5735);
#5123=AXIS2_PLACEMENT_3D('',#7230,#5737,#5738);
#5124=AXIS2_PLACEMENT_3D('',#7234,#5740,#5741);
#5125=AXIS2_PLACEMENT_3D('',#7235,#5742,#5743);
#5126=AXIS2_PLACEMENT_3D('',#7241,#5747,#5748);
#5127=AXIS2_PLACEMENT_3D('',#7242,#5749,#5750);
#5128=AXIS2_PLACEMENT_3D('',#7246,#5752,#5753);
#5129=AXIS2_PLACEMENT_3D('',#7247,#5754,#5755);
#5130=AXIS2_PLACEMENT_3D('',#7248,#5756,#5757);
#5131=AXIS2_PLACEMENT_3D('',#7253,#5759,#5760);
#5132=AXIS2_PLACEMENT_3D('',#7256,#5762,#5763);
#5133=AXIS2_PLACEMENT_3D('',#7262,#5767,#5768);
#5134=AXIS2_PLACEMENT_3D('',#7263,#5769,#5770);
#5135=AXIS2_PLACEMENT_3D('',#7267,#5772,#5773);
#5136=AXIS2_PLACEMENT_3D('',#7268,#5774,#5775);
#5137=AXIS2_PLACEMENT_3D('',#7269,#5776,#5777);
#5138=AXIS2_PLACEMENT_3D('',#7273,#5779,#5780);
#5139=AXIS2_PLACEMENT_3D('',#7274,#5781,#5782);
#5140=AXIS2_PLACEMENT_3D('',#7275,#5783,#5784);
#5141=AXIS2_PLACEMENT_3D('',#7279,#5786,#5787);
#5142=AXIS2_PLACEMENT_3D('',#7280,#5788,#5789);
#5143=AXIS2_PLACEMENT_3D('',#7286,#5793,#5794);
#5144=AXIS2_PLACEMENT_3D('',#7287,#5795,#5796);
#5145=AXIS2_PLACEMENT_3D('',#7291,#5798,#5799);
#5146=AXIS2_PLACEMENT_3D('',#7292,#5800,#5801);
#5147=AXIS2_PLACEMENT_3D('',#7296,#5803,#5804);
#5148=AXIS2_PLACEMENT_3D('',#7300,#5806,#5807);
#5149=AXIS2_PLACEMENT_3D('',#7301,#5808,#5809);
#5150=AXIS2_PLACEMENT_3D('',#7307,#5813,#5814);
#5151=AXIS2_PLACEMENT_3D('',#7308,#5815,#5816);
#5152=AXIS2_PLACEMENT_3D('',#7312,#5818,#5819);
#5153=AXIS2_PLACEMENT_3D('',#7313,#5820,#5821);
#5154=AXIS2_PLACEMENT_3D('',#7317,#5823,#5824);
#5155=AXIS2_PLACEMENT_3D('',#7321,#5826,#5827);
#5156=AXIS2_PLACEMENT_3D('',#7322,#5828,#5829);
#5157=AXIS2_PLACEMENT_3D('',#7328,#5833,#5834);
#5158=AXIS2_PLACEMENT_3D('',#7329,#5835,#5836);
#5159=AXIS2_PLACEMENT_3D('',#7333,#5838,#5839);
#5160=AXIS2_PLACEMENT_3D('',#7334,#5840,#5841);
#5161=AXIS2_PLACEMENT_3D('',#7338,#5843,#5844);
#5162=AXIS2_PLACEMENT_3D('',#7342,#5846,#5847);
#5163=AXIS2_PLACEMENT_3D('',#7343,#5848,#5849);
#5164=AXIS2_PLACEMENT_3D('',#7349,#5853,#5854);
#5165=AXIS2_PLACEMENT_3D('',#7350,#5855,#5856);
#5166=AXIS2_PLACEMENT_3D('',#7354,#5858,#5859);
#5167=AXIS2_PLACEMENT_3D('',#7355,#5860,#5861);
#5168=AXIS2_PLACEMENT_3D('',#7358,#5864,#5865);
#5169=AXIS2_PLACEMENT_3D('',#7361,#5868,#5869);
#5170=AXIS2_PLACEMENT_3D('',#7364,#5872,#5873);
#5171=AXIS2_PLACEMENT_3D('',#7367,#5876,#5877);
#5172=AXIS2_PLACEMENT_3D('',#7368,#5878,#5879);
#5173=AXIS2_PLACEMENT_3D('',#7369,#5880,#5881);
#5174=AXIS2_PLACEMENT_3D('',#7370,#5882,#5883);
#5175=AXIS2_PLACEMENT_3D('',#7373,#5886,#5887);
#5176=AXIS2_PLACEMENT_3D('',#7376,#5890,#5891);
#5177=AXIS2_PLACEMENT_3D('',#7379,#5894,#5895);
#5178=AXIS2_PLACEMENT_3D('',#7382,#5898,#5899);
#5179=AXIS2_PLACEMENT_3D('',#7383,#5900,#5901);
#5180=AXIS2_PLACEMENT_3D('',#7385,#5902,#5903);
#5181=AXIS2_PLACEMENT_3D('',#7386,#5904,#5905);
#5182=AXIS2_PLACEMENT_3D('',#7420,#5922,#5923);
#5183=AXIS2_PLACEMENT_3D('',#7422,#5924,#5925);
#5184=AXIS2_PLACEMENT_3D('',#7424,#5926,#5927);
#5185=AXIS2_PLACEMENT_3D('',#7426,#5928,#5929);
#5186=AXIS2_PLACEMENT_3D('',#7428,#5930,#5931);
#5187=AXIS2_PLACEMENT_3D('',#7430,#5932,#5933);
#5188=AXIS2_PLACEMENT_3D('',#7431,#5934,#5935);
#5189=AXIS2_PLACEMENT_3D('',#7433,#5936,#5937);
#5190=AXIS2_PLACEMENT_3D('',#7435,#5938,#5939);
#5191=AXIS2_PLACEMENT_3D('',#7436,#5940,#5941);
#5192=AXIS2_PLACEMENT_3D('',#7438,#5942,#5943);
#5193=AXIS2_PLACEMENT_3D('',#7440,#5944,#5945);
#5194=AXIS2_PLACEMENT_3D('',#7441,#5946,#5947);
#5195=AXIS2_PLACEMENT_3D('',#7443,#5948,#5949);
#5196=AXIS2_PLACEMENT_3D('',#7445,#5950,#5951);
#5197=AXIS2_PLACEMENT_3D('',#7446,#5952,#5953);
#5198=AXIS2_PLACEMENT_3D('',#7448,#5954,#5955);
#5199=AXIS2_PLACEMENT_3D('',#7450,#5956,#5957);
#5200=AXIS2_PLACEMENT_3D('',#7451,#5958,#5959);
#5201=AXIS2_PLACEMENT_3D('',#7453,#5960,#5961);
#5202=AXIS2_PLACEMENT_3D('',#7455,#5962,#5963);
#5203=AXIS2_PLACEMENT_3D('',#7464,#5968,#5969);
#5204=AXIS2_PLACEMENT_3D('',#7467,#5972,#5973);
#5205=AXIS2_PLACEMENT_3D('',#7469,#5975,#5976);
#5206=AXIS2_PLACEMENT_3D('',#7471,#5978,#5979);
#5207=AXIS2_PLACEMENT_3D('',#7472,#5980,#5981);
#5208=AXIS2_PLACEMENT_3D('',#7481,#5986,#5987);
#5209=AXIS2_PLACEMENT_3D('',#7484,#5990,#5991);
#5210=AXIS2_PLACEMENT_3D('',#7486,#5993,#5994);
#5211=AXIS2_PLACEMENT_3D('',#7488,#5996,#5997);
#5212=AXIS2_PLACEMENT_3D('',#7489,#5998,#5999);
#5213=AXIS2_PLACEMENT_3D('',#7498,#6004,#6005);
#5214=AXIS2_PLACEMENT_3D('',#7501,#6008,#6009);
#5215=AXIS2_PLACEMENT_3D('',#7503,#6011,#6012);
#5216=AXIS2_PLACEMENT_3D('',#7505,#6014,#6015);
#5217=AXIS2_PLACEMENT_3D('',#7506,#6016,#6017);
#5218=AXIS2_PLACEMENT_3D('',#7515,#6022,#6023);
#5219=AXIS2_PLACEMENT_3D('',#7518,#6026,#6027);
#5220=AXIS2_PLACEMENT_3D('',#7520,#6029,#6030);
#5221=AXIS2_PLACEMENT_3D('',#7522,#6032,#6033);
#5222=AXIS2_PLACEMENT_3D('',#7523,#6034,#6035);
#5223=AXIS2_PLACEMENT_3D('',#7524,#6036,#6037);
#5224=AXIS2_PLACEMENT_3D('',#7526,#6038,#6039);
#5225=AXIS2_PLACEMENT_3D('',#7527,#6040,#6041);
#5226=AXIS2_PLACEMENT_3D('',#7528,#6042,#6043);
#5227=AXIS2_PLACEMENT_3D('',#7537,#6048,#6049);
#5228=AXIS2_PLACEMENT_3D('',#7541,#6051,#6052);
#5229=AXIS2_PLACEMENT_3D('',#7542,#6053,#6054);
#5230=AXIS2_PLACEMENT_3D('',#7543,#6055,#6056);
#5231=AXIS2_PLACEMENT_3D('',#7547,#6058,#6059);
#5232=AXIS2_PLACEMENT_3D('',#7548,#6060,#6061);
#5233=AXIS2_PLACEMENT_3D('',#7549,#6062,#6063);
#5234=AXIS2_PLACEMENT_3D('',#7553,#6065,#6066);
#5235=AXIS2_PLACEMENT_3D('',#7554,#6067,#6068);
#5236=AXIS2_PLACEMENT_3D('',#7555,#6069,#6070);
#5237=AXIS2_PLACEMENT_3D('',#7561,#6074,#6075);
#5238=AXIS2_PLACEMENT_3D('',#7565,#6077,#6078);
#5239=AXIS2_PLACEMENT_3D('',#7566,#6079,#6080);
#5240=AXIS2_PLACEMENT_3D('',#7567,#6081,#6082);
#5241=AXIS2_PLACEMENT_3D('',#7571,#6084,#6085);
#5242=AXIS2_PLACEMENT_3D('',#7572,#6086,#6087);
#5243=AXIS2_PLACEMENT_3D('',#7573,#6088,#6089);
#5244=AXIS2_PLACEMENT_3D('',#7577,#6091,#6092);
#5245=AXIS2_PLACEMENT_3D('',#7581,#6094,#6095);
#5246=AXIS2_PLACEMENT_3D('',#7582,#6096,#6097);
#5247=AXIS2_PLACEMENT_3D('',#7588,#6101,#6102);
#5248=AXIS2_PLACEMENT_3D('',#7589,#6103,#6104);
#5249=AXIS2_PLACEMENT_3D('',#7593,#6106,#6107);
#5250=AXIS2_PLACEMENT_3D('',#7594,#6108,#6109);
#5251=AXIS2_PLACEMENT_3D('',#7595,#6110,#6111);
#5252=AXIS2_PLACEMENT_3D('',#7599,#6113,#6114);
#5253=AXIS2_PLACEMENT_3D('',#7600,#6115,#6116);
#5254=AXIS2_PLACEMENT_3D('',#7601,#6117,#6118);
#5255=AXIS2_PLACEMENT_3D('',#7605,#6120,#6121);
#5256=AXIS2_PLACEMENT_3D('',#7606,#6122,#6123);
#5257=AXIS2_PLACEMENT_3D('',#7612,#6127,#6128);
#5258=AXIS2_PLACEMENT_3D('',#7613,#6129,#6130);
#5259=AXIS2_PLACEMENT_3D('',#7617,#6132,#6133);
#5260=AXIS2_PLACEMENT_3D('',#7618,#6134,#6135);
#5261=AXIS2_PLACEMENT_3D('',#7619,#6136,#6137);
#5262=AXIS2_PLACEMENT_3D('',#7620,#6138,#6139);
#5263=AXIS2_PLACEMENT_3D('',#7621,#6140,#6141);
#5264=AXIS2_PLACEMENT_3D('',#7622,#6142,#6143);
#5265=AXIS2_PLACEMENT_3D('',#7623,#6144,#6145);
#5266=AXIS2_PLACEMENT_3D('',#7624,#6146,#6147);
#5267=AXIS2_PLACEMENT_3D('',#7625,#6148,#6149);
#5268=AXIS2_PLACEMENT_3D('',#7630,#6151,#6152);
#5269=AXIS2_PLACEMENT_3D('',#7632,#6153,#6154);
#5270=AXIS2_PLACEMENT_3D('',#7634,#6155,#6156);
#5271=AXIS2_PLACEMENT_3D('',#7638,#6158,#6159);
#5272=AXIS2_PLACEMENT_3D('',#7640,#6160,#6161);
#5273=AXIS2_PLACEMENT_3D('',#7641,#6162,#6163);
#5274=AXIS2_PLACEMENT_3D('',#7646,#6165,#6166);
#5275=AXIS2_PLACEMENT_3D('',#7648,#6167,#6168);
#5276=AXIS2_PLACEMENT_3D('',#7650,#6169,#6170);
#5277=AXIS2_PLACEMENT_3D('',#7654,#6172,#6173);
#5278=AXIS2_PLACEMENT_3D('',#7656,#6174,#6175);
#5279=AXIS2_PLACEMENT_3D('',#7657,#6176,#6177);
#5280=AXIS2_PLACEMENT_3D('',#7658,#6178,#6179);
#5281=AXIS2_PLACEMENT_3D('',#7660,#6180,#6181);
#5282=AXIS2_PLACEMENT_3D('',#7662,#6182,#6183);
#5283=AXIS2_PLACEMENT_3D('',#7664,#6184,#6185);
#5284=AXIS2_PLACEMENT_3D('',#7666,#6186,#6187);
#5285=AXIS2_PLACEMENT_3D('',#7668,#6188,#6189);
#5286=AXIS2_PLACEMENT_3D('',#7670,#6190,#6191);
#5287=AXIS2_PLACEMENT_3D('',#7675,#6193,#6194);
#5288=AXIS2_PLACEMENT_3D('',#7678,#6196,#6197);
#5289=AXIS2_PLACEMENT_3D('',#7683,#6199,#6200);
#5290=AXIS2_PLACEMENT_3D('',#7686,#6202,#6203);
#5291=AXIS2_PLACEMENT_3D('',#7691,#6205,#6206);
#5292=AXIS2_PLACEMENT_3D('',#7694,#6208,#6209);
#5293=AXIS2_PLACEMENT_3D('',#7699,#6211,#6212);
#5294=AXIS2_PLACEMENT_3D('',#7702,#6214,#6215);
#5295=AXIS2_PLACEMENT_3D('',#7707,#6217,#6218);
#5296=AXIS2_PLACEMENT_3D('',#7710,#6220,#6221);
#5297=AXIS2_PLACEMENT_3D('',#7715,#6223,#6224);
#5298=AXIS2_PLACEMENT_3D('',#7718,#6226,#6227);
#5299=AXIS2_PLACEMENT_3D('',#7723,#6229,#6230);
#5300=AXIS2_PLACEMENT_3D('',#7726,#6232,#6233);
#5301=AXIS2_PLACEMENT_3D('',#7731,#6235,#6236);
#5302=AXIS2_PLACEMENT_3D('',#7734,#6238,#6239);
#5303=AXIS2_PLACEMENT_3D('',#7735,#6240,#6241);
#5304=AXIS2_PLACEMENT_3D('',#7737,#6242,#6243);
#5305=AXIS2_PLACEMENT_3D('',#7742,#6245,#6246);
#5306=AXIS2_PLACEMENT_3D('',#7744,#6247,#6248);
#5307=AXIS2_PLACEMENT_3D('',#7746,#6249,#6250);
#5308=AXIS2_PLACEMENT_3D('',#7750,#6252,#6253);
#5309=AXIS2_PLACEMENT_3D('',#7752,#6254,#6255);
#5310=AXIS2_PLACEMENT_3D('',#7753,#6256,#6257);
#5311=AXIS2_PLACEMENT_3D('',#7755,#6258,#6259);
#5312=AXIS2_PLACEMENT_3D('',#7757,#6260,#6261);
#5313=AXIS2_PLACEMENT_3D('',#7759,#6262,#6263);
#5314=AXIS2_PLACEMENT_3D('',#7761,#6264,#6265);
#5315=AXIS2_PLACEMENT_3D('',#7763,#6266,#6267);
#5316=AXIS2_PLACEMENT_3D('',#7769,#6271,#6272);
#5317=AXIS2_PLACEMENT_3D('',#7772,#6274,#6275);
#5318=AXIS2_PLACEMENT_3D('',#7773,#6276,#6277);
#5319=AXIS2_PLACEMENT_3D('',#7777,#6280,#6281);
#5320=AXIS2_PLACEMENT_3D('',#7778,#6282,#6283);
#5321=AXIS2_PLACEMENT_3D('',#7779,#6284,#6285);
#5322=AXIS2_PLACEMENT_3D('',#7780,#6286,#6287);
#5323=AXIS2_PLACEMENT_3D('',#7786,#6291,#6292);
#5324=AXIS2_PLACEMENT_3D('',#7789,#6294,#6295);
#5325=AXIS2_PLACEMENT_3D('',#7790,#6296,#6297);
#5326=AXIS2_PLACEMENT_3D('',#7794,#6300,#6301);
#5327=AXIS2_PLACEMENT_3D('',#7795,#6302,#6303);
#5328=AXIS2_PLACEMENT_3D('',#7796,#6304,#6305);
#5329=AXIS2_PLACEMENT_3D('',#7797,#6306,#6307);
#5330=AXIS2_PLACEMENT_3D('',#7803,#6311,#6312);
#5331=AXIS2_PLACEMENT_3D('',#7806,#6314,#6315);
#5332=AXIS2_PLACEMENT_3D('',#7807,#6316,#6317);
#5333=AXIS2_PLACEMENT_3D('',#7811,#6320,#6321);
#5334=AXIS2_PLACEMENT_3D('',#7812,#6322,#6323);
#5335=AXIS2_PLACEMENT_3D('',#7813,#6324,#6325);
#5336=AXIS2_PLACEMENT_3D('',#7814,#6326,#6327);
#5337=AXIS2_PLACEMENT_3D('',#7820,#6331,#6332);
#5338=AXIS2_PLACEMENT_3D('',#7823,#6334,#6335);
#5339=AXIS2_PLACEMENT_3D('',#7824,#6336,#6337);
#5340=AXIS2_PLACEMENT_3D('',#7828,#6340,#6341);
#5341=AXIS2_PLACEMENT_3D('',#7829,#6342,#6343);
#5342=AXIS2_PLACEMENT_3D('',#7830,#6344,#6345);
#5343=AXIS2_PLACEMENT_3D('',#7831,#6346,#6347);
#5344=AXIS2_PLACEMENT_3D('',#7837,#6351,#6352);
#5345=AXIS2_PLACEMENT_3D('',#7840,#6354,#6355);
#5346=AXIS2_PLACEMENT_3D('',#7841,#6356,#6357);
#5347=AXIS2_PLACEMENT_3D('',#7845,#6360,#6361);
#5348=AXIS2_PLACEMENT_3D('',#7846,#6362,#6363);
#5349=AXIS2_PLACEMENT_3D('',#7847,#6364,#6365);
#5350=AXIS2_PLACEMENT_3D('',#7848,#6366,#6367);
#5351=AXIS2_PLACEMENT_3D('',#7854,#6371,#6372);
#5352=AXIS2_PLACEMENT_3D('',#7857,#6374,#6375);
#5353=AXIS2_PLACEMENT_3D('',#7858,#6376,#6377);
#5354=AXIS2_PLACEMENT_3D('',#7862,#6380,#6381);
#5355=AXIS2_PLACEMENT_3D('',#7863,#6382,#6383);
#5356=AXIS2_PLACEMENT_3D('',#7864,#6384,#6385);
#5357=AXIS2_PLACEMENT_3D('',#7865,#6386,#6387);
#5358=AXIS2_PLACEMENT_3D('',#7871,#6391,#6392);
#5359=AXIS2_PLACEMENT_3D('',#7874,#6394,#6395);
#5360=AXIS2_PLACEMENT_3D('',#7875,#6396,#6397);
#5361=AXIS2_PLACEMENT_3D('',#7879,#6400,#6401);
#5362=AXIS2_PLACEMENT_3D('',#7880,#6402,#6403);
#5363=AXIS2_PLACEMENT_3D('',#7881,#6404,#6405);
#5364=AXIS2_PLACEMENT_3D('',#7882,#6406,#6407);
#5365=AXIS2_PLACEMENT_3D('',#7888,#6411,#6412);
#5366=AXIS2_PLACEMENT_3D('',#7891,#6414,#6415);
#5367=AXIS2_PLACEMENT_3D('',#7892,#6416,#6417);
#5368=AXIS2_PLACEMENT_3D('',#7896,#6420,#6421);
#5369=AXIS2_PLACEMENT_3D('',#7897,#6422,#6423);
#5370=AXIS2_PLACEMENT_3D('',#7898,#6424,#6425);
#5371=AXIS2_PLACEMENT_3D('',#7899,#6426,#6427);
#5372=AXIS2_PLACEMENT_3D('',#7900,#6428,#6429);
#5373=AXIS2_PLACEMENT_3D('',#7902,#6430,#6431);
#5374=AXIS2_PLACEMENT_3D('',#7903,#6432,#6433);
#5375=AXIS2_PLACEMENT_3D('',#7904,#6434,#6435);
#5376=AXIS2_PLACEMENT_3D('',#7906,#6436,#6437);
#5377=AXIS2_PLACEMENT_3D('',#7907,#6438,#6439);
#5378=AXIS2_PLACEMENT_3D('',#7908,#6440,#6441);
#5379=AXIS2_PLACEMENT_3D('',#7910,#6442,#6443);
#5380=AXIS2_PLACEMENT_3D('',#7911,#6444,#6445);
#5381=AXIS2_PLACEMENT_3D('',#7912,#6446,#6447);
#5382=AXIS2_PLACEMENT_3D('',#7914,#6448,#6449);
#5383=AXIS2_PLACEMENT_3D('',#7915,#6450,#6451);
#5384=AXIS2_PLACEMENT_3D('',#7916,#6452,#6453);
#5385=AXIS2_PLACEMENT_3D('',#7918,#6454,#6455);
#5386=AXIS2_PLACEMENT_3D('',#7919,#6456,#6457);
#5387=AXIS2_PLACEMENT_3D('',#7920,#6458,#6459);
#5388=AXIS2_PLACEMENT_3D('',#7922,#6460,#6461);
#5389=AXIS2_PLACEMENT_3D('',#7923,#6462,#6463);
#5390=AXIS2_PLACEMENT_3D('',#7926,#6466,#6467);
#5391=AXIS2_PLACEMENT_3D('',#7928,#6469,#6470);
#5392=AXIS2_PLACEMENT_3D('',#7930,#6472,#6473);
#5393=AXIS2_PLACEMENT_3D('',#7932,#6475,#6476);
#5394=AXIS2_PLACEMENT_3D('',#7934,#6478,#6479);
#5395=AXIS2_PLACEMENT_3D('',#7936,#6481,#6482);
#5396=AXIS2_PLACEMENT_3D('',#7938,#6484,#6485);
#5397=AXIS2_PLACEMENT_3D('',#7939,#6486,#6487);
#5398=AXIS2_PLACEMENT_3D('',#7942,#6490,#6491);
#5399=AXIS2_PLACEMENT_3D('',#7944,#6493,#6494);
#5400=AXIS2_PLACEMENT_3D('',#7946,#6496,#6497);
#5401=AXIS2_PLACEMENT_3D('',#7948,#6499,#6500);
#5402=AXIS2_PLACEMENT_3D('',#7950,#6502,#6503);
#5403=AXIS2_PLACEMENT_3D('',#7952,#6505,#6506);
#5404=AXIS2_PLACEMENT_3D('',#7954,#6508,#6509);
#5405=AXIS2_PLACEMENT_3D('',#7955,#6510,#6511);
#5406=AXIS2_PLACEMENT_3D('',#7958,#6514,#6515);
#5407=AXIS2_PLACEMENT_3D('',#7960,#6517,#6518);
#5408=AXIS2_PLACEMENT_3D('',#7962,#6520,#6521);
#5409=AXIS2_PLACEMENT_3D('',#7964,#6523,#6524);
#5410=AXIS2_PLACEMENT_3D('',#7966,#6526,#6527);
#5411=AXIS2_PLACEMENT_3D('',#7968,#6529,#6530);
#5412=AXIS2_PLACEMENT_3D('',#7970,#6532,#6533);
#5413=AXIS2_PLACEMENT_3D('',#7971,#6534,#6535);
#5414=AXIS2_PLACEMENT_3D('',#7972,#6536,#6537);
#5415=AXIS2_PLACEMENT_3D('',#7981,#6542,#6543);
#5416=AXIS2_PLACEMENT_3D('',#7982,#6544,#6545);
#5417=AXIS2_PLACEMENT_3D('',#7984,#6546,#6547);
#5418=AXIS2_PLACEMENT_3D('',#7987,#6549,#6550);
#5419=AXIS2_PLACEMENT_3D('',#7993,#6554,#6555);
#5420=AXIS2_PLACEMENT_3D('',#7994,#6556,#6557);
#5421=AXIS2_PLACEMENT_3D('',#7995,#6558,#6559);
#5422=AXIS2_PLACEMENT_3D('',#7996,#6560,#6561);
#5423=AXIS2_PLACEMENT_3D('',#7997,#6562,#6563);
#5424=AXIS2_PLACEMENT_3D('',#7998,#6564,#6565);
#5425=AXIS2_PLACEMENT_3D('',#7999,#6566,#6567);
#5426=AXIS2_PLACEMENT_3D('',#8000,#6568,#6569);
#5427=AXIS2_PLACEMENT_3D('',#8002,#6570,#6571);
#5428=AXIS2_PLACEMENT_3D('',#8007,#6573,#6574);
#5429=AXIS2_PLACEMENT_3D('',#8010,#6576,#6577);
#5430=AXIS2_PLACEMENT_3D('',#8011,#6578,#6579);
#5431=AXIS2_PLACEMENT_3D('',#8013,#6580,#6581);
#5432=AXIS2_PLACEMENT_3D('',#8023,#6587,#6588);
#5433=AXIS2_PLACEMENT_3D('',#8033,#6594,#6595);
#5434=AXIS2_PLACEMENT_3D('',#8035,#6597,#6598);
#5435=AXIS2_PLACEMENT_3D('',#8037,#6600,#6601);
#5436=AXIS2_PLACEMENT_3D('',#8039,#6603,#6604);
#5437=AXIS2_PLACEMENT_3D('',#8041,#6606,#6607);
#5438=AXIS2_PLACEMENT_3D('',#8042,#6608,#6609);
#5439=AXIS2_PLACEMENT_3D('',#8043,#6610,#6611);
#5440=AXIS2_PLACEMENT_3D('',#8044,#6612,#6613);
#5441=AXIS2_PLACEMENT_3D('',#8053,#6618,#6619);
#5442=AXIS2_PLACEMENT_3D('',#8054,#6620,#6621);
#5443=AXIS2_PLACEMENT_3D('',#8056,#6622,#6623);
#5444=AXIS2_PLACEMENT_3D('',#8059,#6625,#6626);
#5445=AXIS2_PLACEMENT_3D('',#8065,#6630,#6631);
#5446=AXIS2_PLACEMENT_3D('',#8066,#6632,#6633);
#5447=AXIS2_PLACEMENT_3D('',#8067,#6634,#6635);
#5448=AXIS2_PLACEMENT_3D('',#8068,#6636,#6637);
#5449=AXIS2_PLACEMENT_3D('',#8069,#6638,#6639);
#5450=AXIS2_PLACEMENT_3D('',#8070,#6640,#6641);
#5451=AXIS2_PLACEMENT_3D('',#8071,#6642,#6643);
#5452=AXIS2_PLACEMENT_3D('',#8072,#6644,#6645);
#5453=AXIS2_PLACEMENT_3D('',#8074,#6646,#6647);
#5454=AXIS2_PLACEMENT_3D('',#8079,#6649,#6650);
#5455=AXIS2_PLACEMENT_3D('',#8082,#6652,#6653);
#5456=AXIS2_PLACEMENT_3D('',#8083,#6654,#6655);
#5457=AXIS2_PLACEMENT_3D('',#8085,#6656,#6657);
#5458=AXIS2_PLACEMENT_3D('',#8095,#6663,#6664);
#5459=AXIS2_PLACEMENT_3D('',#8105,#6670,#6671);
#5460=AXIS2_PLACEMENT_3D('',#8107,#6673,#6674);
#5461=AXIS2_PLACEMENT_3D('',#8109,#6676,#6677);
#5462=AXIS2_PLACEMENT_3D('',#8111,#6679,#6680);
#5463=AXIS2_PLACEMENT_3D('',#8113,#6682,#6683);
#5464=AXIS2_PLACEMENT_3D('',#8114,#6684,#6685);
#5465=AXIS2_PLACEMENT_3D('',#8115,#6686,#6687);
#5466=AXIS2_PLACEMENT_3D('',#8116,#6688,#6689);
#5467=AXIS2_PLACEMENT_3D('',#8125,#6694,#6695);
#5468=AXIS2_PLACEMENT_3D('',#8126,#6696,#6697);
#5469=AXIS2_PLACEMENT_3D('',#8128,#6698,#6699);
#5470=AXIS2_PLACEMENT_3D('',#8131,#6701,#6702);
#5471=AXIS2_PLACEMENT_3D('',#8137,#6706,#6707);
#5472=AXIS2_PLACEMENT_3D('',#8138,#6708,#6709);
#5473=AXIS2_PLACEMENT_3D('',#8139,#6710,#6711);
#5474=AXIS2_PLACEMENT_3D('',#8140,#6712,#6713);
#5475=AXIS2_PLACEMENT_3D('',#8141,#6714,#6715);
#5476=AXIS2_PLACEMENT_3D('',#8142,#6716,#6717);
#5477=AXIS2_PLACEMENT_3D('',#8143,#6718,#6719);
#5478=AXIS2_PLACEMENT_3D('',#8144,#6720,#6721);
#5479=AXIS2_PLACEMENT_3D('',#8146,#6722,#6723);
#5480=AXIS2_PLACEMENT_3D('',#8151,#6725,#6726);
#5481=AXIS2_PLACEMENT_3D('',#8154,#6728,#6729);
#5482=AXIS2_PLACEMENT_3D('',#8155,#6730,#6731);
#5483=AXIS2_PLACEMENT_3D('',#8157,#6732,#6733);
#5484=AXIS2_PLACEMENT_3D('',#8167,#6739,#6740);
#5485=AXIS2_PLACEMENT_3D('',#8177,#6746,#6747);
#5486=AXIS2_PLACEMENT_3D('',#8179,#6749,#6750);
#5487=AXIS2_PLACEMENT_3D('',#8181,#6752,#6753);
#5488=AXIS2_PLACEMENT_3D('',#8183,#6755,#6756);
#5489=AXIS2_PLACEMENT_3D('',#8185,#6758,#6759);
#5490=AXIS2_PLACEMENT_3D('',#8186,#6760,#6761);
#5491=AXIS2_PLACEMENT_3D('',#8187,#6762,#6763);
#5492=AXIS2_PLACEMENT_3D('',#8188,#6764,#6765);
#5493=AXIS2_PLACEMENT_3D('',#8197,#6770,#6771);
#5494=AXIS2_PLACEMENT_3D('',#8198,#6772,#6773);
#5495=AXIS2_PLACEMENT_3D('',#8200,#6774,#6775);
#5496=AXIS2_PLACEMENT_3D('',#8203,#6777,#6778);
#5497=AXIS2_PLACEMENT_3D('',#8209,#6782,#6783);
#5498=AXIS2_PLACEMENT_3D('',#8210,#6784,#6785);
#5499=AXIS2_PLACEMENT_3D('',#8211,#6786,#6787);
#5500=AXIS2_PLACEMENT_3D('',#8212,#6788,#6789);
#5501=AXIS2_PLACEMENT_3D('',#8213,#6790,#6791);
#5502=AXIS2_PLACEMENT_3D('',#8214,#6792,#6793);
#5503=AXIS2_PLACEMENT_3D('',#8215,#6794,#6795);
#5504=AXIS2_PLACEMENT_3D('',#8216,#6796,#6797);
#5505=AXIS2_PLACEMENT_3D('',#8218,#6798,#6799);
#5506=AXIS2_PLACEMENT_3D('',#8223,#6801,#6802);
#5507=AXIS2_PLACEMENT_3D('',#8226,#6804,#6805);
#5508=AXIS2_PLACEMENT_3D('',#8227,#6806,#6807);
#5509=AXIS2_PLACEMENT_3D('',#8229,#6808,#6809);
#5510=AXIS2_PLACEMENT_3D('',#8239,#6815,#6816);
#5511=AXIS2_PLACEMENT_3D('',#8249,#6822,#6823);
#5512=AXIS2_PLACEMENT_3D('',#8251,#6825,#6826);
#5513=AXIS2_PLACEMENT_3D('',#8253,#6828,#6829);
#5514=AXIS2_PLACEMENT_3D('',#8255,#6831,#6832);
#5515=AXIS2_PLACEMENT_3D('',#8257,#6834,#6835);
#5516=AXIS2_PLACEMENT_3D('',#8258,#6836,#6837);
#5517=AXIS2_PLACEMENT_3D('',#8259,#6838,#6839);
#5518=AXIS2_PLACEMENT_3D('',#8260,#6840,#6841);
#5519=AXIS2_PLACEMENT_3D('',#8269,#6846,#6847);
#5520=AXIS2_PLACEMENT_3D('',#8270,#6848,#6849);
#5521=AXIS2_PLACEMENT_3D('',#8272,#6850,#6851);
#5522=AXIS2_PLACEMENT_3D('',#8275,#6853,#6854);
#5523=AXIS2_PLACEMENT_3D('',#8281,#6858,#6859);
#5524=AXIS2_PLACEMENT_3D('',#8282,#6860,#6861);
#5525=AXIS2_PLACEMENT_3D('',#8283,#6862,#6863);
#5526=AXIS2_PLACEMENT_3D('',#8284,#6864,#6865);
#5527=AXIS2_PLACEMENT_3D('',#8285,#6866,#6867);
#5528=AXIS2_PLACEMENT_3D('',#8286,#6868,#6869);
#5529=AXIS2_PLACEMENT_3D('',#8287,#6870,#6871);
#5530=AXIS2_PLACEMENT_3D('',#8288,#6872,#6873);
#5531=AXIS2_PLACEMENT_3D('',#8290,#6874,#6875);
#5532=AXIS2_PLACEMENT_3D('',#8295,#6877,#6878);
#5533=AXIS2_PLACEMENT_3D('',#8298,#6880,#6881);
#5534=AXIS2_PLACEMENT_3D('',#8299,#6882,#6883);
#5535=AXIS2_PLACEMENT_3D('',#8301,#6884,#6885);
#5536=AXIS2_PLACEMENT_3D('',#8311,#6891,#6892);
#5537=AXIS2_PLACEMENT_3D('',#8321,#6898,#6899);
#5538=AXIS2_PLACEMENT_3D('',#8323,#6901,#6902);
#5539=AXIS2_PLACEMENT_3D('',#8325,#6904,#6905);
#5540=AXIS2_PLACEMENT_3D('',#8327,#6907,#6908);
#5541=AXIS2_PLACEMENT_3D('',#8329,#6910,#6911);
#5542=AXIS2_PLACEMENT_3D('',#8330,#6912,#6913);
#5543=AXIS2_PLACEMENT_3D('',#8331,#6914,#6915);
#5544=AXIS2_PLACEMENT_3D('',#8332,#6916,#6917);
#5545=AXIS2_PLACEMENT_3D('',#8341,#6922,#6923);
#5546=AXIS2_PLACEMENT_3D('',#8342,#6924,#6925);
#5547=AXIS2_PLACEMENT_3D('',#8344,#6926,#6927);
#5548=AXIS2_PLACEMENT_3D('',#8347,#6929,#6930);
#5549=AXIS2_PLACEMENT_3D('',#8353,#6934,#6935);
#5550=AXIS2_PLACEMENT_3D('',#8354,#6936,#6937);
#5551=AXIS2_PLACEMENT_3D('',#8355,#6938,#6939);
#5552=AXIS2_PLACEMENT_3D('',#8356,#6940,#6941);
#5553=AXIS2_PLACEMENT_3D('',#8357,#6942,#6943);
#5554=AXIS2_PLACEMENT_3D('',#8358,#6944,#6945);
#5555=AXIS2_PLACEMENT_3D('',#8359,#6946,#6947);
#5556=AXIS2_PLACEMENT_3D('',#8360,#6948,#6949);
#5557=AXIS2_PLACEMENT_3D('',#8362,#6950,#6951);
#5558=AXIS2_PLACEMENT_3D('',#8367,#6953,#6954);
#5559=AXIS2_PLACEMENT_3D('',#8370,#6956,#6957);
#5560=AXIS2_PLACEMENT_3D('',#8371,#6958,#6959);
#5561=AXIS2_PLACEMENT_3D('',#8373,#6960,#6961);
#5562=AXIS2_PLACEMENT_3D('',#8383,#6967,#6968);
#5563=AXIS2_PLACEMENT_3D('',#8393,#6974,#6975);
#5564=AXIS2_PLACEMENT_3D('',#8395,#6977,#6978);
#5565=AXIS2_PLACEMENT_3D('',#8397,#6980,#6981);
#5566=AXIS2_PLACEMENT_3D('',#8399,#6983,#6984);
#5567=AXIS2_PLACEMENT_3D('',#8401,#6986,#6987);
#5568=AXIS2_PLACEMENT_3D('',#8402,#6988,#6989);
#5569=AXIS2_PLACEMENT_3D('',#8403,#6990,#6991);
#5570=AXIS2_PLACEMENT_3D('',#8404,#6992,#6993);
#5571=AXIS2_PLACEMENT_3D('',#8413,#6998,#6999);
#5572=AXIS2_PLACEMENT_3D('',#8414,#7000,#7001);
#5573=AXIS2_PLACEMENT_3D('',#8416,#7002,#7003);
#5574=AXIS2_PLACEMENT_3D('',#8419,#7005,#7006);
#5575=AXIS2_PLACEMENT_3D('',#8425,#7010,#7011);
#5576=AXIS2_PLACEMENT_3D('',#8426,#7012,#7013);
#5577=AXIS2_PLACEMENT_3D('',#8427,#7014,#7015);
#5578=AXIS2_PLACEMENT_3D('',#8428,#7016,#7017);
#5579=AXIS2_PLACEMENT_3D('',#8429,#7018,#7019);
#5580=AXIS2_PLACEMENT_3D('',#8430,#7020,#7021);
#5581=AXIS2_PLACEMENT_3D('',#8431,#7022,#7023);
#5582=AXIS2_PLACEMENT_3D('',#8432,#7024,#7025);
#5583=AXIS2_PLACEMENT_3D('',#8434,#7026,#7027);
#5584=AXIS2_PLACEMENT_3D('',#8439,#7029,#7030);
#5585=AXIS2_PLACEMENT_3D('',#8442,#7032,#7033);
#5586=AXIS2_PLACEMENT_3D('',#8443,#7034,#7035);
#5587=AXIS2_PLACEMENT_3D('',#8445,#7036,#7037);
#5588=AXIS2_PLACEMENT_3D('',#8455,#7043,#7044);
#5589=AXIS2_PLACEMENT_3D('',#8465,#7050,#7051);
#5590=AXIS2_PLACEMENT_3D('',#8467,#7053,#7054);
#5591=AXIS2_PLACEMENT_3D('',#8469,#7056,#7057);
#5592=AXIS2_PLACEMENT_3D('',#8471,#7059,#7060);
#5593=AXIS2_PLACEMENT_3D('',#8473,#7062,#7063);
#5594=AXIS2_PLACEMENT_3D('',#8474,#7064,#7065);
#5595=AXIS2_PLACEMENT_3D('',#8475,#7066,#7067);
#5596=AXIS2_PLACEMENT_3D('',#8476,#7068,#7069);
#5597=AXIS2_PLACEMENT_3D('',#8485,#7074,#7075);
#5598=AXIS2_PLACEMENT_3D('',#8486,#7076,#7077);
#5599=AXIS2_PLACEMENT_3D('',#8488,#7078,#7079);
#5600=AXIS2_PLACEMENT_3D('',#8491,#7081,#7082);
#5601=AXIS2_PLACEMENT_3D('',#8497,#7086,#7087);
#5602=AXIS2_PLACEMENT_3D('',#8498,#7088,#7089);
#5603=AXIS2_PLACEMENT_3D('',#8499,#7090,#7091);
#5604=AXIS2_PLACEMENT_3D('',#8500,#7092,#7093);
#5605=AXIS2_PLACEMENT_3D('',#8501,#7094,#7095);
#5606=DIRECTION('',(0.,0.,1.));
#5607=DIRECTION('',(1.,0.,0.));
#5608=DIRECTION('',(0.,0.,-1.));
#5609=DIRECTION('',(-1.,0.,0.));
#5610=DIRECTION('',(0.,0.,1.));
#5611=DIRECTION('',(1.,0.,0.));
#5612=DIRECTION('',(0.,0.,1.));
#5613=DIRECTION('',(1.,0.,0.));
#5614=DIRECTION('',(0.,0.,-1.));
#5615=DIRECTION('',(0.,0.,1.));
#5616=DIRECTION('',(1.,0.,0.));
#5617=DIRECTION('',(0.,0.,-1.));
#5618=DIRECTION('',(0.,0.,1.));
#5619=DIRECTION('',(1.,0.,0.));
#5620=DIRECTION('',(0.,0.,1.));
#5621=DIRECTION('',(1.,0.,0.));
#5622=DIRECTION('',(0.,0.,1.));
#5623=DIRECTION('',(1.,0.,0.));
#5624=DIRECTION('',(0.,-1.,0.));
#5625=DIRECTION('',(-1.,-3.61400724161835E-16,0.));
#5626=DIRECTION('',(1.15648231731787E-15,-1.,0.));
#5627=DIRECTION('',(-1.,-1.44560289664734E-16,0.));
#5628=DIRECTION('',(0.,-1.,0.));
#5629=DIRECTION('',(0.,0.,1.));
#5630=DIRECTION('',(1.,0.,0.));
#5631=DIRECTION('',(0.,-1.,0.));
#5632=DIRECTION('',(-1.,-1.44560289664734E-16,0.));
#5633=DIRECTION('',(1.15648231731787E-15,-1.,0.));
#5634=DIRECTION('',(-1.,-3.61400724161835E-16,0.));
#5635=DIRECTION('',(0.,-1.,0.));
#5636=DIRECTION('',(1.,0.,0.));
#5637=DIRECTION('',(0.,0.,-1.));
#5638=DIRECTION('',(0.,0.,-1.));
#5639=DIRECTION('',(1.,0.,0.));
#5640=DIRECTION('',(0.,0.,-1.));
#5641=DIRECTION('',(0.,0.,-1.));
#5642=DIRECTION('',(1.44560289664734E-16,-1.,0.));
#5643=DIRECTION('',(1.,1.44560289664734E-16,0.));
#5644=DIRECTION('',(0.,0.,-1.));
#5645=DIRECTION('',(1.,1.15648231731787E-15,0.));
#5646=DIRECTION('',(-1.15648231731787E-15,1.,0.));
#5647=DIRECTION('',(0.,0.,-1.));
#5648=DIRECTION('',(3.61400724161835E-16,-1.,0.));
#5649=DIRECTION('',(1.,3.61400724161835E-16,0.));
#5650=DIRECTION('',(0.,0.,-1.));
#5651=DIRECTION('',(-1.,0.,0.));
#5652=DIRECTION('',(0.,0.,1.));
#5653=DIRECTION('',(1.,0.,0.));
#5654=DIRECTION('',(0.,0.,-1.));
#5655=DIRECTION('',(-1.,0.,0.));
#5656=DIRECTION('',(0.,0.,-1.));
#5657=DIRECTION('',(0.,0.,1.));
#5658=DIRECTION('',(1.,0.,0.));
#5659=DIRECTION('',(0.,0.,-1.));
#5660=DIRECTION('',(0.,0.,-1.));
#5661=DIRECTION('',(1.,0.,0.));
#5662=DIRECTION('',(0.,1.,0.));
#5663=DIRECTION('',(0.,0.,1.));
#5664=DIRECTION('',(1.,0.,0.));
#5665=DIRECTION('',(0.,0.,-1.));
#5666=DIRECTION('',(1.,0.,0.));
#5667=DIRECTION('',(0.,0.,-1.));
#5668=DIRECTION('',(-1.,0.,0.));
#5669=DIRECTION('',(0.,0.,1.));
#5670=DIRECTION('',(1.,0.,0.));
#5671=DIRECTION('',(0.,0.,-1.));
#5672=DIRECTION('',(0.,0.,-1.));
#5673=DIRECTION('',(1.,0.,0.));
#5674=DIRECTION('',(0.,0.,-1.));
#5675=DIRECTION('',(-1.,0.,0.));
#5676=DIRECTION('',(0.,0.,-1.));
#5677=DIRECTION('',(0.,0.,1.));
#5678=DIRECTION('',(1.,0.,0.));
#5679=DIRECTION('',(0.,0.,-1.));
#5680=DIRECTION('',(0.,0.,-1.));
#5681=DIRECTION('',(1.,0.,0.));
#5682=DIRECTION('',(0.,1.,0.));
#5683=DIRECTION('',(0.,0.,1.));
#5684=DIRECTION('',(1.,0.,0.));
#5685=DIRECTION('',(0.,0.,-1.));
#5686=DIRECTION('',(1.,0.,0.));
#5687=DIRECTION('',(0.,0.,-1.));
#5688=DIRECTION('',(-1.,0.,0.));
#5689=DIRECTION('',(0.,0.,1.));
#5690=DIRECTION('',(1.,0.,0.));
#5691=DIRECTION('',(0.,0.,-1.));
#5692=DIRECTION('',(0.,0.,-1.));
#5693=DIRECTION('',(1.,0.,0.));
#5694=DIRECTION('',(0.,0.,-1.));
#5695=DIRECTION('',(-1.,0.,0.));
#5696=DIRECTION('',(0.,0.,-1.));
#5697=DIRECTION('',(0.,0.,1.));
#5698=DIRECTION('',(1.,0.,0.));
#5699=DIRECTION('',(0.,0.,-1.));
#5700=DIRECTION('',(0.,0.,-1.));
#5701=DIRECTION('',(1.,0.,0.));
#5702=DIRECTION('',(0.,1.,0.));
#5703=DIRECTION('',(0.,0.,1.));
#5704=DIRECTION('',(1.,0.,0.));
#5705=DIRECTION('',(0.,0.,-1.));
#5706=DIRECTION('',(1.,0.,0.));
#5707=DIRECTION('',(0.,0.,-1.));
#5708=DIRECTION('',(-1.,0.,0.));
#5709=DIRECTION('',(0.,0.,1.));
#5710=DIRECTION('',(1.,0.,0.));
#5711=DIRECTION('',(0.,0.,-1.));
#5712=DIRECTION('',(0.,0.,-1.));
#5713=DIRECTION('',(1.,0.,0.));
#5714=DIRECTION('',(0.,0.,-1.));
#5715=DIRECTION('',(-1.,0.,0.));
#5716=DIRECTION('',(0.,0.,-1.));
#5717=DIRECTION('',(0.,0.,1.));
#5718=DIRECTION('',(1.,0.,0.));
#5719=DIRECTION('',(0.,0.,-1.));
#5720=DIRECTION('',(0.,0.,-1.));
#5721=DIRECTION('',(1.,0.,0.));
#5722=DIRECTION('',(0.,1.,0.));
#5723=DIRECTION('',(0.,0.,1.));
#5724=DIRECTION('',(1.,0.,0.));
#5725=DIRECTION('',(0.,0.,-1.));
#5726=DIRECTION('',(1.,0.,0.));
#5727=DIRECTION('',(0.,0.,-1.));
#5728=DIRECTION('',(-1.,0.,0.));
#5729=DIRECTION('',(0.,0.,1.));
#5730=DIRECTION('',(1.,0.,0.));
#5731=DIRECTION('',(0.,0.,-1.));
#5732=DIRECTION('',(0.,0.,-1.));
#5733=DIRECTION('',(1.,0.,0.));
#5734=DIRECTION('',(0.,0.,-1.));
#5735=DIRECTION('',(-1.,0.,0.));
#5736=DIRECTION('',(0.,0.,-1.));
#5737=DIRECTION('',(0.,0.,1.));
#5738=DIRECTION('',(1.,0.,0.));
#5739=DIRECTION('',(0.,0.,-1.));
#5740=DIRECTION('',(0.,0.,-1.));
#5741=DIRECTION('',(1.,0.,0.));
#5742=DIRECTION('',(0.,1.,0.));
#5743=DIRECTION('',(0.,0.,1.));
#5744=DIRECTION('',(1.,0.,0.));
#5745=DIRECTION('',(0.,0.,-1.));
#5746=DIRECTION('',(1.,0.,0.));
#5747=DIRECTION('',(0.,0.,-1.));
#5748=DIRECTION('',(-1.,0.,0.));
#5749=DIRECTION('',(0.,0.,1.));
#5750=DIRECTION('',(1.,0.,0.));
#5751=DIRECTION('',(0.,0.,-1.));
#5752=DIRECTION('',(0.,0.,-1.));
#5753=DIRECTION('',(1.,0.,0.));
#5754=DIRECTION('',(0.,0.,-1.));
#5755=DIRECTION('',(-1.,0.,0.));
#5756=DIRECTION('',(0.,0.,-1.));
#5757=DIRECTION('',(1.,0.,0.));
#5758=DIRECTION('',(0.,0.,-1.));
#5759=DIRECTION('',(0.,0.,-1.));
#5760=DIRECTION('',(1.,0.,0.));
#5761=DIRECTION('',(0.,0.,-1.));
#5762=DIRECTION('',(0.,1.,0.));
#5763=DIRECTION('',(0.,0.,1.));
#5764=DIRECTION('',(1.,0.,0.));
#5765=DIRECTION('',(0.,0.,-1.));
#5766=DIRECTION('',(1.,0.,0.));
#5767=DIRECTION('',(0.,0.,-1.));
#5768=DIRECTION('',(-1.,0.,0.));
#5769=DIRECTION('',(0.,0.,1.));
#5770=DIRECTION('',(1.,0.,0.));
#5771=DIRECTION('',(0.,0.,-1.));
#5772=DIRECTION('',(0.,0.,1.));
#5773=DIRECTION('',(1.,0.,0.));
#5774=DIRECTION('',(0.,0.,-1.));
#5775=DIRECTION('',(-1.,0.,0.));
#5776=DIRECTION('',(0.,0.,1.));
#5777=DIRECTION('',(1.,0.,0.));
#5778=DIRECTION('',(0.,0.,-1.));
#5779=DIRECTION('',(0.,0.,1.));
#5780=DIRECTION('',(1.,0.,0.));
#5781=DIRECTION('',(0.,0.,-1.));
#5782=DIRECTION('',(-1.,0.,0.));
#5783=DIRECTION('',(0.,0.,1.));
#5784=DIRECTION('',(1.,0.,0.));
#5785=DIRECTION('',(0.,0.,-1.));
#5786=DIRECTION('',(0.,0.,1.));
#5787=DIRECTION('',(1.,0.,0.));
#5788=DIRECTION('',(0.,1.,0.));
#5789=DIRECTION('',(0.,0.,1.));
#5790=DIRECTION('',(1.,0.,0.));
#5791=DIRECTION('',(0.,0.,-1.));
#5792=DIRECTION('',(1.,0.,0.));
#5793=DIRECTION('',(0.,0.,-1.));
#5794=DIRECTION('',(-1.,0.,0.));
#5795=DIRECTION('',(0.,0.,-1.));
#5796=DIRECTION('',(1.,0.,0.));
#5797=DIRECTION('',(0.,0.,-1.));
#5798=DIRECTION('',(0.,0.,-1.));
#5799=DIRECTION('',(1.,0.,0.));
#5800=DIRECTION('',(0.,0.,-1.));
#5801=DIRECTION('',(-1.,0.,0.));
#5802=DIRECTION('',(0.,0.,-1.));
#5803=DIRECTION('',(0.,0.,1.));
#5804=DIRECTION('',(1.,0.,0.));
#5805=DIRECTION('',(0.,0.,-1.));
#5806=DIRECTION('',(0.,0.,-1.));
#5807=DIRECTION('',(1.,0.,0.));
#5808=DIRECTION('',(0.,1.,0.));
#5809=DIRECTION('',(0.,0.,1.));
#5810=DIRECTION('',(1.,0.,0.));
#5811=DIRECTION('',(0.,0.,-1.));
#5812=DIRECTION('',(1.,0.,0.));
#5813=DIRECTION('',(0.,0.,-1.));
#5814=DIRECTION('',(-1.,0.,0.));
#5815=DIRECTION('',(0.,0.,1.));
#5816=DIRECTION('',(1.,0.,0.));
#5817=DIRECTION('',(0.,0.,-1.));
#5818=DIRECTION('',(0.,0.,-1.));
#5819=DIRECTION('',(1.,0.,0.));
#5820=DIRECTION('',(0.,0.,-1.));
#5821=DIRECTION('',(-1.,0.,0.));
#5822=DIRECTION('',(0.,0.,-1.));
#5823=DIRECTION('',(0.,0.,1.));
#5824=DIRECTION('',(1.,0.,0.));
#5825=DIRECTION('',(0.,0.,-1.));
#5826=DIRECTION('',(0.,0.,-1.));
#5827=DIRECTION('',(1.,0.,0.));
#5828=DIRECTION('',(0.,1.,0.));
#5829=DIRECTION('',(0.,0.,1.));
#5830=DIRECTION('',(1.,0.,0.));
#5831=DIRECTION('',(0.,0.,-1.));
#5832=DIRECTION('',(1.,0.,0.));
#5833=DIRECTION('',(0.,0.,-1.));
#5834=DIRECTION('',(-1.,0.,0.));
#5835=DIRECTION('',(0.,0.,1.));
#5836=DIRECTION('',(1.,0.,0.));
#5837=DIRECTION('',(0.,0.,-1.));
#5838=DIRECTION('',(0.,0.,-1.));
#5839=DIRECTION('',(1.,0.,0.));
#5840=DIRECTION('',(0.,0.,-1.));
#5841=DIRECTION('',(-1.,0.,0.));
#5842=DIRECTION('',(0.,0.,-1.));
#5843=DIRECTION('',(0.,0.,1.));
#5844=DIRECTION('',(1.,0.,0.));
#5845=DIRECTION('',(0.,0.,-1.));
#5846=DIRECTION('',(0.,0.,-1.));
#5847=DIRECTION('',(1.,0.,0.));
#5848=DIRECTION('',(0.,1.,0.));
#5849=DIRECTION('',(0.,0.,1.));
#5850=DIRECTION('',(1.,0.,0.));
#5851=DIRECTION('',(0.,0.,-1.));
#5852=DIRECTION('',(1.,0.,0.));
#5853=DIRECTION('',(0.,0.,-1.));
#5854=DIRECTION('',(-1.,0.,0.));
#5855=DIRECTION('',(0.,0.,1.));
#5856=DIRECTION('',(1.,0.,0.));
#5857=DIRECTION('',(0.,0.,-1.));
#5858=DIRECTION('',(0.,0.,-1.));
#5859=DIRECTION('',(1.,0.,0.));
#5860=DIRECTION('',(0.,1.,0.));
#5861=DIRECTION('',(0.,0.,1.));
#5862=DIRECTION('',(1.,0.,0.));
#5863=DIRECTION('',(1.,0.,0.));
#5864=DIRECTION('',(0.,1.,0.));
#5865=DIRECTION('',(0.,0.,1.));
#5866=DIRECTION('',(1.,0.,0.));
#5867=DIRECTION('',(1.,0.,0.));
#5868=DIRECTION('',(0.,1.,0.));
#5869=DIRECTION('',(0.,0.,1.));
#5870=DIRECTION('',(1.,0.,0.));
#5871=DIRECTION('',(1.,0.,0.));
#5872=DIRECTION('',(0.,1.,0.));
#5873=DIRECTION('',(0.,0.,1.));
#5874=DIRECTION('',(1.,0.,0.));
#5875=DIRECTION('',(1.,0.,0.));
#5876=DIRECTION('',(0.,0.,-1.));
#5877=DIRECTION('',(-1.,0.,0.));
#5878=DIRECTION('',(0.,0.,1.));
#5879=DIRECTION('',(1.,0.,0.));
#5880=DIRECTION('',(0.,0.,1.));
#5881=DIRECTION('',(1.,0.,0.));
#5882=DIRECTION('',(0.,1.,0.));
#5883=DIRECTION('',(0.,0.,1.));
#5884=DIRECTION('',(1.,0.,0.));
#5885=DIRECTION('',(1.,0.,0.));
#5886=DIRECTION('',(0.,1.,0.));
#5887=DIRECTION('',(0.,0.,1.));
#5888=DIRECTION('',(1.,0.,0.));
#5889=DIRECTION('',(1.,0.,0.));
#5890=DIRECTION('',(0.,1.,0.));
#5891=DIRECTION('',(0.,0.,1.));
#5892=DIRECTION('',(1.,0.,0.));
#5893=DIRECTION('',(1.,0.,0.));
#5894=DIRECTION('',(0.,1.,0.));
#5895=DIRECTION('',(0.,0.,1.));
#5896=DIRECTION('',(1.,0.,0.));
#5897=DIRECTION('',(1.,0.,0.));
#5898=DIRECTION('',(0.,0.,1.));
#5899=DIRECTION('',(1.,0.,0.));
#5900=DIRECTION('',(0.,0.,1.));
#5901=DIRECTION('',(1.,0.,0.));
#5902=DIRECTION('',(0.,0.,1.));
#5903=DIRECTION('',(1.,0.,0.));
#5904=DIRECTION('',(0.,0.,1.));
#5905=DIRECTION('',(1.,0.,0.));
#5906=DIRECTION('',(-2.62836890299516E-16,1.,0.));
#5907=DIRECTION('',(-1.,-2.15493599500224E-16,0.));
#5908=DIRECTION('',(0.,1.,0.));
#5909=DIRECTION('',(-1.,-2.51409199416929E-16,0.));
#5910=DIRECTION('',(-2.62836890299516E-16,1.,0.));
#5911=DIRECTION('',(-1.,-2.15493599500224E-16,0.));
#5912=DIRECTION('',(0.,1.,0.));
#5913=DIRECTION('',(-1.,-2.51409199416929E-16,0.));
#5914=DIRECTION('',(-2.62836890299516E-16,1.,0.));
#5915=DIRECTION('',(-1.,-2.15493599500224E-16,0.));
#5916=DIRECTION('',(0.,1.,0.));
#5917=DIRECTION('',(-1.,-2.51409199416929E-16,0.));
#5918=DIRECTION('',(-2.62836890299516E-16,1.,0.));
#5919=DIRECTION('',(-1.,-2.15493599500224E-16,0.));
#5920=DIRECTION('',(0.,1.,0.));
#5921=DIRECTION('',(-1.,-2.51409199416929E-16,0.));
#5922=DIRECTION('',(0.,0.,1.));
#5923=DIRECTION('',(1.,0.,0.));
#5924=DIRECTION('',(0.,0.,1.));
#5925=DIRECTION('',(1.,0.,0.));
#5926=DIRECTION('',(0.,0.,1.));
#5927=DIRECTION('',(1.,0.,0.));
#5928=DIRECTION('',(0.,0.,1.));
#5929=DIRECTION('',(1.,0.,0.));
#5930=DIRECTION('',(0.,0.,1.));
#5931=DIRECTION('',(1.,0.,0.));
#5932=DIRECTION('',(0.,0.,1.));
#5933=DIRECTION('',(1.,0.,0.));
#5934=DIRECTION('',(0.,0.,1.));
#5935=DIRECTION('',(1.,0.,0.));
#5936=DIRECTION('',(0.,0.,-1.));
#5937=DIRECTION('',(-1.,0.,0.));
#5938=DIRECTION('',(0.,0.,1.));
#5939=DIRECTION('',(1.,0.,0.));
#5940=DIRECTION('',(0.,0.,1.));
#5941=DIRECTION('',(1.,0.,0.));
#5942=DIRECTION('',(0.,0.,-1.));
#5943=DIRECTION('',(-1.,0.,0.));
#5944=DIRECTION('',(0.,0.,1.));
#5945=DIRECTION('',(1.,0.,0.));
#5946=DIRECTION('',(0.,0.,1.));
#5947=DIRECTION('',(1.,0.,0.));
#5948=DIRECTION('',(0.,0.,-1.));
#5949=DIRECTION('',(-1.,0.,0.));
#5950=DIRECTION('',(0.,0.,1.));
#5951=DIRECTION('',(1.,0.,0.));
#5952=DIRECTION('',(0.,0.,1.));
#5953=DIRECTION('',(1.,0.,0.));
#5954=DIRECTION('',(0.,0.,-1.));
#5955=DIRECTION('',(-1.,0.,0.));
#5956=DIRECTION('',(0.,0.,1.));
#5957=DIRECTION('',(1.,0.,0.));
#5958=DIRECTION('',(0.,0.,1.));
#5959=DIRECTION('',(1.,0.,0.));
#5960=DIRECTION('',(0.,0.,-1.));
#5961=DIRECTION('',(-1.,0.,0.));
#5962=DIRECTION('',(0.,0.,1.));
#5963=DIRECTION('',(1.,0.,0.));
#5964=DIRECTION('',(1.,2.15493599500224E-16,0.));
#5965=DIRECTION('',(2.62836890299516E-16,-1.,0.));
#5966=DIRECTION('',(1.,2.51409199416929E-16,0.));
#5967=DIRECTION('',(0.,-1.,0.));
#5968=DIRECTION('',(-2.15493599500224E-16,1.,0.));
#5969=DIRECTION('',(-1.,-2.15493599500224E-16,0.));
#5970=DIRECTION('',(0.,0.,-1.));
#5971=DIRECTION('',(0.,0.,-1.));
#5972=DIRECTION('',(1.,0.,0.));
#5973=DIRECTION('',(0.,0.,-1.));
#5974=DIRECTION('',(0.,0.,-1.));
#5975=DIRECTION('',(-2.51409199416929E-16,1.,0.));
#5976=DIRECTION('',(-1.,-2.51409199416929E-16,0.));
#5977=DIRECTION('',(0.,0.,-1.));
#5978=DIRECTION('',(1.,2.62836890299516E-16,0.));
#5979=DIRECTION('',(-2.62836890299516E-16,1.,0.));
#5980=DIRECTION('',(0.,0.,1.));
#5981=DIRECTION('',(1.,0.,0.));
#5982=DIRECTION('',(1.,2.15493599500224E-16,0.));
#5983=DIRECTION('',(2.62836890299516E-16,-1.,0.));
#5984=DIRECTION('',(1.,2.51409199416929E-16,0.));
#5985=DIRECTION('',(0.,-1.,0.));
#5986=DIRECTION('',(-2.15493599500224E-16,1.,0.));
#5987=DIRECTION('',(-1.,-2.15493599500224E-16,0.));
#5988=DIRECTION('',(0.,0.,-1.));
#5989=DIRECTION('',(0.,0.,-1.));
#5990=DIRECTION('',(1.,0.,0.));
#5991=DIRECTION('',(0.,0.,-1.));
#5992=DIRECTION('',(0.,0.,-1.));
#5993=DIRECTION('',(-2.51409199416929E-16,1.,0.));
#5994=DIRECTION('',(-1.,-2.51409199416929E-16,0.));
#5995=DIRECTION('',(0.,0.,-1.));
#5996=DIRECTION('',(1.,2.62836890299516E-16,0.));
#5997=DIRECTION('',(-2.62836890299516E-16,1.,0.));
#5998=DIRECTION('',(0.,0.,1.));
#5999=DIRECTION('',(1.,0.,0.));
#6000=DIRECTION('',(1.,2.15493599500224E-16,0.));
#6001=DIRECTION('',(2.62836890299516E-16,-1.,0.));
#6002=DIRECTION('',(1.,2.51409199416929E-16,0.));
#6003=DIRECTION('',(0.,-1.,0.));
#6004=DIRECTION('',(-2.15493599500224E-16,1.,0.));
#6005=DIRECTION('',(-1.,-2.15493599500224E-16,0.));
#6006=DIRECTION('',(0.,0.,-1.));
#6007=DIRECTION('',(0.,0.,-1.));
#6008=DIRECTION('',(1.,0.,0.));
#6009=DIRECTION('',(0.,0.,-1.));
#6010=DIRECTION('',(0.,0.,-1.));
#6011=DIRECTION('',(-2.51409199416929E-16,1.,0.));
#6012=DIRECTION('',(-1.,-2.51409199416929E-16,0.));
#6013=DIRECTION('',(0.,0.,-1.));
#6014=DIRECTION('',(1.,2.62836890299516E-16,0.));
#6015=DIRECTION('',(-2.62836890299516E-16,1.,0.));
#6016=DIRECTION('',(0.,0.,1.));
#6017=DIRECTION('',(1.,0.,0.));
#6018=DIRECTION('',(1.,2.15493599500224E-16,0.));
#6019=DIRECTION('',(2.62836890299516E-16,-1.,0.));
#6020=DIRECTION('',(1.,2.51409199416929E-16,0.));
#6021=DIRECTION('',(0.,-1.,0.));
#6022=DIRECTION('',(-2.15493599500224E-16,1.,0.));
#6023=DIRECTION('',(-1.,-2.15493599500224E-16,0.));
#6024=DIRECTION('',(0.,0.,-1.));
#6025=DIRECTION('',(0.,0.,-1.));
#6026=DIRECTION('',(1.,0.,0.));
#6027=DIRECTION('',(0.,0.,-1.));
#6028=DIRECTION('',(0.,0.,-1.));
#6029=DIRECTION('',(-2.51409199416929E-16,1.,0.));
#6030=DIRECTION('',(-1.,-2.51409199416929E-16,0.));
#6031=DIRECTION('',(0.,0.,-1.));
#6032=DIRECTION('',(1.,2.62836890299516E-16,0.));
#6033=DIRECTION('',(-2.62836890299516E-16,1.,0.));
#6034=DIRECTION('',(0.,0.,-1.));
#6035=DIRECTION('',(-1.,0.,0.));
#6036=DIRECTION('',(0.,0.,1.));
#6037=DIRECTION('',(1.,0.,0.));
#6038=DIRECTION('',(0.,0.,1.));
#6039=DIRECTION('',(1.,0.,0.));
#6040=DIRECTION('',(0.,0.,1.));
#6041=DIRECTION('',(1.,0.,0.));
#6042=DIRECTION('',(0.,1.,0.));
#6043=DIRECTION('',(0.,0.,1.));
#6044=DIRECTION('',(0.,0.,-1.));
#6045=DIRECTION('',(-1.,0.,0.));
#6046=DIRECTION('',(0.,0.,-1.));
#6047=DIRECTION('',(1.,0.,0.));
#6048=DIRECTION('',(0.,0.,-1.));
#6049=DIRECTION('',(-1.,0.,0.));
#6050=DIRECTION('',(0.,0.,-1.));
#6051=DIRECTION('',(0.,0.,1.));
#6052=DIRECTION('',(1.,0.,0.));
#6053=DIRECTION('',(0.,0.,-1.));
#6054=DIRECTION('',(1.,0.,0.));
#6055=DIRECTION('',(0.,0.,-1.));
#6056=DIRECTION('',(-1.,0.,0.));
#6057=DIRECTION('',(0.,0.,-1.));
#6058=DIRECTION('',(0.,0.,1.));
#6059=DIRECTION('',(1.,0.,0.));
#6060=DIRECTION('',(0.,0.,1.));
#6061=DIRECTION('',(1.,0.,0.));
#6062=DIRECTION('',(0.,0.,-1.));
#6063=DIRECTION('',(-1.,0.,0.));
#6064=DIRECTION('',(0.,0.,-1.));
#6065=DIRECTION('',(0.,0.,1.));
#6066=DIRECTION('',(1.,0.,0.));
#6067=DIRECTION('',(0.,0.,-1.));
#6068=DIRECTION('',(1.,0.,0.));
#6069=DIRECTION('',(0.,1.,0.));
#6070=DIRECTION('',(0.,0.,1.));
#6071=DIRECTION('',(0.,0.,-1.));
#6072=DIRECTION('',(1.,0.,0.));
#6073=DIRECTION('',(1.,0.,0.));
#6074=DIRECTION('',(0.,0.,-1.));
#6075=DIRECTION('',(-1.,0.,0.));
#6076=DIRECTION('',(0.,0.,-1.));
#6077=DIRECTION('',(0.,0.,1.));
#6078=DIRECTION('',(1.,0.,0.));
#6079=DIRECTION('',(0.,0.,1.));
#6080=DIRECTION('',(1.,0.,0.));
#6081=DIRECTION('',(0.,0.,-1.));
#6082=DIRECTION('',(-1.,0.,0.));
#6083=DIRECTION('',(0.,0.,-1.));
#6084=DIRECTION('',(0.,0.,1.));
#6085=DIRECTION('',(1.,0.,0.));
#6086=DIRECTION('',(0.,0.,1.));
#6087=DIRECTION('',(1.,0.,0.));
#6088=DIRECTION('',(0.,0.,-1.));
#6089=DIRECTION('',(-1.,0.,0.));
#6090=DIRECTION('',(0.,0.,-1.));
#6091=DIRECTION('',(0.,0.,1.));
#6092=DIRECTION('',(1.,0.,0.));
#6093=DIRECTION('',(0.,0.,-1.));
#6094=DIRECTION('',(0.,0.,1.));
#6095=DIRECTION('',(1.,0.,0.));
#6096=DIRECTION('',(0.,1.,0.));
#6097=DIRECTION('',(0.,0.,1.));
#6098=DIRECTION('',(-1.,0.,0.));
#6099=DIRECTION('',(0.,0.,-1.));
#6100=DIRECTION('',(1.,0.,0.));
#6101=DIRECTION('',(0.,0.,-1.));
#6102=DIRECTION('',(-1.,0.,0.));
#6103=DIRECTION('',(0.,0.,1.));
#6104=DIRECTION('',(1.,0.,0.));
#6105=DIRECTION('',(0.,0.,-1.));
#6106=DIRECTION('',(0.,0.,1.));
#6107=DIRECTION('',(1.,0.,0.));
#6108=DIRECTION('',(0.,0.,-1.));
#6109=DIRECTION('',(-1.,0.,0.));
#6110=DIRECTION('',(0.,0.,1.));
#6111=DIRECTION('',(1.,0.,0.));
#6112=DIRECTION('',(0.,0.,-1.));
#6113=DIRECTION('',(0.,0.,1.));
#6114=DIRECTION('',(1.,0.,0.));
#6115=DIRECTION('',(0.,0.,-1.));
#6116=DIRECTION('',(-1.,0.,0.));
#6117=DIRECTION('',(0.,0.,1.));
#6118=DIRECTION('',(1.,0.,0.));
#6119=DIRECTION('',(0.,0.,-1.));
#6120=DIRECTION('',(0.,0.,1.));
#6121=DIRECTION('',(1.,0.,0.));
#6122=DIRECTION('',(0.,1.,0.));
#6123=DIRECTION('',(0.,0.,1.));
#6124=DIRECTION('',(1.,0.,0.));
#6125=DIRECTION('',(0.,0.,-1.));
#6126=DIRECTION('',(-1.,0.,0.));
#6127=DIRECTION('',(0.,0.,-1.));
#6128=DIRECTION('',(-1.,0.,0.));
#6129=DIRECTION('',(0.,0.,1.));
#6130=DIRECTION('',(1.,0.,0.));
#6131=DIRECTION('',(0.,0.,-1.));
#6132=DIRECTION('',(0.,0.,1.));
#6133=DIRECTION('',(1.,0.,0.));
#6134=DIRECTION('',(0.,0.,-1.));
#6135=DIRECTION('',(-1.,0.,0.));
#6136=DIRECTION('',(0.,0.,1.));
#6137=DIRECTION('',(1.,0.,0.));
#6138=DIRECTION('',(0.,0.,1.));
#6139=DIRECTION('',(1.,0.,0.));
#6140=DIRECTION('',(0.,0.,-1.));
#6141=DIRECTION('',(-1.,0.,0.));
#6142=DIRECTION('',(0.,0.,1.));
#6143=DIRECTION('',(1.,0.,0.));
#6144=DIRECTION('',(0.,0.,1.));
#6145=DIRECTION('',(1.,0.,0.));
#6146=DIRECTION('',(0.,0.,1.));
#6147=DIRECTION('',(1.,0.,0.));
#6148=DIRECTION('',(0.,0.,1.));
#6149=DIRECTION('',(1.,0.,0.));
#6150=DIRECTION('',(-1.,0.,0.));
#6151=DIRECTION('',(0.,0.,1.));
#6152=DIRECTION('',(1.,0.,0.));
#6153=DIRECTION('',(0.,0.,1.));
#6154=DIRECTION('',(1.,0.,0.));
#6155=DIRECTION('',(0.,0.,1.));
#6156=DIRECTION('',(1.,0.,0.));
#6157=DIRECTION('',(1.,0.,0.));
#6158=DIRECTION('',(0.,0.,1.));
#6159=DIRECTION('',(1.,0.,0.));
#6160=DIRECTION('',(0.,0.,1.));
#6161=DIRECTION('',(1.,0.,0.));
#6162=DIRECTION('',(0.,0.,1.));
#6163=DIRECTION('',(1.,0.,0.));
#6164=DIRECTION('',(1.,0.,0.));
#6165=DIRECTION('',(0.,0.,1.));
#6166=DIRECTION('',(1.,0.,0.));
#6167=DIRECTION('',(0.,0.,1.));
#6168=DIRECTION('',(1.,0.,0.));
#6169=DIRECTION('',(0.,0.,1.));
#6170=DIRECTION('',(1.,0.,0.));
#6171=DIRECTION('',(-1.,0.,0.));
#6172=DIRECTION('',(0.,0.,1.));
#6173=DIRECTION('',(1.,0.,0.));
#6174=DIRECTION('',(0.,0.,1.));
#6175=DIRECTION('',(1.,0.,0.));
#6176=DIRECTION('',(0.,0.,1.));
#6177=DIRECTION('',(1.,0.,0.));
#6178=DIRECTION('',(0.,0.,1.));
#6179=DIRECTION('',(1.,0.,0.));
#6180=DIRECTION('',(0.,0.,1.));
#6181=DIRECTION('',(1.,0.,0.));
#6182=DIRECTION('',(0.,0.,1.));
#6183=DIRECTION('',(1.,0.,0.));
#6184=DIRECTION('',(0.,0.,1.));
#6185=DIRECTION('',(1.,0.,0.));
#6186=DIRECTION('',(0.,0.,1.));
#6187=DIRECTION('',(1.,0.,0.));
#6188=DIRECTION('',(0.,0.,1.));
#6189=DIRECTION('',(1.,0.,0.));
#6190=DIRECTION('',(0.,0.,-1.));
#6191=DIRECTION('',(1.,0.,0.));
#6192=DIRECTION('',(1.,0.,0.));
#6193=DIRECTION('',(0.,0.,-1.));
#6194=DIRECTION('',(1.,0.,0.));
#6195=DIRECTION('',(1.,0.,0.));
#6196=DIRECTION('',(0.,0.,-1.));
#6197=DIRECTION('',(1.,0.,0.));
#6198=DIRECTION('',(1.,0.,0.));
#6199=DIRECTION('',(0.,0.,-1.));
#6200=DIRECTION('',(1.,0.,0.));
#6201=DIRECTION('',(1.,0.,0.));
#6202=DIRECTION('',(0.,0.,-1.));
#6203=DIRECTION('',(1.,0.,0.));
#6204=DIRECTION('',(1.,0.,0.));
#6205=DIRECTION('',(0.,0.,-1.));
#6206=DIRECTION('',(1.,0.,0.));
#6207=DIRECTION('',(1.,0.,0.));
#6208=DIRECTION('',(0.,0.,-1.));
#6209=DIRECTION('',(1.,0.,0.));
#6210=DIRECTION('',(1.,0.,0.));
#6211=DIRECTION('',(0.,0.,-1.));
#6212=DIRECTION('',(1.,0.,0.));
#6213=DIRECTION('',(1.,0.,0.));
#6214=DIRECTION('',(0.,0.,-1.));
#6215=DIRECTION('',(1.,0.,0.));
#6216=DIRECTION('',(1.,0.,0.));
#6217=DIRECTION('',(0.,0.,-1.));
#6218=DIRECTION('',(1.,0.,0.));
#6219=DIRECTION('',(1.,0.,0.));
#6220=DIRECTION('',(0.,0.,-1.));
#6221=DIRECTION('',(1.,0.,0.));
#6222=DIRECTION('',(1.,0.,0.));
#6223=DIRECTION('',(0.,0.,-1.));
#6224=DIRECTION('',(1.,0.,0.));
#6225=DIRECTION('',(1.,0.,0.));
#6226=DIRECTION('',(0.,0.,-1.));
#6227=DIRECTION('',(1.,0.,0.));
#6228=DIRECTION('',(1.,0.,0.));
#6229=DIRECTION('',(0.,0.,-1.));
#6230=DIRECTION('',(1.,0.,0.));
#6231=DIRECTION('',(1.,0.,0.));
#6232=DIRECTION('',(0.,0.,-1.));
#6233=DIRECTION('',(1.,0.,0.));
#6234=DIRECTION('',(1.,0.,0.));
#6235=DIRECTION('',(0.,0.,-1.));
#6236=DIRECTION('',(1.,0.,0.));
#6237=DIRECTION('',(1.,0.,0.));
#6238=DIRECTION('',(0.,0.,1.));
#6239=DIRECTION('',(1.,0.,0.));
#6240=DIRECTION('',(0.,0.,1.));
#6241=DIRECTION('',(1.,0.,0.));
#6242=DIRECTION('',(0.,0.,1.));
#6243=DIRECTION('',(1.,0.,0.));
#6244=DIRECTION('',(1.,0.,0.));
#6245=DIRECTION('',(0.,0.,1.));
#6246=DIRECTION('',(1.,0.,0.));
#6247=DIRECTION('',(0.,0.,1.));
#6248=DIRECTION('',(1.,0.,0.));
#6249=DIRECTION('',(0.,0.,1.));
#6250=DIRECTION('',(1.,0.,0.));
#6251=DIRECTION('',(-1.,0.,0.));
#6252=DIRECTION('',(0.,0.,1.));
#6253=DIRECTION('',(1.,0.,0.));
#6254=DIRECTION('',(0.,0.,1.));
#6255=DIRECTION('',(1.,0.,0.));
#6256=DIRECTION('',(0.,0.,1.));
#6257=DIRECTION('',(1.,0.,0.));
#6258=DIRECTION('',(0.,0.,1.));
#6259=DIRECTION('',(1.,0.,0.));
#6260=DIRECTION('',(0.,0.,1.));
#6261=DIRECTION('',(1.,0.,0.));
#6262=DIRECTION('',(0.,0.,1.));
#6263=DIRECTION('',(1.,0.,0.));
#6264=DIRECTION('',(0.,0.,1.));
#6265=DIRECTION('',(1.,0.,0.));
#6266=DIRECTION('',(0.,-1.,0.));
#6267=DIRECTION('',(0.,0.,-1.));
#6268=DIRECTION('',(0.,0.,1.));
#6269=DIRECTION('',(1.,0.,0.));
#6270=DIRECTION('',(0.,0.,1.));
#6271=DIRECTION('',(0.,0.,1.));
#6272=DIRECTION('',(1.,0.,0.));
#6273=DIRECTION('',(0.,0.,1.));
#6274=DIRECTION('',(0.,0.,-1.));
#6275=DIRECTION('',(1.,0.,0.));
#6276=DIRECTION('',(0.,-1.,0.));
#6277=DIRECTION('',(0.,0.,-1.));
#6278=DIRECTION('',(0.,0.,1.));
#6279=DIRECTION('',(1.,0.,0.));
#6280=DIRECTION('',(0.,0.,1.));
#6281=DIRECTION('',(1.,0.,0.));
#6282=DIRECTION('',(0.,0.,-1.));
#6283=DIRECTION('',(1.,0.,0.));
#6284=DIRECTION('',(0.,0.,1.));
#6285=DIRECTION('',(1.,0.,0.));
#6286=DIRECTION('',(0.,-1.,0.));
#6287=DIRECTION('',(0.,0.,-1.));
#6288=DIRECTION('',(0.,0.,1.));
#6289=DIRECTION('',(1.,0.,0.));
#6290=DIRECTION('',(0.,0.,1.));
#6291=DIRECTION('',(0.,0.,1.));
#6292=DIRECTION('',(1.,0.,0.));
#6293=DIRECTION('',(0.,0.,1.));
#6294=DIRECTION('',(0.,0.,-1.));
#6295=DIRECTION('',(1.,0.,0.));
#6296=DIRECTION('',(0.,-1.,0.));
#6297=DIRECTION('',(0.,0.,-1.));
#6298=DIRECTION('',(0.,0.,1.));
#6299=DIRECTION('',(1.,0.,0.));
#6300=DIRECTION('',(0.,0.,1.));
#6301=DIRECTION('',(1.,0.,0.));
#6302=DIRECTION('',(0.,0.,-1.));
#6303=DIRECTION('',(1.,0.,0.));
#6304=DIRECTION('',(0.,0.,1.));
#6305=DIRECTION('',(1.,0.,0.));
#6306=DIRECTION('',(0.,-1.,0.));
#6307=DIRECTION('',(0.,0.,-1.));
#6308=DIRECTION('',(0.,0.,1.));
#6309=DIRECTION('',(1.,0.,0.));
#6310=DIRECTION('',(0.,0.,1.));
#6311=DIRECTION('',(0.,0.,1.));
#6312=DIRECTION('',(1.,0.,0.));
#6313=DIRECTION('',(0.,0.,1.));
#6314=DIRECTION('',(0.,0.,-1.));
#6315=DIRECTION('',(1.,0.,0.));
#6316=DIRECTION('',(0.,-1.,0.));
#6317=DIRECTION('',(0.,0.,-1.));
#6318=DIRECTION('',(0.,0.,1.));
#6319=DIRECTION('',(1.,0.,0.));
#6320=DIRECTION('',(0.,0.,1.));
#6321=DIRECTION('',(1.,0.,0.));
#6322=DIRECTION('',(0.,0.,-1.));
#6323=DIRECTION('',(1.,0.,0.));
#6324=DIRECTION('',(0.,0.,1.));
#6325=DIRECTION('',(1.,0.,0.));
#6326=DIRECTION('',(0.,-1.,0.));
#6327=DIRECTION('',(0.,0.,-1.));
#6328=DIRECTION('',(0.,0.,1.));
#6329=DIRECTION('',(1.,0.,0.));
#6330=DIRECTION('',(0.,0.,1.));
#6331=DIRECTION('',(0.,0.,1.));
#6332=DIRECTION('',(1.,0.,0.));
#6333=DIRECTION('',(0.,0.,1.));
#6334=DIRECTION('',(0.,0.,-1.));
#6335=DIRECTION('',(1.,0.,0.));
#6336=DIRECTION('',(0.,-1.,0.));
#6337=DIRECTION('',(0.,0.,-1.));
#6338=DIRECTION('',(0.,0.,1.));
#6339=DIRECTION('',(1.,0.,0.));
#6340=DIRECTION('',(0.,0.,1.));
#6341=DIRECTION('',(1.,0.,0.));
#6342=DIRECTION('',(0.,0.,-1.));
#6343=DIRECTION('',(1.,0.,0.));
#6344=DIRECTION('',(0.,0.,1.));
#6345=DIRECTION('',(1.,0.,0.));
#6346=DIRECTION('',(0.,-1.,0.));
#6347=DIRECTION('',(0.,0.,-1.));
#6348=DIRECTION('',(0.,0.,1.));
#6349=DIRECTION('',(1.,0.,0.));
#6350=DIRECTION('',(0.,0.,1.));
#6351=DIRECTION('',(0.,0.,1.));
#6352=DIRECTION('',(1.,0.,0.));
#6353=DIRECTION('',(0.,0.,1.));
#6354=DIRECTION('',(0.,0.,-1.));
#6355=DIRECTION('',(1.,0.,0.));
#6356=DIRECTION('',(0.,-1.,0.));
#6357=DIRECTION('',(0.,0.,-1.));
#6358=DIRECTION('',(0.,0.,1.));
#6359=DIRECTION('',(1.,0.,0.));
#6360=DIRECTION('',(0.,0.,1.));
#6361=DIRECTION('',(1.,0.,0.));
#6362=DIRECTION('',(0.,0.,-1.));
#6363=DIRECTION('',(1.,0.,0.));
#6364=DIRECTION('',(0.,0.,1.));
#6365=DIRECTION('',(1.,0.,0.));
#6366=DIRECTION('',(0.,-1.,0.));
#6367=DIRECTION('',(0.,0.,-1.));
#6368=DIRECTION('',(0.,0.,1.));
#6369=DIRECTION('',(1.,0.,0.));
#6370=DIRECTION('',(0.,0.,1.));
#6371=DIRECTION('',(0.,0.,1.));
#6372=DIRECTION('',(1.,0.,0.));
#6373=DIRECTION('',(0.,0.,1.));
#6374=DIRECTION('',(0.,0.,-1.));
#6375=DIRECTION('',(1.,0.,0.));
#6376=DIRECTION('',(0.,-1.,0.));
#6377=DIRECTION('',(0.,0.,-1.));
#6378=DIRECTION('',(0.,0.,1.));
#6379=DIRECTION('',(1.,0.,0.));
#6380=DIRECTION('',(0.,0.,1.));
#6381=DIRECTION('',(1.,0.,0.));
#6382=DIRECTION('',(0.,0.,-1.));
#6383=DIRECTION('',(1.,0.,0.));
#6384=DIRECTION('',(0.,0.,1.));
#6385=DIRECTION('',(1.,0.,0.));
#6386=DIRECTION('',(0.,-1.,0.));
#6387=DIRECTION('',(0.,0.,-1.));
#6388=DIRECTION('',(0.,0.,1.));
#6389=DIRECTION('',(1.,0.,0.));
#6390=DIRECTION('',(0.,0.,1.));
#6391=DIRECTION('',(0.,0.,1.));
#6392=DIRECTION('',(1.,0.,0.));
#6393=DIRECTION('',(0.,0.,1.));
#6394=DIRECTION('',(0.,0.,-1.));
#6395=DIRECTION('',(1.,0.,0.));
#6396=DIRECTION('',(0.,-1.,0.));
#6397=DIRECTION('',(0.,0.,-1.));
#6398=DIRECTION('',(0.,0.,1.));
#6399=DIRECTION('',(1.,0.,0.));
#6400=DIRECTION('',(0.,0.,1.));
#6401=DIRECTION('',(1.,0.,0.));
#6402=DIRECTION('',(0.,0.,-1.));
#6403=DIRECTION('',(1.,0.,0.));
#6404=DIRECTION('',(0.,0.,1.));
#6405=DIRECTION('',(1.,0.,0.));
#6406=DIRECTION('',(0.,-1.,0.));
#6407=DIRECTION('',(0.,0.,-1.));
#6408=DIRECTION('',(0.,0.,1.));
#6409=DIRECTION('',(1.,0.,0.));
#6410=DIRECTION('',(0.,0.,1.));
#6411=DIRECTION('',(0.,0.,1.));
#6412=DIRECTION('',(1.,0.,0.));
#6413=DIRECTION('',(0.,0.,1.));
#6414=DIRECTION('',(0.,0.,-1.));
#6415=DIRECTION('',(1.,0.,0.));
#6416=DIRECTION('',(0.,-1.,0.));
#6417=DIRECTION('',(0.,0.,-1.));
#6418=DIRECTION('',(0.,0.,1.));
#6419=DIRECTION('',(1.,0.,0.));
#6420=DIRECTION('',(0.,0.,1.));
#6421=DIRECTION('',(1.,0.,0.));
#6422=DIRECTION('',(0.,0.,-1.));
#6423=DIRECTION('',(1.,0.,0.));
#6424=DIRECTION('',(0.,0.,1.));
#6425=DIRECTION('',(1.,0.,0.));
#6426=DIRECTION('',(0.,0.,1.));
#6427=DIRECTION('',(1.,0.,0.));
#6428=DIRECTION('',(0.,0.,1.));
#6429=DIRECTION('',(1.,0.,0.));
#6430=DIRECTION('',(0.,0.,-1.));
#6431=DIRECTION('',(-1.,0.,0.));
#6432=DIRECTION('',(0.,0.,1.));
#6433=DIRECTION('',(1.,0.,0.));
#6434=DIRECTION('',(0.,0.,1.));
#6435=DIRECTION('',(1.,0.,0.));
#6436=DIRECTION('',(0.,0.,-1.));
#6437=DIRECTION('',(-1.,0.,0.));
#6438=DIRECTION('',(0.,0.,1.));
#6439=DIRECTION('',(1.,0.,0.));
#6440=DIRECTION('',(0.,0.,1.));
#6441=DIRECTION('',(1.,0.,0.));
#6442=DIRECTION('',(0.,0.,-1.));
#6443=DIRECTION('',(-1.,0.,0.));
#6444=DIRECTION('',(0.,0.,1.));
#6445=DIRECTION('',(1.,0.,0.));
#6446=DIRECTION('',(0.,0.,1.));
#6447=DIRECTION('',(1.,0.,0.));
#6448=DIRECTION('',(0.,0.,-1.));
#6449=DIRECTION('',(-1.,0.,0.));
#6450=DIRECTION('',(0.,0.,1.));
#6451=DIRECTION('',(1.,0.,0.));
#6452=DIRECTION('',(0.,0.,1.));
#6453=DIRECTION('',(1.,0.,0.));
#6454=DIRECTION('',(0.,0.,-1.));
#6455=DIRECTION('',(-1.,0.,0.));
#6456=DIRECTION('',(0.,0.,-1.));
#6457=DIRECTION('',(-1.,0.,0.));
#6458=DIRECTION('',(0.,0.,1.));
#6459=DIRECTION('',(1.,0.,0.));
#6460=DIRECTION('',(0.,0.,-1.));
#6461=DIRECTION('',(-1.,0.,0.));
#6462=DIRECTION('',(0.,0.707106781186547,0.707106781186548));
#6463=DIRECTION('',(1.,0.,0.));
#6464=DIRECTION('',(0.,0.707106781186548,-0.707106781186547));
#6465=DIRECTION('',(0.,-0.707106781186548,0.707106781186547));
#6466=DIRECTION('',(0.,0.,1.));
#6467=DIRECTION('',(1.,0.,0.));
#6468=DIRECTION('',(-0.69647874671673,0.122136625841314,0.707106781186542));
#6469=DIRECTION('',(0.,0.,1.));
#6470=DIRECTION('',(1.,0.,0.));
#6471=DIRECTION('',(-0.696478746716725,0.122136625841315,-0.707106781186547));
#6472=DIRECTION('',(0.,0.,-1.));
#6473=DIRECTION('',(-1.,0.,0.));
#6474=DIRECTION('',(-0.707041034730936,0.00964236519799683,0.707106781186545));
#6475=DIRECTION('',(0.,0.,1.));
#6476=DIRECTION('',(1.,0.,0.));
#6477=DIRECTION('',(-0.707041034730931,0.0096423651979969,-0.70710678118655));
#6478=DIRECTION('',(0.,0.,1.));
#6479=DIRECTION('',(1.,0.,0.));
#6480=DIRECTION('',(0.,0.707106781186548,0.707106781186547));
#6481=DIRECTION('',(0.,0.,1.));
#6482=DIRECTION('',(1.,0.,0.));
#6483=DIRECTION('',(0.,-0.707106781186548,-0.707106781186547));
#6484=DIRECTION('',(0.,0.707106781186547,-0.707106781186548));
#6485=DIRECTION('',(-1.,0.,0.));
#6486=DIRECTION('',(0.,-0.70710678118655,0.707106781186545));
#6487=DIRECTION('',(-1.,0.,0.));
#6488=DIRECTION('',(0.,-0.707106781186545,-0.70710678118655));
#6489=DIRECTION('',(0.,0.707106781186545,0.70710678118655));
#6490=DIRECTION('',(0.,0.,-1.));
#6491=DIRECTION('',(-1.,0.,0.));
#6492=DIRECTION('',(0.696478746716727,-0.122136625841309,0.707106781186545));
#6493=DIRECTION('',(0.,0.,-1.));
#6494=DIRECTION('',(-1.,0.,0.));
#6495=DIRECTION('',(0.696478746716722,-0.122136625841314,-0.70710678118655));
#6496=DIRECTION('',(0.,0.,1.));
#6497=DIRECTION('',(1.,0.,0.));
#6498=DIRECTION('',(0.707041034730914,-0.00964236519799706,0.707106781186567));
#6499=DIRECTION('',(0.,0.,-1.));
#6500=DIRECTION('',(-1.,0.,0.));
#6501=DIRECTION('',(0.707041034730914,-0.00964236519799706,-0.707106781186567));
#6502=DIRECTION('',(0.,0.,-1.));
#6503=DIRECTION('',(-1.,0.,0.));
#6504=DIRECTION('',(0.,-0.707106781186545,0.70710678118655));
#6505=DIRECTION('',(0.,0.,-1.));
#6506=DIRECTION('',(-1.,0.,0.));
#6507=DIRECTION('',(0.,0.707106781186545,-0.70710678118655));
#6508=DIRECTION('',(0.,-0.70710678118655,-0.707106781186545));
#6509=DIRECTION('',(1.,0.,0.));
#6510=DIRECTION('',(0.,-0.707106781186547,-0.707106781186548));
#6511=DIRECTION('',(1.,0.,0.));
#6512=DIRECTION('',(0.,-0.707106781186548,0.707106781186547));
#6513=DIRECTION('',(0.,0.707106781186548,-0.707106781186547));
#6514=DIRECTION('',(0.,0.,1.));
#6515=DIRECTION('',(1.,0.,0.));
#6516=DIRECTION('',(0.69647874671673,-0.122136625841312,-0.707106781186542));
#6517=DIRECTION('',(0.,0.,1.));
#6518=DIRECTION('',(1.,0.,0.));
#6519=DIRECTION('',(0.696478746716725,-0.122136625841315,0.707106781186547));
#6520=DIRECTION('',(0.,0.,-1.));
#6521=DIRECTION('',(-1.,0.,0.));
#6522=DIRECTION('',(0.707041034730936,-0.00964236519800173,-0.707106781186545));
#6523=DIRECTION('',(0.,0.,1.));
#6524=DIRECTION('',(1.,0.,0.));
#6525=DIRECTION('',(0.707041034730916,-0.0096423651979971,0.707106781186564));
#6526=DIRECTION('',(0.,0.,1.));
#6527=DIRECTION('',(1.,0.,0.));
#6528=DIRECTION('',(0.,-0.707106781186548,-0.707106781186547));
#6529=DIRECTION('',(0.,0.,1.));
#6530=DIRECTION('',(1.,0.,0.));
#6531=DIRECTION('',(0.,0.707106781186548,0.707106781186547));
#6532=DIRECTION('',(0.,-0.707106781186547,0.707106781186548));
#6533=DIRECTION('',(-1.,0.,0.));
#6534=DIRECTION('',(0.,0.,1.));
#6535=DIRECTION('',(1.,0.,0.));
#6536=DIRECTION('',(0.,-1.,0.));
#6537=DIRECTION('',(0.,0.,-1.));
#6538=DIRECTION('',(1.,0.,0.));
#6539=DIRECTION('',(0.,0.,1.));
#6540=DIRECTION('',(1.,0.,0.));
#6541=DIRECTION('',(0.,0.,-1.));
#6542=DIRECTION('',(0.,0.,1.));
#6543=DIRECTION('',(1.,0.,0.));
#6544=DIRECTION('',(0.,0.,1.));
#6545=DIRECTION('',(1.,0.,0.));
#6546=DIRECTION('',(0.,0.,1.));
#6547=DIRECTION('',(1.,0.,0.));
#6548=DIRECTION('',(0.,0.,1.));
#6549=DIRECTION('',(0.,-1.,0.));
#6550=DIRECTION('',(0.,0.,-1.));
#6551=DIRECTION('',(1.,0.,0.));
#6552=DIRECTION('',(1.,0.,0.));
#6553=DIRECTION('',(0.,0.,-1.));
#6554=DIRECTION('',(0.,0.,1.));
#6555=DIRECTION('',(1.,0.,0.));
#6556=DIRECTION('',(0.,0.,1.));
#6557=DIRECTION('',(1.,0.,0.));
#6558=DIRECTION('',(0.,0.,1.));
#6559=DIRECTION('',(1.,0.,0.));
#6560=DIRECTION('',(0.,0.,1.));
#6561=DIRECTION('',(1.,0.,0.));
#6562=DIRECTION('',(0.,0.,1.));
#6563=DIRECTION('',(1.,0.,0.));
#6564=DIRECTION('',(0.,0.,1.));
#6565=DIRECTION('',(1.,0.,0.));
#6566=DIRECTION('',(0.,0.,-1.));
#6567=DIRECTION('',(-1.,0.,0.));
#6568=DIRECTION('',(0.,0.,1.));
#6569=DIRECTION('',(1.,0.,0.));
#6570=DIRECTION('',(0.,0.,1.));
#6571=DIRECTION('',(1.,0.,0.));
#6572=DIRECTION('',(0.,0.,-1.));
#6573=DIRECTION('',(0.,0.,1.));
#6574=DIRECTION('',(1.,0.,0.));
#6575=DIRECTION('',(0.,0.,-1.));
#6576=DIRECTION('',(0.,0.,1.));
#6577=DIRECTION('',(1.,0.,0.));
#6578=DIRECTION('',(0.,0.,1.));
#6579=DIRECTION('',(1.,0.,0.));
#6580=DIRECTION('',(0.,0.,1.));
#6581=DIRECTION('',(1.,0.,0.));
#6582=DIRECTION('',(0.,-1.,0.));
#6583=DIRECTION('',(-1.,-3.61400724161835E-16,0.));
#6584=DIRECTION('',(1.15648231731787E-15,-1.,0.));
#6585=DIRECTION('',(-1.,-1.44560289664734E-16,0.));
#6586=DIRECTION('',(0.,-1.,0.));
#6587=DIRECTION('',(0.,0.,1.));
#6588=DIRECTION('',(1.,0.,0.));
#6589=DIRECTION('',(0.,-1.,0.));
#6590=DIRECTION('',(-1.,-1.44560289664734E-16,0.));
#6591=DIRECTION('',(1.15648231731787E-15,-1.,0.));
#6592=DIRECTION('',(-1.,-3.61400724161835E-16,0.));
#6593=DIRECTION('',(0.,-1.,0.));
#6594=DIRECTION('',(1.,0.,0.));
#6595=DIRECTION('',(0.,0.,-1.));
#6596=DIRECTION('',(0.,0.,-1.));
#6597=DIRECTION('',(1.,0.,0.));
#6598=DIRECTION('',(0.,0.,-1.));
#6599=DIRECTION('',(0.,0.,-1.));
#6600=DIRECTION('',(1.44560289664734E-16,-1.,0.));
#6601=DIRECTION('',(1.,1.44560289664734E-16,0.));
#6602=DIRECTION('',(0.,0.,-1.));
#6603=DIRECTION('',(1.,1.15648231731787E-15,0.));
#6604=DIRECTION('',(-1.15648231731787E-15,1.,0.));
#6605=DIRECTION('',(0.,0.,-1.));
#6606=DIRECTION('',(3.61400724161835E-16,-1.,0.));
#6607=DIRECTION('',(1.,3.61400724161835E-16,0.));
#6608=DIRECTION('',(0.,0.,-1.));
#6609=DIRECTION('',(-1.,0.,0.));
#6610=DIRECTION('',(0.,0.,1.));
#6611=DIRECTION('',(1.,0.,0.));
#6612=DIRECTION('',(0.,-1.,0.));
#6613=DIRECTION('',(0.,0.,-1.));
#6614=DIRECTION('',(1.,0.,0.));
#6615=DIRECTION('',(0.,0.,1.));
#6616=DIRECTION('',(1.,0.,0.));
#6617=DIRECTION('',(0.,0.,-1.));
#6618=DIRECTION('',(0.,0.,1.));
#6619=DIRECTION('',(1.,0.,0.));
#6620=DIRECTION('',(0.,0.,1.));
#6621=DIRECTION('',(1.,0.,0.));
#6622=DIRECTION('',(0.,0.,1.));
#6623=DIRECTION('',(1.,0.,0.));
#6624=DIRECTION('',(0.,0.,1.));
#6625=DIRECTION('',(0.,-1.,0.));
#6626=DIRECTION('',(0.,0.,-1.));
#6627=DIRECTION('',(1.,0.,0.));
#6628=DIRECTION('',(1.,0.,0.));
#6629=DIRECTION('',(0.,0.,-1.));
#6630=DIRECTION('',(0.,0.,1.));
#6631=DIRECTION('',(1.,0.,0.));
#6632=DIRECTION('',(0.,0.,1.));
#6633=DIRECTION('',(1.,0.,0.));
#6634=DIRECTION('',(0.,0.,1.));
#6635=DIRECTION('',(1.,0.,0.));
#6636=DIRECTION('',(0.,0.,1.));
#6637=DIRECTION('',(1.,0.,0.));
#6638=DIRECTION('',(0.,0.,1.));
#6639=DIRECTION('',(1.,0.,0.));
#6640=DIRECTION('',(0.,0.,1.));
#6641=DIRECTION('',(1.,0.,0.));
#6642=DIRECTION('',(0.,0.,-1.));
#6643=DIRECTION('',(-1.,0.,0.));
#6644=DIRECTION('',(0.,0.,1.));
#6645=DIRECTION('',(1.,0.,0.));
#6646=DIRECTION('',(0.,0.,1.));
#6647=DIRECTION('',(1.,0.,0.));
#6648=DIRECTION('',(0.,0.,-1.));
#6649=DIRECTION('',(0.,0.,1.));
#6650=DIRECTION('',(1.,0.,0.));
#6651=DIRECTION('',(0.,0.,-1.));
#6652=DIRECTION('',(0.,0.,1.));
#6653=DIRECTION('',(1.,0.,0.));
#6654=DIRECTION('',(0.,0.,1.));
#6655=DIRECTION('',(1.,0.,0.));
#6656=DIRECTION('',(0.,0.,1.));
#6657=DIRECTION('',(1.,0.,0.));
#6658=DIRECTION('',(0.,-1.,0.));
#6659=DIRECTION('',(-1.,-3.61400724161835E-16,0.));
#6660=DIRECTION('',(1.15648231731787E-15,-1.,0.));
#6661=DIRECTION('',(-1.,-1.44560289664734E-16,0.));
#6662=DIRECTION('',(0.,-1.,0.));
#6663=DIRECTION('',(0.,0.,1.));
#6664=DIRECTION('',(1.,0.,0.));
#6665=DIRECTION('',(0.,-1.,0.));
#6666=DIRECTION('',(-1.,-1.44560289664734E-16,0.));
#6667=DIRECTION('',(1.15648231731787E-15,-1.,0.));
#6668=DIRECTION('',(-1.,-3.61400724161835E-16,0.));
#6669=DIRECTION('',(0.,-1.,0.));
#6670=DIRECTION('',(1.,0.,0.));
#6671=DIRECTION('',(0.,0.,-1.));
#6672=DIRECTION('',(0.,0.,-1.));
#6673=DIRECTION('',(1.,0.,0.));
#6674=DIRECTION('',(0.,0.,-1.));
#6675=DIRECTION('',(0.,0.,-1.));
#6676=DIRECTION('',(1.44560289664734E-16,-1.,0.));
#6677=DIRECTION('',(1.,1.44560289664734E-16,0.));
#6678=DIRECTION('',(0.,0.,-1.));
#6679=DIRECTION('',(1.,1.15648231731787E-15,0.));
#6680=DIRECTION('',(-1.15648231731787E-15,1.,0.));
#6681=DIRECTION('',(0.,0.,-1.));
#6682=DIRECTION('',(3.61400724161835E-16,-1.,0.));
#6683=DIRECTION('',(1.,3.61400724161835E-16,0.));
#6684=DIRECTION('',(0.,0.,-1.));
#6685=DIRECTION('',(-1.,0.,0.));
#6686=DIRECTION('',(0.,0.,1.));
#6687=DIRECTION('',(1.,0.,0.));
#6688=DIRECTION('',(0.,-1.,0.));
#6689=DIRECTION('',(0.,0.,-1.));
#6690=DIRECTION('',(1.,0.,0.));
#6691=DIRECTION('',(0.,0.,1.));
#6692=DIRECTION('',(1.,0.,0.));
#6693=DIRECTION('',(0.,0.,-1.));
#6694=DIRECTION('',(0.,0.,1.));
#6695=DIRECTION('',(1.,0.,0.));
#6696=DIRECTION('',(0.,0.,1.));
#6697=DIRECTION('',(1.,0.,0.));
#6698=DIRECTION('',(0.,0.,1.));
#6699=DIRECTION('',(1.,0.,0.));
#6700=DIRECTION('',(0.,0.,1.));
#6701=DIRECTION('',(0.,-1.,0.));
#6702=DIRECTION('',(0.,0.,-1.));
#6703=DIRECTION('',(1.,0.,0.));
#6704=DIRECTION('',(1.,0.,0.));
#6705=DIRECTION('',(0.,0.,-1.));
#6706=DIRECTION('',(0.,0.,1.));
#6707=DIRECTION('',(1.,0.,0.));
#6708=DIRECTION('',(0.,0.,1.));
#6709=DIRECTION('',(1.,0.,0.));
#6710=DIRECTION('',(0.,0.,1.));
#6711=DIRECTION('',(1.,0.,0.));
#6712=DIRECTION('',(0.,0.,1.));
#6713=DIRECTION('',(1.,0.,0.));
#6714=DIRECTION('',(0.,0.,1.));
#6715=DIRECTION('',(1.,0.,0.));
#6716=DIRECTION('',(0.,0.,1.));
#6717=DIRECTION('',(1.,0.,0.));
#6718=DIRECTION('',(0.,0.,-1.));
#6719=DIRECTION('',(-1.,0.,0.));
#6720=DIRECTION('',(0.,0.,1.));
#6721=DIRECTION('',(1.,0.,0.));
#6722=DIRECTION('',(0.,0.,1.));
#6723=DIRECTION('',(1.,0.,0.));
#6724=DIRECTION('',(0.,0.,-1.));
#6725=DIRECTION('',(0.,0.,1.));
#6726=DIRECTION('',(1.,0.,0.));
#6727=DIRECTION('',(0.,0.,-1.));
#6728=DIRECTION('',(0.,0.,1.));
#6729=DIRECTION('',(1.,0.,0.));
#6730=DIRECTION('',(0.,0.,1.));
#6731=DIRECTION('',(1.,0.,0.));
#6732=DIRECTION('',(0.,0.,1.));
#6733=DIRECTION('',(1.,0.,0.));
#6734=DIRECTION('',(0.,-1.,0.));
#6735=DIRECTION('',(-1.,-3.61400724161835E-16,0.));
#6736=DIRECTION('',(1.15648231731787E-15,-1.,0.));
#6737=DIRECTION('',(-1.,-1.44560289664734E-16,0.));
#6738=DIRECTION('',(0.,-1.,0.));
#6739=DIRECTION('',(0.,0.,1.));
#6740=DIRECTION('',(1.,0.,0.));
#6741=DIRECTION('',(0.,-1.,0.));
#6742=DIRECTION('',(-1.,-1.44560289664734E-16,0.));
#6743=DIRECTION('',(1.15648231731787E-15,-1.,0.));
#6744=DIRECTION('',(-1.,-3.61400724161835E-16,0.));
#6745=DIRECTION('',(0.,-1.,0.));
#6746=DIRECTION('',(1.,0.,0.));
#6747=DIRECTION('',(0.,0.,-1.));
#6748=DIRECTION('',(0.,0.,-1.));
#6749=DIRECTION('',(1.,0.,0.));
#6750=DIRECTION('',(0.,0.,-1.));
#6751=DIRECTION('',(0.,0.,-1.));
#6752=DIRECTION('',(1.44560289664734E-16,-1.,0.));
#6753=DIRECTION('',(1.,1.44560289664734E-16,0.));
#6754=DIRECTION('',(0.,0.,-1.));
#6755=DIRECTION('',(1.,1.15648231731787E-15,0.));
#6756=DIRECTION('',(-1.15648231731787E-15,1.,0.));
#6757=DIRECTION('',(0.,0.,-1.));
#6758=DIRECTION('',(3.61400724161835E-16,-1.,0.));
#6759=DIRECTION('',(1.,3.61400724161835E-16,0.));
#6760=DIRECTION('',(0.,0.,-1.));
#6761=DIRECTION('',(-1.,0.,0.));
#6762=DIRECTION('',(0.,0.,1.));
#6763=DIRECTION('',(1.,0.,0.));
#6764=DIRECTION('',(0.,-1.,0.));
#6765=DIRECTION('',(0.,0.,-1.));
#6766=DIRECTION('',(1.,0.,0.));
#6767=DIRECTION('',(0.,0.,1.));
#6768=DIRECTION('',(1.,0.,0.));
#6769=DIRECTION('',(0.,0.,-1.));
#6770=DIRECTION('',(0.,0.,1.));
#6771=DIRECTION('',(1.,0.,0.));
#6772=DIRECTION('',(0.,0.,1.));
#6773=DIRECTION('',(1.,0.,0.));
#6774=DIRECTION('',(0.,0.,1.));
#6775=DIRECTION('',(1.,0.,0.));
#6776=DIRECTION('',(0.,0.,1.));
#6777=DIRECTION('',(0.,-1.,0.));
#6778=DIRECTION('',(0.,0.,-1.));
#6779=DIRECTION('',(1.,0.,0.));
#6780=DIRECTION('',(1.,0.,0.));
#6781=DIRECTION('',(0.,0.,-1.));
#6782=DIRECTION('',(0.,0.,1.));
#6783=DIRECTION('',(1.,0.,0.));
#6784=DIRECTION('',(0.,0.,1.));
#6785=DIRECTION('',(1.,0.,0.));
#6786=DIRECTION('',(0.,0.,1.));
#6787=DIRECTION('',(1.,0.,0.));
#6788=DIRECTION('',(0.,0.,1.));
#6789=DIRECTION('',(1.,0.,0.));
#6790=DIRECTION('',(0.,0.,1.));
#6791=DIRECTION('',(1.,0.,0.));
#6792=DIRECTION('',(0.,0.,1.));
#6793=DIRECTION('',(1.,0.,0.));
#6794=DIRECTION('',(0.,0.,-1.));
#6795=DIRECTION('',(-1.,0.,0.));
#6796=DIRECTION('',(0.,0.,1.));
#6797=DIRECTION('',(1.,0.,0.));
#6798=DIRECTION('',(0.,0.,1.));
#6799=DIRECTION('',(1.,0.,0.));
#6800=DIRECTION('',(0.,0.,-1.));
#6801=DIRECTION('',(0.,0.,1.));
#6802=DIRECTION('',(1.,0.,0.));
#6803=DIRECTION('',(0.,0.,-1.));
#6804=DIRECTION('',(0.,0.,1.));
#6805=DIRECTION('',(1.,0.,0.));
#6806=DIRECTION('',(0.,0.,1.));
#6807=DIRECTION('',(1.,0.,0.));
#6808=DIRECTION('',(0.,0.,1.));
#6809=DIRECTION('',(1.,0.,0.));
#6810=DIRECTION('',(0.,-1.,0.));
#6811=DIRECTION('',(-1.,-3.61400724161835E-16,0.));
#6812=DIRECTION('',(1.15648231731787E-15,-1.,0.));
#6813=DIRECTION('',(-1.,-1.44560289664734E-16,0.));
#6814=DIRECTION('',(0.,-1.,0.));
#6815=DIRECTION('',(0.,0.,1.));
#6816=DIRECTION('',(1.,0.,0.));
#6817=DIRECTION('',(0.,-1.,0.));
#6818=DIRECTION('',(-1.,-1.44560289664734E-16,0.));
#6819=DIRECTION('',(1.15648231731787E-15,-1.,0.));
#6820=DIRECTION('',(-1.,-3.61400724161835E-16,0.));
#6821=DIRECTION('',(0.,-1.,0.));
#6822=DIRECTION('',(1.,0.,0.));
#6823=DIRECTION('',(0.,0.,-1.));
#6824=DIRECTION('',(0.,0.,-1.));
#6825=DIRECTION('',(1.,0.,0.));
#6826=DIRECTION('',(0.,0.,-1.));
#6827=DIRECTION('',(0.,0.,-1.));
#6828=DIRECTION('',(1.44560289664734E-16,-1.,0.));
#6829=DIRECTION('',(1.,1.44560289664734E-16,0.));
#6830=DIRECTION('',(0.,0.,-1.));
#6831=DIRECTION('',(1.,1.15648231731787E-15,0.));
#6832=DIRECTION('',(-1.15648231731787E-15,1.,0.));
#6833=DIRECTION('',(0.,0.,-1.));
#6834=DIRECTION('',(3.61400724161835E-16,-1.,0.));
#6835=DIRECTION('',(1.,3.61400724161835E-16,0.));
#6836=DIRECTION('',(0.,0.,-1.));
#6837=DIRECTION('',(-1.,0.,0.));
#6838=DIRECTION('',(0.,0.,1.));
#6839=DIRECTION('',(1.,0.,0.));
#6840=DIRECTION('',(0.,-1.,0.));
#6841=DIRECTION('',(0.,0.,-1.));
#6842=DIRECTION('',(1.,0.,0.));
#6843=DIRECTION('',(0.,0.,1.));
#6844=DIRECTION('',(1.,0.,0.));
#6845=DIRECTION('',(0.,0.,-1.));
#6846=DIRECTION('',(0.,0.,1.));
#6847=DIRECTION('',(1.,0.,0.));
#6848=DIRECTION('',(0.,0.,1.));
#6849=DIRECTION('',(1.,0.,0.));
#6850=DIRECTION('',(0.,0.,1.));
#6851=DIRECTION('',(1.,0.,0.));
#6852=DIRECTION('',(0.,0.,1.));
#6853=DIRECTION('',(0.,-1.,0.));
#6854=DIRECTION('',(0.,0.,-1.));
#6855=DIRECTION('',(1.,0.,0.));
#6856=DIRECTION('',(1.,0.,0.));
#6857=DIRECTION('',(0.,0.,-1.));
#6858=DIRECTION('',(0.,0.,1.));
#6859=DIRECTION('',(1.,0.,0.));
#6860=DIRECTION('',(0.,0.,1.));
#6861=DIRECTION('',(1.,0.,0.));
#6862=DIRECTION('',(0.,0.,1.));
#6863=DIRECTION('',(1.,0.,0.));
#6864=DIRECTION('',(0.,0.,1.));
#6865=DIRECTION('',(1.,0.,0.));
#6866=DIRECTION('',(0.,0.,1.));
#6867=DIRECTION('',(1.,0.,0.));
#6868=DIRECTION('',(0.,0.,1.));
#6869=DIRECTION('',(1.,0.,0.));
#6870=DIRECTION('',(0.,0.,-1.));
#6871=DIRECTION('',(-1.,0.,0.));
#6872=DIRECTION('',(0.,0.,1.));
#6873=DIRECTION('',(1.,0.,0.));
#6874=DIRECTION('',(0.,0.,1.));
#6875=DIRECTION('',(1.,0.,0.));
#6876=DIRECTION('',(0.,0.,-1.));
#6877=DIRECTION('',(0.,0.,1.));
#6878=DIRECTION('',(1.,0.,0.));
#6879=DIRECTION('',(0.,0.,-1.));
#6880=DIRECTION('',(0.,0.,1.));
#6881=DIRECTION('',(1.,0.,0.));
#6882=DIRECTION('',(0.,0.,1.));
#6883=DIRECTION('',(1.,0.,0.));
#6884=DIRECTION('',(0.,0.,1.));
#6885=DIRECTION('',(1.,0.,0.));
#6886=DIRECTION('',(0.,-1.,0.));
#6887=DIRECTION('',(-1.,-3.61400724161835E-16,0.));
#6888=DIRECTION('',(1.15648231731787E-15,-1.,0.));
#6889=DIRECTION('',(-1.,-1.44560289664734E-16,0.));
#6890=DIRECTION('',(0.,-1.,0.));
#6891=DIRECTION('',(0.,0.,1.));
#6892=DIRECTION('',(1.,0.,0.));
#6893=DIRECTION('',(0.,-1.,0.));
#6894=DIRECTION('',(-1.,-1.44560289664734E-16,0.));
#6895=DIRECTION('',(1.15648231731787E-15,-1.,0.));
#6896=DIRECTION('',(-1.,-3.61400724161835E-16,0.));
#6897=DIRECTION('',(0.,-1.,0.));
#6898=DIRECTION('',(1.,0.,0.));
#6899=DIRECTION('',(0.,0.,-1.));
#6900=DIRECTION('',(0.,0.,-1.));
#6901=DIRECTION('',(1.,0.,0.));
#6902=DIRECTION('',(0.,0.,-1.));
#6903=DIRECTION('',(0.,0.,-1.));
#6904=DIRECTION('',(1.44560289664734E-16,-1.,0.));
#6905=DIRECTION('',(1.,1.44560289664734E-16,0.));
#6906=DIRECTION('',(0.,0.,-1.));
#6907=DIRECTION('',(1.,1.15648231731787E-15,0.));
#6908=DIRECTION('',(-1.15648231731787E-15,1.,0.));
#6909=DIRECTION('',(0.,0.,-1.));
#6910=DIRECTION('',(3.61400724161835E-16,-1.,0.));
#6911=DIRECTION('',(1.,3.61400724161835E-16,0.));
#6912=DIRECTION('',(0.,0.,-1.));
#6913=DIRECTION('',(-1.,0.,0.));
#6914=DIRECTION('',(0.,0.,1.));
#6915=DIRECTION('',(1.,0.,0.));
#6916=DIRECTION('',(0.,-1.,0.));
#6917=DIRECTION('',(0.,0.,-1.));
#6918=DIRECTION('',(1.,0.,0.));
#6919=DIRECTION('',(0.,0.,1.));
#6920=DIRECTION('',(1.,0.,0.));
#6921=DIRECTION('',(0.,0.,-1.));
#6922=DIRECTION('',(0.,0.,1.));
#6923=DIRECTION('',(1.,0.,0.));
#6924=DIRECTION('',(0.,0.,1.));
#6925=DIRECTION('',(1.,0.,0.));
#6926=DIRECTION('',(0.,0.,1.));
#6927=DIRECTION('',(1.,0.,0.));
#6928=DIRECTION('',(0.,0.,1.));
#6929=DIRECTION('',(0.,-1.,0.));
#6930=DIRECTION('',(0.,0.,-1.));
#6931=DIRECTION('',(1.,0.,0.));
#6932=DIRECTION('',(1.,0.,0.));
#6933=DIRECTION('',(0.,0.,-1.));
#6934=DIRECTION('',(0.,0.,1.));
#6935=DIRECTION('',(1.,0.,0.));
#6936=DIRECTION('',(0.,0.,1.));
#6937=DIRECTION('',(1.,0.,0.));
#6938=DIRECTION('',(0.,0.,1.));
#6939=DIRECTION('',(1.,0.,0.));
#6940=DIRECTION('',(0.,0.,1.));
#6941=DIRECTION('',(1.,0.,0.));
#6942=DIRECTION('',(0.,0.,1.));
#6943=DIRECTION('',(1.,0.,0.));
#6944=DIRECTION('',(0.,0.,1.));
#6945=DIRECTION('',(1.,0.,0.));
#6946=DIRECTION('',(0.,0.,-1.));
#6947=DIRECTION('',(-1.,0.,0.));
#6948=DIRECTION('',(0.,0.,1.));
#6949=DIRECTION('',(1.,0.,0.));
#6950=DIRECTION('',(0.,0.,1.));
#6951=DIRECTION('',(1.,0.,0.));
#6952=DIRECTION('',(0.,0.,-1.));
#6953=DIRECTION('',(0.,0.,1.));
#6954=DIRECTION('',(1.,0.,0.));
#6955=DIRECTION('',(0.,0.,-1.));
#6956=DIRECTION('',(0.,0.,1.));
#6957=DIRECTION('',(1.,0.,0.));
#6958=DIRECTION('',(0.,0.,1.));
#6959=DIRECTION('',(1.,0.,0.));
#6960=DIRECTION('',(0.,0.,1.));
#6961=DIRECTION('',(1.,0.,0.));
#6962=DIRECTION('',(0.,-1.,0.));
#6963=DIRECTION('',(-1.,-3.61400724161835E-16,0.));
#6964=DIRECTION('',(1.15648231731787E-15,-1.,0.));
#6965=DIRECTION('',(-1.,-1.44560289664734E-16,0.));
#6966=DIRECTION('',(0.,-1.,0.));
#6967=DIRECTION('',(0.,0.,1.));
#6968=DIRECTION('',(1.,0.,0.));
#6969=DIRECTION('',(0.,-1.,0.));
#6970=DIRECTION('',(-1.,-1.44560289664734E-16,0.));
#6971=DIRECTION('',(1.15648231731787E-15,-1.,0.));
#6972=DIRECTION('',(-1.,-3.61400724161835E-16,0.));
#6973=DIRECTION('',(0.,-1.,0.));
#6974=DIRECTION('',(1.,0.,0.));
#6975=DIRECTION('',(0.,0.,-1.));
#6976=DIRECTION('',(0.,0.,-1.));
#6977=DIRECTION('',(1.,0.,0.));
#6978=DIRECTION('',(0.,0.,-1.));
#6979=DIRECTION('',(0.,0.,-1.));
#6980=DIRECTION('',(1.44560289664734E-16,-1.,0.));
#6981=DIRECTION('',(1.,1.44560289664734E-16,0.));
#6982=DIRECTION('',(0.,0.,-1.));
#6983=DIRECTION('',(1.,1.15648231731787E-15,0.));
#6984=DIRECTION('',(-1.15648231731787E-15,1.,0.));
#6985=DIRECTION('',(0.,0.,-1.));
#6986=DIRECTION('',(3.61400724161835E-16,-1.,0.));
#6987=DIRECTION('',(1.,3.61400724161835E-16,0.));
#6988=DIRECTION('',(0.,0.,-1.));
#6989=DIRECTION('',(-1.,0.,0.));
#6990=DIRECTION('',(0.,0.,1.));
#6991=DIRECTION('',(1.,0.,0.));
#6992=DIRECTION('',(0.,-1.,0.));
#6993=DIRECTION('',(0.,0.,-1.));
#6994=DIRECTION('',(1.,0.,0.));
#6995=DIRECTION('',(0.,0.,1.));
#6996=DIRECTION('',(1.,0.,0.));
#6997=DIRECTION('',(0.,0.,-1.));
#6998=DIRECTION('',(0.,0.,1.));
#6999=DIRECTION('',(1.,0.,0.));
#7000=DIRECTION('',(0.,0.,1.));
#7001=DIRECTION('',(1.,0.,0.));
#7002=DIRECTION('',(0.,0.,1.));
#7003=DIRECTION('',(1.,0.,0.));
#7004=DIRECTION('',(0.,0.,1.));
#7005=DIRECTION('',(0.,-1.,0.));
#7006=DIRECTION('',(0.,0.,-1.));
#7007=DIRECTION('',(1.,0.,0.));
#7008=DIRECTION('',(1.,0.,0.));
#7009=DIRECTION('',(0.,0.,-1.));
#7010=DIRECTION('',(0.,0.,1.));
#7011=DIRECTION('',(1.,0.,0.));
#7012=DIRECTION('',(0.,0.,1.));
#7013=DIRECTION('',(1.,0.,0.));
#7014=DIRECTION('',(0.,0.,1.));
#7015=DIRECTION('',(1.,0.,0.));
#7016=DIRECTION('',(0.,0.,1.));
#7017=DIRECTION('',(1.,0.,0.));
#7018=DIRECTION('',(0.,0.,1.));
#7019=DIRECTION('',(1.,0.,0.));
#7020=DIRECTION('',(0.,0.,1.));
#7021=DIRECTION('',(1.,0.,0.));
#7022=DIRECTION('',(0.,0.,-1.));
#7023=DIRECTION('',(-1.,0.,0.));
#7024=DIRECTION('',(0.,0.,1.));
#7025=DIRECTION('',(1.,0.,0.));
#7026=DIRECTION('',(0.,0.,1.));
#7027=DIRECTION('',(1.,0.,0.));
#7028=DIRECTION('',(0.,0.,-1.));
#7029=DIRECTION('',(0.,0.,1.));
#7030=DIRECTION('',(1.,0.,0.));
#7031=DIRECTION('',(0.,0.,-1.));
#7032=DIRECTION('',(0.,0.,1.));
#7033=DIRECTION('',(1.,0.,0.));
#7034=DIRECTION('',(0.,0.,1.));
#7035=DIRECTION('',(1.,0.,0.));
#7036=DIRECTION('',(0.,0.,1.));
#7037=DIRECTION('',(1.,0.,0.));
#7038=DIRECTION('',(0.,-1.,0.));
#7039=DIRECTION('',(-1.,-3.61400724161835E-16,0.));
#7040=DIRECTION('',(1.15648231731787E-15,-1.,0.));
#7041=DIRECTION('',(-1.,-1.44560289664734E-16,0.));
#7042=DIRECTION('',(0.,-1.,0.));
#7043=DIRECTION('',(0.,0.,1.));
#7044=DIRECTION('',(1.,0.,0.));
#7045=DIRECTION('',(0.,-1.,0.));
#7046=DIRECTION('',(-1.,-1.44560289664734E-16,0.));
#7047=DIRECTION('',(1.15648231731787E-15,-1.,0.));
#7048=DIRECTION('',(-1.,-3.61400724161835E-16,0.));
#7049=DIRECTION('',(0.,-1.,0.));
#7050=DIRECTION('',(1.,0.,0.));
#7051=DIRECTION('',(0.,0.,-1.));
#7052=DIRECTION('',(0.,0.,-1.));
#7053=DIRECTION('',(1.,0.,0.));
#7054=DIRECTION('',(0.,0.,-1.));
#7055=DIRECTION('',(0.,0.,-1.));
#7056=DIRECTION('',(1.44560289664734E-16,-1.,0.));
#7057=DIRECTION('',(1.,1.44560289664734E-16,0.));
#7058=DIRECTION('',(0.,0.,-1.));
#7059=DIRECTION('',(1.,1.15648231731787E-15,0.));
#7060=DIRECTION('',(-1.15648231731787E-15,1.,0.));
#7061=DIRECTION('',(0.,0.,-1.));
#7062=DIRECTION('',(3.61400724161835E-16,-1.,0.));
#7063=DIRECTION('',(1.,3.61400724161835E-16,0.));
#7064=DIRECTION('',(0.,0.,-1.));
#7065=DIRECTION('',(-1.,0.,0.));
#7066=DIRECTION('',(0.,0.,1.));
#7067=DIRECTION('',(1.,0.,0.));
#7068=DIRECTION('',(0.,-1.,0.));
#7069=DIRECTION('',(0.,0.,-1.));
#7070=DIRECTION('',(1.,0.,0.));
#7071=DIRECTION('',(0.,0.,1.));
#7072=DIRECTION('',(1.,0.,0.));
#7073=DIRECTION('',(0.,0.,-1.));
#7074=DIRECTION('',(0.,0.,1.));
#7075=DIRECTION('',(1.,0.,0.));
#7076=DIRECTION('',(0.,0.,1.));
#7077=DIRECTION('',(1.,0.,0.));
#7078=DIRECTION('',(0.,0.,1.));
#7079=DIRECTION('',(1.,0.,0.));
#7080=DIRECTION('',(0.,0.,1.));
#7081=DIRECTION('',(0.,-1.,0.));
#7082=DIRECTION('',(0.,0.,-1.));
#7083=DIRECTION('',(1.,0.,0.));
#7084=DIRECTION('',(1.,0.,0.));
#7085=DIRECTION('',(0.,0.,-1.));
#7086=DIRECTION('',(0.,0.,1.));
#7087=DIRECTION('',(1.,0.,0.));
#7088=DIRECTION('',(0.,0.,1.));
#7089=DIRECTION('',(1.,0.,0.));
#7090=DIRECTION('',(0.,0.,1.));
#7091=DIRECTION('',(1.,0.,0.));
#7092=DIRECTION('',(0.,0.,1.));
#7093=DIRECTION('',(1.,0.,0.));
#7094=DIRECTION('',(0.,0.,1.));
#7095=DIRECTION('',(1.,0.,0.));
#7096=CARTESIAN_POINT('',(0.,0.,0.));
#7097=CARTESIAN_POINT('',(0.013,-0.015,0.0041));
#7098=CARTESIAN_POINT('',(0.013,-0.015,0.0036));
#7099=CARTESIAN_POINT('',(0.0147,-0.015,0.0036));
#7100=CARTESIAN_POINT('',(0.013,-0.015,0.001));
#7101=CARTESIAN_POINT('',(0.013,-0.0133,0.001));
#7102=CARTESIAN_POINT('',(0.013,-0.0167,0.001));
#7103=CARTESIAN_POINT('',(0.013,-0.0167,0.001));
#7104=CARTESIAN_POINT('',(0.013,-0.0167,0.0001));
#7105=CARTESIAN_POINT('',(0.013,-0.015,0.0001));
#7106=CARTESIAN_POINT('',(0.013,-0.0133,0.0001));
#7107=CARTESIAN_POINT('',(0.013,-0.0133,0.001));
#7108=CARTESIAN_POINT('',(-0.00815,-0.015,0.0041));
#7109=CARTESIAN_POINT('',(0.013,-0.015,0.0041));
#7110=CARTESIAN_POINT('',(0.0142,-0.015,0.0041));
#7111=CARTESIAN_POINT('',(-0.00815,-0.015,0.0001));
#7112=CARTESIAN_POINT('',(0.013,-0.01735,0.0001));
#7113=CARTESIAN_POINT('',(0.013,-0.018,0.0001));
#7114=CARTESIAN_POINT('',(0.001,-0.018,0.0001));
#7115=CARTESIAN_POINT('',(-0.011,-0.018,0.0001));
#7116=CARTESIAN_POINT('',(-0.011,-0.015,0.0001));
#7117=CARTESIAN_POINT('',(-0.011,-0.012,0.0001));
#7118=CARTESIAN_POINT('',(0.001,-0.012,0.0001));
#7119=CARTESIAN_POINT('',(0.013,-0.012,0.0001));
#7120=CARTESIAN_POINT('',(0.013,-0.01265,0.0001));
#7121=CARTESIAN_POINT('',(-0.00815,-0.015,0.001));
#7122=CARTESIAN_POINT('',(0.013,-0.01265,0.001));
#7123=CARTESIAN_POINT('',(0.013,-0.012,0.001));
#7124=CARTESIAN_POINT('',(0.001,-0.012,0.001));
#7125=CARTESIAN_POINT('',(-0.011,-0.012,0.001));
#7126=CARTESIAN_POINT('',(-0.011,-0.015,0.001));
#7127=CARTESIAN_POINT('',(-0.011,-0.018,0.001));
#7128=CARTESIAN_POINT('',(0.001,-0.018,0.001));
#7129=CARTESIAN_POINT('',(0.013,-0.018,0.001));
#7130=CARTESIAN_POINT('',(0.013,-0.01735,0.001));
#7131=CARTESIAN_POINT('',(0.013,-0.01735,0.001));
#7132=CARTESIAN_POINT('',(0.013,-0.018,0.001));
#7133=CARTESIAN_POINT('',(0.013,-0.01265,0.001));
#7134=CARTESIAN_POINT('',(0.013,-0.012,0.001));
#7135=CARTESIAN_POINT('',(0.001,-0.012,0.001));
#7136=CARTESIAN_POINT('',(-0.011,-0.012,0.001));
#7137=CARTESIAN_POINT('',(-0.011,-0.015,0.001));
#7138=CARTESIAN_POINT('',(-0.011,-0.018,0.001));
#7139=CARTESIAN_POINT('',(0.001,-0.018,0.001));
#7140=CARTESIAN_POINT('',(0.013,-0.015,0.0041));
#7141=CARTESIAN_POINT('',(0.,0.,0.));
#7142=CARTESIAN_POINT('',(-0.034,0.015,0.003));
#7143=CARTESIAN_POINT('',(-0.034,0.013,0.003));
#7144=CARTESIAN_POINT('',(-0.034,0.013,0.003));
#7145=CARTESIAN_POINT('',(-0.034,0.013,0.0011));
#7146=CARTESIAN_POINT('',(-0.034,0.015,0.0011));
#7147=CARTESIAN_POINT('',(-0.034,0.017,0.0011));
#7148=CARTESIAN_POINT('',(-0.034,0.017,0.003));
#7149=CARTESIAN_POINT('',(-0.034,0.017,0.003));
#7150=CARTESIAN_POINT('',(-0.034,0.015,0.003));
#7151=CARTESIAN_POINT('',(-0.0235,0.017,0.003));
#7152=CARTESIAN_POINT('',(-0.0235,0.017,0.0011));
#7153=CARTESIAN_POINT('',(-0.013,0.017,0.0011));
#7154=CARTESIAN_POINT('',(-0.013,0.017,0.003));
#7155=CARTESIAN_POINT('',(-0.013,0.017,0.003));
#7156=CARTESIAN_POINT('',(-0.0235,0.017,0.003));
#7157=CARTESIAN_POINT('',(-0.013,0.015,0.003));
#7158=CARTESIAN_POINT('',(-0.013,0.015,0.0011));
#7159=CARTESIAN_POINT('',(-0.013,0.013,0.0011));
#7160=CARTESIAN_POINT('',(-0.013,0.013,0.003));
#7161=CARTESIAN_POINT('',(-0.013,0.013,0.003));
#7162=CARTESIAN_POINT('',(-0.013,0.015,0.003));
#7163=CARTESIAN_POINT('',(-0.034,0.005,0.003));
#7164=CARTESIAN_POINT('',(-0.034,0.003,0.003));
#7165=CARTESIAN_POINT('',(-0.034,0.003,0.003));
#7166=CARTESIAN_POINT('',(-0.034,0.003,0.0011));
#7167=CARTESIAN_POINT('',(-0.034,0.005,0.0011));
#7168=CARTESIAN_POINT('',(-0.034,0.007,0.0011));
#7169=CARTESIAN_POINT('',(-0.034,0.007,0.003));
#7170=CARTESIAN_POINT('',(-0.034,0.007,0.003));
#7171=CARTESIAN_POINT('',(-0.034,0.005,0.003));
#7172=CARTESIAN_POINT('',(-0.0235,0.007,0.003));
#7173=CARTESIAN_POINT('',(-0.0235,0.007,0.0011));
#7174=CARTESIAN_POINT('',(-0.013,0.007,0.0011));
#7175=CARTESIAN_POINT('',(-0.013,0.007,0.003));
#7176=CARTESIAN_POINT('',(-0.013,0.007,0.003));
#7177=CARTESIAN_POINT('',(-0.0235,0.007,0.003));
#7178=CARTESIAN_POINT('',(-0.013,0.005,0.003));
#7179=CARTESIAN_POINT('',(-0.013,0.005,0.0011));
#7180=CARTESIAN_POINT('',(-0.013,0.003,0.0011));
#7181=CARTESIAN_POINT('',(-0.013,0.003,0.003));
#7182=CARTESIAN_POINT('',(-0.013,0.003,0.003));
#7183=CARTESIAN_POINT('',(-0.013,0.005,0.003));
#7184=CARTESIAN_POINT('',(-0.034,-0.015,0.003));
#7185=CARTESIAN_POINT('',(-0.034,-0.017,0.003));
#7186=CARTESIAN_POINT('',(-0.034,-0.017,0.003));
#7187=CARTESIAN_POINT('',(-0.034,-0.017,0.0011));
#7188=CARTESIAN_POINT('',(-0.034,-0.015,0.0011));
#7189=CARTESIAN_POINT('',(-0.034,-0.013,0.0011));
#7190=CARTESIAN_POINT('',(-0.034,-0.013,0.003));
#7191=CARTESIAN_POINT('',(-0.034,-0.013,0.003));
#7192=CARTESIAN_POINT('',(-0.034,-0.015,0.003));
#7193=CARTESIAN_POINT('',(-0.0235,-0.013,0.003));
#7194=CARTESIAN_POINT('',(-0.0235,-0.013,0.0011));
#7195=CARTESIAN_POINT('',(-0.013,-0.013,0.0011));
#7196=CARTESIAN_POINT('',(-0.013,-0.013,0.003));
#7197=CARTESIAN_POINT('',(-0.013,-0.013,0.003));
#7198=CARTESIAN_POINT('',(-0.0235,-0.013,0.003));
#7199=CARTESIAN_POINT('',(-0.013,-0.015,0.003));
#7200=CARTESIAN_POINT('',(-0.013,-0.015,0.0011));
#7201=CARTESIAN_POINT('',(-0.013,-0.017,0.0011));
#7202=CARTESIAN_POINT('',(-0.013,-0.017,0.003));
#7203=CARTESIAN_POINT('',(-0.013,-0.017,0.003));
#7204=CARTESIAN_POINT('',(-0.013,-0.015,0.003));
#7205=CARTESIAN_POINT('',(0.013,0.005,0.003));
#7206=CARTESIAN_POINT('',(0.013,0.003,0.003));
#7207=CARTESIAN_POINT('',(0.013,0.003,0.003));
#7208=CARTESIAN_POINT('',(0.013,0.003,0.0011));
#7209=CARTESIAN_POINT('',(0.013,0.005,0.0011));
#7210=CARTESIAN_POINT('',(0.013,0.007,0.0011));
#7211=CARTESIAN_POINT('',(0.013,0.007,0.003));
#7212=CARTESIAN_POINT('',(0.013,0.007,0.003));
#7213=CARTESIAN_POINT('',(0.013,0.005,0.003));
#7214=CARTESIAN_POINT('',(0.0235,0.007,0.003));
#7215=CARTESIAN_POINT('',(0.0235,0.007,0.0011));
#7216=CARTESIAN_POINT('',(0.034,0.007,0.0011));
#7217=CARTESIAN_POINT('',(0.034,0.007,0.003));
#7218=CARTESIAN_POINT('',(0.034,0.007,0.003));
#7219=CARTESIAN_POINT('',(0.0235,0.007,0.003));
#7220=CARTESIAN_POINT('',(0.034,0.005,0.003));
#7221=CARTESIAN_POINT('',(0.034,0.005,0.0011));
#7222=CARTESIAN_POINT('',(0.034,0.003,0.0011));
#7223=CARTESIAN_POINT('',(0.034,0.003,0.003));
#7224=CARTESIAN_POINT('',(0.034,0.003,0.003));
#7225=CARTESIAN_POINT('',(0.034,0.005,0.003));
#7226=CARTESIAN_POINT('',(0.013,-0.015,0.003));
#7227=CARTESIAN_POINT('',(0.013,-0.017,0.003));
#7228=CARTESIAN_POINT('',(0.013,-0.017,0.003));
#7229=CARTESIAN_POINT('',(0.013,-0.017,0.0011));
#7230=CARTESIAN_POINT('',(0.013,-0.015,0.0011));
#7231=CARTESIAN_POINT('',(0.013,-0.013,0.0011));
#7232=CARTESIAN_POINT('',(0.013,-0.013,0.003));
#7233=CARTESIAN_POINT('',(0.013,-0.013,0.003));
#7234=CARTESIAN_POINT('',(0.013,-0.015,0.003));
#7235=CARTESIAN_POINT('',(0.0235,-0.013,0.003));
#7236=CARTESIAN_POINT('',(0.0235,-0.013,0.0011));
#7237=CARTESIAN_POINT('',(0.034,-0.013,0.0011));
#7238=CARTESIAN_POINT('',(0.034,-0.013,0.003));
#7239=CARTESIAN_POINT('',(0.034,-0.013,0.003));
#7240=CARTESIAN_POINT('',(0.0235,-0.013,0.003));
#7241=CARTESIAN_POINT('',(0.034,-0.015,0.003));
#7242=CARTESIAN_POINT('',(0.034,-0.015,0.0011));
#7243=CARTESIAN_POINT('',(0.034,-0.017,0.0011));
#7244=CARTESIAN_POINT('',(0.034,-0.017,0.003));
#7245=CARTESIAN_POINT('',(0.034,-0.017,0.003));
#7246=CARTESIAN_POINT('',(0.034,-0.015,0.003));
#7247=CARTESIAN_POINT('',(0.0329795445035743,0.022,0.003));
#7248=CARTESIAN_POINT('',(0.0329795445035743,0.022,0.));
#7249=CARTESIAN_POINT('',(0.0329795445035743,0.032,0.));
#7250=CARTESIAN_POINT('',(0.0429786147082822,0.0218636363636363,0.));
#7251=CARTESIAN_POINT('',(0.0329795445035743,0.032,0.003));
#7252=CARTESIAN_POINT('',(0.0329795445035743,0.032,0.003));
#7253=CARTESIAN_POINT('',(0.0329795445035743,0.022,0.003));
#7254=CARTESIAN_POINT('',(0.0429786147082822,0.0218636363636363,0.003));
#7255=CARTESIAN_POINT('',(0.0429786147082822,0.0218636363636363,0.003));
#7256=CARTESIAN_POINT('',(-0.0078831492981044,0.032,0.003));
#7257=CARTESIAN_POINT('',(-0.0078831492981044,0.032,0.));
#7258=CARTESIAN_POINT('',(-0.048745843099783,0.032,0.));
#7259=CARTESIAN_POINT('',(-0.048745843099783,0.032,0.003));
#7260=CARTESIAN_POINT('',(-0.048745843099783,0.032,0.003));
#7261=CARTESIAN_POINT('',(-0.0078831492981044,0.032,0.003));
#7262=CARTESIAN_POINT('',(-0.048745843099783,0.0217235023041474,0.003));
#7263=CARTESIAN_POINT('',(-0.048745843099783,0.0217235023041474,0.));
#7264=CARTESIAN_POINT('',(-0.0590213852917178,0.0218636363636363,0.));
#7265=CARTESIAN_POINT('',(-0.0590213852917178,0.0218636363636363,0.003));
#7266=CARTESIAN_POINT('',(-0.0590213852917178,0.0218636363636363,0.003));
#7267=CARTESIAN_POINT('',(-0.048745843099783,0.0217235023041474,0.003));
#7268=CARTESIAN_POINT('',(-0.289,0.025,0.003));
#7269=CARTESIAN_POINT('',(-0.289,0.025,0.));
#7270=CARTESIAN_POINT('',(-0.0624569714123763,-0.0147272727272727,0.));
#7271=CARTESIAN_POINT('',(-0.0624569714123763,-0.0147272727272727,0.003));
#7272=CARTESIAN_POINT('',(-0.0624569714123763,-0.0147272727272727,0.003));
#7273=CARTESIAN_POINT('',(-0.289,0.025,0.003));
#7274=CARTESIAN_POINT('',(-0.0555087356181486,-0.0159457364341085,0.003));
#7275=CARTESIAN_POINT('',(-0.0555087356181486,-0.0159457364341085,0.));
#7276=CARTESIAN_POINT('',(-0.0555087356181486,-0.023,0.));
#7277=CARTESIAN_POINT('',(-0.0555087356181486,-0.023,0.003));
#7278=CARTESIAN_POINT('',(-0.0555087356181486,-0.023,0.003));
#7279=CARTESIAN_POINT('',(-0.0555087356181486,-0.0159457364341085,0.003));
#7280=CARTESIAN_POINT('',(-0.0129077019628195,-0.023,0.003));
#7281=CARTESIAN_POINT('',(-0.0129077019628195,-0.023,0.));
#7282=CARTESIAN_POINT('',(0.0296933316925097,-0.023,0.));
#7283=CARTESIAN_POINT('',(0.0296933316925097,-0.023,0.003));
#7284=CARTESIAN_POINT('',(0.0296933316925097,-0.023,0.003));
#7285=CARTESIAN_POINT('',(-0.0129077019628195,-0.023,0.003));
#7286=CARTESIAN_POINT('',(0.0296933316925097,-0.013,0.003));
#7287=CARTESIAN_POINT('',(0.0296933316925097,-0.013,0.));
#7288=CARTESIAN_POINT('',(0.0395430285876237,-0.0147272727272727,0.));
#7289=CARTESIAN_POINT('',(0.0395430285876237,-0.0147272727272727,0.003));
#7290=CARTESIAN_POINT('',(0.0395430285876237,-0.0147272727272727,0.003));
#7291=CARTESIAN_POINT('',(0.0296933316925097,-0.013,0.003));
#7292=CARTESIAN_POINT('',(0.013,-0.005,0.003));
#7293=CARTESIAN_POINT('',(0.013,-0.007,0.003));
#7294=CARTESIAN_POINT('',(0.013,-0.007,0.003));
#7295=CARTESIAN_POINT('',(0.013,-0.007,0.0011));
#7296=CARTESIAN_POINT('',(0.013,-0.005,0.0011));
#7297=CARTESIAN_POINT('',(0.013,-0.003,0.0011));
#7298=CARTESIAN_POINT('',(0.013,-0.003,0.003));
#7299=CARTESIAN_POINT('',(0.013,-0.003,0.003));
#7300=CARTESIAN_POINT('',(0.013,-0.005,0.003));
#7301=CARTESIAN_POINT('',(0.0235,-0.003,0.003));
#7302=CARTESIAN_POINT('',(0.0235,-0.003,0.0011));
#7303=CARTESIAN_POINT('',(0.034,-0.003,0.0011));
#7304=CARTESIAN_POINT('',(0.034,-0.003,0.003));
#7305=CARTESIAN_POINT('',(0.034,-0.003,0.003));
#7306=CARTESIAN_POINT('',(0.0235,-0.003,0.003));
#7307=CARTESIAN_POINT('',(0.034,-0.005,0.003));
#7308=CARTESIAN_POINT('',(0.034,-0.005,0.0011));
#7309=CARTESIAN_POINT('',(0.034,-0.007,0.0011));
#7310=CARTESIAN_POINT('',(0.034,-0.007,0.003));
#7311=CARTESIAN_POINT('',(0.034,-0.007,0.003));
#7312=CARTESIAN_POINT('',(0.034,-0.005,0.003));
#7313=CARTESIAN_POINT('',(0.013,0.015,0.003));
#7314=CARTESIAN_POINT('',(0.013,0.013,0.003));
#7315=CARTESIAN_POINT('',(0.013,0.013,0.003));
#7316=CARTESIAN_POINT('',(0.013,0.013,0.0011));
#7317=CARTESIAN_POINT('',(0.013,0.015,0.0011));
#7318=CARTESIAN_POINT('',(0.013,0.017,0.0011));
#7319=CARTESIAN_POINT('',(0.013,0.017,0.003));
#7320=CARTESIAN_POINT('',(0.013,0.017,0.003));
#7321=CARTESIAN_POINT('',(0.013,0.015,0.003));
#7322=CARTESIAN_POINT('',(0.0235,0.017,0.003));
#7323=CARTESIAN_POINT('',(0.0235,0.017,0.0011));
#7324=CARTESIAN_POINT('',(0.034,0.017,0.0011));
#7325=CARTESIAN_POINT('',(0.034,0.017,0.003));
#7326=CARTESIAN_POINT('',(0.034,0.017,0.003));
#7327=CARTESIAN_POINT('',(0.0235,0.017,0.003));
#7328=CARTESIAN_POINT('',(0.034,0.015,0.003));
#7329=CARTESIAN_POINT('',(0.034,0.015,0.0011));
#7330=CARTESIAN_POINT('',(0.034,0.013,0.0011));
#7331=CARTESIAN_POINT('',(0.034,0.013,0.003));
#7332=CARTESIAN_POINT('',(0.034,0.013,0.003));
#7333=CARTESIAN_POINT('',(0.034,0.015,0.003));
#7334=CARTESIAN_POINT('',(-0.034,-0.005,0.003));
#7335=CARTESIAN_POINT('',(-0.034,-0.007,0.003));
#7336=CARTESIAN_POINT('',(-0.034,-0.007,0.003));
#7337=CARTESIAN_POINT('',(-0.034,-0.007,0.0011));
#7338=CARTESIAN_POINT('',(-0.034,-0.005,0.0011));
#7339=CARTESIAN_POINT('',(-0.034,-0.003,0.0011));
#7340=CARTESIAN_POINT('',(-0.034,-0.003,0.003));
#7341=CARTESIAN_POINT('',(-0.034,-0.003,0.003));
#7342=CARTESIAN_POINT('',(-0.034,-0.005,0.003));
#7343=CARTESIAN_POINT('',(-0.0235,-0.003,0.003));
#7344=CARTESIAN_POINT('',(-0.0235,-0.003,0.0011));
#7345=CARTESIAN_POINT('',(-0.013,-0.003,0.0011));
#7346=CARTESIAN_POINT('',(-0.013,-0.003,0.003));
#7347=CARTESIAN_POINT('',(-0.013,-0.003,0.003));
#7348=CARTESIAN_POINT('',(-0.0235,-0.003,0.003));
#7349=CARTESIAN_POINT('',(-0.013,-0.005,0.003));
#7350=CARTESIAN_POINT('',(-0.013,-0.005,0.0011));
#7351=CARTESIAN_POINT('',(-0.013,-0.007,0.0011));
#7352=CARTESIAN_POINT('',(-0.013,-0.007,0.003));
#7353=CARTESIAN_POINT('',(-0.013,-0.007,0.003));
#7354=CARTESIAN_POINT('',(-0.013,-0.005,0.003));
#7355=CARTESIAN_POINT('',(-0.0235,0.003,0.003));
#7356=CARTESIAN_POINT('',(-0.0235,0.003,0.0011));
#7357=CARTESIAN_POINT('',(-0.0235,0.003,0.003));
#7358=CARTESIAN_POINT('',(-0.0235,-0.017,0.003));
#7359=CARTESIAN_POINT('',(-0.0235,-0.017,0.0011));
#7360=CARTESIAN_POINT('',(-0.0235,-0.017,0.003));
#7361=CARTESIAN_POINT('',(0.0235,0.003,0.003));
#7362=CARTESIAN_POINT('',(0.0235,0.003,0.0011));
#7363=CARTESIAN_POINT('',(0.0235,0.003,0.003));
#7364=CARTESIAN_POINT('',(0.0235,-0.017,0.003));
#7365=CARTESIAN_POINT('',(0.0235,-0.017,0.0011));
#7366=CARTESIAN_POINT('',(0.0235,-0.017,0.003));
#7367=CARTESIAN_POINT('',(-0.187,0.025,0.003));
#7368=CARTESIAN_POINT('',(-0.187,0.025,0.));
#7369=CARTESIAN_POINT('',(-0.187,0.025,0.003));
#7370=CARTESIAN_POINT('',(0.0235,-0.007,0.003));
#7371=CARTESIAN_POINT('',(0.0235,-0.007,0.0011));
#7372=CARTESIAN_POINT('',(0.0235,-0.007,0.003));
#7373=CARTESIAN_POINT('',(0.0235,0.013,0.003));
#7374=CARTESIAN_POINT('',(0.0235,0.013,0.0011));
#7375=CARTESIAN_POINT('',(0.0235,0.013,0.003));
#7376=CARTESIAN_POINT('',(-0.0235,-0.007,0.003));
#7377=CARTESIAN_POINT('',(-0.0235,-0.007,0.0011));
#7378=CARTESIAN_POINT('',(-0.0235,-0.007,0.003));
#7379=CARTESIAN_POINT('',(-0.0235,0.013,0.003));
#7380=CARTESIAN_POINT('',(-0.0235,0.013,0.0011));
#7381=CARTESIAN_POINT('',(-0.0235,0.013,0.003));
#7382=CARTESIAN_POINT('',(-0.121910227748213,0.0045,0.003));
#7383=CARTESIAN_POINT('',(0.0369795445035743,0.026,0.003));
#7384=CARTESIAN_POINT('',(0.0394795445035743,0.026,0.003));
#7385=CARTESIAN_POINT('',(-0.121910227748213,0.0045,0.));
#7386=CARTESIAN_POINT('',(0.0369795445035743,0.026,0.));
#7387=CARTESIAN_POINT('',(0.0389795445035743,0.026,0.));
#7388=CARTESIAN_POINT('',(0.037,0.0045,0.));
#7389=CARTESIAN_POINT('',(0.037,-0.0183,0.));
#7390=CARTESIAN_POINT('',(0.037,-0.0117,0.));
#7391=CARTESIAN_POINT('',(-0.121910227748213,-0.0117,0.));
#7392=CARTESIAN_POINT('',(-0.0583,-0.0117,0.));
#7393=CARTESIAN_POINT('',(-0.0583,0.0045,0.));
#7394=CARTESIAN_POINT('',(-0.0583,-0.0183,0.));
#7395=CARTESIAN_POINT('',(-0.121910227748213,-0.0183,0.));
#7396=CARTESIAN_POINT('',(0.037,0.0045,0.));
#7397=CARTESIAN_POINT('',(0.037,-0.0083,0.));
#7398=CARTESIAN_POINT('',(0.037,-0.00169999999999997,0.));
#7399=CARTESIAN_POINT('',(-0.121910227748213,-0.0017,0.));
#7400=CARTESIAN_POINT('',(-0.0583,-0.0017,0.));
#7401=CARTESIAN_POINT('',(-0.0583,0.0045,0.));
#7402=CARTESIAN_POINT('',(-0.0583,-0.0083,0.));
#7403=CARTESIAN_POINT('',(-0.121910227748213,-0.0083,0.));
#7404=CARTESIAN_POINT('',(0.037,0.0045,0.));
#7405=CARTESIAN_POINT('',(0.037,0.0017,0.));
#7406=CARTESIAN_POINT('',(0.037,0.0083,0.));
#7407=CARTESIAN_POINT('',(-0.121910227748213,0.0083,0.));
#7408=CARTESIAN_POINT('',(-0.0583,0.0083,0.));
#7409=CARTESIAN_POINT('',(-0.0583,0.0045,0.));
#7410=CARTESIAN_POINT('',(-0.0583,0.0017,0.));
#7411=CARTESIAN_POINT('',(-0.121910227748213,0.0017,0.));
#7412=CARTESIAN_POINT('',(0.037,0.0045,0.));
#7413=CARTESIAN_POINT('',(0.037,0.0117,0.));
#7414=CARTESIAN_POINT('',(0.037,0.0183,0.));
#7415=CARTESIAN_POINT('',(-0.121910227748213,0.0183,0.));
#7416=CARTESIAN_POINT('',(-0.0583,0.0183,0.));
#7417=CARTESIAN_POINT('',(-0.0583,0.0045,0.));
#7418=CARTESIAN_POINT('',(-0.0583,0.0117,0.));
#7419=CARTESIAN_POINT('',(-0.121910227748213,0.0117,0.));
#7420=CARTESIAN_POINT('',(-0.01,0.,0.));
#7421=CARTESIAN_POINT('',(-0.0092,0.,0.));
#7422=CARTESIAN_POINT('',(-0.05,0.02,0.));
#7423=CARTESIAN_POINT('',(-0.0492,0.02,0.));
#7424=CARTESIAN_POINT('',(0.03,-0.02,0.));
#7425=CARTESIAN_POINT('',(0.0308,-0.02,0.));
#7426=CARTESIAN_POINT('',(0.03,0.02,0.));
#7427=CARTESIAN_POINT('',(0.0308,0.02,0.));
#7428=CARTESIAN_POINT('',(-0.05,-0.02,0.));
#7429=CARTESIAN_POINT('',(-0.0492,-0.02,0.));
#7430=CARTESIAN_POINT('',(-0.05,-0.02,-0.003));
#7431=CARTESIAN_POINT('',(-0.05,-0.02,0.002));
#7432=CARTESIAN_POINT('',(-0.0492,-0.02,0.002));
#7433=CARTESIAN_POINT('',(-0.05,-0.02,0.002));
#7434=CARTESIAN_POINT('',(-0.05,-0.02,0.00248068849522205));
#7435=CARTESIAN_POINT('',(0.03,0.02,-0.003));
#7436=CARTESIAN_POINT('',(0.03,0.02,0.002));
#7437=CARTESIAN_POINT('',(0.0308,0.02,0.002));
#7438=CARTESIAN_POINT('',(0.03,0.02,0.002));
#7439=CARTESIAN_POINT('',(0.03,0.02,0.00248068849522205));
#7440=CARTESIAN_POINT('',(0.03,-0.02,-0.003));
#7441=CARTESIAN_POINT('',(0.03,-0.02,0.002));
#7442=CARTESIAN_POINT('',(0.0308,-0.02,0.002));
#7443=CARTESIAN_POINT('',(0.03,-0.02,0.002));
#7444=CARTESIAN_POINT('',(0.03,-0.02,0.00248068849522205));
#7445=CARTESIAN_POINT('',(-0.05,0.02,-0.003));
#7446=CARTESIAN_POINT('',(-0.05,0.02,0.002));
#7447=CARTESIAN_POINT('',(-0.0492,0.02,0.002));
#7448=CARTESIAN_POINT('',(-0.05,0.02,0.002));
#7449=CARTESIAN_POINT('',(-0.05,0.02,0.00248068849522205));
#7450=CARTESIAN_POINT('',(-0.01,0.,-0.003));
#7451=CARTESIAN_POINT('',(-0.01,0.,0.002));
#7452=CARTESIAN_POINT('',(-0.0092,0.,0.002));
#7453=CARTESIAN_POINT('',(-0.01,0.,0.002));
#7454=CARTESIAN_POINT('',(-0.01,0.,0.00248068849522205));
#7455=CARTESIAN_POINT('',(-0.03415,0.015,0.0011));
#7456=CARTESIAN_POINT('',(-0.03415,0.0183,0.0011));
#7457=CARTESIAN_POINT('',(-0.0583,0.0183,0.0011));
#7458=CARTESIAN_POINT('',(0.037,0.0183,0.0011));
#7459=CARTESIAN_POINT('',(0.037,0.015,0.0011));
#7460=CARTESIAN_POINT('',(0.037,0.0117,0.0011));
#7461=CARTESIAN_POINT('',(-0.03415,0.0117,0.0011));
#7462=CARTESIAN_POINT('',(-0.0583,0.0117,0.0011));
#7463=CARTESIAN_POINT('',(-0.0583,0.015,0.0011));
#7464=CARTESIAN_POINT('',(-0.03415,0.0183,0.0011));
#7465=CARTESIAN_POINT('',(0.037,0.0183,0.0011));
#7466=CARTESIAN_POINT('',(-0.0583,0.0183,0.0011));
#7467=CARTESIAN_POINT('',(-0.0583,0.015,0.0011));
#7468=CARTESIAN_POINT('',(-0.0583,0.0117,0.0011));
#7469=CARTESIAN_POINT('',(-0.03415,0.0117,0.0011));
#7470=CARTESIAN_POINT('',(0.037,0.0117,0.0011));
#7471=CARTESIAN_POINT('',(0.037,0.015,0.0011));
#7472=CARTESIAN_POINT('',(-0.03415,0.005,0.0011));
#7473=CARTESIAN_POINT('',(-0.03415,0.0083,0.0011));
#7474=CARTESIAN_POINT('',(-0.0583,0.0083,0.0011));
#7475=CARTESIAN_POINT('',(0.037,0.0083,0.0011));
#7476=CARTESIAN_POINT('',(0.037,0.005,0.0011));
#7477=CARTESIAN_POINT('',(0.037,0.0017,0.0011));
#7478=CARTESIAN_POINT('',(-0.03415,0.0017,0.0011));
#7479=CARTESIAN_POINT('',(-0.0583,0.0017,0.0011));
#7480=CARTESIAN_POINT('',(-0.0583,0.005,0.0011));
#7481=CARTESIAN_POINT('',(-0.03415,0.0083,0.0011));
#7482=CARTESIAN_POINT('',(0.037,0.0083,0.0011));
#7483=CARTESIAN_POINT('',(-0.0583,0.0083,0.0011));
#7484=CARTESIAN_POINT('',(-0.0583,0.005,0.0011));
#7485=CARTESIAN_POINT('',(-0.0583,0.0017,0.0011));
#7486=CARTESIAN_POINT('',(-0.03415,0.0017,0.0011));
#7487=CARTESIAN_POINT('',(0.037,0.0017,0.0011));
#7488=CARTESIAN_POINT('',(0.037,0.005,0.0011));
#7489=CARTESIAN_POINT('',(-0.03415,-0.005,0.0011));
#7490=CARTESIAN_POINT('',(-0.03415,-0.00169999999999997,0.0011));
#7491=CARTESIAN_POINT('',(-0.0583,-0.0017,0.0011));
#7492=CARTESIAN_POINT('',(0.037,-0.00169999999999997,0.0011));
#7493=CARTESIAN_POINT('',(0.037,-0.005,0.0011));
#7494=CARTESIAN_POINT('',(0.037,-0.0083,0.0011));
#7495=CARTESIAN_POINT('',(-0.03415,-0.0083,0.0011));
#7496=CARTESIAN_POINT('',(-0.0583,-0.0083,0.0011));
#7497=CARTESIAN_POINT('',(-0.0583,-0.005,0.0011));
#7498=CARTESIAN_POINT('',(-0.03415,-0.00169999999999997,0.0011));
#7499=CARTESIAN_POINT('',(0.037,-0.00169999999999997,0.0011));
#7500=CARTESIAN_POINT('',(-0.0583,-0.0017,0.0011));
#7501=CARTESIAN_POINT('',(-0.0583,-0.005,0.0011));
#7502=CARTESIAN_POINT('',(-0.0583,-0.0083,0.0011));
#7503=CARTESIAN_POINT('',(-0.03415,-0.0083,0.0011));
#7504=CARTESIAN_POINT('',(0.037,-0.0083,0.0011));
#7505=CARTESIAN_POINT('',(0.037,-0.005,0.0011));
#7506=CARTESIAN_POINT('',(-0.03415,-0.015,0.0011));
#7507=CARTESIAN_POINT('',(-0.03415,-0.0117,0.0011));
#7508=CARTESIAN_POINT('',(-0.0583,-0.0117,0.0011));
#7509=CARTESIAN_POINT('',(0.037,-0.0117,0.0011));
#7510=CARTESIAN_POINT('',(0.037,-0.015,0.0011));
#7511=CARTESIAN_POINT('',(0.037,-0.0183,0.0011));
#7512=CARTESIAN_POINT('',(-0.03415,-0.0183,0.0011));
#7513=CARTESIAN_POINT('',(-0.0583,-0.0183,0.0011));
#7514=CARTESIAN_POINT('',(-0.0583,-0.015,0.0011));
#7515=CARTESIAN_POINT('',(-0.03415,-0.0117,0.0011));
#7516=CARTESIAN_POINT('',(0.037,-0.0117,0.0011));
#7517=CARTESIAN_POINT('',(-0.0583,-0.0117,0.0011));
#7518=CARTESIAN_POINT('',(-0.0583,-0.015,0.0011));
#7519=CARTESIAN_POINT('',(-0.0583,-0.0183,0.0011));
#7520=CARTESIAN_POINT('',(-0.03415,-0.0183,0.0011));
#7521=CARTESIAN_POINT('',(0.037,-0.0183,0.0011));
#7522=CARTESIAN_POINT('',(0.037,-0.015,0.0011));
#7523=CARTESIAN_POINT('',(0.0369795445035743,0.026,0.003));
#7524=CARTESIAN_POINT('',(0.0369795445035743,0.026,0.0025));
#7525=CARTESIAN_POINT('',(0.0389795445035743,0.026,0.0025));
#7526=CARTESIAN_POINT('',(0.0369795445035743,0.026,0.003));
#7527=CARTESIAN_POINT('',(0.,0.,0.));
#7528=CARTESIAN_POINT('',(-0.00788314929810439,0.0322,0.004));
#7529=CARTESIAN_POINT('',(0.0329795445035743,0.0322,0.004));
#7530=CARTESIAN_POINT('',(0.0329795445035743,0.0322,0.0035));
#7531=CARTESIAN_POINT('',(0.0329795445035743,0.0322,0.));
#7532=CARTESIAN_POINT('',(-0.048745843099783,0.0322,0.0035));
#7533=CARTESIAN_POINT('',(-0.048745843099783,0.0322,0.0035));
#7534=CARTESIAN_POINT('',(-0.048745843099783,0.0322,0.004));
#7535=CARTESIAN_POINT('',(-0.048745843099783,0.0322,0.));
#7536=CARTESIAN_POINT('',(-0.00788314929810439,0.0322,0.));
#7537=CARTESIAN_POINT('',(0.0329795445035743,0.022,0.004));
#7538=CARTESIAN_POINT('',(0.0431785961123764,0.0218609090909091,0.004));
#7539=CARTESIAN_POINT('',(0.0431785961123764,0.0218609090909091,0.0035));
#7540=CARTESIAN_POINT('',(0.0431785961123764,0.0218609090909091,0.));
#7541=CARTESIAN_POINT('',(0.0329795445035743,0.022,0.0035));
#7542=CARTESIAN_POINT('',(0.0329795445035743,0.022,0.));
#7543=CARTESIAN_POINT('',(-0.187,0.025,0.004));
#7544=CARTESIAN_POINT('',(0.039740022525526,-0.0147618181818182,0.004));
#7545=CARTESIAN_POINT('',(0.039740022525526,-0.0147618181818182,0.0035));
#7546=CARTESIAN_POINT('',(0.039740022525526,-0.0147618181818182,0.));
#7547=CARTESIAN_POINT('',(-0.187,0.025,0.0035));
#7548=CARTESIAN_POINT('',(-0.187,0.025,0.));
#7549=CARTESIAN_POINT('',(0.0296933316925097,-0.013,0.004));
#7550=CARTESIAN_POINT('',(0.0296933316925097,-0.0232,0.004));
#7551=CARTESIAN_POINT('',(0.0296933316925097,-0.0232,0.0035));
#7552=CARTESIAN_POINT('',(0.0296933316925097,-0.0232,0.));
#7553=CARTESIAN_POINT('',(0.0296933316925097,-0.013,0.0035));
#7554=CARTESIAN_POINT('',(0.0296933316925097,-0.013,0.));
#7555=CARTESIAN_POINT('',(-0.0129077019628195,-0.0232,0.004));
#7556=CARTESIAN_POINT('',(-0.0555087356181486,-0.0232,0.004));
#7557=CARTESIAN_POINT('',(-0.0555087356181486,-0.0232,0.0035));
#7558=CARTESIAN_POINT('',(-0.0555087356181486,-0.0232,0.));
#7559=CARTESIAN_POINT('',(-0.0129077019628195,-0.0232,0.0035));
#7560=CARTESIAN_POINT('',(-0.0129077019628195,-0.0232,0.));
#7561=CARTESIAN_POINT('',(-0.0555087356181486,-0.0159457364341085,0.004));
#7562=CARTESIAN_POINT('',(-0.0626539653502786,-0.0146927272727273,0.004));
#7563=CARTESIAN_POINT('',(-0.0626539653502786,-0.0146927272727273,0.0035));
#7564=CARTESIAN_POINT('',(-0.0626539653502786,-0.0146927272727273,0.));
#7565=CARTESIAN_POINT('',(-0.0555087356181486,-0.0159457364341085,0.0035));
#7566=CARTESIAN_POINT('',(-0.0555087356181486,-0.0159457364341085,0.));
#7567=CARTESIAN_POINT('',(-0.289,0.025,0.004));
#7568=CARTESIAN_POINT('',(-0.059221366695812,0.0218663636363637,0.004));
#7569=CARTESIAN_POINT('',(-0.059221366695812,0.0218663636363637,0.0035));
#7570=CARTESIAN_POINT('',(-0.059221366695812,0.0218663636363637,0.));
#7571=CARTESIAN_POINT('',(-0.289,0.025,0.0035));
#7572=CARTESIAN_POINT('',(-0.289,0.025,0.));
#7573=CARTESIAN_POINT('',(0.0329795445035743,0.022,0.004));
#7574=CARTESIAN_POINT('',(0.0451784101533179,0.0218336363636364,0.004));
#7575=CARTESIAN_POINT('',(0.0451784101533179,0.0218336363636364,0.0035));
#7576=CARTESIAN_POINT('',(0.0451784101533179,0.0218336363636364,-0.0025));
#7577=CARTESIAN_POINT('',(0.0329795445035743,0.022,-0.0025));
#7578=CARTESIAN_POINT('',(0.0329795445035743,0.0342,-0.0025));
#7579=CARTESIAN_POINT('',(0.0329795445035743,0.0342,0.004));
#7580=CARTESIAN_POINT('',(0.0329795445035743,0.0342,0.0035));
#7581=CARTESIAN_POINT('',(0.0329795445035743,0.022,0.0035));
#7582=CARTESIAN_POINT('',(-0.00788314929810439,0.0342,0.004));
#7583=CARTESIAN_POINT('',(-0.048745843099783,0.0342,-0.0025));
#7584=CARTESIAN_POINT('',(-0.048745843099783,0.0342,-0.0025));
#7585=CARTESIAN_POINT('',(-0.048745843099783,0.0342,0.004));
#7586=CARTESIAN_POINT('',(-0.048745843099783,0.0342,0.0035));
#7587=CARTESIAN_POINT('',(-0.00788314929810439,0.0342,0.0035));
#7588=CARTESIAN_POINT('',(-0.048745843099783,0.0217235023041474,0.004));
#7589=CARTESIAN_POINT('',(-0.048745843099783,0.0217235023041474,-0.0025));
#7590=CARTESIAN_POINT('',(-0.0612211807367536,0.0218936363636364,-0.0025));
#7591=CARTESIAN_POINT('',(-0.0612211807367536,0.0218936363636364,0.004));
#7592=CARTESIAN_POINT('',(-0.0612211807367536,0.0218936363636364,0.0035));
#7593=CARTESIAN_POINT('',(-0.048745843099783,0.0217235023041474,0.0035));
#7594=CARTESIAN_POINT('',(-0.289,0.025,0.004));
#7595=CARTESIAN_POINT('',(-0.289,0.025,-0.0025));
#7596=CARTESIAN_POINT('',(-0.0646239047293014,-0.0143472727272727,-0.0025));
#7597=CARTESIAN_POINT('',(-0.0646239047293014,-0.0143472727272727,0.004));
#7598=CARTESIAN_POINT('',(-0.0646239047293014,-0.0143472727272727,0.0035));
#7599=CARTESIAN_POINT('',(-0.289,0.025,0.0035));
#7600=CARTESIAN_POINT('',(-0.0555087356181486,-0.0159457364341085,0.004));
#7601=CARTESIAN_POINT('',(-0.0555087356181486,-0.0159457364341085,-0.0025));
#7602=CARTESIAN_POINT('',(-0.0555087356181486,-0.0252,-0.0025));
#7603=CARTESIAN_POINT('',(-0.0555087356181486,-0.0252,0.004));
#7604=CARTESIAN_POINT('',(-0.0555087356181486,-0.0252,0.0035));
#7605=CARTESIAN_POINT('',(-0.0555087356181486,-0.0159457364341085,0.0035));
#7606=CARTESIAN_POINT('',(-0.0129077019628195,-0.0252,0.004));
#7607=CARTESIAN_POINT('',(-0.0129077019628195,-0.0252,-0.0025));
#7608=CARTESIAN_POINT('',(0.0296933316925097,-0.0252,-0.0025));
#7609=CARTESIAN_POINT('',(0.0296933316925097,-0.0252,0.004));
#7610=CARTESIAN_POINT('',(0.0296933316925097,-0.0252,0.0035));
#7611=CARTESIAN_POINT('',(-0.0555087356181486,-0.0252,0.0035));
#7612=CARTESIAN_POINT('',(0.0296933316925097,-0.013,0.004));
#7613=CARTESIAN_POINT('',(0.0296933316925097,-0.013,-0.0025));
#7614=CARTESIAN_POINT('',(0.0417099619045488,-0.0151072727272727,-0.0025));
#7615=CARTESIAN_POINT('',(0.0417099619045488,-0.0151072727272727,0.004));
#7616=CARTESIAN_POINT('',(0.0417099619045488,-0.0151072727272727,0.0035));
#7617=CARTESIAN_POINT('',(0.0296933316925097,-0.013,0.0035));
#7618=CARTESIAN_POINT('',(-0.187,0.025,0.004));
#7619=CARTESIAN_POINT('',(-0.187,0.025,-0.0025));
#7620=CARTESIAN_POINT('',(-0.187,0.025,0.0035));
#7621=CARTESIAN_POINT('',(-0.048745843099783,0.0217235023041474,0.004));
#7622=CARTESIAN_POINT('',(-0.048745843099783,0.0217235023041474,0.0035));
#7623=CARTESIAN_POINT('',(-0.048745843099783,0.0217235023041474,0.));
#7624=CARTESIAN_POINT('',(-0.121910227748213,0.0045,0.004));
#7625=CARTESIAN_POINT('',(0.0329795445035743,0.022,0.004));
#7626=CARTESIAN_POINT('',(0.0446784566430826,0.0218404545454545,0.004));
#7627=CARTESIAN_POINT('',(0.0329795445035743,0.0337,0.004));
#7628=CARTESIAN_POINT('',(-0.121910227748213,0.0337,0.004));
#7629=CARTESIAN_POINT('',(-0.048745843099783,0.0337,0.004));
#7630=CARTESIAN_POINT('',(-0.048745843099783,0.0217235023041474,0.004));
#7631=CARTESIAN_POINT('',(-0.0607212272265183,0.0218868181818182,0.004));
#7632=CARTESIAN_POINT('',(-0.289,0.025,0.004));
#7633=CARTESIAN_POINT('',(-0.0641314198845457,-0.0144336363636364,0.004));
#7634=CARTESIAN_POINT('',(-0.0555087356181486,-0.0159457364341085,0.004));
#7635=CARTESIAN_POINT('',(-0.0555087356181486,-0.0247,0.004));
#7636=CARTESIAN_POINT('',(0.0296933316925097,-0.0247,0.004));
#7637=CARTESIAN_POINT('',(0.0296933316925097,-0.0247,0.004));
#7638=CARTESIAN_POINT('',(0.0296933316925097,-0.013,0.004));
#7639=CARTESIAN_POINT('',(0.0412174770597932,-0.0150209090909091,0.004));
#7640=CARTESIAN_POINT('',(-0.187,0.025,0.004));
#7641=CARTESIAN_POINT('',(-0.048745843099783,0.0217235023041474,0.004));
#7642=CARTESIAN_POINT('',(-0.0597213202060474,0.0218731818181818,0.004));
#7643=CARTESIAN_POINT('',(-0.048745843099783,0.0327,0.004));
#7644=CARTESIAN_POINT('',(0.0329795445035743,0.0327,0.004));
#7645=CARTESIAN_POINT('',(0.0329795445035743,0.0327,0.004));
#7646=CARTESIAN_POINT('',(0.0329795445035743,0.022,0.004));
#7647=CARTESIAN_POINT('',(0.0436785496226117,0.0218540909090909,0.004));
#7648=CARTESIAN_POINT('',(-0.187,0.025,0.004));
#7649=CARTESIAN_POINT('',(0.0402325073702818,-0.0148481818181818,0.004));
#7650=CARTESIAN_POINT('',(0.0296933316925097,-0.013,0.004));
#7651=CARTESIAN_POINT('',(0.0296933316925097,-0.0237,0.004));
#7652=CARTESIAN_POINT('',(-0.121910227748213,-0.0237,0.004));
#7653=CARTESIAN_POINT('',(-0.0555087356181486,-0.0237,0.004));
#7654=CARTESIAN_POINT('',(-0.0555087356181486,-0.0159457364341085,0.004));
#7655=CARTESIAN_POINT('',(-0.0631464501950343,-0.0146063636363637,0.004));
#7656=CARTESIAN_POINT('',(-0.289,0.025,0.004));
#7657=CARTESIAN_POINT('',(-0.121910227748213,0.0045,0.));
#7658=CARTESIAN_POINT('',(0.0369795445035743,0.026,0.));
#7659=CARTESIAN_POINT('',(0.0389795445035743,0.026,0.));
#7660=CARTESIAN_POINT('',(-0.01,0.,0.));
#7661=CARTESIAN_POINT('',(-0.0087,0.,0.));
#7662=CARTESIAN_POINT('',(-0.05,0.02,0.));
#7663=CARTESIAN_POINT('',(-0.0487,0.02,0.));
#7664=CARTESIAN_POINT('',(0.03,0.02,0.));
#7665=CARTESIAN_POINT('',(0.0313,0.02,0.));
#7666=CARTESIAN_POINT('',(0.03,-0.02,0.));
#7667=CARTESIAN_POINT('',(0.0313,-0.02,0.));
#7668=CARTESIAN_POINT('',(-0.05,-0.02,0.));
#7669=CARTESIAN_POINT('',(-0.0487,-0.02,0.));
#7670=CARTESIAN_POINT('',(0.013,0.015,0.));
#7671=CARTESIAN_POINT('',(0.013,0.013,0.));
#7672=CARTESIAN_POINT('',(0.013,0.017,0.));
#7673=CARTESIAN_POINT('',(0.0235,0.017,0.));
#7674=CARTESIAN_POINT('',(0.034,0.017,0.));
#7675=CARTESIAN_POINT('',(0.034,0.015,0.));
#7676=CARTESIAN_POINT('',(0.034,0.013,0.));
#7677=CARTESIAN_POINT('',(0.0235,0.013,0.));
#7678=CARTESIAN_POINT('',(-0.034,-0.015,0.));
#7679=CARTESIAN_POINT('',(-0.034,-0.017,0.));
#7680=CARTESIAN_POINT('',(-0.034,-0.013,0.));
#7681=CARTESIAN_POINT('',(-0.0235,-0.013,0.));
#7682=CARTESIAN_POINT('',(-0.013,-0.013,0.));
#7683=CARTESIAN_POINT('',(-0.013,-0.015,0.));
#7684=CARTESIAN_POINT('',(-0.013,-0.017,0.));
#7685=CARTESIAN_POINT('',(-0.0235,-0.017,0.));
#7686=CARTESIAN_POINT('',(-0.034,-0.005,0.));
#7687=CARTESIAN_POINT('',(-0.034,-0.007,0.));
#7688=CARTESIAN_POINT('',(-0.034,-0.003,0.));
#7689=CARTESIAN_POINT('',(-0.0235,-0.003,0.));
#7690=CARTESIAN_POINT('',(-0.013,-0.003,0.));
#7691=CARTESIAN_POINT('',(-0.013,-0.005,0.));
#7692=CARTESIAN_POINT('',(-0.013,-0.007,0.));
#7693=CARTESIAN_POINT('',(-0.0235,-0.007,0.));
#7694=CARTESIAN_POINT('',(-0.034,0.005,0.));
#7695=CARTESIAN_POINT('',(-0.034,0.003,0.));
#7696=CARTESIAN_POINT('',(-0.034,0.007,0.));
#7697=CARTESIAN_POINT('',(-0.0235,0.007,0.));
#7698=CARTESIAN_POINT('',(-0.013,0.007,0.));
#7699=CARTESIAN_POINT('',(-0.013,0.005,0.));
#7700=CARTESIAN_POINT('',(-0.013,0.003,0.));
#7701=CARTESIAN_POINT('',(-0.0235,0.003,0.));
#7702=CARTESIAN_POINT('',(0.013,0.005,0.));
#7703=CARTESIAN_POINT('',(0.013,0.003,0.));
#7704=CARTESIAN_POINT('',(0.013,0.007,0.));
#7705=CARTESIAN_POINT('',(0.0235,0.007,0.));
#7706=CARTESIAN_POINT('',(0.034,0.007,0.));
#7707=CARTESIAN_POINT('',(0.034,0.005,0.));
#7708=CARTESIAN_POINT('',(0.034,0.003,0.));
#7709=CARTESIAN_POINT('',(0.0235,0.003,0.));
#7710=CARTESIAN_POINT('',(0.013,-0.005,0.));
#7711=CARTESIAN_POINT('',(0.013,-0.007,0.));
#7712=CARTESIAN_POINT('',(0.013,-0.003,0.));
#7713=CARTESIAN_POINT('',(0.0235,-0.003,0.));
#7714=CARTESIAN_POINT('',(0.034,-0.003,0.));
#7715=CARTESIAN_POINT('',(0.034,-0.005,0.));
#7716=CARTESIAN_POINT('',(0.034,-0.007,0.));
#7717=CARTESIAN_POINT('',(0.0235,-0.007,0.));
#7718=CARTESIAN_POINT('',(0.013,-0.015,0.));
#7719=CARTESIAN_POINT('',(0.013,-0.017,0.));
#7720=CARTESIAN_POINT('',(0.013,-0.013,0.));
#7721=CARTESIAN_POINT('',(0.0235,-0.013,0.));
#7722=CARTESIAN_POINT('',(0.034,-0.013,0.));
#7723=CARTESIAN_POINT('',(0.034,-0.015,0.));
#7724=CARTESIAN_POINT('',(0.034,-0.017,0.));
#7725=CARTESIAN_POINT('',(0.0235,-0.017,0.));
#7726=CARTESIAN_POINT('',(-0.034,0.015,0.));
#7727=CARTESIAN_POINT('',(-0.034,0.013,0.));
#7728=CARTESIAN_POINT('',(-0.034,0.017,0.));
#7729=CARTESIAN_POINT('',(-0.0235,0.017,0.));
#7730=CARTESIAN_POINT('',(-0.013,0.017,0.));
#7731=CARTESIAN_POINT('',(-0.013,0.015,0.));
#7732=CARTESIAN_POINT('',(-0.013,0.013,0.));
#7733=CARTESIAN_POINT('',(-0.0235,0.013,0.));
#7734=CARTESIAN_POINT('',(-0.121910227748213,0.0045,-0.003));
#7735=CARTESIAN_POINT('',(0.0369795445035743,0.026,-0.003));
#7736=CARTESIAN_POINT('',(0.0394795445035743,0.026,-0.003));
#7737=CARTESIAN_POINT('',(-0.048745843099783,0.0217235023041474,-0.003));
#7738=CARTESIAN_POINT('',(-0.0607212272265182,0.0218868181818182,-0.003));
#7739=CARTESIAN_POINT('',(-0.048745843099783,0.0337,-0.003));
#7740=CARTESIAN_POINT('',(0.0329795445035743,0.0337,-0.003));
#7741=CARTESIAN_POINT('',(0.0329795445035743,0.0337,-0.003));
#7742=CARTESIAN_POINT('',(0.0329795445035743,0.022,-0.003));
#7743=CARTESIAN_POINT('',(0.0446784566430826,0.0218404545454545,-0.003));
#7744=CARTESIAN_POINT('',(-0.187,0.025,-0.003));
#7745=CARTESIAN_POINT('',(0.0412174770597932,-0.0150209090909091,-0.003));
#7746=CARTESIAN_POINT('',(0.0296933316925097,-0.013,-0.003));
#7747=CARTESIAN_POINT('',(0.0296933316925097,-0.0247,-0.003));
#7748=CARTESIAN_POINT('',(-0.121910227748213,-0.0247,-0.003));
#7749=CARTESIAN_POINT('',(-0.0555087356181486,-0.0247,-0.003));
#7750=CARTESIAN_POINT('',(-0.0555087356181486,-0.0159457364341085,-0.003));
#7751=CARTESIAN_POINT('',(-0.0641314198845457,-0.0144336363636364,-0.003));
#7752=CARTESIAN_POINT('',(-0.289,0.025,-0.003));
#7753=CARTESIAN_POINT('',(-0.01,0.,-0.003));
#7754=CARTESIAN_POINT('',(-0.00775,0.,-0.003));
#7755=CARTESIAN_POINT('',(-0.05,0.02,-0.003));
#7756=CARTESIAN_POINT('',(-0.04775,0.02,-0.003));
#7757=CARTESIAN_POINT('',(0.03,0.02,-0.003));
#7758=CARTESIAN_POINT('',(0.03225,0.02,-0.003));
#7759=CARTESIAN_POINT('',(0.03,-0.02,-0.003));
#7760=CARTESIAN_POINT('',(0.03225,-0.02,-0.003));
#7761=CARTESIAN_POINT('',(-0.05,-0.02,-0.003));
#7762=CARTESIAN_POINT('',(-0.04775,-0.02,-0.003));
#7763=CARTESIAN_POINT('',(-0.0235,0.017,-0.0005));
#7764=CARTESIAN_POINT('',(-0.034,0.017,-0.0005));
#7765=CARTESIAN_POINT('',(-0.034,0.017,-0.0005));
#7766=CARTESIAN_POINT('',(-0.0235,0.017,-0.0005));
#7767=CARTESIAN_POINT('',(-0.013,0.017,-0.0005));
#7768=CARTESIAN_POINT('',(-0.013,0.017,-0.0005));
#7769=CARTESIAN_POINT('',(-0.034,0.015,-0.0005));
#7770=CARTESIAN_POINT('',(-0.034,0.013,-0.0005));
#7771=CARTESIAN_POINT('',(-0.034,0.013,-0.0005));
#7772=CARTESIAN_POINT('',(-0.034,0.015,-0.0005));
#7773=CARTESIAN_POINT('',(-0.0235,0.013,-0.0005));
#7774=CARTESIAN_POINT('',(-0.013,0.013,-0.0005));
#7775=CARTESIAN_POINT('',(-0.013,0.013,-0.0005));
#7776=CARTESIAN_POINT('',(-0.0235,0.013,-0.0005));
#7777=CARTESIAN_POINT('',(-0.013,0.015,-0.0005));
#7778=CARTESIAN_POINT('',(-0.013,0.015,-0.0005));
#7779=CARTESIAN_POINT('',(-0.121910227748213,0.0045,-0.0005));
#7780=CARTESIAN_POINT('',(0.0235,-0.013,-0.0005));
#7781=CARTESIAN_POINT('',(0.013,-0.013,-0.0005));
#7782=CARTESIAN_POINT('',(0.013,-0.013,-0.0005));
#7783=CARTESIAN_POINT('',(0.0235,-0.013,-0.0005));
#7784=CARTESIAN_POINT('',(0.034,-0.013,-0.0005));
#7785=CARTESIAN_POINT('',(0.034,-0.013,-0.0005));
#7786=CARTESIAN_POINT('',(0.013,-0.015,-0.0005));
#7787=CARTESIAN_POINT('',(0.013,-0.017,-0.0005));
#7788=CARTESIAN_POINT('',(0.013,-0.017,-0.0005));
#7789=CARTESIAN_POINT('',(0.013,-0.015,-0.0005));
#7790=CARTESIAN_POINT('',(0.0235,-0.017,-0.0005));
#7791=CARTESIAN_POINT('',(0.034,-0.017,-0.0005));
#7792=CARTESIAN_POINT('',(0.034,-0.017,-0.0005));
#7793=CARTESIAN_POINT('',(0.0235,-0.017,-0.0005));
#7794=CARTESIAN_POINT('',(0.034,-0.015,-0.0005));
#7795=CARTESIAN_POINT('',(0.034,-0.015,-0.0005));
#7796=CARTESIAN_POINT('',(-0.121910227748213,0.0045,-0.0005));
#7797=CARTESIAN_POINT('',(0.0235,-0.003,-0.0005));
#7798=CARTESIAN_POINT('',(0.013,-0.003,-0.0005));
#7799=CARTESIAN_POINT('',(0.013,-0.003,-0.0005));
#7800=CARTESIAN_POINT('',(0.0235,-0.003,-0.0005));
#7801=CARTESIAN_POINT('',(0.034,-0.003,-0.0005));
#7802=CARTESIAN_POINT('',(0.034,-0.003,-0.0005));
#7803=CARTESIAN_POINT('',(0.013,-0.005,-0.0005));
#7804=CARTESIAN_POINT('',(0.013,-0.007,-0.0005));
#7805=CARTESIAN_POINT('',(0.013,-0.007,-0.0005));
#7806=CARTESIAN_POINT('',(0.013,-0.005,-0.0005));
#7807=CARTESIAN_POINT('',(0.0235,-0.007,-0.0005));
#7808=CARTESIAN_POINT('',(0.034,-0.007,-0.0005));
#7809=CARTESIAN_POINT('',(0.034,-0.007,-0.0005));
#7810=CARTESIAN_POINT('',(0.0235,-0.007,-0.0005));
#7811=CARTESIAN_POINT('',(0.034,-0.005,-0.0005));
#7812=CARTESIAN_POINT('',(0.034,-0.005,-0.0005));
#7813=CARTESIAN_POINT('',(-0.121910227748213,0.0045,-0.0005));
#7814=CARTESIAN_POINT('',(0.0235,0.007,-0.0005));
#7815=CARTESIAN_POINT('',(0.013,0.007,-0.0005));
#7816=CARTESIAN_POINT('',(0.013,0.007,-0.0005));
#7817=CARTESIAN_POINT('',(0.0235,0.007,-0.0005));
#7818=CARTESIAN_POINT('',(0.034,0.007,-0.0005));
#7819=CARTESIAN_POINT('',(0.034,0.007,-0.0005));
#7820=CARTESIAN_POINT('',(0.013,0.005,-0.0005));
#7821=CARTESIAN_POINT('',(0.013,0.003,-0.0005));
#7822=CARTESIAN_POINT('',(0.013,0.003,-0.0005));
#7823=CARTESIAN_POINT('',(0.013,0.005,-0.0005));
#7824=CARTESIAN_POINT('',(0.0235,0.003,-0.0005));
#7825=CARTESIAN_POINT('',(0.034,0.003,-0.0005));
#7826=CARTESIAN_POINT('',(0.034,0.003,-0.0005));
#7827=CARTESIAN_POINT('',(0.0235,0.003,-0.0005));
#7828=CARTESIAN_POINT('',(0.034,0.005,-0.0005));
#7829=CARTESIAN_POINT('',(0.034,0.005,-0.0005));
#7830=CARTESIAN_POINT('',(-0.121910227748213,0.0045,-0.0005));
#7831=CARTESIAN_POINT('',(-0.0235,0.007,-0.0005));
#7832=CARTESIAN_POINT('',(-0.034,0.007,-0.0005));
#7833=CARTESIAN_POINT('',(-0.034,0.007,-0.0005));
#7834=CARTESIAN_POINT('',(-0.0235,0.007,-0.0005));
#7835=CARTESIAN_POINT('',(-0.013,0.007,-0.0005));
#7836=CARTESIAN_POINT('',(-0.013,0.007,-0.0005));
#7837=CARTESIAN_POINT('',(-0.034,0.005,-0.0005));
#7838=CARTESIAN_POINT('',(-0.034,0.003,-0.0005));
#7839=CARTESIAN_POINT('',(-0.034,0.003,-0.0005));
#7840=CARTESIAN_POINT('',(-0.034,0.005,-0.0005));
#7841=CARTESIAN_POINT('',(-0.0235,0.003,-0.0005));
#7842=CARTESIAN_POINT('',(-0.013,0.003,-0.0005));
#7843=CARTESIAN_POINT('',(-0.013,0.003,-0.0005));
#7844=CARTESIAN_POINT('',(-0.0235,0.003,-0.0005));
#7845=CARTESIAN_POINT('',(-0.013,0.005,-0.0005));
#7846=CARTESIAN_POINT('',(-0.013,0.005,-0.0005));
#7847=CARTESIAN_POINT('',(-0.121910227748213,0.0045,-0.0005));
#7848=CARTESIAN_POINT('',(-0.0235,-0.003,-0.0005));
#7849=CARTESIAN_POINT('',(-0.034,-0.003,-0.0005));
#7850=CARTESIAN_POINT('',(-0.034,-0.003,-0.0005));
#7851=CARTESIAN_POINT('',(-0.0235,-0.003,-0.0005));
#7852=CARTESIAN_POINT('',(-0.013,-0.003,-0.0005));
#7853=CARTESIAN_POINT('',(-0.013,-0.003,-0.0005));
#7854=CARTESIAN_POINT('',(-0.034,-0.005,-0.0005));
#7855=CARTESIAN_POINT('',(-0.034,-0.007,-0.0005));
#7856=CARTESIAN_POINT('',(-0.034,-0.007,-0.0005));
#7857=CARTESIAN_POINT('',(-0.034,-0.005,-0.0005));
#7858=CARTESIAN_POINT('',(-0.0235,-0.007,-0.0005));
#7859=CARTESIAN_POINT('',(-0.013,-0.007,-0.0005));
#7860=CARTESIAN_POINT('',(-0.013,-0.007,-0.0005));
#7861=CARTESIAN_POINT('',(-0.0235,-0.007,-0.0005));
#7862=CARTESIAN_POINT('',(-0.013,-0.005,-0.0005));
#7863=CARTESIAN_POINT('',(-0.013,-0.005,-0.0005));
#7864=CARTESIAN_POINT('',(-0.121910227748213,0.0045,-0.0005));
#7865=CARTESIAN_POINT('',(-0.0235,-0.013,-0.0005));
#7866=CARTESIAN_POINT('',(-0.034,-0.013,-0.0005));
#7867=CARTESIAN_POINT('',(-0.034,-0.013,-0.0005));
#7868=CARTESIAN_POINT('',(-0.0235,-0.013,-0.0005));
#7869=CARTESIAN_POINT('',(-0.013,-0.013,-0.0005));
#7870=CARTESIAN_POINT('',(-0.013,-0.013,-0.0005));
#7871=CARTESIAN_POINT('',(-0.034,-0.015,-0.0005));
#7872=CARTESIAN_POINT('',(-0.034,-0.017,-0.0005));
#7873=CARTESIAN_POINT('',(-0.034,-0.017,-0.0005));
#7874=CARTESIAN_POINT('',(-0.034,-0.015,-0.0005));
#7875=CARTESIAN_POINT('',(-0.0235,-0.017,-0.0005));
#7876=CARTESIAN_POINT('',(-0.013,-0.017,-0.0005));
#7877=CARTESIAN_POINT('',(-0.013,-0.017,-0.0005));
#7878=CARTESIAN_POINT('',(-0.0235,-0.017,-0.0005));
#7879=CARTESIAN_POINT('',(-0.013,-0.015,-0.0005));
#7880=CARTESIAN_POINT('',(-0.013,-0.015,-0.0005));
#7881=CARTESIAN_POINT('',(-0.121910227748213,0.0045,-0.0005));
#7882=CARTESIAN_POINT('',(0.0235,0.017,-0.0005));
#7883=CARTESIAN_POINT('',(0.013,0.017,-0.0005));
#7884=CARTESIAN_POINT('',(0.013,0.017,-0.0005));
#7885=CARTESIAN_POINT('',(0.0235,0.017,-0.0005));
#7886=CARTESIAN_POINT('',(0.034,0.017,-0.0005));
#7887=CARTESIAN_POINT('',(0.034,0.017,-0.0005));
#7888=CARTESIAN_POINT('',(0.013,0.015,-0.0005));
#7889=CARTESIAN_POINT('',(0.013,0.013,-0.0005));
#7890=CARTESIAN_POINT('',(0.013,0.013,-0.0005));
#7891=CARTESIAN_POINT('',(0.013,0.015,-0.0005));
#7892=CARTESIAN_POINT('',(0.0235,0.013,-0.0005));
#7893=CARTESIAN_POINT('',(0.034,0.013,-0.0005));
#7894=CARTESIAN_POINT('',(0.034,0.013,-0.0005));
#7895=CARTESIAN_POINT('',(0.0235,0.013,-0.0005));
#7896=CARTESIAN_POINT('',(0.034,0.015,-0.0005));
#7897=CARTESIAN_POINT('',(0.034,0.015,-0.0005));
#7898=CARTESIAN_POINT('',(-0.121910227748213,0.0045,-0.0005));
#7899=CARTESIAN_POINT('',(-0.05,-0.02,-0.003));
#7900=CARTESIAN_POINT('',(-0.05,-0.02,-0.00205));
#7901=CARTESIAN_POINT('',(-0.0487,-0.02,-0.00205));
#7902=CARTESIAN_POINT('',(-0.05,-0.02,-0.003));
#7903=CARTESIAN_POINT('',(0.03,-0.02,-0.003));
#7904=CARTESIAN_POINT('',(0.03,-0.02,-0.00205));
#7905=CARTESIAN_POINT('',(0.0313,-0.02,-0.00205));
#7906=CARTESIAN_POINT('',(0.03,-0.02,-0.003));
#7907=CARTESIAN_POINT('',(0.03,0.02,-0.003));
#7908=CARTESIAN_POINT('',(0.03,0.02,-0.00205));
#7909=CARTESIAN_POINT('',(0.0313,0.02,-0.00205));
#7910=CARTESIAN_POINT('',(0.03,0.02,-0.003));
#7911=CARTESIAN_POINT('',(-0.05,0.02,-0.003));
#7912=CARTESIAN_POINT('',(-0.05,0.02,-0.00205));
#7913=CARTESIAN_POINT('',(-0.0487,0.02,-0.00205));
#7914=CARTESIAN_POINT('',(-0.05,0.02,-0.003));
#7915=CARTESIAN_POINT('',(-0.01,0.,-0.003));
#7916=CARTESIAN_POINT('',(-0.01,0.,-0.00205));
#7917=CARTESIAN_POINT('',(-0.0087,0.,-0.00205));
#7918=CARTESIAN_POINT('',(-0.01,0.,-0.003));
#7919=CARTESIAN_POINT('',(0.0369795445035743,0.026,0.003));
#7920=CARTESIAN_POINT('',(0.0369795445035743,0.026,-0.0025));
#7921=CARTESIAN_POINT('',(0.0389795445035743,0.026,-0.0025));
#7922=CARTESIAN_POINT('',(0.0369795445035743,0.026,-0.0025));
#7923=CARTESIAN_POINT('',(-0.0129077019628195,-0.0252,-0.0025));
#7924=CARTESIAN_POINT('',(0.0296933316925097,-0.0252,-0.0025));
#7925=CARTESIAN_POINT('',(-0.0555087356181486,-0.0247,-0.003));
#7926=CARTESIAN_POINT('',(-0.0555087356181486,-0.0159457364341085,-0.0025));
#7927=CARTESIAN_POINT('',(-0.0641314198845457,-0.0144336363636364,-0.003));
#7928=CARTESIAN_POINT('',(0.0296933316925097,-0.013,-0.003));
#7929=CARTESIAN_POINT('',(0.0417099619045488,-0.0151072727272727,-0.0025));
#7930=CARTESIAN_POINT('',(-0.289,0.025,-0.003));
#7931=CARTESIAN_POINT('',(-0.0607212272265182,0.0218868181818182,-0.003));
#7932=CARTESIAN_POINT('',(-0.187,0.025,-0.0025));
#7933=CARTESIAN_POINT('',(0.0451784101533179,0.0218336363636364,-0.0025));
#7934=CARTESIAN_POINT('',(-0.048745843099783,0.0217235023041474,-0.0025));
#7935=CARTESIAN_POINT('',(-0.048745843099783,0.0337,-0.003));
#7936=CARTESIAN_POINT('',(0.0329795445035743,0.022,-0.003));
#7937=CARTESIAN_POINT('',(0.0329795445035743,0.0342,-0.0025));
#7938=CARTESIAN_POINT('',(-0.121910227748213,0.0337,-0.003));
#7939=CARTESIAN_POINT('',(-0.121910227748213,-0.0247,0.004));
#7940=CARTESIAN_POINT('',(0.0296933316925097,-0.0247,0.004));
#7941=CARTESIAN_POINT('',(-0.0555087356181486,-0.0252,0.0035));
#7942=CARTESIAN_POINT('',(-0.0555087356181486,-0.0159457364341085,0.004));
#7943=CARTESIAN_POINT('',(-0.0646239047293014,-0.0143472727272727,0.0035));
#7944=CARTESIAN_POINT('',(0.0296933316925097,-0.013,0.0035));
#7945=CARTESIAN_POINT('',(0.0412174770597932,-0.0150209090909091,0.004));
#7946=CARTESIAN_POINT('',(-0.289,0.025,0.0035));
#7947=CARTESIAN_POINT('',(-0.0612211807367536,0.0218936363636364,0.0035));
#7948=CARTESIAN_POINT('',(-0.187,0.025,0.004));
#7949=CARTESIAN_POINT('',(0.0446784566430826,0.0218404545454545,0.004));
#7950=CARTESIAN_POINT('',(-0.048745843099783,0.0217235023041474,0.004));
#7951=CARTESIAN_POINT('',(-0.048745843099783,0.0342,0.0035));
#7952=CARTESIAN_POINT('',(0.0329795445035743,0.022,0.0035));
#7953=CARTESIAN_POINT('',(0.0329795445035743,0.0337,0.004));
#7954=CARTESIAN_POINT('',(-0.00788314929810439,0.0342,0.0035));
#7955=CARTESIAN_POINT('',(-0.0129077019628195,-0.0232,0.0035));
#7956=CARTESIAN_POINT('',(0.0296933316925097,-0.0232,0.0035));
#7957=CARTESIAN_POINT('',(-0.0555087356181486,-0.0237,0.004));
#7958=CARTESIAN_POINT('',(-0.0555087356181486,-0.0159457364341085,0.0035));
#7959=CARTESIAN_POINT('',(-0.0631464501950343,-0.0146063636363637,0.004));
#7960=CARTESIAN_POINT('',(0.0296933316925097,-0.013,0.004));
#7961=CARTESIAN_POINT('',(0.039740022525526,-0.0147618181818182,0.0035));
#7962=CARTESIAN_POINT('',(-0.289,0.025,0.004));
#7963=CARTESIAN_POINT('',(-0.0597213202060474,0.0218731818181818,0.004));
#7964=CARTESIAN_POINT('',(-0.187,0.025,0.0035));
#7965=CARTESIAN_POINT('',(0.0431785961123764,0.0218609090909091,0.0035));
#7966=CARTESIAN_POINT('',(-0.048745843099783,0.0217235023041474,0.0035));
#7967=CARTESIAN_POINT('',(-0.048745843099783,0.0327,0.004));
#7968=CARTESIAN_POINT('',(0.0329795445035743,0.022,0.004));
#7969=CARTESIAN_POINT('',(0.0329795445035743,0.0322,0.0035));
#7970=CARTESIAN_POINT('',(-0.121910227748213,0.0327,0.004));
#7971=CARTESIAN_POINT('',(0.,0.,0.));
#7972=CARTESIAN_POINT('',(-0.0235,0.0169,-0.0005));
#7973=CARTESIAN_POINT('',(-0.121910227748213,0.0169,-0.0001));
#7974=CARTESIAN_POINT('',(-0.034,0.0169,-0.0001));
#7975=CARTESIAN_POINT('',(-0.013,0.0169,-0.0001));
#7976=CARTESIAN_POINT('',(-0.013,0.0169,-0.0005));
#7977=CARTESIAN_POINT('',(-0.013,0.0169,-0.0005));
#7978=CARTESIAN_POINT('',(-0.121910227748213,0.0169,-0.0005));
#7979=CARTESIAN_POINT('',(-0.034,0.0169,-0.0005));
#7980=CARTESIAN_POINT('',(-0.034,0.0169,-0.0005));
#7981=CARTESIAN_POINT('',(-0.034,0.015,-0.0005));
#7982=CARTESIAN_POINT('',(-0.034,0.015,-0.0001));
#7983=CARTESIAN_POINT('',(-0.034,0.0131,-0.0001));
#7984=CARTESIAN_POINT('',(-0.034,0.015,-0.0005));
#7985=CARTESIAN_POINT('',(-0.034,0.0131,-0.0005));
#7986=CARTESIAN_POINT('',(-0.034,0.0131,-0.0005));
#7987=CARTESIAN_POINT('',(-0.0235,0.0131,-0.0005));
#7988=CARTESIAN_POINT('',(-0.121910227748213,0.0131,-0.0001));
#7989=CARTESIAN_POINT('',(-0.013,0.0131,-0.0001));
#7990=CARTESIAN_POINT('',(-0.121910227748213,0.0131,-0.0005));
#7991=CARTESIAN_POINT('',(-0.013,0.0131,-0.0005));
#7992=CARTESIAN_POINT('',(-0.013,0.0131,-0.0005));
#7993=CARTESIAN_POINT('',(-0.013,0.015,-0.0005));
#7994=CARTESIAN_POINT('',(-0.013,0.015,-0.0001));
#7995=CARTESIAN_POINT('',(-0.013,0.015,-0.0005));
#7996=CARTESIAN_POINT('',(-0.121910227748213,0.0045,-0.0005));
#7997=CARTESIAN_POINT('',(-0.121910227748213,0.0045,-0.0001));
#7998=CARTESIAN_POINT('',(0.,0.,0.));
#7999=CARTESIAN_POINT('',(-0.013,0.015,0.0041));
#8000=CARTESIAN_POINT('',(-0.013,0.015,0.0036));
#8001=CARTESIAN_POINT('',(-0.0113,0.015,0.0036));
#8002=CARTESIAN_POINT('',(-0.013,0.015,0.001));
#8003=CARTESIAN_POINT('',(-0.013,0.0167,0.001));
#8004=CARTESIAN_POINT('',(-0.013,0.0133,0.001));
#8005=CARTESIAN_POINT('',(-0.013,0.0133,0.001));
#8006=CARTESIAN_POINT('',(-0.013,0.0133,0.0001));
#8007=CARTESIAN_POINT('',(-0.013,0.015,0.0001));
#8008=CARTESIAN_POINT('',(-0.013,0.0167,0.0001));
#8009=CARTESIAN_POINT('',(-0.013,0.0167,0.001));
#8010=CARTESIAN_POINT('',(-0.03415,0.015,0.0041));
#8011=CARTESIAN_POINT('',(-0.013,0.015,0.0041));
#8012=CARTESIAN_POINT('',(-0.0118,0.015,0.0041));
#8013=CARTESIAN_POINT('',(-0.03415,0.015,0.0001));
#8014=CARTESIAN_POINT('',(-0.013,0.01265,0.0001));
#8015=CARTESIAN_POINT('',(-0.013,0.012,0.0001));
#8016=CARTESIAN_POINT('',(-0.025,0.012,0.0001));
#8017=CARTESIAN_POINT('',(-0.037,0.012,0.0001));
#8018=CARTESIAN_POINT('',(-0.037,0.015,0.0001));
#8019=CARTESIAN_POINT('',(-0.037,0.018,0.0001));
#8020=CARTESIAN_POINT('',(-0.025,0.018,0.0001));
#8021=CARTESIAN_POINT('',(-0.013,0.018,0.0001));
#8022=CARTESIAN_POINT('',(-0.013,0.01735,0.0001));
#8023=CARTESIAN_POINT('',(-0.03415,0.015,0.001));
#8024=CARTESIAN_POINT('',(-0.013,0.01735,0.001));
#8025=CARTESIAN_POINT('',(-0.013,0.018,0.001));
#8026=CARTESIAN_POINT('',(-0.025,0.018,0.001));
#8027=CARTESIAN_POINT('',(-0.037,0.018,0.001));
#8028=CARTESIAN_POINT('',(-0.037,0.015,0.001));
#8029=CARTESIAN_POINT('',(-0.037,0.012,0.001));
#8030=CARTESIAN_POINT('',(-0.025,0.012,0.001));
#8031=CARTESIAN_POINT('',(-0.013,0.012,0.001));
#8032=CARTESIAN_POINT('',(-0.013,0.01265,0.001));
#8033=CARTESIAN_POINT('',(-0.013,0.01265,0.001));
#8034=CARTESIAN_POINT('',(-0.013,0.012,0.001));
#8035=CARTESIAN_POINT('',(-0.013,0.01735,0.001));
#8036=CARTESIAN_POINT('',(-0.013,0.018,0.001));
#8037=CARTESIAN_POINT('',(-0.025,0.018,0.001));
#8038=CARTESIAN_POINT('',(-0.037,0.018,0.001));
#8039=CARTESIAN_POINT('',(-0.037,0.015,0.001));
#8040=CARTESIAN_POINT('',(-0.037,0.012,0.001));
#8041=CARTESIAN_POINT('',(-0.025,0.012,0.001));
#8042=CARTESIAN_POINT('',(-0.013,0.015,0.0041));
#8043=CARTESIAN_POINT('',(0.,0.,0.));
#8044=CARTESIAN_POINT('',(0.0235,0.0169,-0.0005));
#8045=CARTESIAN_POINT('',(-0.0749102277482129,0.0169,-0.0001));
#8046=CARTESIAN_POINT('',(0.013,0.0169,-0.0001));
#8047=CARTESIAN_POINT('',(0.034,0.0169,-0.0001));
#8048=CARTESIAN_POINT('',(0.034,0.0169,-0.0005));
#8049=CARTESIAN_POINT('',(0.034,0.0169,-0.0005));
#8050=CARTESIAN_POINT('',(-0.0749102277482129,0.0169,-0.0005));
#8051=CARTESIAN_POINT('',(0.013,0.0169,-0.0005));
#8052=CARTESIAN_POINT('',(0.013,0.0169,-0.0005));
#8053=CARTESIAN_POINT('',(0.013,0.015,-0.0005));
#8054=CARTESIAN_POINT('',(0.013,0.015,-0.0001));
#8055=CARTESIAN_POINT('',(0.013,0.0131,-0.0001));
#8056=CARTESIAN_POINT('',(0.013,0.015,-0.0005));
#8057=CARTESIAN_POINT('',(0.013,0.0131,-0.0005));
#8058=CARTESIAN_POINT('',(0.013,0.0131,-0.0005));
#8059=CARTESIAN_POINT('',(0.0235,0.0131,-0.0005));
#8060=CARTESIAN_POINT('',(-0.0749102277482129,0.0131,-0.0001));
#8061=CARTESIAN_POINT('',(0.034,0.0131,-0.0001));
#8062=CARTESIAN_POINT('',(-0.0749102277482129,0.0131,-0.0005));
#8063=CARTESIAN_POINT('',(0.034,0.0131,-0.0005));
#8064=CARTESIAN_POINT('',(0.034,0.0131,-0.0005));
#8065=CARTESIAN_POINT('',(0.034,0.015,-0.0005));
#8066=CARTESIAN_POINT('',(0.034,0.015,-0.0001));
#8067=CARTESIAN_POINT('',(0.034,0.015,-0.0005));
#8068=CARTESIAN_POINT('',(-0.0749102277482129,0.0045,-0.0005));
#8069=CARTESIAN_POINT('',(-0.0749102277482129,0.0045,-0.0001));
#8070=CARTESIAN_POINT('',(0.,0.,0.));
#8071=CARTESIAN_POINT('',(0.034,0.015,0.0041));
#8072=CARTESIAN_POINT('',(0.034,0.015,0.0036));
#8073=CARTESIAN_POINT('',(0.0357,0.015,0.0036));
#8074=CARTESIAN_POINT('',(0.034,0.015,0.001));
#8075=CARTESIAN_POINT('',(0.034,0.0167,0.001));
#8076=CARTESIAN_POINT('',(0.034,0.0133,0.001));
#8077=CARTESIAN_POINT('',(0.034,0.0133,0.001));
#8078=CARTESIAN_POINT('',(0.034,0.0133,0.0001));
#8079=CARTESIAN_POINT('',(0.034,0.015,0.0001));
#8080=CARTESIAN_POINT('',(0.034,0.0167,0.0001));
#8081=CARTESIAN_POINT('',(0.034,0.0167,0.001));
#8082=CARTESIAN_POINT('',(0.01285,0.015,0.0041));
#8083=CARTESIAN_POINT('',(0.034,0.015,0.0041));
#8084=CARTESIAN_POINT('',(0.0352,0.015,0.0041));
#8085=CARTESIAN_POINT('',(0.01285,0.015,0.0001));
#8086=CARTESIAN_POINT('',(0.034,0.01265,0.0001));
#8087=CARTESIAN_POINT('',(0.034,0.012,0.0001));
#8088=CARTESIAN_POINT('',(0.022,0.012,0.0001));
#8089=CARTESIAN_POINT('',(0.01,0.012,0.0001));
#8090=CARTESIAN_POINT('',(0.01,0.015,0.0001));
#8091=CARTESIAN_POINT('',(0.01,0.018,0.0001));
#8092=CARTESIAN_POINT('',(0.022,0.018,0.0001));
#8093=CARTESIAN_POINT('',(0.034,0.018,0.0001));
#8094=CARTESIAN_POINT('',(0.034,0.01735,0.0001));
#8095=CARTESIAN_POINT('',(0.01285,0.015,0.001));
#8096=CARTESIAN_POINT('',(0.034,0.01735,0.001));
#8097=CARTESIAN_POINT('',(0.034,0.018,0.001));
#8098=CARTESIAN_POINT('',(0.022,0.018,0.001));
#8099=CARTESIAN_POINT('',(0.01,0.018,0.001));
#8100=CARTESIAN_POINT('',(0.01,0.015,0.001));
#8101=CARTESIAN_POINT('',(0.01,0.012,0.001));
#8102=CARTESIAN_POINT('',(0.022,0.012,0.001));
#8103=CARTESIAN_POINT('',(0.034,0.012,0.001));
#8104=CARTESIAN_POINT('',(0.034,0.01265,0.001));
#8105=CARTESIAN_POINT('',(0.034,0.01265,0.001));
#8106=CARTESIAN_POINT('',(0.034,0.012,0.001));
#8107=CARTESIAN_POINT('',(0.034,0.01735,0.001));
#8108=CARTESIAN_POINT('',(0.034,0.018,0.001));
#8109=CARTESIAN_POINT('',(0.022,0.018,0.001));
#8110=CARTESIAN_POINT('',(0.01,0.018,0.001));
#8111=CARTESIAN_POINT('',(0.01,0.015,0.001));
#8112=CARTESIAN_POINT('',(0.01,0.012,0.001));
#8113=CARTESIAN_POINT('',(0.022,0.012,0.001));
#8114=CARTESIAN_POINT('',(0.034,0.015,0.0041));
#8115=CARTESIAN_POINT('',(0.,0.,0.));
#8116=CARTESIAN_POINT('',(-0.0235,0.0069,-0.0005));
#8117=CARTESIAN_POINT('',(-0.121910227748213,0.0069,-0.0001));
#8118=CARTESIAN_POINT('',(-0.034,0.0069,-0.0001));
#8119=CARTESIAN_POINT('',(-0.013,0.0069,-0.0001));
#8120=CARTESIAN_POINT('',(-0.013,0.0069,-0.0005));
#8121=CARTESIAN_POINT('',(-0.013,0.0069,-0.0005));
#8122=CARTESIAN_POINT('',(-0.121910227748213,0.0069,-0.0005));
#8123=CARTESIAN_POINT('',(-0.034,0.0069,-0.0005));
#8124=CARTESIAN_POINT('',(-0.034,0.0069,-0.0005));
#8125=CARTESIAN_POINT('',(-0.034,0.005,-0.0005));
#8126=CARTESIAN_POINT('',(-0.034,0.005,-0.0001));
#8127=CARTESIAN_POINT('',(-0.034,0.0031,-0.0001));
#8128=CARTESIAN_POINT('',(-0.034,0.005,-0.0005));
#8129=CARTESIAN_POINT('',(-0.034,0.0031,-0.0005));
#8130=CARTESIAN_POINT('',(-0.034,0.0031,-0.0005));
#8131=CARTESIAN_POINT('',(-0.0235,0.0031,-0.0005));
#8132=CARTESIAN_POINT('',(-0.121910227748213,0.0031,-0.0001));
#8133=CARTESIAN_POINT('',(-0.013,0.0031,-0.0001));
#8134=CARTESIAN_POINT('',(-0.121910227748213,0.0031,-0.0005));
#8135=CARTESIAN_POINT('',(-0.013,0.0031,-0.0005));
#8136=CARTESIAN_POINT('',(-0.013,0.0031,-0.0005));
#8137=CARTESIAN_POINT('',(-0.013,0.005,-0.0005));
#8138=CARTESIAN_POINT('',(-0.013,0.005,-0.0001));
#8139=CARTESIAN_POINT('',(-0.013,0.005,-0.0005));
#8140=CARTESIAN_POINT('',(-0.121910227748213,-0.0055,-0.0005));
#8141=CARTESIAN_POINT('',(-0.121910227748213,-0.0055,-0.0001));
#8142=CARTESIAN_POINT('',(0.,0.,0.));
#8143=CARTESIAN_POINT('',(-0.013,0.005,0.0041));
#8144=CARTESIAN_POINT('',(-0.013,0.005,0.0036));
#8145=CARTESIAN_POINT('',(-0.0113,0.005,0.0036));
#8146=CARTESIAN_POINT('',(-0.013,0.005,0.001));
#8147=CARTESIAN_POINT('',(-0.013,0.0067,0.001));
#8148=CARTESIAN_POINT('',(-0.013,0.0033,0.001));
#8149=CARTESIAN_POINT('',(-0.013,0.0033,0.001));
#8150=CARTESIAN_POINT('',(-0.013,0.0033,0.0001));
#8151=CARTESIAN_POINT('',(-0.013,0.005,0.0001));
#8152=CARTESIAN_POINT('',(-0.013,0.0067,0.0001));
#8153=CARTESIAN_POINT('',(-0.013,0.0067,0.001));
#8154=CARTESIAN_POINT('',(-0.03415,0.005,0.0041));
#8155=CARTESIAN_POINT('',(-0.013,0.005,0.0041));
#8156=CARTESIAN_POINT('',(-0.0118,0.005,0.0041));
#8157=CARTESIAN_POINT('',(-0.03415,0.005,0.0001));
#8158=CARTESIAN_POINT('',(-0.013,0.00265,0.0001));
#8159=CARTESIAN_POINT('',(-0.013,0.00200000000000003,0.0001));
#8160=CARTESIAN_POINT('',(-0.025,0.002,0.0001));
#8161=CARTESIAN_POINT('',(-0.037,0.002,0.0001));
#8162=CARTESIAN_POINT('',(-0.037,0.005,0.0001));
#8163=CARTESIAN_POINT('',(-0.037,0.008,0.0001));
#8164=CARTESIAN_POINT('',(-0.025,0.008,0.0001));
#8165=CARTESIAN_POINT('',(-0.013,0.008,0.0001));
#8166=CARTESIAN_POINT('',(-0.013,0.00735,0.0001));
#8167=CARTESIAN_POINT('',(-0.03415,0.005,0.001));
#8168=CARTESIAN_POINT('',(-0.013,0.00735,0.001));
#8169=CARTESIAN_POINT('',(-0.013,0.008,0.001));
#8170=CARTESIAN_POINT('',(-0.025,0.008,0.001));
#8171=CARTESIAN_POINT('',(-0.037,0.008,0.001));
#8172=CARTESIAN_POINT('',(-0.037,0.005,0.001));
#8173=CARTESIAN_POINT('',(-0.037,0.002,0.001));
#8174=CARTESIAN_POINT('',(-0.025,0.002,0.001));
#8175=CARTESIAN_POINT('',(-0.013,0.00200000000000003,0.001));
#8176=CARTESIAN_POINT('',(-0.013,0.00265,0.001));
#8177=CARTESIAN_POINT('',(-0.013,0.00265,0.001));
#8178=CARTESIAN_POINT('',(-0.013,0.00200000000000003,0.001));
#8179=CARTESIAN_POINT('',(-0.013,0.00735,0.001));
#8180=CARTESIAN_POINT('',(-0.013,0.008,0.001));
#8181=CARTESIAN_POINT('',(-0.025,0.008,0.001));
#8182=CARTESIAN_POINT('',(-0.037,0.008,0.001));
#8183=CARTESIAN_POINT('',(-0.037,0.005,0.001));
#8184=CARTESIAN_POINT('',(-0.037,0.002,0.001));
#8185=CARTESIAN_POINT('',(-0.025,0.002,0.001));
#8186=CARTESIAN_POINT('',(-0.013,0.005,0.0041));
#8187=CARTESIAN_POINT('',(0.,0.,0.));
#8188=CARTESIAN_POINT('',(0.0235,0.0069,-0.0005));
#8189=CARTESIAN_POINT('',(-0.0749102277482129,0.0069,-0.0001));
#8190=CARTESIAN_POINT('',(0.013,0.0069,-0.0001));
#8191=CARTESIAN_POINT('',(0.034,0.0069,-0.0001));
#8192=CARTESIAN_POINT('',(0.034,0.0069,-0.0005));
#8193=CARTESIAN_POINT('',(0.034,0.0069,-0.0005));
#8194=CARTESIAN_POINT('',(-0.0749102277482129,0.0069,-0.0005));
#8195=CARTESIAN_POINT('',(0.013,0.0069,-0.0005));
#8196=CARTESIAN_POINT('',(0.013,0.0069,-0.0005));
#8197=CARTESIAN_POINT('',(0.013,0.005,-0.0005));
#8198=CARTESIAN_POINT('',(0.013,0.005,-0.0001));
#8199=CARTESIAN_POINT('',(0.013,0.0031,-0.0001));
#8200=CARTESIAN_POINT('',(0.013,0.005,-0.0005));
#8201=CARTESIAN_POINT('',(0.013,0.0031,-0.0005));
#8202=CARTESIAN_POINT('',(0.013,0.0031,-0.0005));
#8203=CARTESIAN_POINT('',(0.0235,0.0031,-0.0005));
#8204=CARTESIAN_POINT('',(-0.0749102277482129,0.0031,-0.0001));
#8205=CARTESIAN_POINT('',(0.034,0.0031,-0.0001));
#8206=CARTESIAN_POINT('',(-0.0749102277482129,0.0031,-0.0005));
#8207=CARTESIAN_POINT('',(0.034,0.0031,-0.0005));
#8208=CARTESIAN_POINT('',(0.034,0.0031,-0.0005));
#8209=CARTESIAN_POINT('',(0.034,0.005,-0.0005));
#8210=CARTESIAN_POINT('',(0.034,0.005,-0.0001));
#8211=CARTESIAN_POINT('',(0.034,0.005,-0.0005));
#8212=CARTESIAN_POINT('',(-0.0749102277482129,-0.0055,-0.0005));
#8213=CARTESIAN_POINT('',(-0.0749102277482129,-0.0055,-0.0001));
#8214=CARTESIAN_POINT('',(0.,0.,0.));
#8215=CARTESIAN_POINT('',(0.034,0.005,0.0041));
#8216=CARTESIAN_POINT('',(0.034,0.005,0.0036));
#8217=CARTESIAN_POINT('',(0.0357,0.005,0.0036));
#8218=CARTESIAN_POINT('',(0.034,0.005,0.001));
#8219=CARTESIAN_POINT('',(0.034,0.0067,0.001));
#8220=CARTESIAN_POINT('',(0.034,0.0033,0.001));
#8221=CARTESIAN_POINT('',(0.034,0.0033,0.001));
#8222=CARTESIAN_POINT('',(0.034,0.0033,0.0001));
#8223=CARTESIAN_POINT('',(0.034,0.005,0.0001));
#8224=CARTESIAN_POINT('',(0.034,0.0067,0.0001));
#8225=CARTESIAN_POINT('',(0.034,0.0067,0.001));
#8226=CARTESIAN_POINT('',(0.01285,0.005,0.0041));
#8227=CARTESIAN_POINT('',(0.034,0.005,0.0041));
#8228=CARTESIAN_POINT('',(0.0352,0.005,0.0041));
#8229=CARTESIAN_POINT('',(0.01285,0.005,0.0001));
#8230=CARTESIAN_POINT('',(0.034,0.00265,0.0001));
#8231=CARTESIAN_POINT('',(0.034,0.00200000000000003,0.0001));
#8232=CARTESIAN_POINT('',(0.022,0.002,0.0001));
#8233=CARTESIAN_POINT('',(0.01,0.002,0.0001));
#8234=CARTESIAN_POINT('',(0.01,0.005,0.0001));
#8235=CARTESIAN_POINT('',(0.01,0.008,0.0001));
#8236=CARTESIAN_POINT('',(0.022,0.008,0.0001));
#8237=CARTESIAN_POINT('',(0.034,0.008,0.0001));
#8238=CARTESIAN_POINT('',(0.034,0.00735,0.0001));
#8239=CARTESIAN_POINT('',(0.01285,0.005,0.001));
#8240=CARTESIAN_POINT('',(0.034,0.00735,0.001));
#8241=CARTESIAN_POINT('',(0.034,0.008,0.001));
#8242=CARTESIAN_POINT('',(0.022,0.008,0.001));
#8243=CARTESIAN_POINT('',(0.01,0.008,0.001));
#8244=CARTESIAN_POINT('',(0.01,0.005,0.001));
#8245=CARTESIAN_POINT('',(0.01,0.002,0.001));
#8246=CARTESIAN_POINT('',(0.022,0.002,0.001));
#8247=CARTESIAN_POINT('',(0.034,0.00200000000000003,0.001));
#8248=CARTESIAN_POINT('',(0.034,0.00265,0.001));
#8249=CARTESIAN_POINT('',(0.034,0.00265,0.001));
#8250=CARTESIAN_POINT('',(0.034,0.00200000000000003,0.001));
#8251=CARTESIAN_POINT('',(0.034,0.00735,0.001));
#8252=CARTESIAN_POINT('',(0.034,0.008,0.001));
#8253=CARTESIAN_POINT('',(0.022,0.008,0.001));
#8254=CARTESIAN_POINT('',(0.01,0.008,0.001));
#8255=CARTESIAN_POINT('',(0.01,0.005,0.001));
#8256=CARTESIAN_POINT('',(0.01,0.002,0.001));
#8257=CARTESIAN_POINT('',(0.022,0.002,0.001));
#8258=CARTESIAN_POINT('',(0.034,0.005,0.0041));
#8259=CARTESIAN_POINT('',(0.,0.,0.));
#8260=CARTESIAN_POINT('',(-0.0235,-0.0031,-0.0005));
#8261=CARTESIAN_POINT('',(-0.121910227748213,-0.0031,-0.0001));
#8262=CARTESIAN_POINT('',(-0.034,-0.0031,-0.0001));
#8263=CARTESIAN_POINT('',(-0.013,-0.0031,-0.0001));
#8264=CARTESIAN_POINT('',(-0.013,-0.0031,-0.0005));
#8265=CARTESIAN_POINT('',(-0.013,-0.0031,-0.0005));
#8266=CARTESIAN_POINT('',(-0.121910227748213,-0.0031,-0.0005));
#8267=CARTESIAN_POINT('',(-0.034,-0.0031,-0.0005));
#8268=CARTESIAN_POINT('',(-0.034,-0.0031,-0.0005));
#8269=CARTESIAN_POINT('',(-0.034,-0.005,-0.0005));
#8270=CARTESIAN_POINT('',(-0.034,-0.005,-0.0001));
#8271=CARTESIAN_POINT('',(-0.034,-0.0069,-0.0001));
#8272=CARTESIAN_POINT('',(-0.034,-0.005,-0.0005));
#8273=CARTESIAN_POINT('',(-0.034,-0.0069,-0.0005));
#8274=CARTESIAN_POINT('',(-0.034,-0.0069,-0.0005));
#8275=CARTESIAN_POINT('',(-0.0235,-0.0069,-0.0005));
#8276=CARTESIAN_POINT('',(-0.121910227748213,-0.0069,-0.0001));
#8277=CARTESIAN_POINT('',(-0.013,-0.0069,-0.0001));
#8278=CARTESIAN_POINT('',(-0.121910227748213,-0.0069,-0.0005));
#8279=CARTESIAN_POINT('',(-0.013,-0.0069,-0.0005));
#8280=CARTESIAN_POINT('',(-0.013,-0.0069,-0.0005));
#8281=CARTESIAN_POINT('',(-0.013,-0.005,-0.0005));
#8282=CARTESIAN_POINT('',(-0.013,-0.005,-0.0001));
#8283=CARTESIAN_POINT('',(-0.013,-0.005,-0.0005));
#8284=CARTESIAN_POINT('',(-0.121910227748213,-0.0155,-0.0005));
#8285=CARTESIAN_POINT('',(-0.121910227748213,-0.0155,-0.0001));
#8286=CARTESIAN_POINT('',(0.,0.,0.));
#8287=CARTESIAN_POINT('',(-0.013,-0.005,0.0041));
#8288=CARTESIAN_POINT('',(-0.013,-0.005,0.0036));
#8289=CARTESIAN_POINT('',(-0.0113,-0.005,0.0036));
#8290=CARTESIAN_POINT('',(-0.013,-0.005,0.001));
#8291=CARTESIAN_POINT('',(-0.013,-0.0033,0.001));
#8292=CARTESIAN_POINT('',(-0.013,-0.0067,0.001));
#8293=CARTESIAN_POINT('',(-0.013,-0.0067,0.001));
#8294=CARTESIAN_POINT('',(-0.013,-0.0067,0.0001));
#8295=CARTESIAN_POINT('',(-0.013,-0.005,0.0001));
#8296=CARTESIAN_POINT('',(-0.013,-0.0033,0.0001));
#8297=CARTESIAN_POINT('',(-0.013,-0.0033,0.001));
#8298=CARTESIAN_POINT('',(-0.03415,-0.005,0.0041));
#8299=CARTESIAN_POINT('',(-0.013,-0.005,0.0041));
#8300=CARTESIAN_POINT('',(-0.0118,-0.005,0.0041));
#8301=CARTESIAN_POINT('',(-0.03415,-0.005,0.0001));
#8302=CARTESIAN_POINT('',(-0.013,-0.00735,0.0001));
#8303=CARTESIAN_POINT('',(-0.013,-0.008,0.0001));
#8304=CARTESIAN_POINT('',(-0.025,-0.008,0.0001));
#8305=CARTESIAN_POINT('',(-0.037,-0.008,0.0001));
#8306=CARTESIAN_POINT('',(-0.037,-0.005,0.0001));
#8307=CARTESIAN_POINT('',(-0.037,-0.002,0.0001));
#8308=CARTESIAN_POINT('',(-0.025,-0.002,0.0001));
#8309=CARTESIAN_POINT('',(-0.013,-0.00199999999999997,0.0001));
#8310=CARTESIAN_POINT('',(-0.013,-0.00265,0.0001));
#8311=CARTESIAN_POINT('',(-0.03415,-0.005,0.001));
#8312=CARTESIAN_POINT('',(-0.013,-0.00265,0.001));
#8313=CARTESIAN_POINT('',(-0.013,-0.00199999999999997,0.001));
#8314=CARTESIAN_POINT('',(-0.025,-0.002,0.001));
#8315=CARTESIAN_POINT('',(-0.037,-0.002,0.001));
#8316=CARTESIAN_POINT('',(-0.037,-0.005,0.001));
#8317=CARTESIAN_POINT('',(-0.037,-0.008,0.001));
#8318=CARTESIAN_POINT('',(-0.025,-0.008,0.001));
#8319=CARTESIAN_POINT('',(-0.013,-0.008,0.001));
#8320=CARTESIAN_POINT('',(-0.013,-0.00735,0.001));
#8321=CARTESIAN_POINT('',(-0.013,-0.00735,0.001));
#8322=CARTESIAN_POINT('',(-0.013,-0.008,0.001));
#8323=CARTESIAN_POINT('',(-0.013,-0.00265,0.001));
#8324=CARTESIAN_POINT('',(-0.013,-0.00199999999999997,0.001));
#8325=CARTESIAN_POINT('',(-0.025,-0.002,0.001));
#8326=CARTESIAN_POINT('',(-0.037,-0.002,0.001));
#8327=CARTESIAN_POINT('',(-0.037,-0.005,0.001));
#8328=CARTESIAN_POINT('',(-0.037,-0.008,0.001));
#8329=CARTESIAN_POINT('',(-0.025,-0.008,0.001));
#8330=CARTESIAN_POINT('',(-0.013,-0.005,0.0041));
#8331=CARTESIAN_POINT('',(0.,0.,0.));
#8332=CARTESIAN_POINT('',(0.0235,-0.0031,-0.0005));
#8333=CARTESIAN_POINT('',(-0.0749102277482129,-0.0031,-0.0001));
#8334=CARTESIAN_POINT('',(0.013,-0.0031,-0.0001));
#8335=CARTESIAN_POINT('',(0.034,-0.0031,-0.0001));
#8336=CARTESIAN_POINT('',(0.034,-0.0031,-0.0005));
#8337=CARTESIAN_POINT('',(0.034,-0.0031,-0.0005));
#8338=CARTESIAN_POINT('',(-0.0749102277482129,-0.0031,-0.0005));
#8339=CARTESIAN_POINT('',(0.013,-0.0031,-0.0005));
#8340=CARTESIAN_POINT('',(0.013,-0.0031,-0.0005));
#8341=CARTESIAN_POINT('',(0.013,-0.005,-0.0005));
#8342=CARTESIAN_POINT('',(0.013,-0.005,-0.0001));
#8343=CARTESIAN_POINT('',(0.013,-0.0069,-0.0001));
#8344=CARTESIAN_POINT('',(0.013,-0.005,-0.0005));
#8345=CARTESIAN_POINT('',(0.013,-0.0069,-0.0005));
#8346=CARTESIAN_POINT('',(0.013,-0.0069,-0.0005));
#8347=CARTESIAN_POINT('',(0.0235,-0.0069,-0.0005));
#8348=CARTESIAN_POINT('',(-0.0749102277482129,-0.0069,-0.0001));
#8349=CARTESIAN_POINT('',(0.034,-0.0069,-0.0001));
#8350=CARTESIAN_POINT('',(-0.0749102277482129,-0.0069,-0.0005));
#8351=CARTESIAN_POINT('',(0.034,-0.0069,-0.0005));
#8352=CARTESIAN_POINT('',(0.034,-0.0069,-0.0005));
#8353=CARTESIAN_POINT('',(0.034,-0.005,-0.0005));
#8354=CARTESIAN_POINT('',(0.034,-0.005,-0.0001));
#8355=CARTESIAN_POINT('',(0.034,-0.005,-0.0005));
#8356=CARTESIAN_POINT('',(-0.0749102277482129,-0.0155,-0.0005));
#8357=CARTESIAN_POINT('',(-0.0749102277482129,-0.0155,-0.0001));
#8358=CARTESIAN_POINT('',(0.,0.,0.));
#8359=CARTESIAN_POINT('',(0.034,-0.005,0.0041));
#8360=CARTESIAN_POINT('',(0.034,-0.005,0.0036));
#8361=CARTESIAN_POINT('',(0.0357,-0.005,0.0036));
#8362=CARTESIAN_POINT('',(0.034,-0.005,0.001));
#8363=CARTESIAN_POINT('',(0.034,-0.0033,0.001));
#8364=CARTESIAN_POINT('',(0.034,-0.0067,0.001));
#8365=CARTESIAN_POINT('',(0.034,-0.0067,0.001));
#8366=CARTESIAN_POINT('',(0.034,-0.0067,0.0001));
#8367=CARTESIAN_POINT('',(0.034,-0.005,0.0001));
#8368=CARTESIAN_POINT('',(0.034,-0.0033,0.0001));
#8369=CARTESIAN_POINT('',(0.034,-0.0033,0.001));
#8370=CARTESIAN_POINT('',(0.01285,-0.005,0.0041));
#8371=CARTESIAN_POINT('',(0.034,-0.005,0.0041));
#8372=CARTESIAN_POINT('',(0.0352,-0.005,0.0041));
#8373=CARTESIAN_POINT('',(0.01285,-0.005,0.0001));
#8374=CARTESIAN_POINT('',(0.034,-0.00735,0.0001));
#8375=CARTESIAN_POINT('',(0.034,-0.008,0.0001));
#8376=CARTESIAN_POINT('',(0.022,-0.008,0.0001));
#8377=CARTESIAN_POINT('',(0.01,-0.008,0.0001));
#8378=CARTESIAN_POINT('',(0.01,-0.005,0.0001));
#8379=CARTESIAN_POINT('',(0.01,-0.002,0.0001));
#8380=CARTESIAN_POINT('',(0.022,-0.002,0.0001));
#8381=CARTESIAN_POINT('',(0.034,-0.00199999999999997,0.0001));
#8382=CARTESIAN_POINT('',(0.034,-0.00265,0.0001));
#8383=CARTESIAN_POINT('',(0.01285,-0.005,0.001));
#8384=CARTESIAN_POINT('',(0.034,-0.00265,0.001));
#8385=CARTESIAN_POINT('',(0.034,-0.00199999999999997,0.001));
#8386=CARTESIAN_POINT('',(0.022,-0.002,0.001));
#8387=CARTESIAN_POINT('',(0.01,-0.002,0.001));
#8388=CARTESIAN_POINT('',(0.01,-0.005,0.001));
#8389=CARTESIAN_POINT('',(0.01,-0.008,0.001));
#8390=CARTESIAN_POINT('',(0.022,-0.008,0.001));
#8391=CARTESIAN_POINT('',(0.034,-0.008,0.001));
#8392=CARTESIAN_POINT('',(0.034,-0.00735,0.001));
#8393=CARTESIAN_POINT('',(0.034,-0.00735,0.001));
#8394=CARTESIAN_POINT('',(0.034,-0.008,0.001));
#8395=CARTESIAN_POINT('',(0.034,-0.00265,0.001));
#8396=CARTESIAN_POINT('',(0.034,-0.00199999999999997,0.001));
#8397=CARTESIAN_POINT('',(0.022,-0.002,0.001));
#8398=CARTESIAN_POINT('',(0.01,-0.002,0.001));
#8399=CARTESIAN_POINT('',(0.01,-0.005,0.001));
#8400=CARTESIAN_POINT('',(0.01,-0.008,0.001));
#8401=CARTESIAN_POINT('',(0.022,-0.008,0.001));
#8402=CARTESIAN_POINT('',(0.034,-0.005,0.0041));
#8403=CARTESIAN_POINT('',(0.,0.,0.));
#8404=CARTESIAN_POINT('',(-0.0235,-0.0131,-0.0005));
#8405=CARTESIAN_POINT('',(-0.121910227748213,-0.0131,-0.0001));
#8406=CARTESIAN_POINT('',(-0.034,-0.0131,-0.0001));
#8407=CARTESIAN_POINT('',(-0.013,-0.0131,-0.0001));
#8408=CARTESIAN_POINT('',(-0.013,-0.0131,-0.0005));
#8409=CARTESIAN_POINT('',(-0.013,-0.0131,-0.0005));
#8410=CARTESIAN_POINT('',(-0.121910227748213,-0.0131,-0.0005));
#8411=CARTESIAN_POINT('',(-0.034,-0.0131,-0.0005));
#8412=CARTESIAN_POINT('',(-0.034,-0.0131,-0.0005));
#8413=CARTESIAN_POINT('',(-0.034,-0.015,-0.0005));
#8414=CARTESIAN_POINT('',(-0.034,-0.015,-0.0001));
#8415=CARTESIAN_POINT('',(-0.034,-0.0169,-0.0001));
#8416=CARTESIAN_POINT('',(-0.034,-0.015,-0.0005));
#8417=CARTESIAN_POINT('',(-0.034,-0.0169,-0.0005));
#8418=CARTESIAN_POINT('',(-0.034,-0.0169,-0.0005));
#8419=CARTESIAN_POINT('',(-0.0235,-0.0169,-0.0005));
#8420=CARTESIAN_POINT('',(-0.121910227748213,-0.0169,-0.0001));
#8421=CARTESIAN_POINT('',(-0.013,-0.0169,-0.0001));
#8422=CARTESIAN_POINT('',(-0.121910227748213,-0.0169,-0.0005));
#8423=CARTESIAN_POINT('',(-0.013,-0.0169,-0.0005));
#8424=CARTESIAN_POINT('',(-0.013,-0.0169,-0.0005));
#8425=CARTESIAN_POINT('',(-0.013,-0.015,-0.0005));
#8426=CARTESIAN_POINT('',(-0.013,-0.015,-0.0001));
#8427=CARTESIAN_POINT('',(-0.013,-0.015,-0.0005));
#8428=CARTESIAN_POINT('',(-0.121910227748213,-0.0255,-0.0005));
#8429=CARTESIAN_POINT('',(-0.121910227748213,-0.0255,-0.0001));
#8430=CARTESIAN_POINT('',(0.,0.,0.));
#8431=CARTESIAN_POINT('',(-0.013,-0.015,0.0041));
#8432=CARTESIAN_POINT('',(-0.013,-0.015,0.0036));
#8433=CARTESIAN_POINT('',(-0.0113,-0.015,0.0036));
#8434=CARTESIAN_POINT('',(-0.013,-0.015,0.001));
#8435=CARTESIAN_POINT('',(-0.013,-0.0133,0.001));
#8436=CARTESIAN_POINT('',(-0.013,-0.0167,0.001));
#8437=CARTESIAN_POINT('',(-0.013,-0.0167,0.001));
#8438=CARTESIAN_POINT('',(-0.013,-0.0167,0.0001));
#8439=CARTESIAN_POINT('',(-0.013,-0.015,0.0001));
#8440=CARTESIAN_POINT('',(-0.013,-0.0133,0.0001));
#8441=CARTESIAN_POINT('',(-0.013,-0.0133,0.001));
#8442=CARTESIAN_POINT('',(-0.03415,-0.015,0.0041));
#8443=CARTESIAN_POINT('',(-0.013,-0.015,0.0041));
#8444=CARTESIAN_POINT('',(-0.0118,-0.015,0.0041));
#8445=CARTESIAN_POINT('',(-0.03415,-0.015,0.0001));
#8446=CARTESIAN_POINT('',(-0.013,-0.01735,0.0001));
#8447=CARTESIAN_POINT('',(-0.013,-0.018,0.0001));
#8448=CARTESIAN_POINT('',(-0.025,-0.018,0.0001));
#8449=CARTESIAN_POINT('',(-0.037,-0.018,0.0001));
#8450=CARTESIAN_POINT('',(-0.037,-0.015,0.0001));
#8451=CARTESIAN_POINT('',(-0.037,-0.012,0.0001));
#8452=CARTESIAN_POINT('',(-0.025,-0.012,0.0001));
#8453=CARTESIAN_POINT('',(-0.013,-0.012,0.0001));
#8454=CARTESIAN_POINT('',(-0.013,-0.01265,0.0001));
#8455=CARTESIAN_POINT('',(-0.03415,-0.015,0.001));
#8456=CARTESIAN_POINT('',(-0.013,-0.01265,0.001));
#8457=CARTESIAN_POINT('',(-0.013,-0.012,0.001));
#8458=CARTESIAN_POINT('',(-0.025,-0.012,0.001));
#8459=CARTESIAN_POINT('',(-0.037,-0.012,0.001));
#8460=CARTESIAN_POINT('',(-0.037,-0.015,0.001));
#8461=CARTESIAN_POINT('',(-0.037,-0.018,0.001));
#8462=CARTESIAN_POINT('',(-0.025,-0.018,0.001));
#8463=CARTESIAN_POINT('',(-0.013,-0.018,0.001));
#8464=CARTESIAN_POINT('',(-0.013,-0.01735,0.001));
#8465=CARTESIAN_POINT('',(-0.013,-0.01735,0.001));
#8466=CARTESIAN_POINT('',(-0.013,-0.018,0.001));
#8467=CARTESIAN_POINT('',(-0.013,-0.01265,0.001));
#8468=CARTESIAN_POINT('',(-0.013,-0.012,0.001));
#8469=CARTESIAN_POINT('',(-0.025,-0.012,0.001));
#8470=CARTESIAN_POINT('',(-0.037,-0.012,0.001));
#8471=CARTESIAN_POINT('',(-0.037,-0.015,0.001));
#8472=CARTESIAN_POINT('',(-0.037,-0.018,0.001));
#8473=CARTESIAN_POINT('',(-0.025,-0.018,0.001));
#8474=CARTESIAN_POINT('',(-0.013,-0.015,0.0041));
#8475=CARTESIAN_POINT('',(0.,0.,0.));
#8476=CARTESIAN_POINT('',(0.0235,-0.0131,-0.0005));
#8477=CARTESIAN_POINT('',(-0.0749102277482129,-0.0131,-0.0001));
#8478=CARTESIAN_POINT('',(0.013,-0.0131,-0.0001));
#8479=CARTESIAN_POINT('',(0.034,-0.0131,-0.0001));
#8480=CARTESIAN_POINT('',(0.034,-0.0131,-0.0005));
#8481=CARTESIAN_POINT('',(0.034,-0.0131,-0.0005));
#8482=CARTESIAN_POINT('',(-0.0749102277482129,-0.0131,-0.0005));
#8483=CARTESIAN_POINT('',(0.013,-0.0131,-0.0005));
#8484=CARTESIAN_POINT('',(0.013,-0.0131,-0.0005));
#8485=CARTESIAN_POINT('',(0.013,-0.015,-0.0005));
#8486=CARTESIAN_POINT('',(0.013,-0.015,-0.0001));
#8487=CARTESIAN_POINT('',(0.013,-0.0169,-0.0001));
#8488=CARTESIAN_POINT('',(0.013,-0.015,-0.0005));
#8489=CARTESIAN_POINT('',(0.013,-0.0169,-0.0005));
#8490=CARTESIAN_POINT('',(0.013,-0.0169,-0.0005));
#8491=CARTESIAN_POINT('',(0.0235,-0.0169,-0.0005));
#8492=CARTESIAN_POINT('',(-0.0749102277482129,-0.0169,-0.0001));
#8493=CARTESIAN_POINT('',(0.034,-0.0169,-0.0001));
#8494=CARTESIAN_POINT('',(-0.0749102277482129,-0.0169,-0.0005));
#8495=CARTESIAN_POINT('',(0.034,-0.0169,-0.0005));
#8496=CARTESIAN_POINT('',(0.034,-0.0169,-0.0005));
#8497=CARTESIAN_POINT('',(0.034,-0.015,-0.0005));
#8498=CARTESIAN_POINT('',(0.034,-0.015,-0.0001));
#8499=CARTESIAN_POINT('',(0.034,-0.015,-0.0005));
#8500=CARTESIAN_POINT('',(-0.0749102277482129,-0.0255,-0.0005));
#8501=CARTESIAN_POINT('',(-0.0749102277482129,-0.0255,-0.0001));
#8502=MECHANICAL_DESIGN_GEOMETRIC_PRESENTATION_REPRESENTATION('',(#4895),#8520);
#8503=MECHANICAL_DESIGN_GEOMETRIC_PRESENTATION_REPRESENTATION('',(#4896),#8521);
#8504=MECHANICAL_DESIGN_GEOMETRIC_PRESENTATION_REPRESENTATION('',(#4897),#8522);
#8505=MECHANICAL_DESIGN_GEOMETRIC_PRESENTATION_REPRESENTATION('',(#4898),#8523);
#8506=MECHANICAL_DESIGN_GEOMETRIC_PRESENTATION_REPRESENTATION('',(#4899),#8524);
#8507=MECHANICAL_DESIGN_GEOMETRIC_PRESENTATION_REPRESENTATION('',(#4900),#8525);
#8508=MECHANICAL_DESIGN_GEOMETRIC_PRESENTATION_REPRESENTATION('',(#4901),#8526);
#8509=MECHANICAL_DESIGN_GEOMETRIC_PRESENTATION_REPRESENTATION('',(#4902),#8527);
#8510=MECHANICAL_DESIGN_GEOMETRIC_PRESENTATION_REPRESENTATION('',(#4903),#8528);
#8511=MECHANICAL_DESIGN_GEOMETRIC_PRESENTATION_REPRESENTATION('',(#4904),#8529);
#8512=MECHANICAL_DESIGN_GEOMETRIC_PRESENTATION_REPRESENTATION('',(#4905),#8530);
#8513=MECHANICAL_DESIGN_GEOMETRIC_PRESENTATION_REPRESENTATION('',(#4906),#8531);
#8514=MECHANICAL_DESIGN_GEOMETRIC_PRESENTATION_REPRESENTATION('',(#4907),#8532);
#8515=MECHANICAL_DESIGN_GEOMETRIC_PRESENTATION_REPRESENTATION('',(#4908),#8533);
#8516=MECHANICAL_DESIGN_GEOMETRIC_PRESENTATION_REPRESENTATION('',(#4909),#8534);
#8517=MECHANICAL_DESIGN_GEOMETRIC_PRESENTATION_REPRESENTATION('',(#4910),#8535);
#8518=MECHANICAL_DESIGN_GEOMETRIC_PRESENTATION_REPRESENTATION('',(#4911),#8536);
#8519=MECHANICAL_DESIGN_GEOMETRIC_PRESENTATION_REPRESENTATION('',(#4912),#8537);
#8520=(
GEOMETRIC_REPRESENTATION_CONTEXT(3)
GLOBAL_UNCERTAINTY_ASSIGNED_CONTEXT((#8538))
GLOBAL_UNIT_ASSIGNED_CONTEXT((#8592,#8574,#8556))
REPRESENTATION_CONTEXT('Slider 8','TOP_LEVEL_ASSEMBLY_PART')
);
#8521=(
GEOMETRIC_REPRESENTATION_CONTEXT(3)
GLOBAL_UNCERTAINTY_ASSIGNED_CONTEXT((#8539))
GLOBAL_UNIT_ASSIGNED_CONTEXT((#8593,#8575,#8557))
REPRESENTATION_CONTEXT('Faceplate','TOP_LEVEL_ASSEMBLY_PART')
);
#8522=(
GEOMETRIC_REPRESENTATION_CONTEXT(3)
GLOBAL_UNCERTAINTY_ASSIGNED_CONTEXT((#8540))
GLOBAL_UNIT_ASSIGNED_CONTEXT((#8594,#8576,#8558))
REPRESENTATION_CONTEXT('Base','TOP_LEVEL_ASSEMBLY_PART')
);
#8523=(
GEOMETRIC_REPRESENTATION_CONTEXT(3)
GLOBAL_UNCERTAINTY_ASSIGNED_CONTEXT((#8541))
GLOBAL_UNIT_ASSIGNED_CONTEXT((#8595,#8577,#8559))
REPRESENTATION_CONTEXT('Colour Insert 1','TOP_LEVEL_ASSEMBLY_PART')
);
#8524=(
GEOMETRIC_REPRESENTATION_CONTEXT(3)
GLOBAL_UNCERTAINTY_ASSIGNED_CONTEXT((#8542))
GLOBAL_UNIT_ASSIGNED_CONTEXT((#8596,#8578,#8560))
REPRESENTATION_CONTEXT('Slider 1','TOP_LEVEL_ASSEMBLY_PART')
);
#8525=(
GEOMETRIC_REPRESENTATION_CONTEXT(3)
GLOBAL_UNCERTAINTY_ASSIGNED_CONTEXT((#8543))
GLOBAL_UNIT_ASSIGNED_CONTEXT((#8597,#8579,#8561))
REPRESENTATION_CONTEXT('Colour Insert 2','TOP_LEVEL_ASSEMBLY_PART')
);
#8526=(
GEOMETRIC_REPRESENTATION_CONTEXT(3)
GLOBAL_UNCERTAINTY_ASSIGNED_CONTEXT((#8544))
GLOBAL_UNIT_ASSIGNED_CONTEXT((#8598,#8580,#8562))
REPRESENTATION_CONTEXT('Slider 2','TOP_LEVEL_ASSEMBLY_PART')
);
#8527=(
GEOMETRIC_REPRESENTATION_CONTEXT(3)
GLOBAL_UNCERTAINTY_ASSIGNED_CONTEXT((#8545))
GLOBAL_UNIT_ASSIGNED_CONTEXT((#8599,#8581,#8563))
REPRESENTATION_CONTEXT('Colour Insert 3','TOP_LEVEL_ASSEMBLY_PART')
);
#8528=(
GEOMETRIC_REPRESENTATION_CONTEXT(3)
GLOBAL_UNCERTAINTY_ASSIGNED_CONTEXT((#8546))
GLOBAL_UNIT_ASSIGNED_CONTEXT((#8600,#8582,#8564))
REPRESENTATION_CONTEXT('Slider 3','TOP_LEVEL_ASSEMBLY_PART')
);
#8529=(
GEOMETRIC_REPRESENTATION_CONTEXT(3)
GLOBAL_UNCERTAINTY_ASSIGNED_CONTEXT((#8547))
GLOBAL_UNIT_ASSIGNED_CONTEXT((#8601,#8583,#8565))
REPRESENTATION_CONTEXT('Colour Insert 4','TOP_LEVEL_ASSEMBLY_PART')
);
#8530=(
GEOMETRIC_REPRESENTATION_CONTEXT(3)
GLOBAL_UNCERTAINTY_ASSIGNED_CONTEXT((#8548))
GLOBAL_UNIT_ASSIGNED_CONTEXT((#8602,#8584,#8566))
REPRESENTATION_CONTEXT('Slider 4','TOP_LEVEL_ASSEMBLY_PART')
);
#8531=(
GEOMETRIC_REPRESENTATION_CONTEXT(3)
GLOBAL_UNCERTAINTY_ASSIGNED_CONTEXT((#8549))
GLOBAL_UNIT_ASSIGNED_CONTEXT((#8603,#8585,#8567))
REPRESENTATION_CONTEXT('Colour Insert 5','TOP_LEVEL_ASSEMBLY_PART')
);
#8532=(
GEOMETRIC_REPRESENTATION_CONTEXT(3)
GLOBAL_UNCERTAINTY_ASSIGNED_CONTEXT((#8550))
GLOBAL_UNIT_ASSIGNED_CONTEXT((#8604,#8586,#8568))
REPRESENTATION_CONTEXT('Slider 5','TOP_LEVEL_ASSEMBLY_PART')
);
#8533=(
GEOMETRIC_REPRESENTATION_CONTEXT(3)
GLOBAL_UNCERTAINTY_ASSIGNED_CONTEXT((#8551))
GLOBAL_UNIT_ASSIGNED_CONTEXT((#8605,#8587,#8569))
REPRESENTATION_CONTEXT('Colour Insert 6','TOP_LEVEL_ASSEMBLY_PART')
);
#8534=(
GEOMETRIC_REPRESENTATION_CONTEXT(3)
GLOBAL_UNCERTAINTY_ASSIGNED_CONTEXT((#8552))
GLOBAL_UNIT_ASSIGNED_CONTEXT((#8606,#8588,#8570))
REPRESENTATION_CONTEXT('Slider 6','TOP_LEVEL_ASSEMBLY_PART')
);
#8535=(
GEOMETRIC_REPRESENTATION_CONTEXT(3)
GLOBAL_UNCERTAINTY_ASSIGNED_CONTEXT((#8553))
GLOBAL_UNIT_ASSIGNED_CONTEXT((#8607,#8589,#8571))
REPRESENTATION_CONTEXT('Colour Insert 7','TOP_LEVEL_ASSEMBLY_PART')
);
#8536=(
GEOMETRIC_REPRESENTATION_CONTEXT(3)
GLOBAL_UNCERTAINTY_ASSIGNED_CONTEXT((#8554))
GLOBAL_UNIT_ASSIGNED_CONTEXT((#8608,#8590,#8572))
REPRESENTATION_CONTEXT('Slider 7','TOP_LEVEL_ASSEMBLY_PART')
);
#8537=(
GEOMETRIC_REPRESENTATION_CONTEXT(3)
GLOBAL_UNCERTAINTY_ASSIGNED_CONTEXT((#8555))
GLOBAL_UNIT_ASSIGNED_CONTEXT((#8609,#8591,#8573))
REPRESENTATION_CONTEXT('Colour Insert 8','TOP_LEVEL_ASSEMBLY_PART')
);
#8538=UNCERTAINTY_MEASURE_WITH_UNIT(LENGTH_MEASURE(1.E-08),#8592,'DISTANCE_ACCURACY_VALUE','Maximum Tolerance applied to model');
#8539=UNCERTAINTY_MEASURE_WITH_UNIT(LENGTH_MEASURE(1.E-08),#8593,'DISTANCE_ACCURACY_VALUE','Maximum Tolerance applied to model');
#8540=UNCERTAINTY_MEASURE_WITH_UNIT(LENGTH_MEASURE(1.E-08),#8594,'DISTANCE_ACCURACY_VALUE','Maximum Tolerance applied to model');
#8541=UNCERTAINTY_MEASURE_WITH_UNIT(LENGTH_MEASURE(1.E-08),#8595,'DISTANCE_ACCURACY_VALUE','Maximum Tolerance applied to model');
#8542=UNCERTAINTY_MEASURE_WITH_UNIT(LENGTH_MEASURE(1.E-08),#8596,'DISTANCE_ACCURACY_VALUE','Maximum Tolerance applied to model');
#8543=UNCERTAINTY_MEASURE_WITH_UNIT(LENGTH_MEASURE(1.E-08),#8597,'DISTANCE_ACCURACY_VALUE','Maximum Tolerance applied to model');
#8544=UNCERTAINTY_MEASURE_WITH_UNIT(LENGTH_MEASURE(1.E-08),#8598,'DISTANCE_ACCURACY_VALUE','Maximum Tolerance applied to model');
#8545=UNCERTAINTY_MEASURE_WITH_UNIT(LENGTH_MEASURE(1.E-08),#8599,'DISTANCE_ACCURACY_VALUE','Maximum Tolerance applied to model');
#8546=UNCERTAINTY_MEASURE_WITH_UNIT(LENGTH_MEASURE(1.E-08),#8600,'DISTANCE_ACCURACY_VALUE','Maximum Tolerance applied to model');
#8547=UNCERTAINTY_MEASURE_WITH_UNIT(LENGTH_MEASURE(1.E-08),#8601,'DISTANCE_ACCURACY_VALUE','Maximum Tolerance applied to model');
#8548=UNCERTAINTY_MEASURE_WITH_UNIT(LENGTH_MEASURE(1.E-08),#8602,'DISTANCE_ACCURACY_VALUE','Maximum Tolerance applied to model');
#8549=UNCERTAINTY_MEASURE_WITH_UNIT(LENGTH_MEASURE(1.E-08),#8603,'DISTANCE_ACCURACY_VALUE','Maximum Tolerance applied to model');
#8550=UNCERTAINTY_MEASURE_WITH_UNIT(LENGTH_MEASURE(1.E-08),#8604,'DISTANCE_ACCURACY_VALUE','Maximum Tolerance applied to model');
#8551=UNCERTAINTY_MEASURE_WITH_UNIT(LENGTH_MEASURE(1.E-08),#8605,'DISTANCE_ACCURACY_VALUE','Maximum Tolerance applied to model');
#8552=UNCERTAINTY_MEASURE_WITH_UNIT(LENGTH_MEASURE(1.E-08),#8606,'DISTANCE_ACCURACY_VALUE','Maximum Tolerance applied to model');
#8553=UNCERTAINTY_MEASURE_WITH_UNIT(LENGTH_MEASURE(1.E-08),#8607,'DISTANCE_ACCURACY_VALUE','Maximum Tolerance applied to model');
#8554=UNCERTAINTY_MEASURE_WITH_UNIT(LENGTH_MEASURE(1.E-08),#8608,'DISTANCE_ACCURACY_VALUE','Maximum Tolerance applied to model');
#8555=UNCERTAINTY_MEASURE_WITH_UNIT(LENGTH_MEASURE(1.E-08),#8609,'DISTANCE_ACCURACY_VALUE','Maximum Tolerance applied to model');
#8556=(
NAMED_UNIT(*)
SI_UNIT($,.STERADIAN.)
SOLID_ANGLE_UNIT()
);
#8557=(
NAMED_UNIT(*)
SI_UNIT($,.STERADIAN.)
SOLID_ANGLE_UNIT()
);
#8558=(
NAMED_UNIT(*)
SI_UNIT($,.STERADIAN.)
SOLID_ANGLE_UNIT()
);
#8559=(
NAMED_UNIT(*)
SI_UNIT($,.STERADIAN.)
SOLID_ANGLE_UNIT()
);
#8560=(
NAMED_UNIT(*)
SI_UNIT($,.STERADIAN.)
SOLID_ANGLE_UNIT()
);
#8561=(
NAMED_UNIT(*)
SI_UNIT($,.STERADIAN.)
SOLID_ANGLE_UNIT()
);
#8562=(
NAMED_UNIT(*)
SI_UNIT($,.STERADIAN.)
SOLID_ANGLE_UNIT()
);
#8563=(
NAMED_UNIT(*)
SI_UNIT($,.STERADIAN.)
SOLID_ANGLE_UNIT()
);
#8564=(
NAMED_UNIT(*)
SI_UNIT($,.STERADIAN.)
SOLID_ANGLE_UNIT()
);
#8565=(
NAMED_UNIT(*)
SI_UNIT($,.STERADIAN.)
SOLID_ANGLE_UNIT()
);
#8566=(
NAMED_UNIT(*)
SI_UNIT($,.STERADIAN.)
SOLID_ANGLE_UNIT()
);
#8567=(
NAMED_UNIT(*)
SI_UNIT($,.STERADIAN.)
SOLID_ANGLE_UNIT()
);
#8568=(
NAMED_UNIT(*)
SI_UNIT($,.STERADIAN.)
SOLID_ANGLE_UNIT()
);
#8569=(
NAMED_UNIT(*)
SI_UNIT($,.STERADIAN.)
SOLID_ANGLE_UNIT()
);
#8570=(
NAMED_UNIT(*)
SI_UNIT($,.STERADIAN.)
SOLID_ANGLE_UNIT()
);
#8571=(
NAMED_UNIT(*)
SI_UNIT($,.STERADIAN.)
SOLID_ANGLE_UNIT()
);
#8572=(
NAMED_UNIT(*)
SI_UNIT($,.STERADIAN.)
SOLID_ANGLE_UNIT()
);
#8573=(
NAMED_UNIT(*)
SI_UNIT($,.STERADIAN.)
SOLID_ANGLE_UNIT()
);
#8574=(
NAMED_UNIT(*)
PLANE_ANGLE_UNIT()
SI_UNIT($,.RADIAN.)
);
#8575=(
NAMED_UNIT(*)
PLANE_ANGLE_UNIT()
SI_UNIT($,.RADIAN.)
);
#8576=(
NAMED_UNIT(*)
PLANE_ANGLE_UNIT()
SI_UNIT($,.RADIAN.)
);
#8577=(
NAMED_UNIT(*)
PLANE_ANGLE_UNIT()
SI_UNIT($,.RADIAN.)
);
#8578=(
NAMED_UNIT(*)
PLANE_ANGLE_UNIT()
SI_UNIT($,.RADIAN.)
);
#8579=(
NAMED_UNIT(*)
PLANE_ANGLE_UNIT()
SI_UNIT($,.RADIAN.)
);
#8580=(
NAMED_UNIT(*)
PLANE_ANGLE_UNIT()
SI_UNIT($,.RADIAN.)
);
#8581=(
NAMED_UNIT(*)
PLANE_ANGLE_UNIT()
SI_UNIT($,.RADIAN.)
);
#8582=(
NAMED_UNIT(*)
PLANE_ANGLE_UNIT()
SI_UNIT($,.RADIAN.)
);
#8583=(
NAMED_UNIT(*)
PLANE_ANGLE_UNIT()
SI_UNIT($,.RADIAN.)
);
#8584=(
NAMED_UNIT(*)
PLANE_ANGLE_UNIT()
SI_UNIT($,.RADIAN.)
);
#8585=(
NAMED_UNIT(*)
PLANE_ANGLE_UNIT()
SI_UNIT($,.RADIAN.)
);
#8586=(
NAMED_UNIT(*)
PLANE_ANGLE_UNIT()
SI_UNIT($,.RADIAN.)
);
#8587=(
NAMED_UNIT(*)
PLANE_ANGLE_UNIT()
SI_UNIT($,.RADIAN.)
);
#8588=(
NAMED_UNIT(*)
PLANE_ANGLE_UNIT()
SI_UNIT($,.RADIAN.)
);
#8589=(
NAMED_UNIT(*)
PLANE_ANGLE_UNIT()
SI_UNIT($,.RADIAN.)
);
#8590=(
NAMED_UNIT(*)
PLANE_ANGLE_UNIT()
SI_UNIT($,.RADIAN.)
);
#8591=(
NAMED_UNIT(*)
PLANE_ANGLE_UNIT()
SI_UNIT($,.RADIAN.)
);
#8592=(
LENGTH_UNIT()
NAMED_UNIT(*)
SI_UNIT($,.METRE.)
);
#8593=(
LENGTH_UNIT()
NAMED_UNIT(*)
SI_UNIT($,.METRE.)
);
#8594=(
LENGTH_UNIT()
NAMED_UNIT(*)
SI_UNIT($,.METRE.)
);
#8595=(
LENGTH_UNIT()
NAMED_UNIT(*)
SI_UNIT($,.METRE.)
);
#8596=(
LENGTH_UNIT()
NAMED_UNIT(*)
SI_UNIT($,.METRE.)
);
#8597=(
LENGTH_UNIT()
NAMED_UNIT(*)
SI_UNIT($,.METRE.)
);
#8598=(
LENGTH_UNIT()
NAMED_UNIT(*)
SI_UNIT($,.METRE.)
);
#8599=(
LENGTH_UNIT()
NAMED_UNIT(*)
SI_UNIT($,.METRE.)
);
#8600=(
LENGTH_UNIT()
NAMED_UNIT(*)
SI_UNIT($,.METRE.)
);
#8601=(
LENGTH_UNIT()
NAMED_UNIT(*)
SI_UNIT($,.METRE.)
);
#8602=(
LENGTH_UNIT()
NAMED_UNIT(*)
SI_UNIT($,.METRE.)
);
#8603=(
LENGTH_UNIT()
NAMED_UNIT(*)
SI_UNIT($,.METRE.)
);
#8604=(
LENGTH_UNIT()
NAMED_UNIT(*)
SI_UNIT($,.METRE.)
);
#8605=(
LENGTH_UNIT()
NAMED_UNIT(*)
SI_UNIT($,.METRE.)
);
#8606=(
LENGTH_UNIT()
NAMED_UNIT(*)
SI_UNIT($,.METRE.)
);
#8607=(
LENGTH_UNIT()
NAMED_UNIT(*)
SI_UNIT($,.METRE.)
);
#8608=(
LENGTH_UNIT()
NAMED_UNIT(*)
SI_UNIT($,.METRE.)
);
#8609=(
LENGTH_UNIT()
NAMED_UNIT(*)
SI_UNIT($,.METRE.)
);
#8610=PRODUCT_DEFINITION_SHAPE('','',#8628);
#8611=PRODUCT_DEFINITION_SHAPE('','',#8629);
#8612=PRODUCT_DEFINITION_SHAPE('','',#8630);
#8613=PRODUCT_DEFINITION_SHAPE('','',#8631);
#8614=PRODUCT_DEFINITION_SHAPE('','',#8632);
#8615=PRODUCT_DEFINITION_SHAPE('','',#8633);
#8616=PRODUCT_DEFINITION_SHAPE('','',#8634);
#8617=PRODUCT_DEFINITION_SHAPE('','',#8635);
#8618=PRODUCT_DEFINITION_SHAPE('','',#8636);
#8619=PRODUCT_DEFINITION_SHAPE('','',#8637);
#8620=PRODUCT_DEFINITION_SHAPE('','',#8638);
#8621=PRODUCT_DEFINITION_SHAPE('','',#8639);
#8622=PRODUCT_DEFINITION_SHAPE('','',#8640);
#8623=PRODUCT_DEFINITION_SHAPE('','',#8641);
#8624=PRODUCT_DEFINITION_SHAPE('','',#8642);
#8625=PRODUCT_DEFINITION_SHAPE('','',#8643);
#8626=PRODUCT_DEFINITION_SHAPE('','',#8644);
#8627=PRODUCT_DEFINITION_SHAPE('','',#8645);
#8628=PRODUCT_DEFINITION('','',#8664,#8646);
#8629=PRODUCT_DEFINITION('','',#8665,#8647);
#8630=PRODUCT_DEFINITION('','',#8666,#8648);
#8631=PRODUCT_DEFINITION('','',#8667,#8649);
#8632=PRODUCT_DEFINITION('','',#8668,#8650);
#8633=PRODUCT_DEFINITION('','',#8669,#8651);
#8634=PRODUCT_DEFINITION('','',#8670,#8652);
#8635=PRODUCT_DEFINITION('','',#8671,#8653);
#8636=PRODUCT_DEFINITION('','',#8672,#8654);
#8637=PRODUCT_DEFINITION('','',#8673,#8655);
#8638=PRODUCT_DEFINITION('','',#8674,#8656);
#8639=PRODUCT_DEFINITION('','',#8675,#8657);
#8640=PRODUCT_DEFINITION('','',#8676,#8658);
#8641=PRODUCT_DEFINITION('','',#8677,#8659);
#8642=PRODUCT_DEFINITION('','',#8678,#8660);
#8643=PRODUCT_DEFINITION('','',#8679,#8661);
#8644=PRODUCT_DEFINITION('','',#8680,#8662);
#8645=PRODUCT_DEFINITION('','',#8681,#8663);
#8646=PRODUCT_DEFINITION_CONTEXT('',#8772,'design');
#8647=PRODUCT_DEFINITION_CONTEXT('',#8773,'design');
#8648=PRODUCT_DEFINITION_CONTEXT('',#8774,'design');
#8649=PRODUCT_DEFINITION_CONTEXT('',#8775,'design');
#8650=PRODUCT_DEFINITION_CONTEXT('',#8776,'design');
#8651=PRODUCT_DEFINITION_CONTEXT('',#8777,'design');
#8652=PRODUCT_DEFINITION_CONTEXT('',#8778,'design');
#8653=PRODUCT_DEFINITION_CONTEXT('',#8779,'design');
#8654=PRODUCT_DEFINITION_CONTEXT('',#8780,'design');
#8655=PRODUCT_DEFINITION_CONTEXT('',#8781,'design');
#8656=PRODUCT_DEFINITION_CONTEXT('',#8782,'design');
#8657=PRODUCT_DEFINITION_CONTEXT('',#8783,'design');
#8658=PRODUCT_DEFINITION_CONTEXT('',#8784,'design');
#8659=PRODUCT_DEFINITION_CONTEXT('',#8785,'design');
#8660=PRODUCT_DEFINITION_CONTEXT('',#8786,'design');
#8661=PRODUCT_DEFINITION_CONTEXT('',#8787,'design');
#8662=PRODUCT_DEFINITION_CONTEXT('',#8788,'design');
#8663=PRODUCT_DEFINITION_CONTEXT('',#8789,'design');
#8664=PRODUCT_DEFINITION_FORMATION_WITH_SPECIFIED_SOURCE('','',#8700,.NOT_KNOWN.);
#8665=PRODUCT_DEFINITION_FORMATION_WITH_SPECIFIED_SOURCE('','',#8701,.NOT_KNOWN.);
#8666=PRODUCT_DEFINITION_FORMATION_WITH_SPECIFIED_SOURCE('','',#8702,.NOT_KNOWN.);
#8667=PRODUCT_DEFINITION_FORMATION_WITH_SPECIFIED_SOURCE('','',#8703,.NOT_KNOWN.);
#8668=PRODUCT_DEFINITION_FORMATION_WITH_SPECIFIED_SOURCE('','',#8704,.NOT_KNOWN.);
#8669=PRODUCT_DEFINITION_FORMATION_WITH_SPECIFIED_SOURCE('','',#8705,.NOT_KNOWN.);
#8670=PRODUCT_DEFINITION_FORMATION_WITH_SPECIFIED_SOURCE('','',#8706,.NOT_KNOWN.);
#8671=PRODUCT_DEFINITION_FORMATION_WITH_SPECIFIED_SOURCE('','',#8707,.NOT_KNOWN.);
#8672=PRODUCT_DEFINITION_FORMATION_WITH_SPECIFIED_SOURCE('','',#8708,.NOT_KNOWN.);
#8673=PRODUCT_DEFINITION_FORMATION_WITH_SPECIFIED_SOURCE('','',#8709,.NOT_KNOWN.);
#8674=PRODUCT_DEFINITION_FORMATION_WITH_SPECIFIED_SOURCE('','',#8710,.NOT_KNOWN.);
#8675=PRODUCT_DEFINITION_FORMATION_WITH_SPECIFIED_SOURCE('','',#8711,.NOT_KNOWN.);
#8676=PRODUCT_DEFINITION_FORMATION_WITH_SPECIFIED_SOURCE('','',#8712,.NOT_KNOWN.);
#8677=PRODUCT_DEFINITION_FORMATION_WITH_SPECIFIED_SOURCE('','',#8713,.NOT_KNOWN.);
#8678=PRODUCT_DEFINITION_FORMATION_WITH_SPECIFIED_SOURCE('','',#8714,.NOT_KNOWN.);
#8679=PRODUCT_DEFINITION_FORMATION_WITH_SPECIFIED_SOURCE('','',#8715,.NOT_KNOWN.);
#8680=PRODUCT_DEFINITION_FORMATION_WITH_SPECIFIED_SOURCE('','',#8716,.NOT_KNOWN.);
#8681=PRODUCT_DEFINITION_FORMATION_WITH_SPECIFIED_SOURCE('','',#8717,.NOT_KNOWN.);
#8682=PRODUCT_RELATED_PRODUCT_CATEGORY('','',(#8700));
#8683=PRODUCT_RELATED_PRODUCT_CATEGORY('','',(#8701));
#8684=PRODUCT_RELATED_PRODUCT_CATEGORY('','',(#8702));
#8685=PRODUCT_RELATED_PRODUCT_CATEGORY('','',(#8703));
#8686=PRODUCT_RELATED_PRODUCT_CATEGORY('','',(#8704));
#8687=PRODUCT_RELATED_PRODUCT_CATEGORY('','',(#8705));
#8688=PRODUCT_RELATED_PRODUCT_CATEGORY('','',(#8706));
#8689=PRODUCT_RELATED_PRODUCT_CATEGORY('','',(#8707));
#8690=PRODUCT_RELATED_PRODUCT_CATEGORY('','',(#8708));
#8691=PRODUCT_RELATED_PRODUCT_CATEGORY('','',(#8709));
#8692=PRODUCT_RELATED_PRODUCT_CATEGORY('','',(#8710));
#8693=PRODUCT_RELATED_PRODUCT_CATEGORY('','',(#8711));
#8694=PRODUCT_RELATED_PRODUCT_CATEGORY('','',(#8712));
#8695=PRODUCT_RELATED_PRODUCT_CATEGORY('','',(#8713));
#8696=PRODUCT_RELATED_PRODUCT_CATEGORY('','',(#8714));
#8697=PRODUCT_RELATED_PRODUCT_CATEGORY('','',(#8715));
#8698=PRODUCT_RELATED_PRODUCT_CATEGORY('','',(#8716));
#8699=PRODUCT_RELATED_PRODUCT_CATEGORY('','',(#8717));
#8700=PRODUCT('Slider 8','Slider 8','Slider 8',(#8736));
#8701=PRODUCT('Faceplate','Faceplate','Faceplate',(#8737));
#8702=PRODUCT('Base','Base','Base',(#8738));
#8703=PRODUCT('Colour Insert 1','Colour Insert 1','Colour Insert 1',(#8739));
#8704=PRODUCT('Slider 1','Slider 1','Slider 1',(#8740));
#8705=PRODUCT('Colour Insert 2','Colour Insert 2','Colour Insert 2',(#8741));
#8706=PRODUCT('Slider 2','Slider 2','Slider 2',(#8742));
#8707=PRODUCT('Colour Insert 3','Colour Insert 3','Colour Insert 3',(#8743));
#8708=PRODUCT('Slider 3','Slider 3','Slider 3',(#8744));
#8709=PRODUCT('Colour Insert 4','Colour Insert 4','Colour Insert 4',(#8745));
#8710=PRODUCT('Slider 4','Slider 4','Slider 4',(#8746));
#8711=PRODUCT('Colour Insert 5','Colour Insert 5','Colour Insert 5',(#8747));
#8712=PRODUCT('Slider 5','Slider 5','Slider 5',(#8748));
#8713=PRODUCT('Colour Insert 6','Colour Insert 6','Colour Insert 6',(#8749));
#8714=PRODUCT('Slider 6','Slider 6','Slider 6',(#8750));
#8715=PRODUCT('Colour Insert 7','Colour Insert 7','Colour Insert 7',(#8751));
#8716=PRODUCT('Slider 7','Slider 7','Slider 7',(#8752));
#8717=PRODUCT('Colour Insert 8','Colour Insert 8','Colour Insert 8',(#8753));
#8718=PRODUCT_CATEGORY('','');
#8719=PRODUCT_CATEGORY('','');
#8720=PRODUCT_CATEGORY('','');
#8721=PRODUCT_CATEGORY('','');
#8722=PRODUCT_CATEGORY('','');
#8723=PRODUCT_CATEGORY('','');
#8724=PRODUCT_CATEGORY('','');
#8725=PRODUCT_CATEGORY('','');
#8726=PRODUCT_CATEGORY('','');
#8727=PRODUCT_CATEGORY('','');
#8728=PRODUCT_CATEGORY('','');
#8729=PRODUCT_CATEGORY('','');
#8730=PRODUCT_CATEGORY('','');
#8731=PRODUCT_CATEGORY('','');
#8732=PRODUCT_CATEGORY('','');
#8733=PRODUCT_CATEGORY('','');
#8734=PRODUCT_CATEGORY('','');
#8735=PRODUCT_CATEGORY('','');
#8736=PRODUCT_CONTEXT('',#8772,'mechanical');
#8737=PRODUCT_CONTEXT('',#8773,'mechanical');
#8738=PRODUCT_CONTEXT('',#8774,'mechanical');
#8739=PRODUCT_CONTEXT('',#8775,'mechanical');
#8740=PRODUCT_CONTEXT('',#8776,'mechanical');
#8741=PRODUCT_CONTEXT('',#8777,'mechanical');
#8742=PRODUCT_CONTEXT('',#8778,'mechanical');
#8743=PRODUCT_CONTEXT('',#8779,'mechanical');
#8744=PRODUCT_CONTEXT('',#8780,'mechanical');
#8745=PRODUCT_CONTEXT('',#8781,'mechanical');
#8746=PRODUCT_CONTEXT('',#8782,'mechanical');
#8747=PRODUCT_CONTEXT('',#8783,'mechanical');
#8748=PRODUCT_CONTEXT('',#8784,'mechanical');
#8749=PRODUCT_CONTEXT('',#8785,'mechanical');
#8750=PRODUCT_CONTEXT('',#8786,'mechanical');
#8751=PRODUCT_CONTEXT('',#8787,'mechanical');
#8752=PRODUCT_CONTEXT('',#8788,'mechanical');
#8753=PRODUCT_CONTEXT('',#8789,'mechanical');
#8754=APPLICATION_PROTOCOL_DEFINITION('international standard','ap242_managed_model_based_3d_engineering',2020,#8772);
#8755=APPLICATION_PROTOCOL_DEFINITION('international standard','ap242_managed_model_based_3d_engineering',2020,#8773);
#8756=APPLICATION_PROTOCOL_DEFINITION('international standard','ap242_managed_model_based_3d_engineering',2020,#8774);
#8757=APPLICATION_PROTOCOL_DEFINITION('international standard','ap242_managed_model_based_3d_engineering',2020,#8775);
#8758=APPLICATION_PROTOCOL_DEFINITION('international standard','ap242_managed_model_based_3d_engineering',2020,#8776);
#8759=APPLICATION_PROTOCOL_DEFINITION('international standard','ap242_managed_model_based_3d_engineering',2020,#8777);
#8760=APPLICATION_PROTOCOL_DEFINITION('international standard','ap242_managed_model_based_3d_engineering',2020,#8778);
#8761=APPLICATION_PROTOCOL_DEFINITION('international standard','ap242_managed_model_based_3d_engineering',2020,#8779);
#8762=APPLICATION_PROTOCOL_DEFINITION('international standard','ap242_managed_model_based_3d_engineering',2020,#8780);
#8763=APPLICATION_PROTOCOL_DEFINITION('international standard','ap242_managed_model_based_3d_engineering',2020,#8781);
#8764=APPLICATION_PROTOCOL_DEFINITION('international standard','ap242_managed_model_based_3d_engineering',2020,#8782);
#8765=APPLICATION_PROTOCOL_DEFINITION('international standard','ap242_managed_model_based_3d_engineering',2020,#8783);
#8766=APPLICATION_PROTOCOL_DEFINITION('international standard','ap242_managed_model_based_3d_engineering',2020,#8784);
#8767=APPLICATION_PROTOCOL_DEFINITION('international standard','ap242_managed_model_based_3d_engineering',2020,#8785);
#8768=APPLICATION_PROTOCOL_DEFINITION('international standard','ap242_managed_model_based_3d_engineering',2020,#8786);
#8769=APPLICATION_PROTOCOL_DEFINITION('international standard','ap242_managed_model_based_3d_engineering',2020,#8787);
#8770=APPLICATION_PROTOCOL_DEFINITION('international standard','ap242_managed_model_based_3d_engineering',2020,#8788);
#8771=APPLICATION_PROTOCOL_DEFINITION('international standard','ap242_managed_model_based_3d_engineering',2020,#8789);
#8772=APPLICATION_CONTEXT('managed model based 3d engineering');
#8773=APPLICATION_CONTEXT('managed model based 3d engineering');
#8774=APPLICATION_CONTEXT('managed model based 3d engineering');
#8775=APPLICATION_CONTEXT('managed model based 3d engineering');
#8776=APPLICATION_CONTEXT('managed model based 3d engineering');
#8777=APPLICATION_CONTEXT('managed model based 3d engineering');
#8778=APPLICATION_CONTEXT('managed model based 3d engineering');
#8779=APPLICATION_CONTEXT('managed model based 3d engineering');
#8780=APPLICATION_CONTEXT('managed model based 3d engineering');
#8781=APPLICATION_CONTEXT('managed model based 3d engineering');
#8782=APPLICATION_CONTEXT('managed model based 3d engineering');
#8783=APPLICATION_CONTEXT('managed model based 3d engineering');
#8784=APPLICATION_CONTEXT('managed model based 3d engineering');
#8785=APPLICATION_CONTEXT('managed model based 3d engineering');
#8786=APPLICATION_CONTEXT('managed model based 3d engineering');
#8787=APPLICATION_CONTEXT('managed model based 3d engineering');
#8788=APPLICATION_CONTEXT('managed model based 3d engineering');
#8789=APPLICATION_CONTEXT('managed model based 3d engineering');
#8790=COMPOSITE_SHAPE_ASPECT('hole_callout.F7ZCr9vZjum2Tmj_82.JHD.0',$,#8611,$);
#8791=SHAPE_ASPECT('hole_callout.F7ZCr9vZjum2Tmj_82.JHD.0',$,#8611,.T.);
#8792=GEOMETRIC_ITEM_SPECIFIC_USAGE('','',#8791,#35,#4639);
#8793=SHAPE_ASPECT_RELATIONSHIP('','',#8790,#8791);
#8794=SHAPE_ASPECT('hole_callout.F7ZCr9vZjum2Tmj_82.JHD.0',$,#8611,.T.);
#8795=GEOMETRIC_ITEM_SPECIFIC_USAGE('','',#8794,#35,#4638);
#8796=SHAPE_ASPECT_RELATIONSHIP('','',#8790,#8794);
#8797=SHAPE_ASPECT('hole_callout.F7ZCr9vZjum2Tmj_82.JHD.0',$,#8611,.T.);
#8798=GEOMETRIC_ITEM_SPECIFIC_USAGE('','',#8797,#35,#4641);
#8799=SHAPE_ASPECT_RELATIONSHIP('','',#8790,#8797);
#8800=SHAPE_ASPECT('hole_callout.F7ZCr9vZjum2Tmj_82.JHD.0',$,#8611,.T.);
#8801=GEOMETRIC_ITEM_SPECIFIC_USAGE('','',#8800,#35,#4640);
#8802=SHAPE_ASPECT_RELATIONSHIP('','',#8790,#8800);
#8803=SHAPE_ASPECT('hole_callout.F7ZCr9vZjum2Tmj_82.JHD.0',$,#8611,.T.);
#8804=GEOMETRIC_ITEM_SPECIFIC_USAGE('','',#8803,#35,#4637);
#8805=SHAPE_ASPECT_RELATIONSHIP('','',#8790,#8803);
#8806=SHAPE_ASPECT('hole_callout.F7ZCr9vZjum2Tmj_82.JHD.0',$,#8611,.T.);
#8807=GEOMETRIC_ITEM_SPECIFIC_USAGE('','',#8806,#35,#4636);
#8808=SHAPE_ASPECT_RELATIONSHIP('','',#8790,#8806);
#8809=SHAPE_ASPECT('hole_callout.F7ZCr9vZjum2Tmj_82.JHD.0',$,#8611,.T.);
#8810=GEOMETRIC_ITEM_SPECIFIC_USAGE('','',#8809,#35,#4633);
#8811=SHAPE_ASPECT_RELATIONSHIP('','',#8790,#8809);
#8812=SHAPE_ASPECT('hole_callout.F7ZCr9vZjum2Tmj_82.JHD.0',$,#8611,.T.);
#8813=GEOMETRIC_ITEM_SPECIFIC_USAGE('','',#8812,#35,#4632);
#8814=SHAPE_ASPECT_RELATIONSHIP('','',#8790,#8812);
#8815=SHAPE_ASPECT('hole_callout.F7ZCr9vZjum2Tmj_82.JHD.0',$,#8611,.T.);
#8816=GEOMETRIC_ITEM_SPECIFIC_USAGE('','',#8815,#35,#4635);
#8817=SHAPE_ASPECT_RELATIONSHIP('','',#8790,#8815);
#8818=SHAPE_ASPECT('hole_callout.F7ZCr9vZjum2Tmj_82.JHD.0',$,#8611,.T.);
#8819=GEOMETRIC_ITEM_SPECIFIC_USAGE('','',#8818,#35,#4634);
#8820=SHAPE_ASPECT_RELATIONSHIP('','',#8790,#8818);
#8821=DIMENSIONAL_SIZE(#8790,'depth');
#8822=(
LENGTH_UNIT()
NAMED_UNIT(*)
SI_UNIT(.MILLI.,.METRE.)
);
#8824=PRECISION_QUALIFIER(3);
#8823=(
LENGTH_MEASURE_WITH_UNIT()
MEASURE_REPRESENTATION_ITEM()
MEASURE_WITH_UNIT(POSITIVE_LENGTH_MEASURE(2.),#8822)
QUALIFIED_REPRESENTATION_ITEM((#8824))
REPRESENTATION_ITEM('nominal value')
);
#8825=COMPOUND_REPRESENTATION_ITEM('modifiers',SET_REPRESENTATION_ITEM((#8826)));
#8826=DESCRIPTIVE_REPRESENTATION_ITEM('dimensional note','depth');
#8827=SHAPE_DIMENSION_REPRESENTATION('',(#8823,#8825),#8521);
#8828=DIMENSIONAL_CHARACTERISTIC_REPRESENTATION(#8821,#8827);
#8829=DIMENSIONAL_SIZE(#8790,'diameter');
#8830=(
LENGTH_UNIT()
NAMED_UNIT(*)
SI_UNIT(.MILLI.,.METRE.)
);
#8832=PRECISION_QUALIFIER(3);
#8831=(
LENGTH_MEASURE_WITH_UNIT()
MEASURE_REPRESENTATION_ITEM()
MEASURE_WITH_UNIT(POSITIVE_LENGTH_MEASURE(1.6),#8830)
QUALIFIED_REPRESENTATION_ITEM((#8832))
REPRESENTATION_ITEM('nominal value')
);
#8833=COMPOUND_REPRESENTATION_ITEM('modifiers',SET_REPRESENTATION_ITEM((#8834)));
#8834=DESCRIPTIVE_REPRESENTATION_ITEM('dimensional note','diameter');
#8835=SHAPE_DIMENSION_REPRESENTATION('',(#8831,#8833),#8521);
#8836=DIMENSIONAL_CHARACTERISTIC_REPRESENTATION(#8829,#8835);
#8837=DIMENSIONAL_SIZE(#8790,'depth');
#8838=(
LENGTH_UNIT()
NAMED_UNIT(*)
SI_UNIT(.MILLI.,.METRE.)
);
#8840=PRECISION_QUALIFIER(3);
#8839=(
LENGTH_MEASURE_WITH_UNIT()
MEASURE_REPRESENTATION_ITEM()
MEASURE_WITH_UNIT(POSITIVE_LENGTH_MEASURE(1.),#8838)
QUALIFIED_REPRESENTATION_ITEM((#8840))
REPRESENTATION_ITEM('nominal value')
);
#8841=COMPOUND_REPRESENTATION_ITEM('modifiers',SET_REPRESENTATION_ITEM((#8842)));
#8842=DESCRIPTIVE_REPRESENTATION_ITEM('dimensional note','depth');
#8843=SHAPE_DIMENSION_REPRESENTATION('',(#8839,#8841),#8521);
#8844=DIMENSIONAL_CHARACTERISTIC_REPRESENTATION(#8837,#8843);
#8845=PRESENTATION_STYLE_ASSIGNMENT((NULL_STYLE(.NULL.)));
#8846=CARTESIAN_POINT('',(-0.05,0.02,0.));
#8847=DIRECTION('',(0.,0.,-1.));
#8848=DIRECTION('',(1.,0.,0.));
#8849=AXIS2_PLACEMENT_3D('',#8846,#8847,#8848);
#8850=PLANE('',#8849);
#8851=ANNOTATION_PLANE('',(#8845),#8850,(#8878));
#8852=CARTESIAN_POINT('',(0.,0.,0.));
#8853=DIRECTION('',(0.,0.,1.));
#8854=DIRECTION('',(1.,0.,0.));
#8855=AXIS2_PLACEMENT_3D('',#8852,#8853,#8854);
#8856=CARTESIAN_POINT('',(0.,0.,0.));
#8857=DIRECTION('',(0.,0.,1.));
#8858=DIRECTION('',(1.,0.,0.));
#8859=AXIS2_PLACEMENT_3D('',#8856,#8857,#8858);
#8860=SHAPE_REPRESENTATION('',(#8859,#5025),#8521);
#8861=REPRESENTATION_MAP(#8855,#8860);
#8862=MAPPED_ITEM('',#8861,#8855);
#8863=PRESENTATION_STYLE_ASSIGNMENT((NULL_STYLE(.NULL.)));
#8864=STYLED_ITEM('',(#8863),#8862);
#8865=DRAUGHTING_MODEL('',(#8851,#8855,#8862,#8864,#9038,#9042,#9049,#9051),#8521);
#8866=DRAUGHTING_PRE_DEFINED_CURVE_FONT('continuous');
#8867=COLOUR_RGB('',0.,0.,0.);
#8868=CURVE_STYLE('',#8866,POSITIVE_LENGTH_MEASURE(0.02),#8867);
#8869=PRESENTATION_STYLE_ASSIGNMENT((#8868));
#8870=COORDINATES_LIST('coordinates',3093,((-0.0494343,0.0194343,0.),(-0.0480201,0.0166059,0.),(-0.0466059,0.0180201,0.),(-0.0246205,0.0142099,0.),(-0.0246152,0.0140775,0.),(-0.0246152,0.0123874,0.),(-0.0246205,0.0142099,0.),(-0.0246152,0.0123874,0.),(-0.0246205,0.0122568,0.),(-0.0246205,0.0142099,0.),(-0.0246205,0.0122568,0.),(-0.0246364,0.0121321,0.),(-0.0246205,0.0142099,0.),(-0.0246364,0.0121321,0.),(-0.0246630,0.0120135,0.),(-0.0246205,0.0142099,0.),(-0.0246630,0.0120135,0.),(-0.0247001,0.0119008,0.),(-0.0246205,0.0142099,0.),(-0.0247001,0.0119008,0.),(-0.0247479,0.0117941,0.),(-0.0246205,0.0142099,0.),(-0.0247479,0.0117941,0.),(-0.0248063,0.0116934,0.),(-0.0246205,0.0142099,0.),(-0.0248063,0.0116934,0.),(-0.0248753,0.0115987,0.),(-0.0246205,0.0142099,0.),(-0.0248753,0.0115987,0.),(-0.0249549,0.0115100,0.),(-0.0246205,0.0142099,0.),(-0.0249549,0.0115100,0.),(-0.0250316,0.0114383,0.),(-0.0246205,0.0142099,0.),(-0.0250316,0.0114383,0.),(-0.0251114,0.0113762,0.),(-0.0246205,0.0142099,0.),(-0.0251114,0.0113762,0.),(-0.0251942,0.0113236,0.),(-0.0251942,0.0113236,0.),(-0.0252801,0.0112806,0.),(-0.0253691,0.0112472,0.),(-0.0251942,0.0113236,0.),(-0.0253691,0.0112472,0.),(-0.0254611,0.0112233,0.),(-0.0251942,0.0113236,0.),(-0.0254611,0.0112233,0.),(-0.0255563,0.0112089,0.),(-0.0251942,0.0113236,0.),(-0.0255563,0.0112089,0.),(-0.0256545,0.0112042,0.),(-0.0251942,0.0113236,0.),(-0.0256545,0.0112042,0.),(-0.0257516,0.0112089,0.),(-0.0251942,0.0113236,0.),(-0.0257516,0.0112089,0.),(-0.0258460,0.0112233,0.),(-0.0251942,0.0113236,0.),(-0.0258460,0.0112233,0.),(-0.0259377,0.0112472,0.),(-0.0251942,0.0113236,0.),(-0.0259377,0.0112472,0.),(-0.0260268,0.0112806,0.),(-0.0251942,0.0113236,0.),(-0.0260268,0.0112806,0.),(-0.0261131,0.0113236,0.),(-0.0251942,0.0113236,0.),(-0.0261131,0.0113236,0.),(-0.0261968,0.0113762,0.),(-0.0251942,0.0113236,0.),(-0.0261968,0.0113762,0.),(-0.0262778,0.0114383,0.),(-0.0251942,0.0113236,0.),(-0.0262778,0.0114383,0.),(-0.0263562,0.0115100,0.),(-0.0251942,0.0113236,0.),(-0.0263562,0.0115100,0.),(-0.0264358,0.0115970,0.),(-0.0251942,0.0113236,0.),(-0.0264358,0.0115970,0.),(-0.0265048,0.0116902,0.),(-0.0251942,0.0113236,0.),(-0.0265048,0.0116902,0.),(-0.0265632,0.0117896,0.),(-0.0251942,0.0113236,0.),(-0.0265632,0.0117896,0.),(-0.0266110,0.0118952,0.),(-0.0251942,0.0113236,0.),(-0.0266110,0.0118952,0.),(-0.0266481,0.0120071,0.),(-0.0266481,0.0120071,0.),(-0.0266747,0.0121252,0.),(-0.0266906,0.0122495,0.),(-0.0266481,0.0120071,0.),(-0.0266906,0.0122495,0.),(-0.0266959,0.0123800,0.),(-0.0266481,0.0120071,0.),(-0.0266959,0.0123800,0.),(-0.0266959,0.0123874,0.),(-0.0266481,0.0120071,0.),(-0.0266959,0.0123874,0.),(-0.0266959,0.0140818,0.),(-0.0266481,0.0120071,0.),(-0.0266959,0.0140818,0.),(-0.0266906,0.0142131,0.),(-0.0266481,0.0120071,0.),(-0.0266906,0.0142131,0.),(-0.0266747,0.0143382,0.),(-0.0266481,0.0120071,0.),(-0.0266747,0.0143382,0.),(-0.0266481,0.0144572,0.),(-0.0266481,0.0120071,0.),(-0.0266481,0.0144572,0.),(-0.0266110,0.0145699,0.),(-0.0266481,0.0120071,0.),(-0.0266110,0.0145699,0.),(-0.0265632,0.0146765,0.),(-0.0266481,0.0120071,0.),(-0.0265632,0.0146765,0.),(-0.0265048,0.0147769,0.),(-0.0266481,0.0120071,0.),(-0.0265048,0.0147769,0.),(-0.0264358,0.0148711,0.),(-0.0266481,0.0120071,0.),(-0.0264358,0.0148711,0.),(-0.0263562,0.0149591,0.),(-0.0263562,0.0149591,0.),(-0.0260524,0.0146628,0.),(-0.0261464,0.0145464,0.),(-0.0263562,0.0149591,0.),(-0.0261464,0.0145464,0.),(-0.0262136,0.0144101,0.),(-0.0263562,0.0149591,0.),(-0.0262136,0.0144101,0.),(-0.0262538,0.0142538,0.),(-0.0266481,0.0120071,0.),(-0.0263562,0.0149591,0.),(-0.0262538,0.0142538,0.),(-0.0266481,0.0120071,0.),(-0.0262538,0.0142538,0.),(-0.0262639,0.0141682,0.),(-0.0266481,0.0120071,0.),(-0.0262639,0.0141682,0.),(-0.0262673,0.0140775,0.),(-0.0266481,0.0120071,0.),(-0.0262673,0.0140775,0.),(-0.0262673,0.0123800,0.),(-0.0266481,0.0120071,0.),(-0.0262673,0.0123800,0.),(-0.0262639,0.0122917,0.),(-0.0266481,0.0120071,0.),(-0.0262639,0.0122917,0.),(-0.0262540,0.0122082,0.),(-0.0266481,0.0120071,0.),(-0.0262540,0.0122082,0.),(-0.0262374,0.0121297,0.),(-0.0266481,0.0120071,0.),(-0.0262374,0.0121297,0.),(-0.0262141,0.0120561,0.),(-0.0266481,0.0120071,0.),(-0.0262141,0.0120561,0.),(-0.0261476,0.0119236,0.),(-0.0266481,0.0120071,0.),(-0.0261476,0.0119236,0.),(-0.0260545,0.0118106,0.),(-0.0266481,0.0120071,0.),(-0.0260545,0.0118106,0.),(-0.0259593,0.0117319,0.),(-0.0266481,0.0120071,0.),(-0.0259593,0.0117319,0.),(-0.0258609,0.0116756,0.),(-0.0251942,0.0113236,0.),(-0.0266481,0.0120071,0.),(-0.0258609,0.0116756,0.),(-0.0251942,0.0113236,0.),(-0.0258609,0.0116756,0.),(-0.0257593,0.0116419,0.),(-0.0251942,0.0113236,0.),(-0.0257593,0.0116419,0.),(-0.0256545,0.0116307,0.),(-0.0251942,0.0113236,0.),(-0.0256545,0.0116307,0.),(-0.0255454,0.0116419,0.),(-0.0251942,0.0113236,0.),(-0.0255454,0.0116419,0.),(-0.0254426,0.0116756,0.),(-0.0251942,0.0113236,0.),(-0.0254426,0.0116756,0.),(-0.0253459,0.0117319,0.),(-0.0251942,0.0113236,0.),(-0.0253459,0.0117319,0.),(-0.0252555,0.0118106,0.),(-0.0251942,0.0113236,0.),(-0.0252555,0.0118106,0.),(-0.0251624,0.0119292,0.),(-0.0251942,0.0113236,0.),(-0.0251624,0.0119292,0.),(-0.0250960,0.0120648,0.),(-0.0251942,0.0113236,0.),(-0.0250960,0.0120648,0.),(-0.0250561,0.0122176,0.),(-0.0246205,0.0142099,0.),(-0.0251942,0.0113236,0.),(-0.0250561,0.0122176,0.),(-0.0246205,0.0142099,0.),(-0.0250561,0.0122176,0.),(-0.0250461,0.0123003,0.),(-0.0246205,0.0142099,0.),(-0.0250461,0.0123003,0.),(-0.0250428,0.0123874,0.),(-0.0246205,0.0142099,0.),(-0.0250428,0.0123874,0.),(-0.0250428,0.0140775,0.),(-0.0246205,0.0142099,0.),(-0.0250428,0.0140775,0.),(-0.0250461,0.0141672,0.),(-0.0246205,0.0142099,0.),(-0.0250461,0.0141672,0.),(-0.0250561,0.0142520,0.),(-0.0246205,0.0142099,0.),(-0.0250561,0.0142520,0.),(-0.0250727,0.0143319,0.),(-0.0246205,0.0142099,0.),(-0.0250727,0.0143319,0.),(-0.0250960,0.0144069,0.),(-0.0246205,0.0142099,0.),(-0.0250960,0.0144069,0.),(-0.0251624,0.0145425,0.),(-0.0246205,0.0142099,0.),(-0.0251624,0.0145425,0.),(-0.0252555,0.0146586,0.),(-0.0246205,0.0142099,0.),(-0.0252555,0.0146586,0.),(-0.0253467,0.0147363,0.),(-0.0259609,0.0147387,0.),(-0.0260524,0.0146628,0.),(-0.0263562,0.0149591,0.),(-0.0258640,0.0147930,0.),(-0.0259609,0.0147387,0.),(-0.0263562,0.0149591,0.),(-0.0257619,0.0148255,0.),(-0.0258640,0.0147930,0.),(-0.0263562,0.0149591,0.),(-0.0256545,0.0148364,0.),(-0.0257619,0.0148255,0.),(-0.0263562,0.0149591,0.),(-0.0255462,0.0148252,0.),(-0.0256545,0.0148364,0.),(-0.0263562,0.0149591,0.),(-0.0255462,0.0148252,0.),(-0.0263562,0.0149591,0.),(-0.0262793,0.0150298,0.),(-0.0255462,0.0148252,0.),(-0.0262793,0.0150298,0.),(-0.0261995,0.0150911,0.),(-0.0254436,0.0147919,0.),(-0.0255462,0.0148252,0.),(-0.0261995,0.0150911,0.),(-0.0254436,0.0147919,0.),(-0.0261995,0.0150911,0.),(-0.0261167,0.0151429,0.),(-0.0254436,0.0147919,0.),(-0.0261167,0.0151429,0.),(-0.0260310,0.0151853,0.),(-0.0253467,0.0147363,0.),(-0.0254436,0.0147919,0.),(-0.0260310,0.0151853,0.),(-0.0253467,0.0147363,0.),(-0.0260310,0.0151853,0.),(-0.0259423,0.0152183,0.),(-0.0246205,0.0142099,0.),(-0.0253467,0.0147363,0.),(-0.0259423,0.0152183,0.),(-0.0246205,0.0142099,0.),(-0.0259423,0.0152183,0.),(-0.0258507,0.0152419,0.),(-0.0246205,0.0142099,0.),(-0.0258507,0.0152419,0.),(-0.0257562,0.0152560,0.),(-0.0246205,0.0142099,0.),(-0.0257562,0.0152560,0.),(-0.0256587,0.0152607,0.),(-0.0246205,0.0142099,0.),(-0.0256587,0.0152607,0.),(-0.0255596,0.0152561,0.),(-0.0246205,0.0142099,0.),(-0.0255596,0.0152561,0.),(-0.0254637,0.0152422,0.),(-0.0246205,0.0142099,0.),(-0.0254637,0.0152422,0.),(-0.0253710,0.0152191,0.),(-0.0246205,0.0142099,0.),(-0.0253710,0.0152191,0.),(-0.0252817,0.0151867,0.),(-0.0246205,0.0142099,0.),(-0.0252817,0.0151867,0.),(-0.0251956,0.0151450,0.),(-0.0246205,0.0142099,0.),(-0.0251956,0.0151450,0.),(-0.0251128,0.0150941,0.),(-0.0246205,0.0142099,0.),(-0.0251128,0.0150941,0.),(-0.0250333,0.0150339,0.),(-0.0246205,0.0142099,0.),(-0.0250333,0.0150339,0.),(-0.0249570,0.0149644,0.),(-0.0246205,0.0142099,0.),(-0.0249570,0.0149644,0.),(-0.0248769,0.0148751,0.),(-0.0246205,0.0142099,0.),(-0.0248769,0.0148751,0.),(-0.0248075,0.0147796,0.),(-0.0246205,0.0142099,0.),(-0.0248075,0.0147796,0.),(-0.0247487,0.0146780,0.),(-0.0246205,0.0142099,0.),(-0.0247487,0.0146780,0.),(-0.0247007,0.0145702,0.),(-0.0246205,0.0142099,0.),(-0.0247007,0.0145702,0.),(-0.0246633,0.0144562,0.),(-0.0246205,0.0142099,0.),(-0.0246633,0.0144562,0.),(-0.0246366,0.0143362,0.),(-0.0309197,0.0142099,0.),(-0.0309144,0.0140775,0.),(-0.0309144,0.0123874,0.),(-0.0309197,0.0142099,0.),(-0.0309144,0.0123874,0.),(-0.0309197,0.0122568,0.),(-0.0309197,0.0142099,0.),(-0.0309197,0.0122568,0.),(-0.0309356,0.0121321,0.),(-0.0309197,0.0142099,0.),(-0.0309356,0.0121321,0.),(-0.0309622,0.0120135,0.),(-0.0309197,0.0142099,0.),(-0.0309622,0.0120135,0.),(-0.0309993,0.0119008,0.),(-0.0309197,0.0142099,0.),(-0.0309993,0.0119008,0.),(-0.0310471,0.0117941,0.),(-0.0309197,0.0142099,0.),(-0.0310471,0.0117941,0.),(-0.0311055,0.0116934,0.),(-0.0309197,0.0142099,0.),(-0.0311055,0.0116934,0.),(-0.0311745,0.0115987,0.),(-0.0309197,0.0142099,0.),(-0.0311745,0.0115987,0.),(-0.0312541,0.0115100,0.),(-0.0309197,0.0142099,0.),(-0.0312541,0.0115100,0.),(-0.0313308,0.0114383,0.),(-0.0309197,0.0142099,0.),(-0.0313308,0.0114383,0.),(-0.0314106,0.0113762,0.),(-0.0309197,0.0142099,0.),(-0.0314106,0.0113762,0.),(-0.0314934,0.0113236,0.),(-0.0314934,0.0113236,0.),(-0.0315793,0.0112806,0.),(-0.0316683,0.0112472,0.),(-0.0314934,0.0113236,0.),(-0.0316683,0.0112472,0.),(-0.0317603,0.0112233,0.),(-0.0314934,0.0113236,0.),(-0.0317603,0.0112233,0.),(-0.0318555,0.0112089,0.),(-0.0314934,0.0113236,0.),(-0.0318555,0.0112089,0.),(-0.0319537,0.0112042,0.),(-0.0314934,0.0113236,0.),(-0.0319537,0.0112042,0.),(-0.0320508,0.0112089,0.),(-0.0314934,0.0113236,0.),(-0.0320508,0.0112089,0.),(-0.0321452,0.0112233,0.),(-0.0314934,0.0113236,0.),(-0.0321452,0.0112233,0.),(-0.0322369,0.0112472,0.),(-0.0314934,0.0113236,0.),(-0.0322369,0.0112472,0.),(-0.0323260,0.0112806,0.),(-0.0314934,0.0113236,0.),(-0.0323260,0.0112806,0.),(-0.0324123,0.0113236,0.),(-0.0314934,0.0113236,0.),(-0.0324123,0.0113236,0.),(-0.0324960,0.0113762,0.),(-0.0314934,0.0113236,0.),(-0.0324960,0.0113762,0.),(-0.0325770,0.0114383,0.),(-0.0314934,0.0113236,0.),(-0.0325770,0.0114383,0.),(-0.0326554,0.0115100,0.),(-0.0314934,0.0113236,0.),(-0.0326554,0.0115100,0.),(-0.0327350,0.0115970,0.),(-0.0314934,0.0113236,0.),(-0.0327350,0.0115970,0.),(-0.0328040,0.0116902,0.),(-0.0314934,0.0113236,0.),(-0.0328040,0.0116902,0.),(-0.0328624,0.0117896,0.),(-0.0314934,0.0113236,0.),(-0.0328624,0.0117896,0.),(-0.0329102,0.0118952,0.),(-0.0314934,0.0113236,0.),(-0.0329102,0.0118952,0.),(-0.0329473,0.0120071,0.),(-0.0329473,0.0120071,0.),(-0.0329739,0.0121252,0.),(-0.0329898,0.0122495,0.),(-0.0329473,0.0120071,0.),(-0.0329898,0.0122495,0.),(-0.0329951,0.0123800,0.),(-0.0329473,0.0120071,0.),(-0.0329951,0.0123800,0.),(-0.0329951,0.0123874,0.),(-0.0329473,0.0120071,0.),(-0.0329951,0.0123874,0.),(-0.0329951,0.0140818,0.),(-0.0329473,0.0120071,0.),(-0.0329951,0.0140818,0.),(-0.0329898,0.0142131,0.),(-0.0329473,0.0120071,0.),(-0.0329898,0.0142131,0.),(-0.0329739,0.0143382,0.),(-0.0329473,0.0120071,0.),(-0.0329739,0.0143382,0.),(-0.0329473,0.0144572,0.),(-0.0329473,0.0120071,0.),(-0.0329473,0.0144572,0.),(-0.0329102,0.0145699,0.),(-0.0329473,0.0120071,0.),(-0.0329102,0.0145699,0.),(-0.0328624,0.0146765,0.),(-0.0329473,0.0120071,0.),(-0.0328624,0.0146765,0.),(-0.0328040,0.0147769,0.),(-0.0329473,0.0120071,0.),(-0.0328040,0.0147769,0.),(-0.0327350,0.0148711,0.),(-0.0329473,0.0120071,0.),(-0.0327350,0.0148711,0.),(-0.0326554,0.0149591,0.),(-0.0326554,0.0149591,0.),(-0.0323516,0.0146628,0.),(-0.0324456,0.0145464,0.),(-0.0326554,0.0149591,0.),(-0.0324456,0.0145464,0.),(-0.0325128,0.0144101,0.),(-0.0326554,0.0149591,0.),(-0.0325128,0.0144101,0.),(-0.0325530,0.0142538,0.),(-0.0329473,0.0120071,0.),(-0.0326554,0.0149591,0.),(-0.0325530,0.0142538,0.),(-0.0329473,0.0120071,0.),(-0.0325530,0.0142538,0.),(-0.0325631,0.0141682,0.),(-0.0329473,0.0120071,0.),(-0.0325631,0.0141682,0.),(-0.0325665,0.0140775,0.),(-0.0329473,0.0120071,0.),(-0.0325665,0.0140775,0.),(-0.0325665,0.0123800,0.),(-0.0329473,0.0120071,0.),(-0.0325665,0.0123800,0.),(-0.0325631,0.0122917,0.),(-0.0329473,0.0120071,0.),(-0.0325631,0.0122917,0.),(-0.0325532,0.0122082,0.),(-0.0329473,0.0120071,0.),(-0.0325532,0.0122082,0.),(-0.0325366,0.0121297,0.),(-0.0329473,0.0120071,0.),(-0.0325366,0.0121297,0.),(-0.0325133,0.0120561,0.),(-0.0329473,0.0120071,0.),(-0.0325133,0.0120561,0.),(-0.0324468,0.0119236,0.),(-0.0329473,0.0120071,0.),(-0.0324468,0.0119236,0.),(-0.0323537,0.0118106,0.),(-0.0329473,0.0120071,0.),(-0.0323537,0.0118106,0.),(-0.0322585,0.0117319,0.),(-0.0329473,0.0120071,0.),(-0.0322585,0.0117319,0.),(-0.0321601,0.0116756,0.),(-0.0314934,0.0113236,0.),(-0.0329473,0.0120071,0.),(-0.0321601,0.0116756,0.),(-0.0314934,0.0113236,0.),(-0.0321601,0.0116756,0.),(-0.0320585,0.0116419,0.),(-0.0314934,0.0113236,0.),(-0.0320585,0.0116419,0.),(-0.0319537,0.0116307,0.),(-0.0314934,0.0113236,0.),(-0.0319537,0.0116307,0.),(-0.0318446,0.0116419,0.),(-0.0314934,0.0113236,0.),(-0.0318446,0.0116419,0.),(-0.0317418,0.0116756,0.),(-0.0314934,0.0113236,0.),(-0.0317418,0.0116756,0.),(-0.0316451,0.0117319,0.),(-0.0314934,0.0113236,0.),(-0.0316451,0.0117319,0.),(-0.0315547,0.0118106,0.),(-0.0314934,0.0113236,0.),(-0.0315547,0.0118106,0.),(-0.0314616,0.0119292,0.),(-0.0314934,0.0113236,0.),(-0.0314616,0.0119292,0.),(-0.0313952,0.0120648,0.),(-0.0314934,0.0113236,0.),(-0.0313952,0.0120648,0.),(-0.0313553,0.0122176,0.),(-0.0309197,0.0142099,0.),(-0.0314934,0.0113236,0.),(-0.0313553,0.0122176,0.),(-0.0309197,0.0142099,0.),(-0.0313553,0.0122176,0.),(-0.0313453,0.0123003,0.),(-0.0309197,0.0142099,0.),(-0.0313453,0.0123003,0.),(-0.0313420,0.0123874,0.),(-0.0309197,0.0142099,0.),(-0.0313420,0.0123874,0.),(-0.0313420,0.0140775,0.),(-0.0309197,0.0142099,0.),(-0.0313420,0.0140775,0.),(-0.0313453,0.0141672,0.),(-0.0309197,0.0142099,0.),(-0.0313453,0.0141672,0.),(-0.0313553,0.0142520,0.),(-0.0309197,0.0142099,0.),(-0.0313553,0.0142520,0.),(-0.0313719,0.0143319,0.),(-0.0309197,0.0142099,0.),(-0.0313719,0.0143319,0.),(-0.0313952,0.0144069,0.),(-0.0309197,0.0142099,0.),(-0.0313952,0.0144069,0.),(-0.0314616,0.0145425,0.),(-0.0309197,0.0142099,0.),(-0.0314616,0.0145425,0.),(-0.0315547,0.0146586,0.),(-0.0309197,0.0142099,0.),(-0.0315547,0.0146586,0.),(-0.0316459,0.0147363,0.),(-0.0322601,0.0147387,0.),(-0.0323516,0.0146628,0.),(-0.0326554,0.0149591,0.),(-0.0321632,0.0147930,0.),(-0.0322601,0.0147387,0.),(-0.0326554,0.0149591,0.),(-0.0320611,0.0148255,0.),(-0.0321632,0.0147930,0.),(-0.0326554,0.0149591,0.),(-0.0319537,0.0148364,0.),(-0.0320611,0.0148255,0.),(-0.0326554,0.0149591,0.),(-0.0318454,0.0148252,0.),(-0.0319537,0.0148364,0.),(-0.0326554,0.0149591,0.),(-0.0318454,0.0148252,0.),(-0.0326554,0.0149591,0.),(-0.0325785,0.0150298,0.),(-0.0318454,0.0148252,0.),(-0.0325785,0.0150298,0.),(-0.0324987,0.0150911,0.),(-0.0317428,0.0147919,0.),(-0.0318454,0.0148252,0.),(-0.0324987,0.0150911,0.),(-0.0317428,0.0147919,0.),(-0.0324987,0.0150911,0.),(-0.0324159,0.0151429,0.),(-0.0317428,0.0147919,0.),(-0.0324159,0.0151429,0.),(-0.0323302,0.0151853,0.),(-0.0316459,0.0147363,0.),(-0.0317428,0.0147919,0.),(-0.0323302,0.0151853,0.),(-0.0316459,0.0147363,0.),(-0.0323302,0.0151853,0.),(-0.0322415,0.0152183,0.),(-0.0309197,0.0142099,0.),(-0.0316459,0.0147363,0.),(-0.0322415,0.0152183,0.),(-0.0309197,0.0142099,0.),(-0.0322415,0.0152183,0.),(-0.0321499,0.0152419,0.),(-0.0309197,0.0142099,0.),(-0.0321499,0.0152419,0.),(-0.0320554,0.0152560,0.),(-0.0309197,0.0142099,0.),(-0.0320554,0.0152560,0.),(-0.0319579,0.0152607,0.),(-0.0309197,0.0142099,0.),(-0.0319579,0.0152607,0.),(-0.0318588,0.0152561,0.),(-0.0309197,0.0142099,0.),(-0.0318588,0.0152561,0.),(-0.0317629,0.0152422,0.),(-0.0309197,0.0142099,0.),(-0.0317629,0.0152422,0.),(-0.0316702,0.0152191,0.),(-0.0309197,0.0142099,0.),(-0.0316702,0.0152191,0.),(-0.0315809,0.0151867,0.),(-0.0309197,0.0142099,0.),(-0.0315809,0.0151867,0.),(-0.0314948,0.0151450,0.),(-0.0309197,0.0142099,0.),(-0.0314948,0.0151450,0.),(-0.0314120,0.0150941,0.),(-0.0309197,0.0142099,0.),(-0.0314120,0.0150941,0.),(-0.0313325,0.0150339,0.),(-0.0309197,0.0142099,0.),(-0.0313325,0.0150339,0.),(-0.0312562,0.0149644,0.),(-0.0309197,0.0142099,0.),(-0.0312562,0.0149644,0.),(-0.0311761,0.0148751,0.),(-0.0309197,0.0142099,0.),(-0.0311761,0.0148751,0.),(-0.0311067,0.0147796,0.),(-0.0309197,0.0142099,0.),(-0.0311067,0.0147796,0.),(-0.0310479,0.0146780,0.),(-0.0309197,0.0142099,0.),(-0.0310479,0.0146780,0.),(-0.0309999,0.0145702,0.),(-0.0309197,0.0142099,0.),(-0.0309999,0.0145702,0.),(-0.0309625,0.0144562,0.),(-0.0309197,0.0142099,0.),(-0.0309625,0.0144562,0.),(-0.0309358,0.0143362,0.),(-0.0416269,0.0113364,0.),(-0.0417009,0.0112433,0.),(-0.0418311,0.0112084,0.),(-0.0416269,0.0113364,0.),(-0.0418311,0.0112084,0.),(-0.0419081,0.0112235,0.),(-0.0416269,0.0113364,0.),(-0.0419081,0.0112235,0.),(-0.0419740,0.0112687,0.),(-0.0416269,0.0113364,0.),(-0.0419740,0.0112687,0.),(-0.0420192,0.0113372,0.),(-0.0416269,0.0113364,0.),(-0.0420192,0.0113372,0.),(-0.0420343,0.0114222,0.),(-0.0416269,0.0113364,0.),(-0.0420343,0.0114222,0.),(-0.0420343,0.0150491,0.),(-0.0416269,0.0113364,0.),(-0.0420343,0.0150491,0.),(-0.0420179,0.0151314,0.),(-0.0416269,0.0113364,0.),(-0.0420179,0.0151314,0.),(-0.0419687,0.0152004,0.),(-0.0416269,0.0113364,0.),(-0.0419687,0.0152004,0.),(-0.0419012,0.0152457,0.),(-0.0416269,0.0113364,0.),(-0.0419012,0.0152457,0.),(-0.0418195,0.0152607,0.),(-0.0416269,0.0113364,0.),(-0.0418195,0.0152607,0.),(-0.0417377,0.0152457,0.),(-0.0416269,0.0113364,0.),(-0.0417377,0.0152457,0.),(-0.0416702,0.0152004,0.),(-0.0416269,0.0113364,0.),(-0.0416702,0.0152004,0.),(-0.0416234,0.0151314,0.),(-0.0416269,0.0113364,0.),(-0.0416234,0.0151314,0.),(-0.0416078,0.0150491,0.),(-0.0416269,0.0113364,0.),(-0.0416078,0.0150491,0.),(-0.0416078,0.0125842,0.),(-0.0416269,0.0113364,0.),(-0.0416078,0.0125842,0.),(-0.0407050,0.0151306,0.),(-0.0416269,0.0113364,0.),(-0.0407050,0.0151306,0.),(-0.0406328,0.0152282,0.),(-0.0416269,0.0113364,0.),(-0.0406328,0.0152282,0.),(-0.0405093,0.0152607,0.),(-0.0416269,0.0113364,0.),(-0.0405093,0.0152607,0.),(-0.0403857,0.0152282,0.),(-0.0416269,0.0113364,0.),(-0.0403857,0.0152282,0.),(-0.0403135,0.0151306,0.),(-0.0394107,0.0125842,0.),(-0.0394107,0.0150491,0.),(-0.0393951,0.0151626,0.),(-0.0394107,0.0125842,0.),(-0.0393951,0.0151626,0.),(-0.0393483,0.0152004,0.),(-0.0394107,0.0125842,0.),(-0.0393483,0.0152004,0.),(-0.0392001,0.0152607,0.),(-0.0394107,0.0125842,0.),(-0.0392001,0.0152607,0.),(-0.0391673,0.0152724,0.),(-0.0394107,0.0125842,0.),(-0.0391673,0.0152724,0.),(-0.0390477,0.0152004,0.),(-0.0394107,0.0125842,0.),(-0.0390477,0.0152004,0.),(-0.0390025,0.0151324,0.),(-0.0394107,0.0125842,0.),(-0.0390025,0.0151324,0.),(-0.0389874,0.0150491,0.),(-0.0394107,0.0125842,0.),(-0.0389874,0.0150491,0.),(-0.0389874,0.0114222,0.),(-0.0394107,0.0125842,0.),(-0.0389874,0.0114222,0.),(-0.0390025,0.0113412,0.),(-0.0403135,0.0151306,0.),(-0.0394107,0.0125842,0.),(-0.0390025,0.0113412,0.),(-0.0403135,0.0151306,0.),(-0.0390025,0.0113412,0.),(-0.0390477,0.0112740,0.),(-0.0403135,0.0151306,0.),(-0.0390477,0.0112740,0.),(-0.0391141,0.0112248,0.),(-0.0403135,0.0151306,0.),(-0.0391141,0.0112248,0.),(-0.0391885,0.0112084,0.),(-0.0403135,0.0151306,0.),(-0.0391885,0.0112084,0.),(-0.0393155,0.0112433,0.),(-0.0403135,0.0151306,0.),(-0.0393155,0.0112433,0.),(-0.0393948,0.0113407,0.),(-0.0403135,0.0151306,0.),(-0.0393948,0.0113407,0.),(-0.0405103,0.0143919,0.),(-0.0416269,0.0113364,0.),(-0.0403135,0.0151306,0.),(-0.0405103,0.0143919,0.),(-0.0277405,0.0135960,0.),(-0.0281458,0.0135960,0.),(-0.0288358,0.0136097,0.),(-0.0274981,0.0135960,0.),(-0.0277405,0.0135960,0.),(-0.0288358,0.0136097,0.),(-0.0281458,0.0122604,0.),(-0.0281458,0.0135960,0.),(-0.0277405,0.0135960,0.),(-0.0281458,0.0122604,0.),(-0.0277405,0.0135960,0.),(-0.0277405,0.0114084,0.),(-0.0288358,0.0136097,0.),(-0.0281458,0.0122604,0.),(-0.0277405,0.0114084,0.),(-0.0288358,0.0136097,0.),(-0.0277405,0.0114084,0.),(-0.0277503,0.0113335,0.),(-0.0288358,0.0136097,0.),(-0.0277503,0.0113335,0.),(-0.0277796,0.0112761,0.),(-0.0288358,0.0136097,0.),(-0.0277796,0.0112761,0.),(-0.0278886,0.0112020,0.),(-0.0288358,0.0136097,0.),(-0.0278886,0.0112020,0.),(-0.0279490,0.0111946,0.),(-0.0288358,0.0136097,0.),(-0.0279490,0.0111946,0.),(-0.0280252,0.0112042,0.),(-0.0288358,0.0136097,0.),(-0.0280252,0.0112042,0.),(-0.0281320,0.0112878,0.),(-0.0288358,0.0136097,0.),(-0.0281320,0.0112878,0.),(-0.0294095,0.0137071,0.),(-0.0274981,0.0135960,0.),(-0.0288358,0.0136097,0.),(-0.0294095,0.0137071,0.),(-0.0274981,0.0135960,0.),(-0.0294095,0.0137071,0.),(-0.0294444,0.0138341,0.),(-0.0274981,0.0135960,0.),(-0.0294444,0.0138341,0.),(-0.0294190,0.0139220,0.),(-0.0274981,0.0135960,0.),(-0.0294190,0.0139220,0.),(-0.0293420,0.0139966,0.),(-0.0274981,0.0135960,0.),(-0.0293420,0.0139966,0.),(-0.0292317,0.0140214,0.),(-0.0274981,0.0135960,0.),(-0.0292317,0.0140214,0.),(-0.0281670,0.0140214,0.),(-0.0281670,0.0140214,0.),(-0.0281670,0.0150332,0.),(-0.0281514,0.0151165,0.),(-0.0281670,0.0140214,0.),(-0.0281514,0.0151165,0.),(-0.0281045,0.0151845,0.),(-0.0281670,0.0140214,0.),(-0.0281045,0.0151845,0.),(-0.0280357,0.0152306,0.),(-0.0281670,0.0140214,0.),(-0.0280357,0.0152306,0.),(-0.0279542,0.0152459,0.),(-0.0281670,0.0140214,0.),(-0.0279542,0.0152459,0.),(-0.0278720,0.0152306,0.),(-0.0281670,0.0140214,0.),(-0.0278720,0.0152306,0.),(-0.0278029,0.0151845,0.),(-0.0281670,0.0140214,0.),(-0.0278029,0.0151845,0.),(-0.0277561,0.0151165,0.),(-0.0281670,0.0140214,0.),(-0.0277561,0.0151165,0.),(-0.0277405,0.0150332,0.),(-0.0281670,0.0140214,0.),(-0.0277405,0.0150332,0.),(-0.0277405,0.0140214,0.),(-0.0274981,0.0135960,0.),(-0.0281670,0.0140214,0.),(-0.0277405,0.0140214,0.),(-0.0274981,0.0135960,0.),(-0.0277405,0.0140214,0.),(-0.0274981,0.0140214,0.),(-0.0274981,0.0135960,0.),(-0.0274981,0.0140214,0.),(-0.0274145,0.0140058,0.),(-0.0274981,0.0135960,0.),(-0.0274145,0.0140058,0.),(-0.0273457,0.0139590,0.),(-0.0274981,0.0135960,0.),(-0.0273457,0.0139590,0.),(-0.0272997,0.0138902,0.),(-0.0274981,0.0135960,0.),(-0.0272997,0.0138902,0.),(-0.0272843,0.0138087,0.),(-0.0274981,0.0135960,0.),(-0.0272843,0.0138087,0.),(-0.0272997,0.0137272,0.),(-0.0274981,0.0135960,0.),(-0.0272997,0.0137272,0.),(-0.0273457,0.0136584,0.),(-0.0274981,0.0135960,0.),(-0.0273457,0.0136584,0.),(-0.0274145,0.0136116,0.),(-0.0377798,0.0148364,0.),(-0.0366082,0.0132457,0.),(-0.0365437,0.0131519,0.),(-0.0377798,0.0148364,0.),(-0.0365437,0.0131519,0.),(-0.0364879,0.0130543,0.),(-0.0377798,0.0148364,0.),(-0.0364879,0.0130543,0.),(-0.0364406,0.0129528,0.),(-0.0377798,0.0148364,0.),(-0.0364406,0.0129528,0.),(-0.0364019,0.0128475,0.),(-0.0377798,0.0148364,0.),(-0.0364019,0.0128475,0.),(-0.0363718,0.0127383,0.),(-0.0377798,0.0148364,0.),(-0.0363718,0.0127383,0.),(-0.0363503,0.0126252,0.),(-0.0377798,0.0148364,0.),(-0.0363503,0.0126252,0.),(-0.0363374,0.0125082,0.),(-0.0377798,0.0148364,0.),(-0.0363374,0.0125082,0.),(-0.0363331,0.0123874,0.),(-0.0377798,0.0148364,0.),(-0.0363331,0.0123874,0.),(-0.0363382,0.0122624,0.),(-0.0377798,0.0148364,0.),(-0.0363382,0.0122624,0.),(-0.0363536,0.0121420,0.),(-0.0377798,0.0148364,0.),(-0.0363536,0.0121420,0.),(-0.0363792,0.0120263,0.),(-0.0377798,0.0148364,0.),(-0.0363792,0.0120263,0.),(-0.0364151,0.0119151,0.),(-0.0364151,0.0119151,0.),(-0.0364612,0.0118085,0.),(-0.0365176,0.0117065,0.),(-0.0364151,0.0119151,0.),(-0.0365176,0.0117065,0.),(-0.0365843,0.0116092,0.),(-0.0364151,0.0119151,0.),(-0.0365843,0.0116092,0.),(-0.0366612,0.0115164,0.),(-0.0364151,0.0119151,0.),(-0.0366612,0.0115164,0.),(-0.0367340,0.0114432,0.),(-0.0364151,0.0119151,0.),(-0.0367340,0.0114432,0.),(-0.0368114,0.0113798,0.),(-0.0364151,0.0119151,0.),(-0.0368114,0.0113798,0.),(-0.0368933,0.0113261,0.),(-0.0364151,0.0119151,0.),(-0.0368933,0.0113261,0.),(-0.0369797,0.0112822,0.),(-0.0364151,0.0119151,0.),(-0.0369797,0.0112822,0.),(-0.0370706,0.0112481,0.),(-0.0364151,0.0119151,0.),(-0.0370706,0.0112481,0.),(-0.0371660,0.0112237,0.),(-0.0364151,0.0119151,0.),(-0.0371660,0.0112237,0.),(-0.0372659,0.0112090,0.),(-0.0364151,0.0119151,0.),(-0.0372659,0.0112090,0.),(-0.0373702,0.0112042,0.),(-0.0364151,0.0119151,0.),(-0.0373702,0.0112042,0.),(-0.0374687,0.0112089,0.),(-0.0364151,0.0119151,0.),(-0.0374687,0.0112089,0.),(-0.0375642,0.0112233,0.),(-0.0364151,0.0119151,0.),(-0.0375642,0.0112233,0.),(-0.0376567,0.0112472,0.),(-0.0364151,0.0119151,0.),(-0.0376567,0.0112472,0.),(-0.0377462,0.0112806,0.),(-0.0364151,0.0119151,0.),(-0.0377462,0.0112806,0.),(-0.0378327,0.0113236,0.),(-0.0364151,0.0119151,0.),(-0.0378327,0.0113236,0.),(-0.0379161,0.0113762,0.),(-0.0379161,0.0113762,0.),(-0.0379966,0.0114383,0.),(-0.0380740,0.0115100,0.),(-0.0379161,0.0113762,0.),(-0.0380740,0.0115100,0.),(-0.0381532,0.0115965,0.),(-0.0379161,0.0113762,0.),(-0.0381532,0.0115965,0.),(-0.0382217,0.0116894,0.),(-0.0379161,0.0113762,0.),(-0.0382217,0.0116894,0.),(-0.0382798,0.0117886,0.),(-0.0379161,0.0113762,0.),(-0.0382798,0.0117886,0.),(-0.0383272,0.0118942,0.),(-0.0379161,0.0113762,0.),(-0.0383272,0.0118942,0.),(-0.0383642,0.0120061,0.),(-0.0379161,0.0113762,0.),(-0.0383642,0.0120061,0.),(-0.0383905,0.0121244,0.),(-0.0379161,0.0113762,0.),(-0.0383905,0.0121244,0.),(-0.0384064,0.0122490,0.),(-0.0379161,0.0113762,0.),(-0.0384064,0.0122490,0.),(-0.0384116,0.0123800,0.),(-0.0379161,0.0113762,0.),(-0.0384116,0.0123800,0.),(-0.0384116,0.0123853,0.),(-0.0379161,0.0113762,0.),(-0.0384116,0.0123853,0.),(-0.0383960,0.0124667,0.),(-0.0379161,0.0113762,0.),(-0.0383960,0.0124667,0.),(-0.0383492,0.0125355,0.),(-0.0379161,0.0113762,0.),(-0.0383492,0.0125355,0.),(-0.0382804,0.0125824,0.),(-0.0379161,0.0113762,0.),(-0.0382804,0.0125824,0.),(-0.0381989,0.0125980,0.),(-0.0379161,0.0113762,0.),(-0.0381989,0.0125980,0.),(-0.0381174,0.0125824,0.),(-0.0379161,0.0113762,0.),(-0.0381174,0.0125824,0.),(-0.0380486,0.0125355,0.),(-0.0379161,0.0113762,0.),(-0.0380486,0.0125355,0.),(-0.0380010,0.0124667,0.),(-0.0380010,0.0124667,0.),(-0.0379851,0.0123853,0.),(-0.0379851,0.0123800,0.),(-0.0380010,0.0124667,0.),(-0.0379851,0.0123800,0.),(-0.0379818,0.0122930,0.),(-0.0379161,0.0113762,0.),(-0.0380010,0.0124667,0.),(-0.0379818,0.0122930,0.),(-0.0379161,0.0113762,0.),(-0.0379818,0.0122930,0.),(-0.0379718,0.0122106,0.),(-0.0379161,0.0113762,0.),(-0.0379718,0.0122106,0.),(-0.0379552,0.0121327,0.),(-0.0379161,0.0113762,0.),(-0.0379552,0.0121327,0.),(-0.0379319,0.0120593,0.),(-0.0379161,0.0113762,0.),(-0.0379319,0.0120593,0.),(-0.0378655,0.0119259,0.),(-0.0379161,0.0113762,0.),(-0.0378655,0.0119259,0.),(-0.0377724,0.0118106,0.),(-0.0379161,0.0113762,0.),(-0.0377724,0.0118106,0.),(-0.0376815,0.0117319,0.),(-0.0379161,0.0113762,0.),(-0.0376815,0.0117319,0.),(-0.0375846,0.0116756,0.),(-0.0379161,0.0113762,0.),(-0.0375846,0.0116756,0.),(-0.0374815,0.0116419,0.),(-0.0379161,0.0113762,0.),(-0.0374815,0.0116419,0.),(-0.0373724,0.0116307,0.),(-0.0379161,0.0113762,0.),(-0.0373724,0.0116307,0.),(-0.0372591,0.0116415,0.),(-0.0379161,0.0113762,0.),(-0.0372591,0.0116415,0.),(-0.0371554,0.0116741,0.),(-0.0364151,0.0119151,0.),(-0.0379161,0.0113762,0.),(-0.0371554,0.0116741,0.),(-0.0364151,0.0119151,0.),(-0.0371554,0.0116741,0.),(-0.0370612,0.0117283,0.),(-0.0364151,0.0119151,0.),(-0.0370612,0.0117283,0.),(-0.0369765,0.0118042,0.),(-0.0364151,0.0119151,0.),(-0.0369765,0.0118042,0.),(-0.0369249,0.0118654,0.),(-0.0364151,0.0119151,0.),(-0.0369249,0.0118654,0.),(-0.0368802,0.0119298,0.),(-0.0364151,0.0119151,0.),(-0.0368802,0.0119298,0.),(-0.0368114,0.0120685,0.),(-0.0364151,0.0119151,0.),(-0.0368114,0.0120685,0.),(-0.0367702,0.0122204,0.),(-0.0364151,0.0119151,0.),(-0.0367702,0.0122204,0.),(-0.0367598,0.0123012,0.),(-0.0364151,0.0119151,0.),(-0.0367598,0.0123012,0.),(-0.0367564,0.0123853,0.),(-0.0364151,0.0119151,0.),(-0.0367564,0.0123853,0.),(-0.0367593,0.0124720,0.),(-0.0364151,0.0119151,0.),(-0.0367593,0.0124720,0.),(-0.0367681,0.0125554,0.),(-0.0364151,0.0119151,0.),(-0.0367681,0.0125554,0.),(-0.0367827,0.0126355,0.),(-0.0364151,0.0119151,0.),(-0.0367827,0.0126355,0.),(-0.0368032,0.0127123,0.),(-0.0364151,0.0119151,0.),(-0.0368032,0.0127123,0.),(-0.0368618,0.0128559,0.),(-0.0377798,0.0148364,0.),(-0.0364151,0.0119151,0.),(-0.0368618,0.0128559,0.),(-0.0377798,0.0148364,0.),(-0.0368618,0.0128559,0.),(-0.0369437,0.0129864,0.),(-0.0377798,0.0148364,0.),(-0.0369437,0.0129864,0.),(-0.0383672,0.0149200,0.),(-0.0365437,0.0148364,0.),(-0.0377798,0.0148364,0.),(-0.0383672,0.0149200,0.),(-0.0365437,0.0148364,0.),(-0.0383672,0.0149200,0.),(-0.0384138,0.0150448,0.),(-0.0365437,0.0148364,0.),(-0.0384138,0.0150448,0.),(-0.0384116,0.0150798,0.),(-0.0365437,0.0148364,0.),(-0.0384116,0.0150798,0.),(-0.0383852,0.0151584,0.),(-0.0365437,0.0148364,0.),(-0.0383852,0.0151584,0.),(-0.0383333,0.0152142,0.),(-0.0365437,0.0148364,0.),(-0.0383333,0.0152142,0.),(-0.0382648,0.0152491,0.),(-0.0365437,0.0148364,0.),(-0.0382648,0.0152491,0.),(-0.0381989,0.0152607,0.),(-0.0365437,0.0148364,0.),(-0.0381989,0.0152607,0.),(-0.0365437,0.0152607,0.),(-0.0365437,0.0148364,0.),(-0.0365437,0.0152607,0.),(-0.0364603,0.0152457,0.),(-0.0365437,0.0148364,0.),(-0.0364603,0.0152457,0.),(-0.0363923,0.0152004,0.),(-0.0365437,0.0148364,0.),(-0.0363923,0.0152004,0.),(-0.0363479,0.0151324,0.),(-0.0365437,0.0148364,0.),(-0.0363479,0.0151324,0.),(-0.0363331,0.0150491,0.),(-0.0365437,0.0148364,0.),(-0.0363331,0.0150491,0.),(-0.0363479,0.0149649,0.),(-0.0365437,0.0148364,0.),(-0.0363479,0.0149649,0.),(-0.0363923,0.0148967,0.),(-0.0365437,0.0148364,0.),(-0.0363923,0.0148967,0.),(-0.0364582,0.0148514,0.),(-0.0354443,0.0152859,0.),(-0.0353827,0.0152301,0.),(-0.0346630,0.0142342,0.),(-0.0346630,0.0142342,0.),(-0.0339455,0.0152301,0.),(-0.0338833,0.0152859,0.),(-0.0346630,0.0142342,0.),(-0.0338833,0.0152859,0.),(-0.0338047,0.0153137,0.),(-0.0346630,0.0142342,0.),(-0.0338047,0.0153137,0.),(-0.0337222,0.0153113,0.),(-0.0346630,0.0142342,0.),(-0.0337222,0.0153113,0.),(-0.0336481,0.0152766,0.),(-0.0346630,0.0142342,0.),(-0.0336481,0.0152766,0.),(-0.0335915,0.0152168,0.),(-0.0346630,0.0142342,0.),(-0.0335915,0.0152168,0.),(-0.0335634,0.0151390,0.),(-0.0346630,0.0142342,0.),(-0.0335634,0.0151390,0.),(-0.0335650,0.0150560,0.),(-0.0346630,0.0142342,0.),(-0.0335650,0.0150560,0.),(-0.0335973,0.0149803,0.),(-0.0346630,0.0142342,0.),(-0.0335973,0.0149803,0.),(-0.0344016,0.0138690,0.),(-0.0354443,0.0152859,0.),(-0.0346630,0.0142342,0.),(-0.0344016,0.0138690,0.),(-0.0354443,0.0152859,0.),(-0.0344016,0.0138690,0.),(-0.0335973,0.0127599,0.),(-0.0354443,0.0152859,0.),(-0.0335973,0.0127599,0.),(-0.0335650,0.0126858,0.),(-0.0354443,0.0152859,0.),(-0.0335650,0.0126858,0.),(-0.0335634,0.0126033,0.),(-0.0354443,0.0152859,0.),(-0.0335634,0.0126033,0.),(-0.0335915,0.0125252,0.),(-0.0354443,0.0152859,0.),(-0.0335915,0.0125252,0.),(-0.0336481,0.0124646,0.),(-0.0354443,0.0152859,0.),(-0.0336481,0.0124646,0.),(-0.0337222,0.0124292,0.),(-0.0354443,0.0152859,0.),(-0.0337222,0.0124292,0.),(-0.0338047,0.0124265,0.),(-0.0354443,0.0152859,0.),(-0.0338047,0.0124265,0.),(-0.0338833,0.0124548,0.),(-0.0354443,0.0152859,0.),(-0.0338833,0.0124548,0.),(-0.0339455,0.0125123,0.),(-0.0354443,0.0152859,0.),(-0.0339455,0.0125123,0.),(-0.0346630,0.0135081,0.),(-0.0346630,0.0135081,0.),(-0.0353827,0.0125123,0.),(-0.0354438,0.0124538,0.),(-0.0346630,0.0135081,0.),(-0.0354438,0.0124538,0.),(-0.0355213,0.0124265,0.),(-0.0346630,0.0135081,0.),(-0.0355213,0.0124265,0.),(-0.0356078,0.0124289,0.),(-0.0346630,0.0135081,0.),(-0.0356078,0.0124289,0.),(-0.0356811,0.0124636,0.),(-0.0346630,0.0135081,0.),(-0.0356811,0.0124636,0.),(-0.0357370,0.0125242,0.),(-0.0346630,0.0135081,0.),(-0.0357370,0.0125242,0.),(-0.0357647,0.0126001,0.),(-0.0346630,0.0135081,0.),(-0.0357647,0.0126001,0.),(-0.0357618,0.0126850,0.),(-0.0346630,0.0135081,0.),(-0.0357618,0.0126850,0.),(-0.0357256,0.0127599,0.),(-0.0346630,0.0135081,0.),(-0.0357256,0.0127599,0.),(-0.0349265,0.0138690,0.),(-0.0354443,0.0152859,0.),(-0.0346630,0.0135081,0.),(-0.0349265,0.0138690,0.),(-0.0354443,0.0152859,0.),(-0.0349265,0.0138690,0.),(-0.0357298,0.0149803,0.),(-0.0354443,0.0152859,0.),(-0.0357298,0.0149803,0.),(-0.0357629,0.0150557,0.),(-0.0354443,0.0152859,0.),(-0.0357629,0.0150557,0.),(-0.0357647,0.0151380,0.),(-0.0354443,0.0152859,0.),(-0.0357647,0.0151380,0.),(-0.0357367,0.0152192,0.),(-0.0354443,0.0152859,0.),(-0.0357367,0.0152192,0.),(-0.0356801,0.0152787,0.),(-0.0354443,0.0152859,0.),(-0.0356801,0.0152787,0.),(-0.0356055,0.0153118,0.),(-0.0354443,0.0152859,0.),(-0.0356055,0.0153118,0.),(-0.0355234,0.0153137,0.),(-0.0304561,0.0152303,0.),(-0.0303831,0.0153369,0.),(-0.0302765,0.0154100,0.),(-0.0304561,0.0152303,0.),(-0.0302765,0.0154100,0.),(-0.0301513,0.0154343,0.),(-0.0304561,0.0152303,0.),(-0.0301513,0.0154343,0.),(-0.0300265,0.0154100,0.),(-0.0304561,0.0152303,0.),(-0.0300265,0.0154100,0.),(-0.0299206,0.0153369,0.),(-0.0304561,0.0152303,0.),(-0.0299206,0.0153369,0.),(-0.0298476,0.0152303,0.),(-0.0304561,0.0152303,0.),(-0.0298476,0.0152303,0.),(-0.0298233,0.0151052,0.),(-0.0304561,0.0152303,0.),(-0.0298233,0.0151052,0.),(-0.0298476,0.0149800,0.),(-0.0304561,0.0152303,0.),(-0.0298476,0.0149800,0.),(-0.0299206,0.0148734,0.),(-0.0304561,0.0152303,0.),(-0.0299206,0.0148734,0.),(-0.0300265,0.0148004,0.),(-0.0304561,0.0152303,0.),(-0.0300265,0.0148004,0.),(-0.0301513,0.0147760,0.),(-0.0304561,0.0152303,0.),(-0.0301513,0.0147760,0.),(-0.0302765,0.0148004,0.),(-0.0304561,0.0152303,0.),(-0.0302765,0.0148004,0.),(-0.0303831,0.0148734,0.),(-0.0304561,0.0152303,0.),(-0.0303831,0.0148734,0.),(-0.0304561,0.0149800,0.),(-0.0304561,0.0152303,0.),(-0.0304561,0.0149800,0.),(-0.0304805,0.0151052,0.),(-0.0215223,0.0152369,0.),(-0.0214228,0.0153459,0.),(-0.0213096,0.0153735,0.),(-0.0215223,0.0152369,0.),(-0.0213096,0.0153735,0.),(-0.0212085,0.0153481,0.),(-0.0215223,0.0152369,0.),(-0.0212085,0.0153481,0.),(-0.0211318,0.0152719,0.),(-0.0215223,0.0152369,0.),(-0.0211318,0.0152719,0.),(-0.0211243,0.0152655,0.),(-0.0215223,0.0152369,0.),(-0.0211243,0.0152655,0.),(-0.0198787,0.0130980,0.),(-0.0215223,0.0152369,0.),(-0.0198787,0.0130980,0.),(-0.0198512,0.0129912,0.),(-0.0215223,0.0152369,0.),(-0.0198512,0.0129912,0.),(-0.0198790,0.0128819,0.),(-0.0215223,0.0152369,0.),(-0.0198790,0.0128819,0.),(-0.0199623,0.0128038,0.),(-0.0215223,0.0152369,0.),(-0.0199623,0.0128038,0.),(-0.0200692,0.0127742,0.),(-0.0215223,0.0152369,0.),(-0.0200692,0.0127742,0.),(-0.0201779,0.0128020,0.),(-0.0215223,0.0152369,0.),(-0.0201779,0.0128020,0.),(-0.0202544,0.0128853,0.),(-0.0215223,0.0152369,0.),(-0.0202544,0.0128853,0.),(-0.0210968,0.0143511,0.),(-0.0215223,0.0152369,0.),(-0.0210968,0.0143511,0.),(-0.0210968,0.0117434,0.),(-0.0210968,0.0117434,0.),(-0.0195104,0.0117434,0.),(-0.0194255,0.0117275,0.),(-0.0210968,0.0117434,0.),(-0.0194255,0.0117275,0.),(-0.0193548,0.0116799,0.),(-0.0210968,0.0117434,0.),(-0.0193548,0.0116799,0.),(-0.0193072,0.0116103,0.),(-0.0210968,0.0117434,0.),(-0.0193072,0.0116103,0.),(-0.0192913,0.0115285,0.),(-0.0210968,0.0117434,0.),(-0.0192913,0.0115285,0.),(-0.0193072,0.0114465,0.),(-0.0210968,0.0117434,0.),(-0.0193072,0.0114465,0.),(-0.0193548,0.0113761,0.),(-0.0210968,0.0117434,0.),(-0.0193548,0.0113761,0.),(-0.0194255,0.0113269,0.),(-0.0210968,0.0117434,0.),(-0.0194255,0.0113269,0.),(-0.0195104,0.0113105,0.),(-0.0210968,0.0117434,0.),(-0.0195104,0.0113105,0.),(-0.0213170,0.0113105,0.),(-0.0215223,0.0152369,0.),(-0.0210968,0.0117434,0.),(-0.0213170,0.0113105,0.),(-0.0213170,0.0113105,0.),(-0.0231225,0.0113105,0.),(-0.0232053,0.0113269,0.),(-0.0213170,0.0113105,0.),(-0.0232053,0.0113269,0.),(-0.0232738,0.0113761,0.),(-0.0213170,0.0113105,0.),(-0.0232738,0.0113761,0.),(-0.0233199,0.0114465,0.),(-0.0213170,0.0113105,0.),(-0.0233199,0.0114465,0.),(-0.0233352,0.0115285,0.),(-0.0213170,0.0113105,0.),(-0.0233352,0.0115285,0.),(-0.0233199,0.0116103,0.),(-0.0213170,0.0113105,0.),(-0.0233199,0.0116103,0.),(-0.0232738,0.0116799,0.),(-0.0213170,0.0113105,0.),(-0.0232738,0.0116799,0.),(-0.0232053,0.0117275,0.),(-0.0213170,0.0113105,0.),(-0.0232053,0.0117275,0.),(-0.0231225,0.0117434,0.),(-0.0213170,0.0113105,0.),(-0.0231225,0.0117434,0.),(-0.0215297,0.0117434,0.),(-0.0215223,0.0152369,0.),(-0.0213170,0.0113105,0.),(-0.0215297,0.0117434,0.),(-0.0215223,0.0152369,0.),(-0.0215297,0.0117434,0.),(-0.0215297,0.0143553,0.),(-0.0215223,0.0152369,0.),(-0.0215297,0.0143553,0.),(-0.0223859,0.0128663,0.),(-0.0215223,0.0152369,0.),(-0.0223859,0.0128663,0.),(-0.0224655,0.0127869,0.),(-0.0215223,0.0152369,0.),(-0.0224655,0.0127869,0.),(-0.0225732,0.0127604,0.),(-0.0215223,0.0152369,0.),(-0.0225732,0.0127604,0.),(-0.0226843,0.0127880,0.),(-0.0215223,0.0152369,0.),(-0.0226843,0.0127880,0.),(-0.0227661,0.0128676,0.),(-0.0215223,0.0152369,0.),(-0.0227661,0.0128676,0.),(-0.0227933,0.0129774,0.),(-0.0215223,0.0152369,0.),(-0.0227933,0.0129774,0.),(-0.0227616,0.0130864,0.),(-0.0169630,0.0112555,0.),(-0.0170805,0.0113021,0.),(-0.0176879,0.0118037,0.),(-0.0169630,0.0112555,0.),(-0.0176879,0.0118037,0.),(-0.0177456,0.0118714,0.),(-0.0169630,0.0112555,0.),(-0.0177456,0.0118714,0.),(-0.0177705,0.0119434,0.),(-0.0169630,0.0112555,0.),(-0.0177705,0.0119434,0.),(-0.0177705,0.0119773,0.),(-0.0169630,0.0112555,0.),(-0.0177705,0.0119773,0.),(-0.0177366,0.0121053,0.),(-0.0169630,0.0112555,0.),(-0.0177366,0.0121053,0.),(-0.0176774,0.0121622,0.),(-0.0169630,0.0112555,0.),(-0.0176774,0.0121622,0.),(-0.0175969,0.0121911,0.),(-0.0169630,0.0112555,0.),(-0.0175969,0.0121911,0.),(-0.0175556,0.0121932,0.),(-0.0169630,0.0112555,0.),(-0.0175556,0.0121932,0.),(-0.0174403,0.0121561,0.),(-0.0169630,0.0112555,0.),(-0.0174403,0.0121561,0.),(-0.0171694,0.0119169,0.),(-0.0169630,0.0112555,0.),(-0.0171694,0.0119169,0.),(-0.0171694,0.0151025,0.),(-0.0169630,0.0112555,0.),(-0.0171694,0.0151025,0.),(-0.0171540,0.0151845,0.),(-0.0169630,0.0112555,0.),(-0.0171540,0.0151845,0.),(-0.0171080,0.0152528,0.),(-0.0169630,0.0112555,0.),(-0.0171080,0.0152528,0.),(-0.0170397,0.0152988,0.),(-0.0169630,0.0112555,0.),(-0.0170397,0.0152988,0.),(-0.0169577,0.0153142,0.),(-0.0169630,0.0112555,0.),(-0.0169577,0.0153142,0.),(-0.0168749,0.0152988,0.),(-0.0169630,0.0112555,0.),(-0.0168749,0.0152988,0.),(-0.0168063,0.0152528,0.),(-0.0169630,0.0112555,0.),(-0.0168063,0.0152528,0.),(-0.0167603,0.0151845,0.),(-0.0169630,0.0112555,0.),(-0.0167603,0.0151845,0.),(-0.0167450,0.0151025,0.),(-0.0169630,0.0112555,0.),(-0.0167450,0.0151025,0.),(-0.0167450,0.0114756,0.),(-0.0169630,0.0112555,0.),(-0.0167450,0.0114756,0.),(-0.0167733,0.0113624,0.),(-0.0169630,0.0112555,0.),(-0.0167733,0.0113624,0.),(-0.0168582,0.0112872,0.),(-0.0377987,0.0093109,0.),(-0.0377017,0.0093516,0.),(-0.0376037,0.0093868,0.),(-0.0377987,0.0093109,0.),(-0.0376037,0.0093868,0.),(-0.0375047,0.0094167,0.),(-0.0377987,0.0093109,0.),(-0.0375047,0.0094167,0.),(-0.0374048,0.0094411,0.),(-0.0377987,0.0093109,0.),(-0.0374048,0.0094411,0.),(-0.0373039,0.0094601,0.),(-0.0377987,0.0093109,0.),(-0.0373039,0.0094601,0.),(-0.0372020,0.0094736,0.),(-0.0377987,0.0093109,0.),(-0.0372020,0.0094736,0.),(-0.0370992,0.0094818,0.),(-0.0377987,0.0093109,0.),(-0.0370992,0.0094818,0.),(-0.0369954,0.0094845,0.),(-0.0377987,0.0093109,0.),(-0.0369954,0.0094845,0.),(-0.0368597,0.0094801,0.),(-0.0377987,0.0093109,0.),(-0.0368597,0.0094801,0.),(-0.0367264,0.0094672,0.),(-0.0377987,0.0093109,0.),(-0.0367264,0.0094672,0.),(-0.0365957,0.0094456,0.),(-0.0377987,0.0093109,0.),(-0.0365957,0.0094456,0.),(-0.0364676,0.0094154,0.),(-0.0377987,0.0093109,0.),(-0.0364676,0.0094154,0.),(-0.0363420,0.0093766,0.),(-0.0377987,0.0093109,0.),(-0.0363420,0.0093766,0.),(-0.0362190,0.0093291,0.),(-0.0377987,0.0093109,0.),(-0.0362190,0.0093291,0.),(-0.0360985,0.0092730,0.),(-0.0377987,0.0093109,0.),(-0.0360985,0.0092730,0.),(-0.0359805,0.0092082,0.),(-0.0377987,0.0093109,0.),(-0.0359805,0.0092082,0.),(-0.0358669,0.0091358,0.),(-0.0377987,0.0093109,0.),(-0.0358669,0.0091358,0.),(-0.0357596,0.0090573,0.),(-0.0377987,0.0093109,0.),(-0.0357596,0.0090573,0.),(-0.0356584,0.0089726,0.),(-0.0377987,0.0093109,0.),(-0.0356584,0.0089726,0.),(-0.0355635,0.0088817,0.),(-0.0377987,0.0093109,0.),(-0.0355635,0.0088817,0.),(-0.0354748,0.0087847,0.),(-0.0354748,0.0087847,0.),(-0.0353923,0.0086816,0.),(-0.0353161,0.0085723,0.),(-0.0354748,0.0087847,0.),(-0.0353161,0.0085723,0.),(-0.0352460,0.0084568,0.),(-0.0354748,0.0087847,0.),(-0.0352460,0.0084568,0.),(-0.0351830,0.0083370,0.),(-0.0354748,0.0087847,0.),(-0.0351830,0.0083370,0.),(-0.0351284,0.0082148,0.),(-0.0354748,0.0087847,0.),(-0.0351284,0.0082148,0.),(-0.0350822,0.0080901,0.),(-0.0354748,0.0087847,0.),(-0.0350822,0.0080901,0.),(-0.0350444,0.0079628,0.),(-0.0354748,0.0087847,0.),(-0.0350444,0.0079628,0.),(-0.0350150,0.0078332,0.),(-0.0354748,0.0087847,0.),(-0.0350150,0.0078332,0.),(-0.0349940,0.0077010,0.),(-0.0354748,0.0087847,0.),(-0.0349940,0.0077010,0.),(-0.0349814,0.0075663,0.),(-0.0354748,0.0087847,0.),(-0.0349814,0.0075663,0.),(-0.0349772,0.0074292,0.),(-0.0354748,0.0087847,0.),(-0.0349772,0.0074292,0.),(-0.0349814,0.0072976,0.),(-0.0354748,0.0087847,0.),(-0.0349814,0.0072976,0.),(-0.0349940,0.0071667,0.),(-0.0354748,0.0087847,0.),(-0.0349940,0.0071667,0.),(-0.0350150,0.0070367,0.),(-0.0354748,0.0087847,0.),(-0.0350150,0.0070367,0.),(-0.0350444,0.0069074,0.),(-0.0354748,0.0087847,0.),(-0.0350444,0.0069074,0.),(-0.0350822,0.0067790,0.),(-0.0354748,0.0087847,0.),(-0.0350822,0.0067790,0.),(-0.0351284,0.0066513,0.),(-0.0351284,0.0066513,0.),(-0.0355202,0.0067928,0.),(-0.0354836,0.0068907,0.),(-0.0351284,0.0066513,0.),(-0.0354836,0.0068907,0.),(-0.0354537,0.0069918,0.),(-0.0351284,0.0066513,0.),(-0.0354537,0.0069918,0.),(-0.0354304,0.0070963,0.),(-0.0351284,0.0066513,0.),(-0.0354304,0.0070963,0.),(-0.0354138,0.0072040,0.),(-0.0351284,0.0066513,0.),(-0.0354138,0.0072040,0.),(-0.0354039,0.0073149,0.),(-0.0351284,0.0066513,0.),(-0.0354039,0.0073149,0.),(-0.0354005,0.0074292,0.),(-0.0351284,0.0066513,0.),(-0.0354005,0.0074292,0.),(-0.0354039,0.0075392,0.),(-0.0354748,0.0087847,0.),(-0.0351284,0.0066513,0.),(-0.0354039,0.0075392,0.),(-0.0354748,0.0087847,0.),(-0.0354039,0.0075392,0.),(-0.0354140,0.0076471,0.),(-0.0354748,0.0087847,0.),(-0.0354140,0.0076471,0.),(-0.0354307,0.0077527,0.),(-0.0354748,0.0087847,0.),(-0.0354307,0.0077527,0.),(-0.0354542,0.0078562,0.),(-0.0354748,0.0087847,0.),(-0.0354542,0.0078562,0.),(-0.0354845,0.0079575,0.),(-0.0354748,0.0087847,0.),(-0.0354845,0.0079575,0.),(-0.0355214,0.0080566,0.),(-0.0354748,0.0087847,0.),(-0.0355214,0.0080566,0.),(-0.0355650,0.0081536,0.),(-0.0354748,0.0087847,0.),(-0.0355650,0.0081536,0.),(-0.0356154,0.0082483,0.),(-0.0354748,0.0087847,0.),(-0.0356154,0.0082483,0.),(-0.0356712,0.0083395,0.),(-0.0354748,0.0087847,0.),(-0.0356712,0.0083395,0.),(-0.0357319,0.0084259,0.),(-0.0354748,0.0087847,0.),(-0.0357319,0.0084259,0.),(-0.0357973,0.0085073,0.),(-0.0354748,0.0087847,0.),(-0.0357973,0.0085073,0.),(-0.0358675,0.0085838,0.),(-0.0354748,0.0087847,0.),(-0.0358675,0.0085838,0.),(-0.0359426,0.0086555,0.),(-0.0354748,0.0087847,0.),(-0.0359426,0.0086555,0.),(-0.0360224,0.0087222,0.),(-0.0354748,0.0087847,0.),(-0.0360224,0.0087222,0.),(-0.0361070,0.0087840,0.),(-0.0354748,0.0087847,0.),(-0.0361070,0.0087840,0.),(-0.0361964,0.0088410,0.),(-0.0354748,0.0087847,0.),(-0.0361964,0.0088410,0.),(-0.0362890,0.0088921,0.),(-0.0354748,0.0087847,0.),(-0.0362890,0.0088921,0.),(-0.0363837,0.0089364,0.),(-0.0354748,0.0087847,0.),(-0.0363837,0.0089364,0.),(-0.0364804,0.0089739,0.),(-0.0354748,0.0087847,0.),(-0.0364804,0.0089739,0.),(-0.0365793,0.0090045,0.),(-0.0377987,0.0093109,0.),(-0.0354748,0.0087847,0.),(-0.0365793,0.0090045,0.),(-0.0377987,0.0093109,0.),(-0.0365793,0.0090045,0.),(-0.0366802,0.0090284,0.),(-0.0377987,0.0093109,0.),(-0.0366802,0.0090284,0.),(-0.0367832,0.0090454,0.),(-0.0377987,0.0093109,0.),(-0.0367832,0.0090454,0.),(-0.0368883,0.0090556,0.),(-0.0377987,0.0093109,0.),(-0.0368883,0.0090556,0.),(-0.0369954,0.0090590,0.),(-0.0377987,0.0093109,0.),(-0.0369954,0.0090590,0.),(-0.0371490,0.0090519,0.),(-0.0377987,0.0093109,0.),(-0.0371490,0.0090519,0.),(-0.0372987,0.0090307,0.),(-0.0377987,0.0093109,0.),(-0.0372987,0.0090307,0.),(-0.0374443,0.0089953,0.),(-0.0377987,0.0093109,0.),(-0.0374443,0.0089953,0.),(-0.0375860,0.0089458,0.),(-0.0377987,0.0093109,0.),(-0.0375860,0.0089458,0.),(-0.0359890,0.0061624,0.),(-0.0383596,0.0102856,0.),(-0.0377987,0.0093109,0.),(-0.0359890,0.0061624,0.),(-0.0355634,0.0066982,0.),(-0.0355202,0.0067928,0.),(-0.0351284,0.0066513,0.),(-0.0356133,0.0066069,0.),(-0.0355634,0.0066982,0.),(-0.0351284,0.0066513,0.),(-0.0356812,0.0065029,0.),(-0.0356133,0.0066069,0.),(-0.0351284,0.0066513,0.),(-0.0357665,0.0063941,0.),(-0.0356812,0.0065029,0.),(-0.0351284,0.0066513,0.),(-0.0358156,0.0063380,0.),(-0.0357665,0.0063941,0.),(-0.0351284,0.0066513,0.),(-0.0358690,0.0062806,0.),(-0.0358156,0.0063380,0.),(-0.0351284,0.0066513,0.),(-0.0359268,0.0062221,0.),(-0.0358690,0.0062806,0.),(-0.0351284,0.0066513,0.),(-0.0359890,0.0061624,0.),(-0.0359268,0.0062221,0.),(-0.0351284,0.0066513,0.),(-0.0359890,0.0061624,0.),(-0.0351284,0.0066513,0.),(-0.0351830,0.0065244,0.),(-0.0359890,0.0061624,0.),(-0.0351830,0.0065244,0.),(-0.0352460,0.0063984,0.),(-0.0359890,0.0061624,0.),(-0.0352460,0.0063984,0.),(-0.0352962,0.0063116,0.),(-0.0359890,0.0061624,0.),(-0.0352962,0.0063116,0.),(-0.0353510,0.0062282,0.),(-0.0359890,0.0061624,0.),(-0.0353510,0.0062282,0.),(-0.0354104,0.0061481,0.),(-0.0359890,0.0061624,0.),(-0.0354104,0.0061481,0.),(-0.0354744,0.0060713,0.),(-0.0359890,0.0061624,0.),(-0.0354744,0.0060713,0.),(-0.0355429,0.0059979,0.),(-0.0359890,0.0061624,0.),(-0.0355429,0.0059979,0.),(-0.0356161,0.0059277,0.),(-0.0359890,0.0061624,0.),(-0.0356161,0.0059277,0.),(-0.0356939,0.0058608,0.),(-0.0359890,0.0061624,0.),(-0.0356939,0.0058608,0.),(-0.0357762,0.0057972,0.),(-0.0359890,0.0061624,0.),(-0.0357762,0.0057972,0.),(-0.0352344,0.0048447,0.),(-0.0383596,0.0102856,0.),(-0.0359890,0.0061624,0.),(-0.0352344,0.0048447,0.),(-0.0383596,0.0102856,0.),(-0.0352344,0.0048447,0.),(-0.0352058,0.0047410,0.),(-0.0383596,0.0102856,0.),(-0.0352058,0.0047410,0.),(-0.0352132,0.0046807,0.),(-0.0383596,0.0102856,0.),(-0.0352132,0.0046807,0.),(-0.0352518,0.0046055,0.),(-0.0383596,0.0102856,0.),(-0.0352518,0.0046055,0.),(-0.0353169,0.0045516,0.),(-0.0383596,0.0102856,0.),(-0.0353169,0.0045516,0.),(-0.0354196,0.0045209,0.),(-0.0383596,0.0102856,0.),(-0.0354196,0.0045209,0.),(-0.0354799,0.0045283,0.),(-0.0383596,0.0102856,0.),(-0.0354799,0.0045283,0.),(-0.0355556,0.0045669,0.),(-0.0383596,0.0102856,0.),(-0.0355556,0.0045669,0.),(-0.0356111,0.0046320,0.),(-0.0383596,0.0102856,0.),(-0.0356111,0.0046320,0.),(-0.0361467,0.0055602,0.),(-0.0361467,0.0055602,0.),(-0.0362473,0.0055158,0.),(-0.0363512,0.0054773,0.),(-0.0361467,0.0055602,0.),(-0.0363512,0.0054773,0.),(-0.0364584,0.0054447,0.),(-0.0361467,0.0055602,0.),(-0.0364584,0.0054447,0.),(-0.0365689,0.0054181,0.),(-0.0361467,0.0055602,0.),(-0.0365689,0.0054181,0.),(-0.0366828,0.0053974,0.),(-0.0361467,0.0055602,0.),(-0.0366828,0.0053974,0.),(-0.0367999,0.0053826,0.),(-0.0361467,0.0055602,0.),(-0.0367999,0.0053826,0.),(-0.0369204,0.0053737,0.),(-0.0361467,0.0055602,0.),(-0.0369204,0.0053737,0.),(-0.0370441,0.0053707,0.),(-0.0361467,0.0055602,0.),(-0.0370441,0.0053707,0.),(-0.0371687,0.0053751,0.),(-0.0361467,0.0055602,0.),(-0.0371687,0.0053751,0.),(-0.0372922,0.0053881,0.),(-0.0361467,0.0055602,0.),(-0.0372922,0.0053881,0.),(-0.0374147,0.0054097,0.),(-0.0361467,0.0055602,0.),(-0.0374147,0.0054097,0.),(-0.0375360,0.0054400,0.),(-0.0361467,0.0055602,0.),(-0.0375360,0.0054400,0.),(-0.0376562,0.0054790,0.),(-0.0361467,0.0055602,0.),(-0.0376562,0.0054790,0.),(-0.0377754,0.0055267,0.),(-0.0361467,0.0055602,0.),(-0.0377754,0.0055267,0.),(-0.0378934,0.0055830,0.),(-0.0361467,0.0055602,0.),(-0.0378934,0.0055830,0.),(-0.0380104,0.0056480,0.),(-0.0361467,0.0055602,0.),(-0.0380104,0.0056480,0.),(-0.0381235,0.0057202,0.),(-0.0361467,0.0055602,0.),(-0.0381235,0.0057202,0.),(-0.0382305,0.0057986,0.),(-0.0361467,0.0055602,0.),(-0.0382305,0.0057986,0.),(-0.0383315,0.0058832,0.),(-0.0361467,0.0055602,0.),(-0.0383315,0.0058832,0.),(-0.0384263,0.0059740,0.),(-0.0361467,0.0055602,0.),(-0.0384263,0.0059740,0.),(-0.0385151,0.0060710,0.),(-0.0385151,0.0060710,0.),(-0.0385978,0.0061743,0.),(-0.0386744,0.0062837,0.),(-0.0385151,0.0060710,0.),(-0.0386744,0.0062837,0.),(-0.0387449,0.0063994,0.),(-0.0385151,0.0060710,0.),(-0.0387449,0.0063994,0.),(-0.0388081,0.0065192,0.),(-0.0385151,0.0060710,0.),(-0.0388081,0.0065192,0.),(-0.0388629,0.0066416,0.),(-0.0385151,0.0060710,0.),(-0.0388629,0.0066416,0.),(-0.0389093,0.0067665,0.),(-0.0385151,0.0060710,0.),(-0.0389093,0.0067665,0.),(-0.0389473,0.0068939,0.),(-0.0385151,0.0060710,0.),(-0.0389473,0.0068939,0.),(-0.0389768,0.0070239,0.),(-0.0385151,0.0060710,0.),(-0.0389768,0.0070239,0.),(-0.0389979,0.0071565,0.),(-0.0385151,0.0060710,0.),(-0.0389979,0.0071565,0.),(-0.0390105,0.0072915,0.),(-0.0385151,0.0060710,0.),(-0.0390105,0.0072915,0.),(-0.0390147,0.0074292,0.),(-0.0385151,0.0060710,0.),(-0.0390147,0.0074292,0.),(-0.0390105,0.0075672,0.),(-0.0385151,0.0060710,0.),(-0.0390105,0.0075672,0.),(-0.0389979,0.0077026,0.),(-0.0385151,0.0060710,0.),(-0.0389979,0.0077026,0.),(-0.0389769,0.0078351,0.),(-0.0385151,0.0060710,0.),(-0.0389769,0.0078351,0.),(-0.0389475,0.0079650,0.),(-0.0385151,0.0060710,0.),(-0.0389475,0.0079650,0.),(-0.0389097,0.0080920,0.),(-0.0385151,0.0060710,0.),(-0.0389097,0.0080920,0.),(-0.0388635,0.0082164,0.),(-0.0385151,0.0060710,0.),(-0.0388635,0.0082164,0.),(-0.0388089,0.0083380,0.),(-0.0385151,0.0060710,0.),(-0.0388089,0.0083380,0.),(-0.0387459,0.0084568,0.),(-0.0387459,0.0084568,0.),(-0.0383776,0.0082483,0.),(-0.0384270,0.0081536,0.),(-0.0387459,0.0084568,0.),(-0.0384270,0.0081536,0.),(-0.0384698,0.0080567,0.),(-0.0387459,0.0084568,0.),(-0.0384698,0.0080567,0.),(-0.0385060,0.0079577,0.),(-0.0387459,0.0084568,0.),(-0.0385060,0.0079577,0.),(-0.0385356,0.0078565,0.),(-0.0387459,0.0084568,0.),(-0.0385356,0.0078565,0.),(-0.0385586,0.0077531,0.),(-0.0387459,0.0084568,0.),(-0.0385586,0.0077531,0.),(-0.0385751,0.0076477,0.),(-0.0387459,0.0084568,0.),(-0.0385751,0.0076477,0.),(-0.0385849,0.0075400,0.),(-0.0387459,0.0084568,0.),(-0.0385849,0.0075400,0.),(-0.0385882,0.0074302,0.),(-0.0387459,0.0084568,0.),(-0.0385882,0.0074302,0.),(-0.0385849,0.0073204,0.),(-0.0385151,0.0060710,0.),(-0.0387459,0.0084568,0.),(-0.0385849,0.0073204,0.),(-0.0385151,0.0060710,0.),(-0.0385849,0.0073204,0.),(-0.0385749,0.0072127,0.),(-0.0385151,0.0060710,0.),(-0.0385749,0.0072127,0.),(-0.0385582,0.0071070,0.),(-0.0385151,0.0060710,0.),(-0.0385582,0.0071070,0.),(-0.0385348,0.0070035,0.),(-0.0385151,0.0060710,0.),(-0.0385348,0.0070035,0.),(-0.0385047,0.0069020,0.),(-0.0385151,0.0060710,0.),(-0.0385047,0.0069020,0.),(-0.0384680,0.0068026,0.),(-0.0385151,0.0060710,0.),(-0.0384680,0.0068026,0.),(-0.0384246,0.0067053,0.),(-0.0385151,0.0060710,0.),(-0.0384246,0.0067053,0.),(-0.0383745,0.0066100,0.),(-0.0385151,0.0060710,0.),(-0.0383745,0.0066100,0.),(-0.0383186,0.0065181,0.),(-0.0385151,0.0060710,0.),(-0.0383186,0.0065181,0.),(-0.0382580,0.0064312,0.),(-0.0385151,0.0060710,0.),(-0.0382580,0.0064312,0.),(-0.0381925,0.0063493,0.),(-0.0385151,0.0060710,0.),(-0.0381925,0.0063493,0.),(-0.0381223,0.0062724,0.),(-0.0385151,0.0060710,0.),(-0.0381223,0.0062724,0.),(-0.0380473,0.0062006,0.),(-0.0385151,0.0060710,0.),(-0.0380473,0.0062006,0.),(-0.0379675,0.0061338,0.),(-0.0385151,0.0060710,0.),(-0.0379675,0.0061338,0.),(-0.0378828,0.0060720,0.),(-0.0385151,0.0060710,0.),(-0.0378828,0.0060720,0.),(-0.0377934,0.0060152,0.),(-0.0385151,0.0060710,0.),(-0.0377934,0.0060152,0.),(-0.0377014,0.0059642,0.),(-0.0385151,0.0060710,0.),(-0.0377014,0.0059642,0.),(-0.0376087,0.0059199,0.),(-0.0385151,0.0060710,0.),(-0.0376087,0.0059199,0.),(-0.0375156,0.0058824,0.),(-0.0385151,0.0060710,0.),(-0.0375156,0.0058824,0.),(-0.0374220,0.0058517,0.),(-0.0385151,0.0060710,0.),(-0.0374220,0.0058517,0.),(-0.0373278,0.0058279,0.),(-0.0361467,0.0055602,0.),(-0.0385151,0.0060710,0.),(-0.0373278,0.0058279,0.),(-0.0361467,0.0055602,0.),(-0.0373278,0.0058279,0.),(-0.0372330,0.0058109,0.),(-0.0361467,0.0055602,0.),(-0.0372330,0.0058109,0.),(-0.0371378,0.0058006,0.),(-0.0361467,0.0055602,0.),(-0.0371378,0.0058006,0.),(-0.0370420,0.0057972,0.),(-0.0361467,0.0055602,0.),(-0.0370420,0.0057972,0.),(-0.0370357,0.0057972,0.),(-0.0361467,0.0055602,0.),(-0.0370357,0.0057972,0.),(-0.0369419,0.0057993,0.),(-0.0361467,0.0055602,0.),(-0.0369419,0.0057993,0.),(-0.0368508,0.0058056,0.),(-0.0361467,0.0055602,0.),(-0.0368508,0.0058056,0.),(-0.0367622,0.0058160,0.),(-0.0361467,0.0055602,0.),(-0.0367622,0.0058160,0.),(-0.0366761,0.0058306,0.),(-0.0361467,0.0055602,0.),(-0.0366761,0.0058306,0.),(-0.0365926,0.0058493,0.),(-0.0361467,0.0055602,0.),(-0.0365926,0.0058493,0.),(-0.0365116,0.0058722,0.),(-0.0361467,0.0055602,0.),(-0.0365116,0.0058722,0.),(-0.0364332,0.0058993,0.),(-0.0361467,0.0055602,0.),(-0.0364332,0.0058993,0.),(-0.0363573,0.0059306,0.),(-0.0383596,0.0102856,0.),(-0.0361467,0.0055602,0.),(-0.0363573,0.0059306,0.),(-0.0383596,0.0102856,0.),(-0.0363573,0.0059306,0.),(-0.0379617,0.0087256,0.),(-0.0383596,0.0102856,0.),(-0.0379617,0.0087256,0.),(-0.0380822,0.0086228,0.),(-0.0383352,0.0083176,0.),(-0.0383776,0.0082483,0.),(-0.0387459,0.0084568,0.),(-0.0382901,0.0083841,0.),(-0.0383352,0.0083176,0.),(-0.0387459,0.0084568,0.),(-0.0381916,0.0085089,0.),(-0.0382901,0.0083841,0.),(-0.0387459,0.0084568,0.),(-0.0380822,0.0086228,0.),(-0.0381916,0.0085089,0.),(-0.0387459,0.0084568,0.),(-0.0380822,0.0086228,0.),(-0.0387459,0.0084568,0.),(-0.0386880,0.0085519,0.),(-0.0380822,0.0086228,0.),(-0.0386880,0.0085519,0.),(-0.0386263,0.0086428,0.),(-0.0380822,0.0086228,0.),(-0.0386263,0.0086428,0.),(-0.0385610,0.0087297,0.),(-0.0380822,0.0086228,0.),(-0.0385610,0.0087297,0.),(-0.0384919,0.0088124,0.),(-0.0380822,0.0086228,0.),(-0.0384919,0.0088124,0.),(-0.0384192,0.0088911,0.),(-0.0380822,0.0086228,0.),(-0.0384192,0.0088911,0.),(-0.0383427,0.0089656,0.),(-0.0380822,0.0086228,0.),(-0.0383427,0.0089656,0.),(-0.0382625,0.0090361,0.),(-0.0380822,0.0086228,0.),(-0.0382625,0.0090361,0.),(-0.0381787,0.0091024,0.),(-0.0383596,0.0102856,0.),(-0.0380822,0.0086228,0.),(-0.0381787,0.0091024,0.),(-0.0383596,0.0102856,0.),(-0.0381787,0.0091024,0.),(-0.0387343,0.0100729,0.),(-0.0383596,0.0102856,0.),(-0.0387343,0.0100729,0.),(-0.0387618,0.0101745,0.),(-0.0383596,0.0102856,0.),(-0.0387618,0.0101745,0.),(-0.0387555,0.0102348,0.),(-0.0383596,0.0102856,0.),(-0.0387555,0.0102348,0.),(-0.0387163,0.0103118,0.),(-0.0383596,0.0102856,0.),(-0.0387163,0.0103118,0.),(-0.0386539,0.0103671,0.),(-0.0383596,0.0102856,0.),(-0.0386539,0.0103671,0.),(-0.0385491,0.0103946,0.),(-0.0383596,0.0102856,0.),(-0.0385491,0.0103946,0.),(-0.0384888,0.0103872,0.),(-0.0383596,0.0102856,0.),(-0.0384888,0.0103872,0.),(-0.0384163,0.0103518,0.),(-0.0288072,0.0083691,0.),(-0.0288018,0.0082346,0.),(-0.0288031,0.0081313,0.),(-0.0288072,0.0083691,0.),(-0.0288031,0.0081313,0.),(-0.0288070,0.0080321,0.),(-0.0288072,0.0083691,0.),(-0.0288070,0.0080321,0.),(-0.0288134,0.0079369,0.),(-0.0288072,0.0083691,0.),(-0.0288134,0.0079369,0.),(-0.0288225,0.0078457,0.),(-0.0288072,0.0083691,0.),(-0.0288225,0.0078457,0.),(-0.0288341,0.0077586,0.),(-0.0288072,0.0083691,0.),(-0.0288341,0.0077586,0.),(-0.0288483,0.0076755,0.),(-0.0288072,0.0083691,0.),(-0.0288483,0.0076755,0.),(-0.0288650,0.0075965,0.),(-0.0288072,0.0083691,0.),(-0.0288650,0.0075965,0.),(-0.0288844,0.0075215,0.),(-0.0288072,0.0083691,0.),(-0.0288844,0.0075215,0.),(-0.0289308,0.0073837,0.),(-0.0288072,0.0083691,0.),(-0.0289308,0.0073837,0.),(-0.0289876,0.0072620,0.),(-0.0288072,0.0083691,0.),(-0.0289876,0.0072620,0.),(-0.0290546,0.0071565,0.),(-0.0288072,0.0083691,0.),(-0.0290546,0.0071565,0.),(-0.0291320,0.0070672,0.),(-0.0288072,0.0083691,0.),(-0.0291320,0.0070672,0.),(-0.0292115,0.0069978,0.),(-0.0288072,0.0083691,0.),(-0.0292115,0.0069978,0.),(-0.0292934,0.0069376,0.),(-0.0288072,0.0083691,0.),(-0.0292934,0.0069376,0.),(-0.0293775,0.0068867,0.),(-0.0288072,0.0083691,0.),(-0.0293775,0.0068867,0.),(-0.0294641,0.0068450,0.),(-0.0288072,0.0083691,0.),(-0.0294641,0.0068450,0.),(-0.0295530,0.0068126,0.),(-0.0288072,0.0083691,0.),(-0.0295530,0.0068126,0.),(-0.0296442,0.0067894,0.),(-0.0288072,0.0083691,0.),(-0.0296442,0.0067894,0.),(-0.0297378,0.0067755,0.),(-0.0297378,0.0067755,0.),(-0.0298337,0.0067709,0.),(-0.0299223,0.0067745,0.),(-0.0297378,0.0067755,0.),(-0.0299223,0.0067745,0.),(-0.0300078,0.0067851,0.),(-0.0297378,0.0067755,0.),(-0.0300078,0.0067851,0.),(-0.0300901,0.0068029,0.),(-0.0297378,0.0067755,0.),(-0.0300901,0.0068029,0.),(-0.0301692,0.0068278,0.),(-0.0297378,0.0067755,0.),(-0.0301692,0.0068278,0.),(-0.0302451,0.0068598,0.),(-0.0297378,0.0067755,0.),(-0.0302451,0.0068598,0.),(-0.0303179,0.0068989,0.),(-0.0297378,0.0067755,0.),(-0.0303179,0.0068989,0.),(-0.0303875,0.0069451,0.),(-0.0297378,0.0067755,0.),(-0.0303875,0.0069451,0.),(-0.0304539,0.0069984,0.),(-0.0293429,0.0060975,0.),(-0.0292760,0.0062364,0.),(-0.0291929,0.0063317,0.),(-0.0293429,0.0060975,0.),(-0.0291929,0.0063317,0.),(-0.0290770,0.0063846,0.),(-0.0294379,0.0059771,0.),(-0.0293429,0.0060975,0.),(-0.0290770,0.0063846,0.),(-0.0294379,0.0059771,0.),(-0.0290770,0.0063846,0.),(-0.0290010,0.0063531,0.),(-0.0294379,0.0059771,0.),(-0.0290010,0.0063531,0.),(-0.0289402,0.0063071,0.),(-0.0295310,0.0058984,0.),(-0.0294379,0.0059771,0.),(-0.0289402,0.0063071,0.),(-0.0295310,0.0058984,0.),(-0.0289402,0.0063071,0.),(-0.0288643,0.0061719,0.),(-0.0296292,0.0058422,0.),(-0.0295310,0.0058984,0.),(-0.0288643,0.0061719,0.),(-0.0296292,0.0058422,0.),(-0.0288643,0.0061719,0.),(-0.0288706,0.0060978,0.),(-0.0296292,0.0058422,0.),(-0.0288706,0.0060978,0.),(-0.0289197,0.0059810,0.),(-0.0297326,0.0058085,0.),(-0.0296292,0.0058422,0.),(-0.0289197,0.0059810,0.),(-0.0297326,0.0058085,0.),(-0.0289197,0.0059810,0.),(-0.0289812,0.0058718,0.),(-0.0298411,0.0057972,0.),(-0.0297326,0.0058085,0.),(-0.0289812,0.0058718,0.),(-0.0298411,0.0057972,0.),(-0.0289812,0.0058718,0.),(-0.0290552,0.0057704,0.),(-0.0298411,0.0057972,0.),(-0.0290552,0.0057704,0.),(-0.0291416,0.0056766,0.),(-0.0299364,0.0058092,0.),(-0.0298411,0.0057972,0.),(-0.0291416,0.0056766,0.),(-0.0299364,0.0058092,0.),(-0.0291416,0.0056766,0.),(-0.0292182,0.0056049,0.),(-0.0299364,0.0058092,0.),(-0.0292182,0.0056049,0.),(-0.0292980,0.0055428,0.),(-0.0300372,0.0058451,0.),(-0.0299364,0.0058092,0.),(-0.0292980,0.0055428,0.),(-0.0300372,0.0058451,0.),(-0.0292980,0.0055428,0.),(-0.0293808,0.0054902,0.),(-0.0300372,0.0058451,0.),(-0.0293808,0.0054902,0.),(-0.0294667,0.0054472,0.),(-0.0301433,0.0059050,0.),(-0.0300372,0.0058451,0.),(-0.0294667,0.0054472,0.),(-0.0301433,0.0059050,0.),(-0.0294667,0.0054472,0.),(-0.0295557,0.0054137,0.),(-0.0302549,0.0059888,0.),(-0.0301433,0.0059050,0.),(-0.0295557,0.0054137,0.),(-0.0302549,0.0059888,0.),(-0.0295557,0.0054137,0.),(-0.0296478,0.0053898,0.),(-0.0302549,0.0059888,0.),(-0.0296478,0.0053898,0.),(-0.0297429,0.0053755,0.),(-0.0303420,0.0060851,0.),(-0.0302549,0.0059888,0.),(-0.0297429,0.0053755,0.),(-0.0303420,0.0060851,0.),(-0.0297429,0.0053755,0.),(-0.0298411,0.0053707,0.),(-0.0303420,0.0060851,0.),(-0.0298411,0.0053707,0.),(-0.0299262,0.0053753,0.),(-0.0303420,0.0060851,0.),(-0.0299262,0.0053753,0.),(-0.0300118,0.0053891,0.),(-0.0304041,0.0062121,0.),(-0.0303420,0.0060851,0.),(-0.0300118,0.0053891,0.),(-0.0304041,0.0062121,0.),(-0.0300118,0.0053891,0.),(-0.0300977,0.0054121,0.),(-0.0304041,0.0062121,0.),(-0.0300977,0.0054121,0.),(-0.0301840,0.0054443,0.),(-0.0304259,0.0062871,0.),(-0.0304041,0.0062121,0.),(-0.0301840,0.0054443,0.),(-0.0304259,0.0062871,0.),(-0.0301840,0.0054443,0.),(-0.0302707,0.0054857,0.),(-0.0304259,0.0062871,0.),(-0.0302707,0.0054857,0.),(-0.0303578,0.0055362,0.),(-0.0304414,0.0063698,0.),(-0.0304259,0.0062871,0.),(-0.0303578,0.0055362,0.),(-0.0304508,0.0064601,0.),(-0.0304414,0.0063698,0.),(-0.0303578,0.0055362,0.),(-0.0304508,0.0064601,0.),(-0.0303578,0.0055362,0.),(-0.0304454,0.0055960,0.),(-0.0304539,0.0065582,0.),(-0.0304508,0.0064601,0.),(-0.0304454,0.0055960,0.),(-0.0304539,0.0065582,0.),(-0.0304454,0.0055960,0.),(-0.0305333,0.0056649,0.),(-0.0304539,0.0069984,0.),(-0.0304539,0.0065582,0.),(-0.0305333,0.0056649,0.),(-0.0304539,0.0069984,0.),(-0.0305333,0.0056649,0.),(-0.0306151,0.0057415,0.),(-0.0304539,0.0069984,0.),(-0.0306151,0.0057415,0.),(-0.0306861,0.0058276,0.),(-0.0304539,0.0069984,0.),(-0.0306861,0.0058276,0.),(-0.0307461,0.0059234,0.),(-0.0304539,0.0069984,0.),(-0.0307461,0.0059234,0.),(-0.0307952,0.0060287,0.),(-0.0304539,0.0069984,0.),(-0.0307952,0.0060287,0.),(-0.0308334,0.0061438,0.),(-0.0304539,0.0069984,0.),(-0.0308334,0.0061438,0.),(-0.0308607,0.0062684,0.),(-0.0304539,0.0069984,0.),(-0.0308607,0.0062684,0.),(-0.0308771,0.0064026,0.),(-0.0304539,0.0069984,0.),(-0.0308771,0.0064026,0.),(-0.0308825,0.0065465,0.),(-0.0304539,0.0069984,0.),(-0.0308825,0.0065465,0.),(-0.0308825,0.0078663,0.),(-0.0297378,0.0067755,0.),(-0.0304539,0.0069984,0.),(-0.0308825,0.0078663,0.),(-0.0308825,0.0078663,0.),(-0.0304867,0.0078599,0.),(-0.0304712,0.0077346,0.),(-0.0308825,0.0078663,0.),(-0.0304712,0.0077346,0.),(-0.0304248,0.0076117,0.),(-0.0308825,0.0078663,0.),(-0.0304248,0.0076117,0.),(-0.0303474,0.0074912,0.),(-0.0297378,0.0067755,0.),(-0.0308825,0.0078663,0.),(-0.0303474,0.0074912,0.),(-0.0297378,0.0067755,0.),(-0.0303474,0.0074912,0.),(-0.0302390,0.0073731,0.),(-0.0297378,0.0067755,0.),(-0.0302390,0.0073731,0.),(-0.0301435,0.0072953,0.),(-0.0297378,0.0067755,0.),(-0.0301435,0.0072953,0.),(-0.0300440,0.0072397,0.),(-0.0297378,0.0067755,0.),(-0.0300440,0.0072397,0.),(-0.0299408,0.0072064,0.),(-0.0297378,0.0067755,0.),(-0.0299408,0.0072064,0.),(-0.0298337,0.0071953,0.),(-0.0297378,0.0067755,0.),(-0.0298337,0.0071953,0.),(-0.0297280,0.0072064,0.),(-0.0297378,0.0067755,0.),(-0.0297280,0.0072064,0.),(-0.0296257,0.0072397,0.),(-0.0297378,0.0067755,0.),(-0.0296257,0.0072397,0.),(-0.0295269,0.0072953,0.),(-0.0297378,0.0067755,0.),(-0.0295269,0.0072953,0.),(-0.0294315,0.0073731,0.),(-0.0297378,0.0067755,0.),(-0.0294315,0.0073731,0.),(-0.0293431,0.0075017,0.),(-0.0288072,0.0083691,0.),(-0.0297378,0.0067755,0.),(-0.0293431,0.0075017,0.),(-0.0288072,0.0083691,0.),(-0.0293431,0.0075017,0.),(-0.0293084,0.0075878,0.),(-0.0288072,0.0083691,0.),(-0.0293084,0.0075878,0.),(-0.0292799,0.0076885,0.),(-0.0288072,0.0083691,0.),(-0.0292799,0.0076885,0.),(-0.0292578,0.0078037,0.),(-0.0288072,0.0083691,0.),(-0.0292578,0.0078037,0.),(-0.0292420,0.0079335,0.),(-0.0288072,0.0083691,0.),(-0.0292420,0.0079335,0.),(-0.0292326,0.0080778,0.),(-0.0288072,0.0083691,0.),(-0.0292326,0.0080778,0.),(-0.0292294,0.0082367,0.),(-0.0288072,0.0083691,0.),(-0.0292294,0.0082367,0.),(-0.0292328,0.0083281,0.),(-0.0288072,0.0083691,0.),(-0.0292328,0.0083281,0.),(-0.0292429,0.0084146,0.),(-0.0288072,0.0083691,0.),(-0.0292429,0.0084146,0.),(-0.0292598,0.0084961,0.),(-0.0288072,0.0083691,0.),(-0.0292598,0.0084961,0.),(-0.0292834,0.0085727,0.),(-0.0288072,0.0083691,0.),(-0.0292834,0.0085727,0.),(-0.0293508,0.0087110,0.),(-0.0288072,0.0083691,0.),(-0.0293508,0.0087110,0.),(-0.0294453,0.0088294,0.),(-0.0288072,0.0083691,0.),(-0.0294453,0.0088294,0.),(-0.0295366,0.0089053,0.),(-0.0304858,0.0079501,0.),(-0.0304867,0.0078599,0.),(-0.0308825,0.0078663,0.),(-0.0304830,0.0080363,0.),(-0.0304858,0.0079501,0.),(-0.0308825,0.0078663,0.),(-0.0304718,0.0081967,0.),(-0.0304830,0.0080363,0.),(-0.0308825,0.0078663,0.),(-0.0304532,0.0083411,0.),(-0.0304718,0.0081967,0.),(-0.0308825,0.0078663,0.),(-0.0304272,0.0084695,0.),(-0.0304532,0.0083411,0.),(-0.0308825,0.0078663,0.),(-0.0303937,0.0085819,0.),(-0.0304272,0.0084695,0.),(-0.0308825,0.0078663,0.),(-0.0303527,0.0086783,0.),(-0.0303937,0.0085819,0.),(-0.0308825,0.0078663,0.),(-0.0303044,0.0087586,0.),(-0.0303527,0.0086783,0.),(-0.0308825,0.0078663,0.),(-0.0303044,0.0087586,0.),(-0.0308825,0.0078663,0.),(-0.0308812,0.0079820,0.),(-0.0303044,0.0087586,0.),(-0.0308812,0.0079820,0.),(-0.0308772,0.0080928,0.),(-0.0303044,0.0087586,0.),(-0.0308772,0.0080928,0.),(-0.0308705,0.0081987,0.),(-0.0302486,0.0088230,0.),(-0.0303044,0.0087586,0.),(-0.0308705,0.0081987,0.),(-0.0302486,0.0088230,0.),(-0.0308705,0.0081987,0.),(-0.0308611,0.0082997,0.),(-0.0302486,0.0088230,0.),(-0.0308611,0.0082997,0.),(-0.0308490,0.0083959,0.),(-0.0301515,0.0089017,0.),(-0.0302486,0.0088230,0.),(-0.0308490,0.0083959,0.),(-0.0301515,0.0089017,0.),(-0.0308490,0.0083959,0.),(-0.0308343,0.0084871,0.),(-0.0301515,0.0089017,0.),(-0.0308343,0.0084871,0.),(-0.0308169,0.0085735,0.),(-0.0300509,0.0089579,0.),(-0.0301515,0.0089017,0.),(-0.0308169,0.0085735,0.),(-0.0300509,0.0089579,0.),(-0.0308169,0.0085735,0.),(-0.0307968,0.0086550,0.),(-0.0300509,0.0089579,0.),(-0.0307968,0.0086550,0.),(-0.0307740,0.0087316,0.),(-0.0299467,0.0089917,0.),(-0.0300509,0.0089579,0.),(-0.0307740,0.0087316,0.),(-0.0299467,0.0089917,0.),(-0.0307740,0.0087316,0.),(-0.0307486,0.0088033,0.),(-0.0299467,0.0089917,0.),(-0.0307486,0.0088033,0.),(-0.0306896,0.0089321,0.),(-0.0298390,0.0090029,0.),(-0.0299467,0.0089917,0.),(-0.0306896,0.0089321,0.),(-0.0298390,0.0090029,0.),(-0.0306896,0.0089321,0.),(-0.0306200,0.0090413,0.),(-0.0298390,0.0090029,0.),(-0.0306200,0.0090413,0.),(-0.0305396,0.0091310,0.),(-0.0297334,0.0089921,0.),(-0.0298390,0.0090029,0.),(-0.0305396,0.0091310,0.),(-0.0297334,0.0089921,0.),(-0.0305396,0.0091310,0.),(-0.0304603,0.0092004,0.),(-0.0297334,0.0089921,0.),(-0.0304603,0.0092004,0.),(-0.0303783,0.0092606,0.),(-0.0296326,0.0089595,0.),(-0.0297334,0.0089921,0.),(-0.0303783,0.0092606,0.),(-0.0296326,0.0089595,0.),(-0.0303783,0.0092606,0.),(-0.0302937,0.0093116,0.),(-0.0296326,0.0089595,0.),(-0.0302937,0.0093116,0.),(-0.0302065,0.0093532,0.),(-0.0295366,0.0089053,0.),(-0.0296326,0.0089595,0.),(-0.0302065,0.0093532,0.),(-0.0295366,0.0089053,0.),(-0.0302065,0.0093532,0.),(-0.0301167,0.0093856,0.),(-0.0288072,0.0083691,0.),(-0.0295366,0.0089053,0.),(-0.0301167,0.0093856,0.),(-0.0288072,0.0083691,0.),(-0.0301167,0.0093856,0.),(-0.0300243,0.0094088,0.),(-0.0288072,0.0083691,0.),(-0.0300243,0.0094088,0.),(-0.0299292,0.0094227,0.),(-0.0288072,0.0083691,0.),(-0.0299292,0.0094227,0.),(-0.0298316,0.0094273,0.),(-0.0288072,0.0083691,0.),(-0.0298316,0.0094273,0.),(-0.0297363,0.0094226,0.),(-0.0288072,0.0083691,0.),(-0.0297363,0.0094226,0.),(-0.0296437,0.0094085,0.),(-0.0288072,0.0083691,0.),(-0.0296437,0.0094085,0.),(-0.0295538,0.0093849,0.),(-0.0288072,0.0083691,0.),(-0.0295538,0.0093849,0.),(-0.0294665,0.0093519,0.),(-0.0288072,0.0083691,0.),(-0.0294665,0.0093519,0.),(-0.0293818,0.0093095,0.),(-0.0288072,0.0083691,0.),(-0.0293818,0.0093095,0.),(-0.0292998,0.0092577,0.),(-0.0288072,0.0083691,0.),(-0.0292998,0.0092577,0.),(-0.0292204,0.0091964,0.),(-0.0288072,0.0083691,0.),(-0.0292204,0.0091964,0.),(-0.0291437,0.0091257,0.),(-0.0288072,0.0083691,0.),(-0.0291437,0.0091257,0.),(-0.0290635,0.0090375,0.),(-0.0288072,0.0083691,0.),(-0.0290635,0.0090375,0.),(-0.0289941,0.0089426,0.),(-0.0288072,0.0083691,0.),(-0.0289941,0.0089426,0.),(-0.0289354,0.0088411,0.),(-0.0288072,0.0083691,0.),(-0.0289354,0.0088411,0.),(-0.0288873,0.0087330,0.),(-0.0288072,0.0083691,0.),(-0.0288873,0.0087330,0.),(-0.0288499,0.0086184,0.),(-0.0288072,0.0083691,0.),(-0.0288499,0.0086184,0.),(-0.0288232,0.0084970,0.),(-0.0331368,0.0053686,0.),(-0.0332542,0.0054152,0.),(-0.0338617,0.0059168,0.),(-0.0331368,0.0053686,0.),(-0.0338617,0.0059168,0.),(-0.0339194,0.0059846,0.),(-0.0331368,0.0053686,0.),(-0.0339194,0.0059846,0.),(-0.0339443,0.0060565,0.),(-0.0331368,0.0053686,0.),(-0.0339443,0.0060565,0.),(-0.0339443,0.0060904,0.),(-0.0331368,0.0053686,0.),(-0.0339443,0.0060904,0.),(-0.0339104,0.0062184,0.),(-0.0331368,0.0053686,0.),(-0.0339104,0.0062184,0.),(-0.0338511,0.0062753,0.),(-0.0331368,0.0053686,0.),(-0.0338511,0.0062753,0.),(-0.0337707,0.0063042,0.),(-0.0331368,0.0053686,0.),(-0.0337707,0.0063042,0.),(-0.0337294,0.0063063,0.),(-0.0331368,0.0053686,0.),(-0.0337294,0.0063063,0.),(-0.0336141,0.0062692,0.),(-0.0331368,0.0053686,0.),(-0.0336141,0.0062692,0.),(-0.0333431,0.0060301,0.),(-0.0331368,0.0053686,0.),(-0.0333431,0.0060301,0.),(-0.0333431,0.0092156,0.),(-0.0331368,0.0053686,0.),(-0.0333431,0.0092156,0.),(-0.0333278,0.0092977,0.),(-0.0331368,0.0053686,0.),(-0.0333278,0.0092977,0.),(-0.0332818,0.0093659,0.),(-0.0331368,0.0053686,0.),(-0.0332818,0.0093659,0.),(-0.0332135,0.0094120,0.),(-0.0331368,0.0053686,0.),(-0.0332135,0.0094120,0.),(-0.0331315,0.0094273,0.),(-0.0331368,0.0053686,0.),(-0.0331315,0.0094273,0.),(-0.0330487,0.0094120,0.),(-0.0331368,0.0053686,0.),(-0.0330487,0.0094120,0.),(-0.0329801,0.0093659,0.),(-0.0331368,0.0053686,0.),(-0.0329801,0.0093659,0.),(-0.0329341,0.0092977,0.),(-0.0331368,0.0053686,0.),(-0.0329341,0.0092977,0.),(-0.0329187,0.0092156,0.),(-0.0331368,0.0053686,0.),(-0.0329187,0.0092156,0.),(-0.0329187,0.0055887,0.),(-0.0331368,0.0053686,0.),(-0.0329187,0.0055887,0.),(-0.0329471,0.0054755,0.),(-0.0331368,0.0053686,0.),(-0.0329471,0.0054755,0.),(-0.0330320,0.0054004,0.),(-0.0319334,0.0093969,0.),(-0.0318604,0.0095035,0.),(-0.0317538,0.0095765,0.),(-0.0319334,0.0093969,0.),(-0.0317538,0.0095765,0.),(-0.0316286,0.0096009,0.),(-0.0319334,0.0093969,0.),(-0.0316286,0.0096009,0.),(-0.0315038,0.0095765,0.),(-0.0319334,0.0093969,0.),(-0.0315038,0.0095765,0.),(-0.0313979,0.0095035,0.),(-0.0319334,0.0093969,0.),(-0.0313979,0.0095035,0.),(-0.0313249,0.0093969,0.),(-0.0319334,0.0093969,0.),(-0.0313249,0.0093969,0.),(-0.0313006,0.0092717,0.),(-0.0319334,0.0093969,0.),(-0.0313006,0.0092717,0.),(-0.0313249,0.0091466,0.),(-0.0319334,0.0093969,0.),(-0.0313249,0.0091466,0.),(-0.0313979,0.0090400,0.),(-0.0319334,0.0093969,0.),(-0.0313979,0.0090400,0.),(-0.0315038,0.0089669,0.),(-0.0319334,0.0093969,0.),(-0.0315038,0.0089669,0.),(-0.0316286,0.0089426,0.),(-0.0319334,0.0093969,0.),(-0.0316286,0.0089426,0.),(-0.0317538,0.0089669,0.),(-0.0319334,0.0093969,0.),(-0.0317538,0.0089669,0.),(-0.0318604,0.0090400,0.),(-0.0319334,0.0093969,0.),(-0.0318604,0.0090400,0.),(-0.0319334,0.0091466,0.),(-0.0319334,0.0093969,0.),(-0.0319334,0.0091466,0.),(-0.0319578,0.0092717,0.),(-0.0250689,0.0093792,0.),(-0.0249694,0.0094882,0.),(-0.0248562,0.0095157,0.),(-0.0250689,0.0093792,0.),(-0.0248562,0.0095157,0.),(-0.0247551,0.0094903,0.),(-0.0250689,0.0093792,0.),(-0.0247551,0.0094903,0.),(-0.0246784,0.0094141,0.),(-0.0250689,0.0093792,0.),(-0.0246784,0.0094141,0.),(-0.0246710,0.0094077,0.),(-0.0250689,0.0093792,0.),(-0.0246710,0.0094077,0.),(-0.0234253,0.0072403,0.),(-0.0250689,0.0093792,0.),(-0.0234253,0.0072403,0.),(-0.0233978,0.0071334,0.),(-0.0250689,0.0093792,0.),(-0.0233978,0.0071334,0.),(-0.0234256,0.0070241,0.),(-0.0250689,0.0093792,0.),(-0.0234256,0.0070241,0.),(-0.0235089,0.0069461,0.),(-0.0250689,0.0093792,0.),(-0.0235089,0.0069461,0.),(-0.0236158,0.0069164,0.),(-0.0250689,0.0093792,0.),(-0.0236158,0.0069164,0.),(-0.0237246,0.0069442,0.),(-0.0250689,0.0093792,0.),(-0.0237246,0.0069442,0.),(-0.0238010,0.0070275,0.),(-0.0250689,0.0093792,0.),(-0.0238010,0.0070275,0.),(-0.0246435,0.0084933,0.),(-0.0250689,0.0093792,0.),(-0.0246435,0.0084933,0.),(-0.0246435,0.0058856,0.),(-0.0246435,0.0058856,0.),(-0.0230570,0.0058856,0.),(-0.0229721,0.0058697,0.),(-0.0246435,0.0058856,0.),(-0.0229721,0.0058697,0.),(-0.0229014,0.0058221,0.),(-0.0246435,0.0058856,0.),(-0.0229014,0.0058221,0.),(-0.0228538,0.0057525,0.),(-0.0246435,0.0058856,0.),(-0.0228538,0.0057525,0.),(-0.0228379,0.0056708,0.),(-0.0246435,0.0058856,0.),(-0.0228379,0.0056708,0.),(-0.0228538,0.0055887,0.),(-0.0246435,0.0058856,0.),(-0.0228538,0.0055887,0.),(-0.0229014,0.0055184,0.),(-0.0246435,0.0058856,0.),(-0.0229014,0.0055184,0.),(-0.0229721,0.0054691,0.),(-0.0246435,0.0058856,0.),(-0.0229721,0.0054691,0.),(-0.0230570,0.0054527,0.),(-0.0246435,0.0058856,0.),(-0.0230570,0.0054527,0.),(-0.0248636,0.0054527,0.),(-0.0250689,0.0093792,0.),(-0.0246435,0.0058856,0.),(-0.0248636,0.0054527,0.),(-0.0248636,0.0054527,0.),(-0.0266691,0.0054527,0.),(-0.0267519,0.0054691,0.),(-0.0248636,0.0054527,0.),(-0.0267519,0.0054691,0.),(-0.0268204,0.0055184,0.),(-0.0248636,0.0054527,0.),(-0.0268204,0.0055184,0.),(-0.0268665,0.0055887,0.),(-0.0248636,0.0054527,0.),(-0.0268665,0.0055887,0.),(-0.0268818,0.0056708,0.),(-0.0248636,0.0054527,0.),(-0.0268818,0.0056708,0.),(-0.0268665,0.0057525,0.),(-0.0248636,0.0054527,0.),(-0.0268665,0.0057525,0.),(-0.0268204,0.0058221,0.),(-0.0248636,0.0054527,0.),(-0.0268204,0.0058221,0.),(-0.0267519,0.0058697,0.),(-0.0248636,0.0054527,0.),(-0.0267519,0.0058697,0.),(-0.0266691,0.0058856,0.),(-0.0248636,0.0054527,0.),(-0.0266691,0.0058856,0.),(-0.0250763,0.0058856,0.),(-0.0250689,0.0093792,0.),(-0.0248636,0.0054527,0.),(-0.0250763,0.0058856,0.),(-0.0250689,0.0093792,0.),(-0.0250763,0.0058856,0.),(-0.0250763,0.0084976,0.),(-0.0250689,0.0093792,0.),(-0.0250763,0.0084976,0.),(-0.0259325,0.0070085,0.),(-0.0250689,0.0093792,0.),(-0.0259325,0.0070085,0.),(-0.0260121,0.0069291,0.),(-0.0250689,0.0093792,0.),(-0.0260121,0.0069291,0.),(-0.0261198,0.0069027,0.),(-0.0250689,0.0093792,0.),(-0.0261198,0.0069027,0.),(-0.0262310,0.0069302,0.),(-0.0250689,0.0093792,0.),(-0.0262310,0.0069302,0.),(-0.0263127,0.0070098,0.),(-0.0250689,0.0093792,0.),(-0.0263127,0.0070098,0.),(-0.0263400,0.0071196,0.),(-0.0250689,0.0093792,0.),(-0.0263400,0.0071196,0.),(-0.0263082,0.0072286,0.),(-0.0212113,0.0090320,0.),(-0.0200397,0.0074414,0.),(-0.0199752,0.0073476,0.),(-0.0212113,0.0090320,0.),(-0.0199752,0.0073476,0.),(-0.0199193,0.0072500,0.),(-0.0212113,0.0090320,0.),(-0.0199193,0.0072500,0.),(-0.0198720,0.0071485,0.),(-0.0212113,0.0090320,0.),(-0.0198720,0.0071485,0.),(-0.0198333,0.0070432,0.),(-0.0212113,0.0090320,0.),(-0.0198333,0.0070432,0.),(-0.0198032,0.0069339,0.),(-0.0212113,0.0090320,0.),(-0.0198032,0.0069339,0.),(-0.0197817,0.0068208,0.),(-0.0212113,0.0090320,0.),(-0.0197817,0.0068208,0.),(-0.0197688,0.0067039,0.),(-0.0212113,0.0090320,0.),(-0.0197688,0.0067039,0.),(-0.0197645,0.0065830,0.),(-0.0212113,0.0090320,0.),(-0.0197645,0.0065830,0.),(-0.0197697,0.0064581,0.),(-0.0212113,0.0090320,0.),(-0.0197697,0.0064581,0.),(-0.0197850,0.0063377,0.),(-0.0212113,0.0090320,0.),(-0.0197850,0.0063377,0.),(-0.0198107,0.0062219,0.),(-0.0212113,0.0090320,0.),(-0.0198107,0.0062219,0.),(-0.0198466,0.0061108,0.),(-0.0198466,0.0061108,0.),(-0.0198927,0.0060042,0.),(-0.0199491,0.0059022,0.),(-0.0198466,0.0061108,0.),(-0.0199491,0.0059022,0.),(-0.0200157,0.0058048,0.),(-0.0198466,0.0061108,0.),(-0.0200157,0.0058048,0.),(-0.0200926,0.0057120,0.),(-0.0198466,0.0061108,0.),(-0.0200926,0.0057120,0.),(-0.0201655,0.0056389,0.),(-0.0198466,0.0061108,0.),(-0.0201655,0.0056389,0.),(-0.0202429,0.0055754,0.),(-0.0198466,0.0061108,0.),(-0.0202429,0.0055754,0.),(-0.0203248,0.0055218,0.),(-0.0198466,0.0061108,0.),(-0.0203248,0.0055218,0.),(-0.0204112,0.0054779,0.),(-0.0198466,0.0061108,0.),(-0.0204112,0.0054779,0.),(-0.0205021,0.0054437,0.),(-0.0198466,0.0061108,0.),(-0.0205021,0.0054437,0.),(-0.0205974,0.0054193,0.),(-0.0198466,0.0061108,0.),(-0.0205974,0.0054193,0.),(-0.0206973,0.0054047,0.),(-0.0198466,0.0061108,0.),(-0.0206973,0.0054047,0.),(-0.0208017,0.0053998,0.),(-0.0198466,0.0061108,0.),(-0.0208017,0.0053998,0.),(-0.0209002,0.0054046,0.),(-0.0198466,0.0061108,0.),(-0.0209002,0.0054046,0.),(-0.0209957,0.0054189,0.),(-0.0198466,0.0061108,0.),(-0.0209957,0.0054189,0.),(-0.0210882,0.0054428,0.),(-0.0198466,0.0061108,0.),(-0.0210882,0.0054428,0.),(-0.0211777,0.0054763,0.),(-0.0198466,0.0061108,0.),(-0.0211777,0.0054763,0.),(-0.0212641,0.0055193,0.),(-0.0198466,0.0061108,0.),(-0.0212641,0.0055193,0.),(-0.0213476,0.0055719,0.),(-0.0213476,0.0055719,0.),(-0.0214281,0.0056340,0.),(-0.0215055,0.0057057,0.),(-0.0213476,0.0055719,0.),(-0.0215055,0.0057057,0.),(-0.0215846,0.0057922,0.),(-0.0213476,0.0055719,0.),(-0.0215846,0.0057922,0.),(-0.0216532,0.0058851,0.),(-0.0213476,0.0055719,0.),(-0.0216532,0.0058851,0.),(-0.0217112,0.0059843,0.),(-0.0213476,0.0055719,0.),(-0.0217112,0.0059843,0.),(-0.0217587,0.0060899,0.),(-0.0213476,0.0055719,0.),(-0.0217587,0.0060899,0.),(-0.0217956,0.0062018,0.),(-0.0213476,0.0055719,0.),(-0.0217956,0.0062018,0.),(-0.0218220,0.0063200,0.),(-0.0213476,0.0055719,0.),(-0.0218220,0.0063200,0.),(-0.0218378,0.0064447,0.),(-0.0213476,0.0055719,0.),(-0.0218378,0.0064447,0.),(-0.0218431,0.0065756,0.),(-0.0213476,0.0055719,0.),(-0.0218431,0.0065756,0.),(-0.0218431,0.0065809,0.),(-0.0213476,0.0055719,0.),(-0.0218431,0.0065809,0.),(-0.0218275,0.0066624,0.),(-0.0213476,0.0055719,0.),(-0.0218275,0.0066624,0.),(-0.0217807,0.0067312,0.),(-0.0213476,0.0055719,0.),(-0.0217807,0.0067312,0.),(-0.0217119,0.0067780,0.),(-0.0213476,0.0055719,0.),(-0.0217119,0.0067780,0.),(-0.0216304,0.0067937,0.),(-0.0213476,0.0055719,0.),(-0.0216304,0.0067937,0.),(-0.0215489,0.0067780,0.),(-0.0213476,0.0055719,0.),(-0.0215489,0.0067780,0.),(-0.0214801,0.0067312,0.),(-0.0213476,0.0055719,0.),(-0.0214801,0.0067312,0.),(-0.0214325,0.0066624,0.),(-0.0214325,0.0066624,0.),(-0.0214166,0.0065809,0.),(-0.0214166,0.0065756,0.),(-0.0214325,0.0066624,0.),(-0.0214166,0.0065756,0.),(-0.0214133,0.0064887,0.),(-0.0213476,0.0055719,0.),(-0.0214325,0.0066624,0.),(-0.0214133,0.0064887,0.),(-0.0213476,0.0055719,0.),(-0.0214133,0.0064887,0.),(-0.0214033,0.0064063,0.),(-0.0213476,0.0055719,0.),(-0.0214033,0.0064063,0.),(-0.0213867,0.0063284,0.),(-0.0213476,0.0055719,0.),(-0.0213867,0.0063284,0.),(-0.0213634,0.0062550,0.),(-0.0213476,0.0055719,0.),(-0.0213634,0.0062550,0.),(-0.0212969,0.0061216,0.),(-0.0213476,0.0055719,0.),(-0.0212969,0.0061216,0.),(-0.0212039,0.0060063,0.),(-0.0213476,0.0055719,0.),(-0.0212039,0.0060063,0.),(-0.0211130,0.0059275,0.),(-0.0213476,0.0055719,0.),(-0.0211130,0.0059275,0.),(-0.0210160,0.0058713,0.),(-0.0213476,0.0055719,0.),(-0.0210160,0.0058713,0.),(-0.0209130,0.0058376,0.),(-0.0213476,0.0055719,0.),(-0.0209130,0.0058376,0.),(-0.0208038,0.0058263,0.),(-0.0213476,0.0055719,0.),(-0.0208038,0.0058263,0.),(-0.0206906,0.0058372,0.),(-0.0213476,0.0055719,0.),(-0.0206906,0.0058372,0.),(-0.0205869,0.0058697,0.),(-0.0198466,0.0061108,0.),(-0.0213476,0.0055719,0.),(-0.0205869,0.0058697,0.),(-0.0198466,0.0061108,0.),(-0.0205869,0.0058697,0.),(-0.0204927,0.0059240,0.),(-0.0198466,0.0061108,0.),(-0.0204927,0.0059240,0.),(-0.0204080,0.0059999,0.),(-0.0198466,0.0061108,0.),(-0.0204080,0.0059999,0.),(-0.0203564,0.0060611,0.),(-0.0198466,0.0061108,0.),(-0.0203564,0.0060611,0.),(-0.0203117,0.0061255,0.),(-0.0198466,0.0061108,0.),(-0.0203117,0.0061255,0.),(-0.0202429,0.0062642,0.),(-0.0198466,0.0061108,0.),(-0.0202429,0.0062642,0.),(-0.0202016,0.0064160,0.),(-0.0198466,0.0061108,0.),(-0.0202016,0.0064160,0.),(-0.0201913,0.0064968,0.),(-0.0198466,0.0061108,0.),(-0.0201913,0.0064968,0.),(-0.0201879,0.0065809,0.),(-0.0198466,0.0061108,0.),(-0.0201879,0.0065809,0.),(-0.0201908,0.0066676,0.),(-0.0198466,0.0061108,0.),(-0.0201908,0.0066676,0.),(-0.0201996,0.0067511,0.),(-0.0198466,0.0061108,0.),(-0.0201996,0.0067511,0.),(-0.0202142,0.0068312,0.),(-0.0198466,0.0061108,0.),(-0.0202142,0.0068312,0.),(-0.0202347,0.0069080,0.),(-0.0198466,0.0061108,0.),(-0.0202347,0.0069080,0.),(-0.0202932,0.0070516,0.),(-0.0212113,0.0090320,0.),(-0.0198466,0.0061108,0.),(-0.0202932,0.0070516,0.),(-0.0212113,0.0090320,0.),(-0.0202932,0.0070516,0.),(-0.0203752,0.0071821,0.),(-0.0212113,0.0090320,0.),(-0.0203752,0.0071821,0.),(-0.0217987,0.0091156,0.),(-0.0199751,0.0090320,0.),(-0.0212113,0.0090320,0.),(-0.0217987,0.0091156,0.),(-0.0199751,0.0090320,0.),(-0.0217987,0.0091156,0.),(-0.0218452,0.0092405,0.),(-0.0199751,0.0090320,0.),(-0.0218452,0.0092405,0.),(-0.0218431,0.0092754,0.),(-0.0199751,0.0090320,0.),(-0.0218431,0.0092754,0.),(-0.0218166,0.0093540,0.),(-0.0199751,0.0090320,0.),(-0.0218166,0.0093540,0.),(-0.0217648,0.0094099,0.),(-0.0199751,0.0090320,0.),(-0.0217648,0.0094099,0.),(-0.0216963,0.0094448,0.),(-0.0199751,0.0090320,0.),(-0.0216963,0.0094448,0.),(-0.0216304,0.0094564,0.),(-0.0199751,0.0090320,0.),(-0.0216304,0.0094564,0.),(-0.0199751,0.0094564,0.),(-0.0199751,0.0090320,0.),(-0.0199751,0.0094564,0.),(-0.0198918,0.0094413,0.),(-0.0199751,0.0090320,0.),(-0.0198918,0.0094413,0.),(-0.0198238,0.0093961,0.),(-0.0199751,0.0090320,0.),(-0.0198238,0.0093961,0.),(-0.0197794,0.0093281,0.),(-0.0199751,0.0090320,0.),(-0.0197794,0.0093281,0.),(-0.0197645,0.0092448,0.),(-0.0199751,0.0090320,0.),(-0.0197645,0.0092448,0.),(-0.0197794,0.0091606,0.),(-0.0199751,0.0090320,0.),(-0.0197794,0.0091606,0.),(-0.0198238,0.0090924,0.),(-0.0199751,0.0090320,0.),(-0.0198238,0.0090924,0.),(-0.0198897,0.0090471,0.)));
#8871=COMPLEX_TRIANGULATED_SURFACE_SET('surface set',#8870,3093,(),(),(),((1,2,3),(4,5,6),(7,8,9),(10,11,12),(13,14,15),(16,17,18),(19,20,21),(22,23,24),(25,26,27),(28,29,30),(31,32,33),(34,35,36),(37,38,39),(40,41,42),(43,44,45),(46,47,48),(49,50,51),(52,53,54),(55,56,57),(58,59,60),(61,62,63),(64,65,66),(67,68,69),(70,71,72),(73,74,75),(76,77,78),(79,80,81),(82,83,84),(85,86,87),(88,89,90),(91,92,93),(94,95,96),(97,98,99),(100,101,102),(103,104,105),(106,107,108),(109,110,111),(112,113,114),(115,116,117),(118,119,120),(121,122,123),(124,125,126),(127,128,129),(130,131,132),(133,134,135),(136,137,138),(139,140,141),(142,143,144),(145,146,147),(148,149,150),(151,152,153),(154,155,156),(157,158,159),(160,161,162),(163,164,165),(166,167,168),(169,170,171),(172,173,174),(175,176,177),(178,179,180),(181,182,183),(184,185,186),(187,188,189),(190,191,192),(193,194,195),(196,197,198),(199,200,201),(202,203,204),(205,206,207),(208,209,210),(211,212,213),(214,215,216),(217,218,219),(220,221,222),(223,224,225),(226,227,228),(229,230,231),(232,233,234),(235,236,237),(238,239,240),(241,242,243),(244,245,246),(247,248,249),(250,251,252),(253,254,255),(256,257,258),(259,260,261),(262,263,264),(265,266,267),(268,269,270),(271,272,273),(274,275,276),(277,278,279),(280,281,282),(283,284,285),(286,287,288),(289,290,291),(292,293,294),(295,296,297),(298,299,300),(301,302,303),(304,305,306),(307,308,309),(310,311,312),(313,314,315),(316,317,318),(319,320,321),(322,323,324),(325,326,327),(328,329,330),(331,332,333),(334,335,336),(337,338,339),(340,341,342),(343,344,345),(346,347,348),(349,350,351),(352,353,354),(355,356,357),(358,359,360),(361,362,363),(364,365,366),(367,368,369),(370,371,372),(373,374,375),(376,377,378),(379,380,381),(382,383,384),(385,386,387),(388,389,390),(391,392,393),(394,395,396),(397,398,399),(400,401,402),(403,404,405),(406,407,408),(409,410,411),(412,413,414),(415,416,417),(418,419,420),(421,422,423),(424,425,426),(427,428,429),(430,431,432),(433,434,435),(436,437,438),(439,440,441),(442,443,444),(445,446,447),(448,449,450),(451,452,453),(454,455,456),(457,458,459),(460,461,462),(463,464,465),(466,467,468),(469,470,471),(472,473,474),(475,476,477),(478,479,480),(481,482,483),(484,485,486),(487,488,489),(490,491,492),(493,494,495),(496,497,498),(499,500,501),(502,503,504),(505,506,507),(508,509,510),(511,512,513),(514,515,516),(517,518,519),(520,521,522),(523,524,525),(526,527,528),(529,530,531),(532,533,534),(535,536,537),(538,539,540),(541,542,543),(544,545,546),(547,548,549),(550,551,552),(553,554,555),(556,557,558),(559,560,561),(562,563,564),(565,566,567),(568,569,570),(571,572,573),(574,575,576),(577,578,579),(580,581,582),(583,584,585),(586,587,588),(589,590,591),(592,593,594),(595,596,597),(598,599,600),(601,602,603),(604,605,606),(607,608,609),(610,611,612),(613,614,615),(616,617,618),(619,620,621),(622,623,624),(625,626,627),(628,629,630),(631,632,633),(634,635,636),(637,638,639),(640,641,642),(643,644,645),(646,647,648),(649,650,651),(652,653,654),(655,656,657),(658,659,660),(661,662,663),(664,665,666),(667,668,669),(670,671,672),(673,674,675),(676,677,678),(679,680,681),(682,683,684),(685,686,687),(688,689,690),(691,692,693),(694,695,696),(697,698,699),(700,701,702),(703,704,705),(706,707,708),(709,710,711),(712,713,714),(715,716,717),(718,719,720),(721,722,723),(724,725,726),(727,728,729),(730,731,732),(733,734,735),(736,737,738),(739,740,741),(742,743,744),(745,746,747),(748,749,750),(751,752,753),(754,755,756),(757,758,759),(760,761,762),(763,764,765),(766,767,768),(769,770,771),(772,773,774),(775,776,777),(778,779,780),(781,782,783),(784,785,786),(787,788,789),(790,791,792),(793,794,795),(796,797,798),(799,800,801),(802,803,804),(805,806,807),(808,809,810),(811,812,813),(814,815,816),(817,818,819),(820,821,822),(823,824,825),(826,827,828),(829,830,831),(832,833,834),(835,836,837),(838,839,840),(841,842,843),(844,845,846),(847,848,849),(850,851,852),(853,854,855),(856,857,858),(859,860,861),(862,863,864),(865,866,867),(868,869,870),(871,872,873),(874,875,876),(877,878,879),(880,881,882),(883,884,885),(886,887,888),(889,890,891),(892,893,894),(895,896,897),(898,899,900),(901,902,903),(904,905,906),(907,908,909),(910,911,912),(913,914,915),(916,917,918),(919,920,921),(922,923,924),(925,926,927),(928,929,930),(931,932,933),(934,935,936),(937,938,939),(940,941,942),(943,944,945),(946,947,948),(949,950,951),(952,953,954),(955,956,957),(958,959,960),(961,962,963),(964,965,966),(967,968,969),(970,971,972),(973,974,975),(976,977,978),(979,980,981),(982,983,984),(985,986,987),(988,989,990),(991,992,993),(994,995,996),(997,998,999),(1000,1001,1002),(1003,1004,1005),(1006,1007,1008),(1009,1010,1011),(1012,1013,1014),(1015,1016,1017),(1018,1019,1020),(1021,1022,1023),(1024,1025,1026),(1027,1028,1029),(1030,1031,1032),(1033,1034,1035),(1036,1037,1038),(1039,1040,1041),(1042,1043,1044),(1045,1046,1047),(1048,1049,1050),(1051,1052,1053),(1054,1055,1056),(1057,1058,1059),(1060,1061,1062),(1063,1064,1065),(1066,1067,1068),(1069,1070,1071),(1072,1073,1074),(1075,1076,1077),(1078,1079,1080),(1081,1082,1083),(1084,1085,1086),(1087,1088,1089),(1090,1091,1092),(1093,1094,1095),(1096,1097,1098),(1099,1100,1101),(1102,1103,1104),(1105,1106,1107),(1108,1109,1110),(1111,1112,1113),(1114,1115,1116),(1117,1118,1119),(1120,1121,1122),(1123,1124,1125),(1126,1127,1128),(1129,1130,1131),(1132,1133,1134),(1135,1136,1137),(1138,1139,1140),(1141,1142,1143),(1144,1145,1146),(1147,1148,1149),(1150,1151,1152),(1153,1154,1155),(1156,1157,1158),(1159,1160,1161),(1162,1163,1164),(1165,1166,1167),(1168,1169,1170),(1171,1172,1173),(1174,1175,1176),(1177,1178,1179),(1180,1181,1182),(1183,1184,1185),(1186,1187,1188),(1189,1190,1191),(1192,1193,1194),(1195,1196,1197),(1198,1199,1200),(1201,1202,1203),(1204,1205,1206),(1207,1208,1209),(1210,1211,1212),(1213,1214,1215),(1216,1217,1218),(1219,1220,1221),(1222,1223,1224),(1225,1226,1227),(1228,1229,1230),(1231,1232,1233),(1234,1235,1236),(1237,1238,1239),(1240,1241,1242),(1243,1244,1245),(1246,1247,1248),(1249,1250,1251),(1252,1253,1254),(1255,1256,1257),(1258,1259,1260),(1261,1262,1263),(1264,1265,1266),(1267,1268,1269),(1270,1271,1272),(1273,1274,1275),(1276,1277,1278),(1279,1280,1281),(1282,1283,1284),(1285,1286,1287),(1288,1289,1290),(1291,1292,1293),(1294,1295,1296),(1297,1298,1299),(1300,1301,1302),(1303,1304,1305),(1306,1307,1308),(1309,1310,1311),(1312,1313,1314),(1315,1316,1317),(1318,1319,1320),(1321,1322,1323),(1324,1325,1326),(1327,1328,1329),(1330,1331,1332),(1333,1334,1335),(1336,1337,1338),(1339,1340,1341),(1342,1343,1344),(1345,1346,1347),(1348,1349,1350),(1351,1352,1353),(1354,1355,1356),(1357,1358,1359),(1360,1361,1362),(1363,1364,1365),(1366,1367,1368),(1369,1370,1371),(1372,1373,1374),(1375,1376,1377),(1378,1379,1380),(1381,1382,1383),(1384,1385,1386),(1387,1388,1389),(1390,1391,1392),(1393,1394,1395),(1396,1397,1398),(1399,1400,1401),(1402,1403,1404),(1405,1406,1407),(1408,1409,1410),(1411,1412,1413),(1414,1415,1416),(1417,1418,1419),(1420,1421,1422),(1423,1424,1425),(1426,1427,1428),(1429,1430,1431),(1432,1433,1434),(1435,1436,1437),(1438,1439,1440),(1441,1442,1443),(1444,1445,1446),(1447,1448,1449),(1450,1451,1452),(1453,1454,1455),(1456,1457,1458),(1459,1460,1461),(1462,1463,1464),(1465,1466,1467),(1468,1469,1470),(1471,1472,1473),(1474,1475,1476),(1477,1478,1479),(1480,1481,1482),(1483,1484,1485),(1486,1487,1488),(1489,1490,1491),(1492,1493,1494),(1495,1496,1497),(1498,1499,1500),(1501,1502,1503),(1504,1505,1506),(1507,1508,1509),(1510,1511,1512),(1513,1514,1515),(1516,1517,1518),(1519,1520,1521),(1522,1523,1524),(1525,1526,1527),(1528,1529,1530),(1531,1532,1533),(1534,1535,1536),(1537,1538,1539),(1540,1541,1542),(1543,1544,1545),(1546,1547,1548),(1549,1550,1551),(1552,1553,1554),(1555,1556,1557),(1558,1559,1560),(1561,1562,1563),(1564,1565,1566),(1567,1568,1569),(1570,1571,1572),(1573,1574,1575),(1576,1577,1578),(1579,1580,1581),(1582,1583,1584),(1585,1586,1587),(1588,1589,1590),(1591,1592,1593),(1594,1595,1596),(1597,1598,1599),(1600,1601,1602),(1603,1604,1605),(1606,1607,1608),(1609,1610,1611),(1612,1613,1614),(1615,1616,1617),(1618,1619,1620),(1621,1622,1623),(1624,1625,1626),(1627,1628,1629),(1630,1631,1632),(1633,1634,1635),(1636,1637,1638),(1639,1640,1641),(1642,1643,1644),(1645,1646,1647),(1648,1649,1650),(1651,1652,1653),(1654,1655,1656),(1657,1658,1659),(1660,1661,1662),(1663,1664,1665),(1666,1667,1668),(1669,1670,1671),(1672,1673,1674),(1675,1676,1677),(1678,1679,1680),(1681,1682,1683),(1684,1685,1686),(1687,1688,1689),(1690,1691,1692),(1693,1694,1695),(1696,1697,1698),(1699,1700,1701),(1702,1703,1704),(1705,1706,1707),(1708,1709,1710),(1711,1712,1713),(1714,1715,1716),(1717,1718,1719),(1720,1721,1722),(1723,1724,1725),(1726,1727,1728),(1729,1730,1731),(1732,1733,1734),(1735,1736,1737),(1738,1739,1740),(1741,1742,1743),(1744,1745,1746),(1747,1748,1749),(1750,1751,1752),(1753,1754,1755),(1756,1757,1758),(1759,1760,1761),(1762,1763,1764),(1765,1766,1767),(1768,1769,1770),(1771,1772,1773),(1774,1775,1776),(1777,1778,1779),(1780,1781,1782),(1783,1784,1785),(1786,1787,1788),(1789,1790,1791),(1792,1793,1794),(1795,1796,1797),(1798,1799,1800),(1801,1802,1803),(1804,1805,1806),(1807,1808,1809),(1810,1811,1812),(1813,1814,1815),(1816,1817,1818),(1819,1820,1821),(1822,1823,1824),(1825,1826,1827),(1828,1829,1830),(1831,1832,1833),(1834,1835,1836),(1837,1838,1839),(1840,1841,1842),(1843,1844,1845),(1846,1847,1848),(1849,1850,1851),(1852,1853,1854),(1855,1856,1857),(1858,1859,1860),(1861,1862,1863),(1864,1865,1866),(1867,1868,1869),(1870,1871,1872),(1873,1874,1875),(1876,1877,1878),(1879,1880,1881),(1882,1883,1884),(1885,1886,1887),(1888,1889,1890),(1891,1892,1893),(1894,1895,1896),(1897,1898,1899),(1900,1901,1902),(1903,1904,1905),(1906,1907,1908),(1909,1910,1911),(1912,1913,1914),(1915,1916,1917),(1918,1919,1920),(1921,1922,1923),(1924,1925,1926),(1927,1928,1929),(1930,1931,1932),(1933,1934,1935),(1936,1937,1938),(1939,1940,1941),(1942,1943,1944),(1945,1946,1947),(1948,1949,1950),(1951,1952,1953),(1954,1955,1956),(1957,1958,1959),(1960,1961,1962),(1963,1964,1965),(1966,1967,1968),(1969,1970,1971),(1972,1973,1974),(1975,1976,1977),(1978,1979,1980),(1981,1982,1983),(1984,1985,1986),(1987,1988,1989),(1990,1991,1992),(1993,1994,1995),(1996,1997,1998),(1999,2000,2001),(2002,2003,2004),(2005,2006,2007),(2008,2009,2010),(2011,2012,2013),(2014,2015,2016),(2017,2018,2019),(2020,2021,2022),(2023,2024,2025),(2026,2027,2028),(2029,2030,2031),(2032,2033,2034),(2035,2036,2037),(2038,2039,2040),(2041,2042,2043),(2044,2045,2046),(2047,2048,2049),(2050,2051,2052),(2053,2054,2055),(2056,2057,2058),(2059,2060,2061),(2062,2063,2064),(2065,2066,2067),(2068,2069,2070),(2071,2072,2073),(2074,2075,2076),(2077,2078,2079),(2080,2081,2082),(2083,2084,2085),(2086,2087,2088),(2089,2090,2091),(2092,2093,2094),(2095,2096,2097),(2098,2099,2100),(2101,2102,2103),(2104,2105,2106),(2107,2108,2109),(2110,2111,2112),(2113,2114,2115),(2116,2117,2118),(2119,2120,2121),(2122,2123,2124),(2125,2126,2127),(2128,2129,2130),(2131,2132,2133),(2134,2135,2136),(2137,2138,2139),(2140,2141,2142),(2143,2144,2145),(2146,2147,2148),(2149,2150,2151),(2152,2153,2154),(2155,2156,2157),(2158,2159,2160),(2161,2162,2163),(2164,2165,2166),(2167,2168,2169),(2170,2171,2172),(2173,2174,2175),(2176,2177,2178),(2179,2180,2181),(2182,2183,2184),(2185,2186,2187),(2188,2189,2190),(2191,2192,2193),(2194,2195,2196),(2197,2198,2199),(2200,2201,2202),(2203,2204,2205),(2206,2207,2208),(2209,2210,2211),(2212,2213,2214),(2215,2216,2217),(2218,2219,2220),(2221,2222,2223),(2224,2225,2226),(2227,2228,2229),(2230,2231,2232),(2233,2234,2235),(2236,2237,2238),(2239,2240,2241),(2242,2243,2244),(2245,2246,2247),(2248,2249,2250),(2251,2252,2253),(2254,2255,2256),(2257,2258,2259),(2260,2261,2262),(2263,2264,2265),(2266,2267,2268),(2269,2270,2271),(2272,2273,2274),(2275,2276,2277),(2278,2279,2280),(2281,2282,2283),(2284,2285,2286),(2287,2288,2289),(2290,2291,2292),(2293,2294,2295),(2296,2297,2298),(2299,2300,2301),(2302,2303,2304),(2305,2306,2307),(2308,2309,2310),(2311,2312,2313),(2314,2315,2316),(2317,2318,2319),(2320,2321,2322),(2323,2324,2325),(2326,2327,2328),(2329,2330,2331),(2332,2333,2334),(2335,2336,2337),(2338,2339,2340),(2341,2342,2343),(2344,2345,2346),(2347,2348,2349),(2350,2351,2352),(2353,2354,2355),(2356,2357,2358),(2359,2360,2361),(2362,2363,2364),(2365,2366,2367),(2368,2369,2370),(2371,2372,2373),(2374,2375,2376),(2377,2378,2379),(2380,2381,2382),(2383,2384,2385),(2386,2387,2388),(2389,2390,2391),(2392,2393,2394),(2395,2396,2397),(2398,2399,2400),(2401,2402,2403),(2404,2405,2406),(2407,2408,2409),(2410,2411,2412),(2413,2414,2415),(2416,2417,2418),(2419,2420,2421),(2422,2423,2424),(2425,2426,2427),(2428,2429,2430),(2431,2432,2433),(2434,2435,2436),(2437,2438,2439),(2440,2441,2442),(2443,2444,2445),(2446,2447,2448),(2449,2450,2451),(2452,2453,2454),(2455,2456,2457),(2458,2459,2460),(2461,2462,2463),(2464,2465,2466),(2467,2468,2469),(2470,2471,2472),(2473,2474,2475),(2476,2477,2478),(2479,2480,2481),(2482,2483,2484),(2485,2486,2487),(2488,2489,2490),(2491,2492,2493),(2494,2495,2496),(2497,2498,2499),(2500,2501,2502),(2503,2504,2505),(2506,2507,2508),(2509,2510,2511),(2512,2513,2514),(2515,2516,2517),(2518,2519,2520),(2521,2522,2523),(2524,2525,2526),(2527,2528,2529),(2530,2531,2532),(2533,2534,2535),(2536,2537,2538),(2539,2540,2541),(2542,2543,2544),(2545,2546,2547),(2548,2549,2550),(2551,2552,2553),(2554,2555,2556),(2557,2558,2559),(2560,2561,2562),(2563,2564,2565),(2566,2567,2568),(2569,2570,2571),(2572,2573,2574),(2575,2576,2577),(2578,2579,2580),(2581,2582,2583),(2584,2585,2586),(2587,2588,2589),(2590,2591,2592),(2593,2594,2595),(2596,2597,2598),(2599,2600,2601),(2602,2603,2604),(2605,2606,2607),(2608,2609,2610),(2611,2612,2613),(2614,2615,2616),(2617,2618,2619),(2620,2621,2622),(2623,2624,2625),(2626,2627,2628),(2629,2630,2631),(2632,2633,2634),(2635,2636,2637),(2638,2639,2640),(2641,2642,2643),(2644,2645,2646),(2647,2648,2649),(2650,2651,2652),(2653,2654,2655),(2656,2657,2658),(2659,2660,2661),(2662,2663,2664),(2665,2666,2667),(2668,2669,2670),(2671,2672,2673),(2674,2675,2676),(2677,2678,2679),(2680,2681,2682),(2683,2684,2685),(2686,2687,2688),(2689,2690,2691),(2692,2693,2694),(2695,2696,2697),(2698,2699,2700),(2701,2702,2703),(2704,2705,2706),(2707,2708,2709),(2710,2711,2712),(2713,2714,2715),(2716,2717,2718),(2719,2720,2721),(2722,2723,2724),(2725,2726,2727),(2728,2729,2730),(2731,2732,2733),(2734,2735,2736),(2737,2738,2739),(2740,2741,2742),(2743,2744,2745),(2746,2747,2748),(2749,2750,2751),(2752,2753,2754),(2755,2756,2757),(2758,2759,2760),(2761,2762,2763),(2764,2765,2766),(2767,2768,2769),(2770,2771,2772),(2773,2774,2775),(2776,2777,2778),(2779,2780,2781),(2782,2783,2784),(2785,2786,2787),(2788,2789,2790),(2791,2792,2793),(2794,2795,2796),(2797,2798,2799),(2800,2801,2802),(2803,2804,2805),(2806,2807,2808),(2809,2810,2811),(2812,2813,2814),(2815,2816,2817),(2818,2819,2820),(2821,2822,2823),(2824,2825,2826),(2827,2828,2829),(2830,2831,2832),(2833,2834,2835),(2836,2837,2838),(2839,2840,2841),(2842,2843,2844),(2845,2846,2847),(2848,2849,2850),(2851,2852,2853),(2854,2855,2856),(2857,2858,2859),(2860,2861,2862),(2863,2864,2865),(2866,2867,2868),(2869,2870,2871),(2872,2873,2874),(2875,2876,2877),(2878,2879,2880),(2881,2882,2883),(2884,2885,2886),(2887,2888,2889),(2890,2891,2892),(2893,2894,2895),(2896,2897,2898),(2899,2900,2901),(2902,2903,2904),(2905,2906,2907),(2908,2909,2910),(2911,2912,2913),(2914,2915,2916),(2917,2918,2919),(2920,2921,2922),(2923,2924,2925),(2926,2927,2928),(2929,2930,2931),(2932,2933,2934),(2935,2936,2937),(2938,2939,2940),(2941,2942,2943),(2944,2945,2946),(2947,2948,2949),(2950,2951,2952),(2953,2954,2955),(2956,2957,2958),(2959,2960,2961),(2962,2963,2964),(2965,2966,2967),(2968,2969,2970),(2971,2972,2973),(2974,2975,2976),(2977,2978,2979),(2980,2981,2982),(2983,2984,2985),(2986,2987,2988),(2989,2990,2991),(2992,2993,2994),(2995,2996,2997),(2998,2999,3000),(3001,3002,3003),(3004,3005,3006),(3007,3008,3009),(3010,3011,3012),(3013,3014,3015),(3016,3017,3018),(3019,3020,3021),(3022,3023,3024),(3025,3026,3027),(3028,3029,3030),(3031,3032,3033),(3034,3035,3036),(3037,3038,3039),(3040,3041,3042),(3043,3044,3045),(3046,3047,3048),(3049,3050,3051),(3052,3053,3054),(3055,3056,3057),(3058,3059,3060),(3061,3062,3063),(3064,3065,3066),(3067,3068,3069),(3070,3071,3072),(3073,3074,3075),(3076,3077,3078),(3079,3080,3081),(3082,3083,3084),(3085,3086,3087),(3088,3089,3090),(3091,3092,3093)));
#8872=TESSELLATED_GEOMETRIC_SET('hole callout',(#8871));
#8873=COORDINATES_LIST('coordinates',5,((-0.0420343,0.0170343,0.),(-0.0161050,0.0170343,0.),(-0.0494343,0.0194343,0.),(-0.0470343,0.0170343,0.),(-0.0420343,0.0170343,0.)));
#8874=TESSELLATED_CURVE_SET('curve set',#8873,((1,2),(3,4,5)));
#8875=TESSELLATED_GEOMETRIC_SET('hole callout',(#8874));
#8876=TESSELLATED_ANNOTATION_OCCURRENCE('hole callout',(#8869),#8872);
#8877=TESSELLATED_ANNOTATION_OCCURRENCE('hole callout',(#8869),#8875);
#8878=DRAUGHTING_CALLOUT('hole callout',(#8876,#8877));
#8879=DRAUGHTING_MODEL_ITEM_ASSOCIATION('','',#8821,#8865,#8878);
#8880=DRAUGHTING_MODEL_ITEM_ASSOCIATION('','',#8829,#8865,#8878);
#8881=DRAUGHTING_MODEL_ITEM_ASSOCIATION('','',#8837,#8865,#8878);
#8882=DRAUGHTING_MODEL_ITEM_ASSOCIATION('','',#8790,#8865,#8878);
#8883=COMPOSITE_SHAPE_ASPECT('hole_callout.FSh5d3Gd7GQD8EQ_82.JID.1',$,#8612,$);
#8884=SHAPE_ASPECT('hole_callout.FSh5d3Gd7GQD8EQ_82.JID.1',$,#8612,.T.);
#8885=GEOMETRIC_ITEM_SPECIFIC_USAGE('','',#8884,#36,#4732);
#8886=SHAPE_ASPECT_RELATIONSHIP('','',#8883,#8884);
#8887=SHAPE_ASPECT('hole_callout.FSh5d3Gd7GQD8EQ_82.JID.1',$,#8612,.T.);
#8888=GEOMETRIC_ITEM_SPECIFIC_USAGE('','',#8887,#36,#4731);
#8889=SHAPE_ASPECT_RELATIONSHIP('','',#8883,#8887);
#8890=SHAPE_ASPECT('hole_callout.FSh5d3Gd7GQD8EQ_82.JID.1',$,#8612,.T.);
#8891=GEOMETRIC_ITEM_SPECIFIC_USAGE('','',#8890,#36,#4730);
#8892=SHAPE_ASPECT_RELATIONSHIP('','',#8883,#8890);
#8893=SHAPE_ASPECT('hole_callout.FSh5d3Gd7GQD8EQ_82.JID.1',$,#8612,.T.);
#8894=GEOMETRIC_ITEM_SPECIFIC_USAGE('','',#8893,#36,#4729);
#8895=SHAPE_ASPECT_RELATIONSHIP('','',#8883,#8893);
#8896=SHAPE_ASPECT('hole_callout.FSh5d3Gd7GQD8EQ_82.JID.1',$,#8612,.T.);
#8897=GEOMETRIC_ITEM_SPECIFIC_USAGE('','',#8896,#36,#4724);
#8898=SHAPE_ASPECT_RELATIONSHIP('','',#8883,#8896);
#8899=SHAPE_ASPECT('hole_callout.FSh5d3Gd7GQD8EQ_82.JID.1',$,#8612,.T.);
#8900=GEOMETRIC_ITEM_SPECIFIC_USAGE('','',#8899,#36,#4723);
#8901=SHAPE_ASPECT_RELATIONSHIP('','',#8883,#8899);
#8902=SHAPE_ASPECT('hole_callout.FSh5d3Gd7GQD8EQ_82.JID.1',$,#8612,.T.);
#8903=GEOMETRIC_ITEM_SPECIFIC_USAGE('','',#8902,#36,#4728);
#8904=SHAPE_ASPECT_RELATIONSHIP('','',#8883,#8902);
#8905=SHAPE_ASPECT('hole_callout.FSh5d3Gd7GQD8EQ_82.JID.1',$,#8612,.T.);
#8906=GEOMETRIC_ITEM_SPECIFIC_USAGE('','',#8905,#36,#4727);
#8907=SHAPE_ASPECT_RELATIONSHIP('','',#8883,#8905);
#8908=SHAPE_ASPECT('hole_callout.FSh5d3Gd7GQD8EQ_82.JID.1',$,#8612,.T.);
#8909=GEOMETRIC_ITEM_SPECIFIC_USAGE('','',#8908,#36,#4726);
#8910=SHAPE_ASPECT_RELATIONSHIP('','',#8883,#8908);
#8911=SHAPE_ASPECT('hole_callout.FSh5d3Gd7GQD8EQ_82.JID.1',$,#8612,.T.);
#8912=GEOMETRIC_ITEM_SPECIFIC_USAGE('','',#8911,#36,#4725);
#8913=SHAPE_ASPECT_RELATIONSHIP('','',#8883,#8911);
#8914=DIMENSIONAL_SIZE(#8883,'diameter');
#8915=(
LENGTH_UNIT()
NAMED_UNIT(*)
SI_UNIT(.MILLI.,.METRE.)
);
#8917=PRECISION_QUALIFIER(3);
#8916=(
LENGTH_MEASURE_WITH_UNIT()
MEASURE_REPRESENTATION_ITEM()
MEASURE_WITH_UNIT(POSITIVE_LENGTH_MEASURE(2.6),#8915)
QUALIFIED_REPRESENTATION_ITEM((#8917))
REPRESENTATION_ITEM('nominal value')
);
#8918=COMPOUND_REPRESENTATION_ITEM('modifiers',SET_REPRESENTATION_ITEM((#8919)));
#8919=DESCRIPTIVE_REPRESENTATION_ITEM('dimensional note','diameter');
#8920=SHAPE_DIMENSION_REPRESENTATION('',(#8916,#8918),#8522);
#8921=DIMENSIONAL_CHARACTERISTIC_REPRESENTATION(#8914,#8920);
#8922=ANGULAR_SIZE(#8883,'angle',.EQUAL.);
#8924=(
NAMED_UNIT(*)
PLANE_ANGLE_UNIT()
SI_UNIT($,.RADIAN.)
);
#8925=LENGTH_MEASURE_WITH_UNIT(LENGTH_MEASURE(57.2957795130823),#8924);
#8923=(
CONVERSION_BASED_UNIT('degree',#8925)
NAMED_UNIT($)
PLANE_ANGLE_UNIT()
);
#8927=PRECISION_QUALIFIER(3);
#8926=(
MEASURE_REPRESENTATION_ITEM()
MEASURE_WITH_UNIT(PLANE_ANGLE_MEASURE(90.),#8923)
PLANE_ANGLE_MEASURE_WITH_UNIT()
QUALIFIED_REPRESENTATION_ITEM((#8927))
REPRESENTATION_ITEM('nominal value')
);
#8928=SHAPE_DIMENSION_REPRESENTATION('',(#8926),#8522);
#8929=DIMENSIONAL_CHARACTERISTIC_REPRESENTATION(#8922,#8928);
#8930=DIMENSIONAL_SIZE(#8883,'diameter');
#8931=(
LENGTH_UNIT()
NAMED_UNIT(*)
SI_UNIT(.MILLI.,.METRE.)
);
#8933=PRECISION_QUALIFIER(3);
#8932=(
LENGTH_MEASURE_WITH_UNIT()
MEASURE_REPRESENTATION_ITEM()
MEASURE_WITH_UNIT(POSITIVE_LENGTH_MEASURE(4.5),#8931)
QUALIFIED_REPRESENTATION_ITEM((#8933))
REPRESENTATION_ITEM('nominal value')
);
#8934=COMPOUND_REPRESENTATION_ITEM('modifiers',SET_REPRESENTATION_ITEM((#8935,#8936)));
#8935=DESCRIPTIVE_REPRESENTATION_ITEM('dimensional note','countersink');
#8936=DESCRIPTIVE_REPRESENTATION_ITEM('dimensional note','diameter');
#8937=SHAPE_DIMENSION_REPRESENTATION('',(#8932,#8934),#8522);
#8938=DIMENSIONAL_CHARACTERISTIC_REPRESENTATION(#8930,#8937);
#8939=PRESENTATION_STYLE_ASSIGNMENT((NULL_STYLE(.NULL.)));
#8940=CARTESIAN_POINT('',(-0.01,0.,-0.003));
#8941=DIRECTION('',(0.,0.,-1.));
#8942=DIRECTION('',(1.,0.,0.));
#8943=AXIS2_PLACEMENT_3D('',#8940,#8941,#8942);
#8944=PLANE('',#8943);
#8945=ANNOTATION_PLANE('',(#8939),#8944,(#8972));
#8946=CARTESIAN_POINT('',(0.,0.,0.));
#8947=DIRECTION('',(0.,0.,1.));
#8948=DIRECTION('',(1.,0.,0.));
#8949=AXIS2_PLACEMENT_3D('',#8946,#8947,#8948);
#8950=CARTESIAN_POINT('',(0.,0.,0.));
#8951=DIRECTION('',(0.,0.,1.));
#8952=DIRECTION('',(1.,0.,0.));
#8953=AXIS2_PLACEMENT_3D('',#8950,#8951,#8952);
#8954=SHAPE_REPRESENTATION('',(#8953,#5026),#8522);
#8955=REPRESENTATION_MAP(#8949,#8954);
#8956=MAPPED_ITEM('',#8955,#8949);
#8957=PRESENTATION_STYLE_ASSIGNMENT((NULL_STYLE(.NULL.)));
#8958=STYLED_ITEM('',(#8957),#8956);
#8959=DRAUGHTING_MODEL('',(#8945,#8949,#8956,#8958,#8993,#8997,#9004,#9006),#8522);
#8960=DRAUGHTING_PRE_DEFINED_CURVE_FONT('continuous');
#8961=COLOUR_RGB('',0.,0.,0.);
#8962=CURVE_STYLE('',#8960,POSITIVE_LENGTH_MEASURE(0.02),#8961);
#8963=PRESENTATION_STYLE_ASSIGNMENT((#8962));
#8964=COORDINATES_LIST('coordinates',4485,((-0.0084090,-0.0015910,-0.0030000),(-0.0069948,-0.0044194,-0.0030000),(-0.0055806,-0.0030052,-0.0030000),(0.0072650,-0.0108633,-0.0030000),(0.0073373,-0.0109141,-0.0030000),(0.0109620,-0.0145410,-0.0030000),(0.0072650,-0.0108633,-0.0030000),(0.0109620,-0.0145410,-0.0030000),(0.0110113,-0.0146109,-0.0030000),(0.0072650,-0.0108633,-0.0030000),(0.0110113,-0.0146109,-0.0030000),(0.0110277,-0.0146934,-0.0030000),(0.0072650,-0.0108633,-0.0030000),(0.0110277,-0.0146934,-0.0030000),(0.0110115,-0.0147760,-0.0030000),(0.0072650,-0.0108633,-0.0030000),(0.0110115,-0.0147760,-0.0030000),(0.0109631,-0.0148458,-0.0030000),(0.0072650,-0.0108633,-0.0030000),(0.0109631,-0.0148458,-0.0030000),(0.0108933,-0.0148935,-0.0030000),(0.0072650,-0.0108633,-0.0030000),(0.0108933,-0.0148935,-0.0030000),(0.0108107,-0.0149093,-0.0030000),(0.0072650,-0.0108633,-0.0030000),(0.0108107,-0.0149093,-0.0030000),(0.0107284,-0.0148937,-0.0030000),(0.0072650,-0.0108633,-0.0030000),(0.0107284,-0.0148937,-0.0030000),(0.0106594,-0.0148469,-0.0030000),(0.0072650,-0.0108633,-0.0030000),(0.0106594,-0.0148469,-0.0030000),(0.0071838,-0.0113724,-0.0030000),(0.0072650,-0.0108633,-0.0030000),(0.0071838,-0.0113724,-0.0030000),(0.0037093,-0.0148469,-0.0030000),(0.0072650,-0.0108633,-0.0030000),(0.0037093,-0.0148469,-0.0030000),(0.0036389,-0.0148937,-0.0030000),(0.0072650,-0.0108633,-0.0030000),(0.0036389,-0.0148937,-0.0030000),(0.0035569,-0.0149093,-0.0030000),(0.0072650,-0.0108633,-0.0030000),(0.0035569,-0.0149093,-0.0030000),(0.0034749,-0.0148935,-0.0030000),(0.0072650,-0.0108633,-0.0030000),(0.0034749,-0.0148935,-0.0030000),(0.0034045,-0.0148458,-0.0030000),(0.0072650,-0.0108633,-0.0030000),(0.0034045,-0.0148458,-0.0030000),(0.0033569,-0.0147760,-0.0030000),(0.0072650,-0.0108633,-0.0030000),(0.0033569,-0.0147760,-0.0030000),(0.0033410,-0.0146934,-0.0030000),(0.0072650,-0.0108633,-0.0030000),(0.0033410,-0.0146934,-0.0030000),(0.0033566,-0.0146109,-0.0030000),(0.0072650,-0.0108633,-0.0030000),(0.0033566,-0.0146109,-0.0030000),(0.0034034,-0.0145410,-0.0030000),(0.0072650,-0.0108633,-0.0030000),(0.0034034,-0.0145410,-0.0030000),(0.0070314,-0.0109141,-0.0030000),(0.0072650,-0.0108633,-0.0030000),(0.0070314,-0.0109141,-0.0030000),(0.0071034,-0.0108633,-0.0030000),(0.0072650,-0.0108633,-0.0030000),(0.0071034,-0.0108633,-0.0030000),(0.0071838,-0.0108464,-0.0030000),(0.0128837,-0.0110247,-0.0030000),(0.0129807,-0.0109840,-0.0030000),(0.0130788,-0.0109488,-0.0030000),(0.0128837,-0.0110247,-0.0030000),(0.0130788,-0.0109488,-0.0030000),(0.0131777,-0.0109190,-0.0030000),(0.0128837,-0.0110247,-0.0030000),(0.0131777,-0.0109190,-0.0030000),(0.0132777,-0.0108945,-0.0030000),(0.0128837,-0.0110247,-0.0030000),(0.0132777,-0.0108945,-0.0030000),(0.0133785,-0.0108756,-0.0030000),(0.0128837,-0.0110247,-0.0030000),(0.0133785,-0.0108756,-0.0030000),(0.0134804,-0.0108620,-0.0030000),(0.0128837,-0.0110247,-0.0030000),(0.0134804,-0.0108620,-0.0030000),(0.0135832,-0.0108539,-0.0030000),(0.0128837,-0.0110247,-0.0030000),(0.0135832,-0.0108539,-0.0030000),(0.0136870,-0.0108512,-0.0030000),(0.0128837,-0.0110247,-0.0030000),(0.0136870,-0.0108512,-0.0030000),(0.0138227,-0.0108555,-0.0030000),(0.0128837,-0.0110247,-0.0030000),(0.0138227,-0.0108555,-0.0030000),(0.0139560,-0.0108684,-0.0030000),(0.0128837,-0.0110247,-0.0030000),(0.0139560,-0.0108684,-0.0030000),(0.0140867,-0.0108900,-0.0030000),(0.0128837,-0.0110247,-0.0030000),(0.0140867,-0.0108900,-0.0030000),(0.0142148,-0.0109202,-0.0030000),(0.0128837,-0.0110247,-0.0030000),(0.0142148,-0.0109202,-0.0030000),(0.0143404,-0.0109591,-0.0030000),(0.0128837,-0.0110247,-0.0030000),(0.0143404,-0.0109591,-0.0030000),(0.0144635,-0.0110065,-0.0030000),(0.0128837,-0.0110247,-0.0030000),(0.0144635,-0.0110065,-0.0030000),(0.0145840,-0.0110626,-0.0030000),(0.0128837,-0.0110247,-0.0030000),(0.0145840,-0.0110626,-0.0030000),(0.0147019,-0.0111274,-0.0030000),(0.0128837,-0.0110247,-0.0030000),(0.0147019,-0.0111274,-0.0030000),(0.0148155,-0.0111998,-0.0030000),(0.0128837,-0.0110247,-0.0030000),(0.0148155,-0.0111998,-0.0030000),(0.0149228,-0.0112783,-0.0030000),(0.0128837,-0.0110247,-0.0030000),(0.0149228,-0.0112783,-0.0030000),(0.0150240,-0.0113630,-0.0030000),(0.0128837,-0.0110247,-0.0030000),(0.0150240,-0.0113630,-0.0030000),(0.0151189,-0.0114539,-0.0030000),(0.0128837,-0.0110247,-0.0030000),(0.0151189,-0.0114539,-0.0030000),(0.0152076,-0.0115509,-0.0030000),(0.0152076,-0.0115509,-0.0030000),(0.0152901,-0.0116540,-0.0030000),(0.0153663,-0.0117633,-0.0030000),(0.0152076,-0.0115509,-0.0030000),(0.0153663,-0.0117633,-0.0030000),(0.0154364,-0.0118788,-0.0030000),(0.0152076,-0.0115509,-0.0030000),(0.0154364,-0.0118788,-0.0030000),(0.0154994,-0.0119986,-0.0030000),(0.0152076,-0.0115509,-0.0030000),(0.0154994,-0.0119986,-0.0030000),(0.0155540,-0.0121208,-0.0030000),(0.0152076,-0.0115509,-0.0030000),(0.0155540,-0.0121208,-0.0030000),(0.0156002,-0.0122456,-0.0030000),(0.0152076,-0.0115509,-0.0030000),(0.0156002,-0.0122456,-0.0030000),(0.0156380,-0.0123728,-0.0030000),(0.0152076,-0.0115509,-0.0030000),(0.0156380,-0.0123728,-0.0030000),(0.0156674,-0.0125025,-0.0030000),(0.0152076,-0.0115509,-0.0030000),(0.0156674,-0.0125025,-0.0030000),(0.0156884,-0.0126346,-0.0030000),(0.0152076,-0.0115509,-0.0030000),(0.0156884,-0.0126346,-0.0030000),(0.0157010,-0.0127693,-0.0030000),(0.0152076,-0.0115509,-0.0030000),(0.0157010,-0.0127693,-0.0030000),(0.0157052,-0.0129064,-0.0030000),(0.0152076,-0.0115509,-0.0030000),(0.0157052,-0.0129064,-0.0030000),(0.0157010,-0.0130381,-0.0030000),(0.0152076,-0.0115509,-0.0030000),(0.0157010,-0.0130381,-0.0030000),(0.0156884,-0.0131689,-0.0030000),(0.0152076,-0.0115509,-0.0030000),(0.0156884,-0.0131689,-0.0030000),(0.0156674,-0.0132989,-0.0030000),(0.0152076,-0.0115509,-0.0030000),(0.0156674,-0.0132989,-0.0030000),(0.0156380,-0.0134282,-0.0030000),(0.0152076,-0.0115509,-0.0030000),(0.0156380,-0.0134282,-0.0030000),(0.0156002,-0.0135567,-0.0030000),(0.0152076,-0.0115509,-0.0030000),(0.0156002,-0.0135567,-0.0030000),(0.0155540,-0.0136843,-0.0030000),(0.0155540,-0.0136843,-0.0030000),(0.0151622,-0.0135428,-0.0030000),(0.0151988,-0.0134450,-0.0030000),(0.0155540,-0.0136843,-0.0030000),(0.0151988,-0.0134450,-0.0030000),(0.0152287,-0.0133438,-0.0030000),(0.0155540,-0.0136843,-0.0030000),(0.0152287,-0.0133438,-0.0030000),(0.0152520,-0.0132394,-0.0030000),(0.0155540,-0.0136843,-0.0030000),(0.0152520,-0.0132394,-0.0030000),(0.0152686,-0.0131317,-0.0030000),(0.0155540,-0.0136843,-0.0030000),(0.0152686,-0.0131317,-0.0030000),(0.0152785,-0.0130207,-0.0030000),(0.0155540,-0.0136843,-0.0030000),(0.0152785,-0.0130207,-0.0030000),(0.0152819,-0.0129064,-0.0030000),(0.0155540,-0.0136843,-0.0030000),(0.0152819,-0.0129064,-0.0030000),(0.0152785,-0.0127964,-0.0030000),(0.0152076,-0.0115509,-0.0030000),(0.0155540,-0.0136843,-0.0030000),(0.0152785,-0.0127964,-0.0030000),(0.0152076,-0.0115509,-0.0030000),(0.0152785,-0.0127964,-0.0030000),(0.0152684,-0.0126886,-0.0030000),(0.0152076,-0.0115509,-0.0030000),(0.0152684,-0.0126886,-0.0030000),(0.0152517,-0.0125829,-0.0030000),(0.0152076,-0.0115509,-0.0030000),(0.0152517,-0.0125829,-0.0030000),(0.0152282,-0.0124794,-0.0030000),(0.0152076,-0.0115509,-0.0030000),(0.0152282,-0.0124794,-0.0030000),(0.0151980,-0.0123781,-0.0030000),(0.0152076,-0.0115509,-0.0030000),(0.0151980,-0.0123781,-0.0030000),(0.0151610,-0.0122790,-0.0030000),(0.0152076,-0.0115509,-0.0030000),(0.0151610,-0.0122790,-0.0030000),(0.0151174,-0.0121820,-0.0030000),(0.0152076,-0.0115509,-0.0030000),(0.0151174,-0.0121820,-0.0030000),(0.0150670,-0.0120873,-0.0030000),(0.0152076,-0.0115509,-0.0030000),(0.0150670,-0.0120873,-0.0030000),(0.0150112,-0.0119961,-0.0030000),(0.0152076,-0.0115509,-0.0030000),(0.0150112,-0.0119961,-0.0030000),(0.0149505,-0.0119098,-0.0030000),(0.0152076,-0.0115509,-0.0030000),(0.0149505,-0.0119098,-0.0030000),(0.0148851,-0.0118283,-0.0030000),(0.0152076,-0.0115509,-0.0030000),(0.0148851,-0.0118283,-0.0030000),(0.0148149,-0.0117518,-0.0030000),(0.0152076,-0.0115509,-0.0030000),(0.0148149,-0.0117518,-0.0030000),(0.0147399,-0.0116802,-0.0030000),(0.0152076,-0.0115509,-0.0030000),(0.0147399,-0.0116802,-0.0030000),(0.0146600,-0.0116134,-0.0030000),(0.0152076,-0.0115509,-0.0030000),(0.0146600,-0.0116134,-0.0030000),(0.0145754,-0.0115516,-0.0030000),(0.0152076,-0.0115509,-0.0030000),(0.0145754,-0.0115516,-0.0030000),(0.0144860,-0.0114946,-0.0030000),(0.0152076,-0.0115509,-0.0030000),(0.0144860,-0.0114946,-0.0030000),(0.0143934,-0.0114435,-0.0030000),(0.0152076,-0.0115509,-0.0030000),(0.0143934,-0.0114435,-0.0030000),(0.0142987,-0.0113992,-0.0030000),(0.0152076,-0.0115509,-0.0030000),(0.0142987,-0.0113992,-0.0030000),(0.0142020,-0.0113618,-0.0030000),(0.0152076,-0.0115509,-0.0030000),(0.0142020,-0.0113618,-0.0030000),(0.0141032,-0.0113311,-0.0030000),(0.0128837,-0.0110247,-0.0030000),(0.0152076,-0.0115509,-0.0030000),(0.0141032,-0.0113311,-0.0030000),(0.0128837,-0.0110247,-0.0030000),(0.0141032,-0.0113311,-0.0030000),(0.0140022,-0.0113073,-0.0030000),(0.0128837,-0.0110247,-0.0030000),(0.0140022,-0.0113073,-0.0030000),(0.0138992,-0.0112902,-0.0030000),(0.0128837,-0.0110247,-0.0030000),(0.0138992,-0.0112902,-0.0030000),(0.0137941,-0.0112800,-0.0030000),(0.0128837,-0.0110247,-0.0030000),(0.0137941,-0.0112800,-0.0030000),(0.0136870,-0.0112766,-0.0030000),(0.0128837,-0.0110247,-0.0030000),(0.0136870,-0.0112766,-0.0030000),(0.0135334,-0.0112837,-0.0030000),(0.0128837,-0.0110247,-0.0030000),(0.0135334,-0.0112837,-0.0030000),(0.0133838,-0.0113049,-0.0030000),(0.0128837,-0.0110247,-0.0030000),(0.0133838,-0.0113049,-0.0030000),(0.0132381,-0.0113403,-0.0030000),(0.0128837,-0.0110247,-0.0030000),(0.0132381,-0.0113403,-0.0030000),(0.0130964,-0.0113898,-0.0030000),(0.0128837,-0.0110247,-0.0030000),(0.0130964,-0.0113898,-0.0030000),(0.0146934,-0.0141733,-0.0030000),(0.0123228,-0.0100500,-0.0030000),(0.0128837,-0.0110247,-0.0030000),(0.0146934,-0.0141733,-0.0030000),(0.0151190,-0.0136374,-0.0030000),(0.0151622,-0.0135428,-0.0030000),(0.0155540,-0.0136843,-0.0030000),(0.0150691,-0.0137288,-0.0030000),(0.0151190,-0.0136374,-0.0030000),(0.0155540,-0.0136843,-0.0030000),(0.0150012,-0.0138327,-0.0030000),(0.0150691,-0.0137288,-0.0030000),(0.0155540,-0.0136843,-0.0030000),(0.0149160,-0.0139415,-0.0030000),(0.0150012,-0.0138327,-0.0030000),(0.0155540,-0.0136843,-0.0030000),(0.0148668,-0.0139976,-0.0030000),(0.0149160,-0.0139415,-0.0030000),(0.0155540,-0.0136843,-0.0030000),(0.0148134,-0.0140550,-0.0030000),(0.0148668,-0.0139976,-0.0030000),(0.0155540,-0.0136843,-0.0030000),(0.0147556,-0.0141135,-0.0030000),(0.0148134,-0.0140550,-0.0030000),(0.0155540,-0.0136843,-0.0030000),(0.0146934,-0.0141733,-0.0030000),(0.0147556,-0.0141135,-0.0030000),(0.0155540,-0.0136843,-0.0030000),(0.0146934,-0.0141733,-0.0030000),(0.0155540,-0.0136843,-0.0030000),(0.0154994,-0.0138112,-0.0030000),(0.0146934,-0.0141733,-0.0030000),(0.0154994,-0.0138112,-0.0030000),(0.0154364,-0.0139373,-0.0030000),(0.0146934,-0.0141733,-0.0030000),(0.0154364,-0.0139373,-0.0030000),(0.0153862,-0.0140240,-0.0030000),(0.0146934,-0.0141733,-0.0030000),(0.0153862,-0.0140240,-0.0030000),(0.0153314,-0.0141074,-0.0030000),(0.0146934,-0.0141733,-0.0030000),(0.0153314,-0.0141074,-0.0030000),(0.0152720,-0.0141875,-0.0030000),(0.0146934,-0.0141733,-0.0030000),(0.0152720,-0.0141875,-0.0030000),(0.0152081,-0.0142643,-0.0030000),(0.0146934,-0.0141733,-0.0030000),(0.0152081,-0.0142643,-0.0030000),(0.0151395,-0.0143378,-0.0030000),(0.0146934,-0.0141733,-0.0030000),(0.0151395,-0.0143378,-0.0030000),(0.0150663,-0.0144080,-0.0030000),(0.0146934,-0.0141733,-0.0030000),(0.0150663,-0.0144080,-0.0030000),(0.0149885,-0.0144748,-0.0030000),(0.0146934,-0.0141733,-0.0030000),(0.0149885,-0.0144748,-0.0030000),(0.0149062,-0.0145384,-0.0030000),(0.0146934,-0.0141733,-0.0030000),(0.0149062,-0.0145384,-0.0030000),(0.0154480,-0.0154909,-0.0030000),(0.0123228,-0.0100500,-0.0030000),(0.0146934,-0.0141733,-0.0030000),(0.0154480,-0.0154909,-0.0030000),(0.0123228,-0.0100500,-0.0030000),(0.0154480,-0.0154909,-0.0030000),(0.0154766,-0.0155946,-0.0030000),(0.0123228,-0.0100500,-0.0030000),(0.0154766,-0.0155946,-0.0030000),(0.0154692,-0.0156549,-0.0030000),(0.0123228,-0.0100500,-0.0030000),(0.0154692,-0.0156549,-0.0030000),(0.0154306,-0.0157301,-0.0030000),(0.0123228,-0.0100500,-0.0030000),(0.0154306,-0.0157301,-0.0030000),(0.0153655,-0.0157840,-0.0030000),(0.0123228,-0.0100500,-0.0030000),(0.0153655,-0.0157840,-0.0030000),(0.0152628,-0.0158147,-0.0030000),(0.0123228,-0.0100500,-0.0030000),(0.0152628,-0.0158147,-0.0030000),(0.0152025,-0.0158073,-0.0030000),(0.0123228,-0.0100500,-0.0030000),(0.0152025,-0.0158073,-0.0030000),(0.0151268,-0.0157687,-0.0030000),(0.0123228,-0.0100500,-0.0030000),(0.0151268,-0.0157687,-0.0030000),(0.0150713,-0.0157036,-0.0030000),(0.0123228,-0.0100500,-0.0030000),(0.0150713,-0.0157036,-0.0030000),(0.0145357,-0.0147755,-0.0030000),(0.0145357,-0.0147755,-0.0030000),(0.0144351,-0.0148199,-0.0030000),(0.0143312,-0.0148583,-0.0030000),(0.0145357,-0.0147755,-0.0030000),(0.0143312,-0.0148583,-0.0030000),(0.0142240,-0.0148909,-0.0030000),(0.0145357,-0.0147755,-0.0030000),(0.0142240,-0.0148909,-0.0030000),(0.0141135,-0.0149175,-0.0030000),(0.0145357,-0.0147755,-0.0030000),(0.0141135,-0.0149175,-0.0030000),(0.0139996,-0.0149383,-0.0030000),(0.0145357,-0.0147755,-0.0030000),(0.0139996,-0.0149383,-0.0030000),(0.0138825,-0.0149531,-0.0030000),(0.0145357,-0.0147755,-0.0030000),(0.0138825,-0.0149531,-0.0030000),(0.0137620,-0.0149619,-0.0030000),(0.0145357,-0.0147755,-0.0030000),(0.0137620,-0.0149619,-0.0030000),(0.0136383,-0.0149649,-0.0030000),(0.0145357,-0.0147755,-0.0030000),(0.0136383,-0.0149649,-0.0030000),(0.0135137,-0.0149606,-0.0030000),(0.0145357,-0.0147755,-0.0030000),(0.0135137,-0.0149606,-0.0030000),(0.0133902,-0.0149476,-0.0030000),(0.0145357,-0.0147755,-0.0030000),(0.0133902,-0.0149476,-0.0030000),(0.0132677,-0.0149259,-0.0030000),(0.0145357,-0.0147755,-0.0030000),(0.0132677,-0.0149259,-0.0030000),(0.0131464,-0.0148956,-0.0030000),(0.0145357,-0.0147755,-0.0030000),(0.0131464,-0.0148956,-0.0030000),(0.0130262,-0.0148566,-0.0030000),(0.0145357,-0.0147755,-0.0030000),(0.0130262,-0.0148566,-0.0030000),(0.0129070,-0.0148089,-0.0030000),(0.0145357,-0.0147755,-0.0030000),(0.0129070,-0.0148089,-0.0030000),(0.0127890,-0.0147526,-0.0030000),(0.0145357,-0.0147755,-0.0030000),(0.0127890,-0.0147526,-0.0030000),(0.0126720,-0.0146876,-0.0030000),(0.0145357,-0.0147755,-0.0030000),(0.0126720,-0.0146876,-0.0030000),(0.0125589,-0.0146155,-0.0030000),(0.0145357,-0.0147755,-0.0030000),(0.0125589,-0.0146155,-0.0030000),(0.0124519,-0.0145371,-0.0030000),(0.0145357,-0.0147755,-0.0030000),(0.0124519,-0.0145371,-0.0030000),(0.0123510,-0.0144525,-0.0030000),(0.0145357,-0.0147755,-0.0030000),(0.0123510,-0.0144525,-0.0030000),(0.0122561,-0.0143616,-0.0030000),(0.0145357,-0.0147755,-0.0030000),(0.0122561,-0.0143616,-0.0030000),(0.0121673,-0.0142646,-0.0030000),(0.0121673,-0.0142646,-0.0030000),(0.0120846,-0.0141614,-0.0030000),(0.0120081,-0.0140519,-0.0030000),(0.0121673,-0.0142646,-0.0030000),(0.0120081,-0.0140519,-0.0030000),(0.0119375,-0.0139362,-0.0030000),(0.0121673,-0.0142646,-0.0030000),(0.0119375,-0.0139362,-0.0030000),(0.0118743,-0.0138164,-0.0030000),(0.0121673,-0.0142646,-0.0030000),(0.0118743,-0.0138164,-0.0030000),(0.0118195,-0.0136940,-0.0030000),(0.0121673,-0.0142646,-0.0030000),(0.0118195,-0.0136940,-0.0030000),(0.0117731,-0.0135691,-0.0030000),(0.0121673,-0.0142646,-0.0030000),(0.0117731,-0.0135691,-0.0030000),(0.0117351,-0.0134417,-0.0030000),(0.0121673,-0.0142646,-0.0030000),(0.0117351,-0.0134417,-0.0030000),(0.0117056,-0.0133117,-0.0030000),(0.0121673,-0.0142646,-0.0030000),(0.0117056,-0.0133117,-0.0030000),(0.0116845,-0.0131792,-0.0030000),(0.0121673,-0.0142646,-0.0030000),(0.0116845,-0.0131792,-0.0030000),(0.0116719,-0.0130441,-0.0030000),(0.0121673,-0.0142646,-0.0030000),(0.0116719,-0.0130441,-0.0030000),(0.0116677,-0.0129064,-0.0030000),(0.0121673,-0.0142646,-0.0030000),(0.0116677,-0.0129064,-0.0030000),(0.0116719,-0.0127684,-0.0030000),(0.0121673,-0.0142646,-0.0030000),(0.0116719,-0.0127684,-0.0030000),(0.0116845,-0.0126331,-0.0030000),(0.0121673,-0.0142646,-0.0030000),(0.0116845,-0.0126331,-0.0030000),(0.0117055,-0.0125005,-0.0030000),(0.0121673,-0.0142646,-0.0030000),(0.0117055,-0.0125005,-0.0030000),(0.0117349,-0.0123707,-0.0030000),(0.0121673,-0.0142646,-0.0030000),(0.0117349,-0.0123707,-0.0030000),(0.0117727,-0.0122436,-0.0030000),(0.0121673,-0.0142646,-0.0030000),(0.0117727,-0.0122436,-0.0030000),(0.0118189,-0.0121192,-0.0030000),(0.0121673,-0.0142646,-0.0030000),(0.0118189,-0.0121192,-0.0030000),(0.0118735,-0.0119976,-0.0030000),(0.0121673,-0.0142646,-0.0030000),(0.0118735,-0.0119976,-0.0030000),(0.0119365,-0.0118788,-0.0030000),(0.0119365,-0.0118788,-0.0030000),(0.0123048,-0.0120873,-0.0030000),(0.0122554,-0.0121820,-0.0030000),(0.0119365,-0.0118788,-0.0030000),(0.0122554,-0.0121820,-0.0030000),(0.0122126,-0.0122789,-0.0030000),(0.0119365,-0.0118788,-0.0030000),(0.0122126,-0.0122789,-0.0030000),(0.0121764,-0.0123780,-0.0030000),(0.0119365,-0.0118788,-0.0030000),(0.0121764,-0.0123780,-0.0030000),(0.0121468,-0.0124791,-0.0030000),(0.0119365,-0.0118788,-0.0030000),(0.0121468,-0.0124791,-0.0030000),(0.0121238,-0.0125825,-0.0030000),(0.0119365,-0.0118788,-0.0030000),(0.0121238,-0.0125825,-0.0030000),(0.0121073,-0.0126880,-0.0030000),(0.0119365,-0.0118788,-0.0030000),(0.0121073,-0.0126880,-0.0030000),(0.0120975,-0.0127956,-0.0030000),(0.0119365,-0.0118788,-0.0030000),(0.0120975,-0.0127956,-0.0030000),(0.0120942,-0.0129054,-0.0030000),(0.0119365,-0.0118788,-0.0030000),(0.0120942,-0.0129054,-0.0030000),(0.0120975,-0.0130152,-0.0030000),(0.0121673,-0.0142646,-0.0030000),(0.0119365,-0.0118788,-0.0030000),(0.0120975,-0.0130152,-0.0030000),(0.0121673,-0.0142646,-0.0030000),(0.0120975,-0.0130152,-0.0030000),(0.0121075,-0.0131229,-0.0030000),(0.0121673,-0.0142646,-0.0030000),(0.0121075,-0.0131229,-0.0030000),(0.0121242,-0.0132286,-0.0030000),(0.0121673,-0.0142646,-0.0030000),(0.0121242,-0.0132286,-0.0030000),(0.0121476,-0.0133322,-0.0030000),(0.0121673,-0.0142646,-0.0030000),(0.0121476,-0.0133322,-0.0030000),(0.0121777,-0.0134336,-0.0030000),(0.0121673,-0.0142646,-0.0030000),(0.0121777,-0.0134336,-0.0030000),(0.0122144,-0.0135330,-0.0030000),(0.0121673,-0.0142646,-0.0030000),(0.0122144,-0.0135330,-0.0030000),(0.0122579,-0.0136304,-0.0030000),(0.0121673,-0.0142646,-0.0030000),(0.0122579,-0.0136304,-0.0030000),(0.0123080,-0.0137256,-0.0030000),(0.0121673,-0.0142646,-0.0030000),(0.0123080,-0.0137256,-0.0030000),(0.0123638,-0.0138175,-0.0030000),(0.0121673,-0.0142646,-0.0030000),(0.0123638,-0.0138175,-0.0030000),(0.0124244,-0.0139044,-0.0030000),(0.0121673,-0.0142646,-0.0030000),(0.0124244,-0.0139044,-0.0030000),(0.0124899,-0.0139863,-0.0030000),(0.0121673,-0.0142646,-0.0030000),(0.0124899,-0.0139863,-0.0030000),(0.0125601,-0.0140632,-0.0030000),(0.0121673,-0.0142646,-0.0030000),(0.0125601,-0.0140632,-0.0030000),(0.0126351,-0.0141350,-0.0030000),(0.0121673,-0.0142646,-0.0030000),(0.0126351,-0.0141350,-0.0030000),(0.0127150,-0.0142018,-0.0030000),(0.0121673,-0.0142646,-0.0030000),(0.0127150,-0.0142018,-0.0030000),(0.0127996,-0.0142636,-0.0030000),(0.0121673,-0.0142646,-0.0030000),(0.0127996,-0.0142636,-0.0030000),(0.0128890,-0.0143204,-0.0030000),(0.0121673,-0.0142646,-0.0030000),(0.0128890,-0.0143204,-0.0030000),(0.0129811,-0.0143715,-0.0030000),(0.0121673,-0.0142646,-0.0030000),(0.0129811,-0.0143715,-0.0030000),(0.0130737,-0.0144158,-0.0030000),(0.0121673,-0.0142646,-0.0030000),(0.0130737,-0.0144158,-0.0030000),(0.0131668,-0.0144532,-0.0030000),(0.0121673,-0.0142646,-0.0030000),(0.0131668,-0.0144532,-0.0030000),(0.0132605,-0.0144839,-0.0030000),(0.0121673,-0.0142646,-0.0030000),(0.0132605,-0.0144839,-0.0030000),(0.0133546,-0.0145077,-0.0030000),(0.0145357,-0.0147755,-0.0030000),(0.0121673,-0.0142646,-0.0030000),(0.0133546,-0.0145077,-0.0030000),(0.0145357,-0.0147755,-0.0030000),(0.0133546,-0.0145077,-0.0030000),(0.0134494,-0.0145248,-0.0030000),(0.0145357,-0.0147755,-0.0030000),(0.0134494,-0.0145248,-0.0030000),(0.0135446,-0.0145350,-0.0030000),(0.0145357,-0.0147755,-0.0030000),(0.0135446,-0.0145350,-0.0030000),(0.0136404,-0.0145384,-0.0030000),(0.0145357,-0.0147755,-0.0030000),(0.0136404,-0.0145384,-0.0030000),(0.0136467,-0.0145384,-0.0030000),(0.0145357,-0.0147755,-0.0030000),(0.0136467,-0.0145384,-0.0030000),(0.0137405,-0.0145363,-0.0030000),(0.0145357,-0.0147755,-0.0030000),(0.0137405,-0.0145363,-0.0030000),(0.0138316,-0.0145301,-0.0030000),(0.0145357,-0.0147755,-0.0030000),(0.0138316,-0.0145301,-0.0030000),(0.0139202,-0.0145196,-0.0030000),(0.0145357,-0.0147755,-0.0030000),(0.0139202,-0.0145196,-0.0030000),(0.0140063,-0.0145051,-0.0030000),(0.0145357,-0.0147755,-0.0030000),(0.0140063,-0.0145051,-0.0030000),(0.0140898,-0.0144863,-0.0030000),(0.0145357,-0.0147755,-0.0030000),(0.0140898,-0.0144863,-0.0030000),(0.0141708,-0.0144634,-0.0030000),(0.0145357,-0.0147755,-0.0030000),(0.0141708,-0.0144634,-0.0030000),(0.0142493,-0.0144363,-0.0030000),(0.0145357,-0.0147755,-0.0030000),(0.0142493,-0.0144363,-0.0030000),(0.0143251,-0.0144050,-0.0030000),(0.0123228,-0.0100500,-0.0030000),(0.0145357,-0.0147755,-0.0030000),(0.0143251,-0.0144050,-0.0030000),(0.0123228,-0.0100500,-0.0030000),(0.0143251,-0.0144050,-0.0030000),(0.0127207,-0.0116100,-0.0030000),(0.0123228,-0.0100500,-0.0030000),(0.0127207,-0.0116100,-0.0030000),(0.0126003,-0.0117128,-0.0030000),(0.0123472,-0.0120180,-0.0030000),(0.0123048,-0.0120873,-0.0030000),(0.0119365,-0.0118788,-0.0030000),(0.0123923,-0.0119515,-0.0030000),(0.0123472,-0.0120180,-0.0030000),(0.0119365,-0.0118788,-0.0030000),(0.0124908,-0.0118267,-0.0030000),(0.0123923,-0.0119515,-0.0030000),(0.0119365,-0.0118788,-0.0030000),(0.0126003,-0.0117128,-0.0030000),(0.0124908,-0.0118267,-0.0030000),(0.0119365,-0.0118788,-0.0030000),(0.0126003,-0.0117128,-0.0030000),(0.0119365,-0.0118788,-0.0030000),(0.0119944,-0.0117837,-0.0030000),(0.0126003,-0.0117128,-0.0030000),(0.0119944,-0.0117837,-0.0030000),(0.0120561,-0.0116928,-0.0030000),(0.0126003,-0.0117128,-0.0030000),(0.0120561,-0.0116928,-0.0030000),(0.0121214,-0.0116059,-0.0030000),(0.0126003,-0.0117128,-0.0030000),(0.0121214,-0.0116059,-0.0030000),(0.0121905,-0.0115232,-0.0030000),(0.0126003,-0.0117128,-0.0030000),(0.0121905,-0.0115232,-0.0030000),(0.0122632,-0.0114446,-0.0030000),(0.0126003,-0.0117128,-0.0030000),(0.0122632,-0.0114446,-0.0030000),(0.0123397,-0.0113700,-0.0030000),(0.0126003,-0.0117128,-0.0030000),(0.0123397,-0.0113700,-0.0030000),(0.0124199,-0.0112996,-0.0030000),(0.0126003,-0.0117128,-0.0030000),(0.0124199,-0.0112996,-0.0030000),(0.0125037,-0.0112332,-0.0030000),(0.0123228,-0.0100500,-0.0030000),(0.0126003,-0.0117128,-0.0030000),(0.0125037,-0.0112332,-0.0030000),(0.0123228,-0.0100500,-0.0030000),(0.0125037,-0.0112332,-0.0030000),(0.0119481,-0.0102627,-0.0030000),(0.0123228,-0.0100500,-0.0030000),(0.0119481,-0.0102627,-0.0030000),(0.0119206,-0.0101611,-0.0030000),(0.0123228,-0.0100500,-0.0030000),(0.0119206,-0.0101611,-0.0030000),(0.0119270,-0.0101008,-0.0030000),(0.0123228,-0.0100500,-0.0030000),(0.0119270,-0.0101008,-0.0030000),(0.0119661,-0.0100238,-0.0030000),(0.0123228,-0.0100500,-0.0030000),(0.0119661,-0.0100238,-0.0030000),(0.0120286,-0.0099685,-0.0030000),(0.0123228,-0.0100500,-0.0030000),(0.0120286,-0.0099685,-0.0030000),(0.0121333,-0.0099410,-0.0030000),(0.0123228,-0.0100500,-0.0030000),(0.0121333,-0.0099410,-0.0030000),(0.0121937,-0.0099484,-0.0030000),(0.0123228,-0.0100500,-0.0030000),(0.0121937,-0.0099484,-0.0030000),(0.0122662,-0.0099839,-0.0030000),(0.0198391,-0.0118280,-0.0030000),(0.0198412,-0.0117793,-0.0030000),(0.0198651,-0.0116872,-0.0030000),(0.0198391,-0.0118280,-0.0030000),(0.0198651,-0.0116872,-0.0030000),(0.0198930,-0.0116009,-0.0030000),(0.0198391,-0.0118280,-0.0030000),(0.0198930,-0.0116009,-0.0030000),(0.0199248,-0.0115204,-0.0030000),(0.0198391,-0.0118280,-0.0030000),(0.0199248,-0.0115204,-0.0030000),(0.0199605,-0.0114457,-0.0030000),(0.0198391,-0.0118280,-0.0030000),(0.0199605,-0.0114457,-0.0030000),(0.0200002,-0.0113767,-0.0030000),(0.0198391,-0.0118280,-0.0030000),(0.0200002,-0.0113767,-0.0030000),(0.0200438,-0.0113136,-0.0030000),(0.0198391,-0.0118280,-0.0030000),(0.0200438,-0.0113136,-0.0030000),(0.0201428,-0.0112046,-0.0030000),(0.0198391,-0.0118280,-0.0030000),(0.0201428,-0.0112046,-0.0030000),(0.0202238,-0.0111352,-0.0030000),(0.0198391,-0.0118280,-0.0030000),(0.0202238,-0.0111352,-0.0030000),(0.0203069,-0.0110750,-0.0030000),(0.0198391,-0.0118280,-0.0030000),(0.0203069,-0.0110750,-0.0030000),(0.0203922,-0.0110241,-0.0030000),(0.0198391,-0.0118280,-0.0030000),(0.0203922,-0.0110241,-0.0030000),(0.0204796,-0.0109824,-0.0030000),(0.0198391,-0.0118280,-0.0030000),(0.0204796,-0.0109824,-0.0030000),(0.0205692,-0.0109500,-0.0030000),(0.0198391,-0.0118280,-0.0030000),(0.0205692,-0.0109500,-0.0030000),(0.0206609,-0.0109268,-0.0030000),(0.0198391,-0.0118280,-0.0030000),(0.0206609,-0.0109268,-0.0030000),(0.0207548,-0.0109129,-0.0030000),(0.0198391,-0.0118280,-0.0030000),(0.0207548,-0.0109129,-0.0030000),(0.0208508,-0.0109083,-0.0030000),(0.0198391,-0.0118280,-0.0030000),(0.0208508,-0.0109083,-0.0030000),(0.0209461,-0.0109130,-0.0030000),(0.0198391,-0.0118280,-0.0030000),(0.0209461,-0.0109130,-0.0030000),(0.0210387,-0.0109272,-0.0030000),(0.0198391,-0.0118280,-0.0030000),(0.0210387,-0.0109272,-0.0030000),(0.0211286,-0.0109507,-0.0030000),(0.0198391,-0.0118280,-0.0030000),(0.0211286,-0.0109507,-0.0030000),(0.0212159,-0.0109837,-0.0030000),(0.0212159,-0.0109837,-0.0030000),(0.0213006,-0.0110261,-0.0030000),(0.0213826,-0.0110780,-0.0030000),(0.0212159,-0.0109837,-0.0030000),(0.0213826,-0.0110780,-0.0030000),(0.0214620,-0.0111392,-0.0030000),(0.0212159,-0.0109837,-0.0030000),(0.0214620,-0.0111392,-0.0030000),(0.0215387,-0.0112099,-0.0030000),(0.0212159,-0.0109837,-0.0030000),(0.0215387,-0.0112099,-0.0030000),(0.0216189,-0.0112982,-0.0030000),(0.0212159,-0.0109837,-0.0030000),(0.0216189,-0.0112982,-0.0030000),(0.0216883,-0.0113930,-0.0030000),(0.0212159,-0.0109837,-0.0030000),(0.0216883,-0.0113930,-0.0030000),(0.0217471,-0.0114945,-0.0030000),(0.0212159,-0.0109837,-0.0030000),(0.0217471,-0.0114945,-0.0030000),(0.0217951,-0.0116026,-0.0030000),(0.0212159,-0.0109837,-0.0030000),(0.0217951,-0.0116026,-0.0030000),(0.0218325,-0.0117173,-0.0030000),(0.0212159,-0.0109837,-0.0030000),(0.0218325,-0.0117173,-0.0030000),(0.0218592,-0.0118386,-0.0030000),(0.0212159,-0.0109837,-0.0030000),(0.0218592,-0.0118386,-0.0030000),(0.0218752,-0.0119665,-0.0030000),(0.0212159,-0.0109837,-0.0030000),(0.0218752,-0.0119665,-0.0030000),(0.0218806,-0.0121010,-0.0030000),(0.0212159,-0.0109837,-0.0030000),(0.0218806,-0.0121010,-0.0030000),(0.0218793,-0.0122043,-0.0030000),(0.0212159,-0.0109837,-0.0030000),(0.0218793,-0.0122043,-0.0030000),(0.0218754,-0.0123036,-0.0030000),(0.0212159,-0.0109837,-0.0030000),(0.0218754,-0.0123036,-0.0030000),(0.0218690,-0.0123988,-0.0030000),(0.0212159,-0.0109837,-0.0030000),(0.0218690,-0.0123988,-0.0030000),(0.0218599,-0.0124899,-0.0030000),(0.0212159,-0.0109837,-0.0030000),(0.0218599,-0.0124899,-0.0030000),(0.0218483,-0.0125770,-0.0030000),(0.0212159,-0.0109837,-0.0030000),(0.0218483,-0.0125770,-0.0030000),(0.0218341,-0.0126601,-0.0030000),(0.0212159,-0.0109837,-0.0030000),(0.0218341,-0.0126601,-0.0030000),(0.0218174,-0.0127391,-0.0030000),(0.0212159,-0.0109837,-0.0030000),(0.0218174,-0.0127391,-0.0030000),(0.0217980,-0.0128141,-0.0030000),(0.0212159,-0.0109837,-0.0030000),(0.0217980,-0.0128141,-0.0030000),(0.0217516,-0.0129519,-0.0030000),(0.0217516,-0.0129519,-0.0030000),(0.0216948,-0.0130736,-0.0030000),(0.0216278,-0.0131791,-0.0030000),(0.0217516,-0.0129519,-0.0030000),(0.0216278,-0.0131791,-0.0030000),(0.0215504,-0.0132684,-0.0030000),(0.0217516,-0.0129519,-0.0030000),(0.0215504,-0.0132684,-0.0030000),(0.0214709,-0.0133378,-0.0030000),(0.0217516,-0.0129519,-0.0030000),(0.0214709,-0.0133378,-0.0030000),(0.0213891,-0.0133980,-0.0030000),(0.0217516,-0.0129519,-0.0030000),(0.0213891,-0.0133980,-0.0030000),(0.0213049,-0.0134490,-0.0030000),(0.0217516,-0.0129519,-0.0030000),(0.0213049,-0.0134490,-0.0030000),(0.0212183,-0.0134906,-0.0030000),(0.0217516,-0.0129519,-0.0030000),(0.0212183,-0.0134906,-0.0030000),(0.0211294,-0.0135231,-0.0030000),(0.0217516,-0.0129519,-0.0030000),(0.0211294,-0.0135231,-0.0030000),(0.0210382,-0.0135462,-0.0030000),(0.0217516,-0.0129519,-0.0030000),(0.0210382,-0.0135462,-0.0030000),(0.0209446,-0.0135601,-0.0030000),(0.0217516,-0.0129519,-0.0030000),(0.0209446,-0.0135601,-0.0030000),(0.0208487,-0.0135647,-0.0030000),(0.0217516,-0.0129519,-0.0030000),(0.0208487,-0.0135647,-0.0030000),(0.0207634,-0.0135615,-0.0030000),(0.0217516,-0.0129519,-0.0030000),(0.0207634,-0.0135615,-0.0030000),(0.0206810,-0.0135517,-0.0030000),(0.0217516,-0.0129519,-0.0030000),(0.0206810,-0.0135517,-0.0030000),(0.0206016,-0.0135354,-0.0030000),(0.0217516,-0.0129519,-0.0030000),(0.0206016,-0.0135354,-0.0030000),(0.0205251,-0.0135126,-0.0030000),(0.0217516,-0.0129519,-0.0030000),(0.0205251,-0.0135126,-0.0030000),(0.0203810,-0.0134474,-0.0030000),(0.0217516,-0.0129519,-0.0030000),(0.0203810,-0.0134474,-0.0030000),(0.0202486,-0.0133562,-0.0030000),(0.0202910,-0.0145342,-0.0030000),(0.0215663,-0.0145342,-0.0030000),(0.0216477,-0.0145500,-0.0030000),(0.0202910,-0.0145342,-0.0030000),(0.0216477,-0.0145500,-0.0030000),(0.0217165,-0.0145977,-0.0030000),(0.0202910,-0.0145342,-0.0030000),(0.0217165,-0.0145977,-0.0030000),(0.0217634,-0.0146670,-0.0030000),(0.0202910,-0.0145342,-0.0030000),(0.0217634,-0.0146670,-0.0030000),(0.0217790,-0.0147479,-0.0030000),(0.0202910,-0.0145342,-0.0030000),(0.0217790,-0.0147479,-0.0030000),(0.0217634,-0.0148286,-0.0030000),(0.0202910,-0.0145342,-0.0030000),(0.0217634,-0.0148286,-0.0030000),(0.0217165,-0.0148972,-0.0030000),(0.0202910,-0.0145342,-0.0030000),(0.0217165,-0.0148972,-0.0030000),(0.0216477,-0.0149448,-0.0030000),(0.0202910,-0.0145342,-0.0030000),(0.0216477,-0.0149448,-0.0030000),(0.0215663,-0.0149607,-0.0030000),(0.0202910,-0.0145342,-0.0030000),(0.0215663,-0.0149607,-0.0030000),(0.0200941,-0.0149607,-0.0030000),(0.0202486,-0.0133562,-0.0030000),(0.0202910,-0.0145342,-0.0030000),(0.0200941,-0.0149607,-0.0030000),(0.0202486,-0.0133562,-0.0030000),(0.0200941,-0.0149607,-0.0030000),(0.0200137,-0.0149466,-0.0030000),(0.0202486,-0.0133562,-0.0030000),(0.0200137,-0.0149466,-0.0030000),(0.0199438,-0.0149046,-0.0030000),(0.0202486,-0.0133562,-0.0030000),(0.0199438,-0.0149046,-0.0030000),(0.0198962,-0.0148395,-0.0030000),(0.0202486,-0.0133562,-0.0030000),(0.0198962,-0.0148395,-0.0030000),(0.0198803,-0.0147606,-0.0030000),(0.0202486,-0.0133562,-0.0030000),(0.0198803,-0.0147606,-0.0030000),(0.0197999,-0.0126958,-0.0030000),(0.0202486,-0.0133562,-0.0030000),(0.0197999,-0.0126958,-0.0030000),(0.0198131,-0.0126165,-0.0030000),(0.0202486,-0.0133562,-0.0030000),(0.0198131,-0.0126165,-0.0030000),(0.0198528,-0.0125455,-0.0030000),(0.0202486,-0.0133562,-0.0030000),(0.0198528,-0.0125455,-0.0030000),(0.0199179,-0.0124916,-0.0030000),(0.0202486,-0.0133562,-0.0030000),(0.0199179,-0.0124916,-0.0030000),(0.0200010,-0.0124736,-0.0030000),(0.0202486,-0.0133562,-0.0030000),(0.0200010,-0.0124736,-0.0030000),(0.0200822,-0.0124871,-0.0030000),(0.0202486,-0.0133562,-0.0030000),(0.0200822,-0.0124871,-0.0030000),(0.0201544,-0.0125276,-0.0030000),(0.0202486,-0.0133562,-0.0030000),(0.0201544,-0.0125276,-0.0030000),(0.0202169,-0.0126292,-0.0030000),(0.0202486,-0.0133562,-0.0030000),(0.0202169,-0.0126292,-0.0030000),(0.0202509,-0.0127143,-0.0030000),(0.0202486,-0.0133562,-0.0030000),(0.0202509,-0.0127143,-0.0030000),(0.0203000,-0.0127982,-0.0030000),(0.0202486,-0.0133562,-0.0030000),(0.0203000,-0.0127982,-0.0030000),(0.0203641,-0.0128810,-0.0030000),(0.0202486,-0.0133562,-0.0030000),(0.0203641,-0.0128810,-0.0030000),(0.0204434,-0.0129625,-0.0030000),(0.0202486,-0.0133562,-0.0030000),(0.0204434,-0.0129625,-0.0030000),(0.0205389,-0.0130403,-0.0030000),(0.0202486,-0.0133562,-0.0030000),(0.0205389,-0.0130403,-0.0030000),(0.0206384,-0.0130959,-0.0030000),(0.0202486,-0.0133562,-0.0030000),(0.0206384,-0.0130959,-0.0030000),(0.0207416,-0.0131292,-0.0030000),(0.0202486,-0.0133562,-0.0030000),(0.0207416,-0.0131292,-0.0030000),(0.0208487,-0.0131403,-0.0030000),(0.0202486,-0.0133562,-0.0030000),(0.0208487,-0.0131403,-0.0030000),(0.0209552,-0.0131292,-0.0030000),(0.0217516,-0.0129519,-0.0030000),(0.0202486,-0.0133562,-0.0030000),(0.0209552,-0.0131292,-0.0030000),(0.0217516,-0.0129519,-0.0030000),(0.0209552,-0.0131292,-0.0030000),(0.0210577,-0.0130959,-0.0030000),(0.0217516,-0.0129519,-0.0030000),(0.0210577,-0.0130959,-0.0030000),(0.0211563,-0.0130403,-0.0030000),(0.0217516,-0.0129519,-0.0030000),(0.0211563,-0.0130403,-0.0030000),(0.0212509,-0.0129625,-0.0030000),(0.0217516,-0.0129519,-0.0030000),(0.0212509,-0.0129625,-0.0030000),(0.0213412,-0.0128339,-0.0030000),(0.0217516,-0.0129519,-0.0030000),(0.0213412,-0.0128339,-0.0030000),(0.0213766,-0.0127478,-0.0030000),(0.0217516,-0.0129519,-0.0030000),(0.0213766,-0.0127478,-0.0030000),(0.0214057,-0.0126471,-0.0030000),(0.0217516,-0.0129519,-0.0030000),(0.0214057,-0.0126471,-0.0030000),(0.0214282,-0.0125319,-0.0030000),(0.0217516,-0.0129519,-0.0030000),(0.0214282,-0.0125319,-0.0030000),(0.0214444,-0.0124021,-0.0030000),(0.0217516,-0.0129519,-0.0030000),(0.0214444,-0.0124021,-0.0030000),(0.0214540,-0.0122578,-0.0030000),(0.0217516,-0.0129519,-0.0030000),(0.0214540,-0.0122578,-0.0030000),(0.0214572,-0.0120989,-0.0030000),(0.0217516,-0.0129519,-0.0030000),(0.0214572,-0.0120989,-0.0030000),(0.0214538,-0.0120075,-0.0030000),(0.0217516,-0.0129519,-0.0030000),(0.0214538,-0.0120075,-0.0030000),(0.0214435,-0.0119210,-0.0030000),(0.0217516,-0.0129519,-0.0030000),(0.0214435,-0.0119210,-0.0030000),(0.0214263,-0.0118395,-0.0030000),(0.0212159,-0.0109837,-0.0030000),(0.0217516,-0.0129519,-0.0030000),(0.0214263,-0.0118395,-0.0030000),(0.0212159,-0.0109837,-0.0030000),(0.0214263,-0.0118395,-0.0030000),(0.0214022,-0.0117629,-0.0030000),(0.0212159,-0.0109837,-0.0030000),(0.0214022,-0.0117629,-0.0030000),(0.0213334,-0.0116247,-0.0030000),(0.0212159,-0.0109837,-0.0030000),(0.0213334,-0.0116247,-0.0030000),(0.0212371,-0.0115063,-0.0030000),(0.0212159,-0.0109837,-0.0030000),(0.0212371,-0.0115063,-0.0030000),(0.0211458,-0.0114303,-0.0030000),(0.0212159,-0.0109837,-0.0030000),(0.0211458,-0.0114303,-0.0030000),(0.0210498,-0.0113761,-0.0030000),(0.0212159,-0.0109837,-0.0030000),(0.0210498,-0.0113761,-0.0030000),(0.0209490,-0.0113435,-0.0030000),(0.0212159,-0.0109837,-0.0030000),(0.0209490,-0.0113435,-0.0030000),(0.0208434,-0.0113327,-0.0030000),(0.0212159,-0.0109837,-0.0030000),(0.0208434,-0.0113327,-0.0030000),(0.0207408,-0.0113439,-0.0030000),(0.0212159,-0.0109837,-0.0030000),(0.0207408,-0.0113439,-0.0030000),(0.0206384,-0.0113777,-0.0030000),(0.0212159,-0.0109837,-0.0030000),(0.0206384,-0.0113777,-0.0030000),(0.0205360,-0.0114339,-0.0030000),(0.0198391,-0.0118280,-0.0030000),(0.0212159,-0.0109837,-0.0030000),(0.0205360,-0.0114339,-0.0030000),(0.0198391,-0.0118280,-0.0030000),(0.0205360,-0.0114339,-0.0030000),(0.0204338,-0.0115126,-0.0030000),(0.0198391,-0.0118280,-0.0030000),(0.0204338,-0.0115126,-0.0030000),(0.0203317,-0.0116555,-0.0030000),(0.0198391,-0.0118280,-0.0030000),(0.0203317,-0.0116555,-0.0030000),(0.0202922,-0.0117555,-0.0030000),(0.0198391,-0.0118280,-0.0030000),(0.0202922,-0.0117555,-0.0030000),(0.0202603,-0.0118746,-0.0030000),(0.0198391,-0.0118280,-0.0030000),(0.0202603,-0.0118746,-0.0030000),(0.0202162,-0.0119473,-0.0030000),(0.0198391,-0.0118280,-0.0030000),(0.0202162,-0.0119473,-0.0030000),(0.0201677,-0.0119992,-0.0030000),(0.0198391,-0.0118280,-0.0030000),(0.0201677,-0.0119992,-0.0030000),(0.0200571,-0.0120407,-0.0030000),(0.0198391,-0.0118280,-0.0030000),(0.0200571,-0.0120407,-0.0030000),(0.0200497,-0.0120407,-0.0030000),(0.0198391,-0.0118280,-0.0030000),(0.0200497,-0.0120407,-0.0030000),(0.0199758,-0.0120250,-0.0030000),(0.0198391,-0.0118280,-0.0030000),(0.0199758,-0.0120250,-0.0030000),(0.0199161,-0.0119844,-0.0030000),(0.0178748,-0.0125731,-0.0030000),(0.0174694,-0.0125731,-0.0030000),(0.0167794,-0.0125593,-0.0030000),(0.0181171,-0.0125731,-0.0030000),(0.0178748,-0.0125731,-0.0030000),(0.0167794,-0.0125593,-0.0030000),(0.0174694,-0.0139087,-0.0030000),(0.0174694,-0.0125731,-0.0030000),(0.0178748,-0.0125731,-0.0030000),(0.0174694,-0.0139087,-0.0030000),(0.0178748,-0.0125731,-0.0030000),(0.0178748,-0.0147606,-0.0030000),(0.0167794,-0.0125593,-0.0030000),(0.0174694,-0.0139087,-0.0030000),(0.0178748,-0.0147606,-0.0030000),(0.0167794,-0.0125593,-0.0030000),(0.0178748,-0.0147606,-0.0030000),(0.0178650,-0.0148355,-0.0030000),(0.0167794,-0.0125593,-0.0030000),(0.0178650,-0.0148355,-0.0030000),(0.0178356,-0.0148929,-0.0030000),(0.0167794,-0.0125593,-0.0030000),(0.0178356,-0.0148929,-0.0030000),(0.0177266,-0.0149670,-0.0030000),(0.0167794,-0.0125593,-0.0030000),(0.0177266,-0.0149670,-0.0030000),(0.0176663,-0.0149744,-0.0030000),(0.0167794,-0.0125593,-0.0030000),(0.0176663,-0.0149744,-0.0030000),(0.0175901,-0.0149649,-0.0030000),(0.0167794,-0.0125593,-0.0030000),(0.0175901,-0.0149649,-0.0030000),(0.0174832,-0.0148813,-0.0030000),(0.0167794,-0.0125593,-0.0030000),(0.0174832,-0.0148813,-0.0030000),(0.0162058,-0.0124619,-0.0030000),(0.0181171,-0.0125731,-0.0030000),(0.0167794,-0.0125593,-0.0030000),(0.0162058,-0.0124619,-0.0030000),(0.0181171,-0.0125731,-0.0030000),(0.0162058,-0.0124619,-0.0030000),(0.0161709,-0.0123349,-0.0030000),(0.0181171,-0.0125731,-0.0030000),(0.0161709,-0.0123349,-0.0030000),(0.0161963,-0.0122471,-0.0030000),(0.0181171,-0.0125731,-0.0030000),(0.0161963,-0.0122471,-0.0030000),(0.0162733,-0.0121725,-0.0030000),(0.0181171,-0.0125731,-0.0030000),(0.0162733,-0.0121725,-0.0030000),(0.0163836,-0.0121476,-0.0030000),(0.0181171,-0.0125731,-0.0030000),(0.0163836,-0.0121476,-0.0030000),(0.0174483,-0.0121476,-0.0030000),(0.0174483,-0.0121476,-0.0030000),(0.0174483,-0.0111358,-0.0030000),(0.0174639,-0.0110525,-0.0030000),(0.0174483,-0.0121476,-0.0030000),(0.0174639,-0.0110525,-0.0030000),(0.0175107,-0.0109845,-0.0030000),(0.0174483,-0.0121476,-0.0030000),(0.0175107,-0.0109845,-0.0030000),(0.0175795,-0.0109385,-0.0030000),(0.0174483,-0.0121476,-0.0030000),(0.0175795,-0.0109385,-0.0030000),(0.0176610,-0.0109231,-0.0030000),(0.0174483,-0.0121476,-0.0030000),(0.0176610,-0.0109231,-0.0030000),(0.0177433,-0.0109385,-0.0030000),(0.0174483,-0.0121476,-0.0030000),(0.0177433,-0.0109385,-0.0030000),(0.0178123,-0.0109845,-0.0030000),(0.0174483,-0.0121476,-0.0030000),(0.0178123,-0.0109845,-0.0030000),(0.0178592,-0.0110525,-0.0030000),(0.0174483,-0.0121476,-0.0030000),(0.0178592,-0.0110525,-0.0030000),(0.0178748,-0.0111358,-0.0030000),(0.0174483,-0.0121476,-0.0030000),(0.0178748,-0.0111358,-0.0030000),(0.0178748,-0.0121476,-0.0030000),(0.0181171,-0.0125731,-0.0030000),(0.0174483,-0.0121476,-0.0030000),(0.0178748,-0.0121476,-0.0030000),(0.0181171,-0.0125731,-0.0030000),(0.0178748,-0.0121476,-0.0030000),(0.0181171,-0.0121476,-0.0030000),(0.0181171,-0.0125731,-0.0030000),(0.0181171,-0.0121476,-0.0030000),(0.0182008,-0.0121632,-0.0030000),(0.0181171,-0.0125731,-0.0030000),(0.0182008,-0.0121632,-0.0030000),(0.0182695,-0.0122101,-0.0030000),(0.0181171,-0.0125731,-0.0030000),(0.0182695,-0.0122101,-0.0030000),(0.0183156,-0.0122788,-0.0030000),(0.0181171,-0.0125731,-0.0030000),(0.0183156,-0.0122788,-0.0030000),(0.0183309,-0.0123603,-0.0030000),(0.0181171,-0.0125731,-0.0030000),(0.0183309,-0.0123603,-0.0030000),(0.0183156,-0.0124418,-0.0030000),(0.0181171,-0.0125731,-0.0030000),(0.0183156,-0.0124418,-0.0030000),(0.0182695,-0.0125106,-0.0030000),(0.0181171,-0.0125731,-0.0030000),(0.0182695,-0.0125106,-0.0030000),(0.0182008,-0.0125575,-0.0030000),(0.0187490,-0.0109387,-0.0030000),(0.0188220,-0.0108321,-0.0030000),(0.0189286,-0.0107591,-0.0030000),(0.0187490,-0.0109387,-0.0030000),(0.0189286,-0.0107591,-0.0030000),(0.0190538,-0.0107347,-0.0030000),(0.0187490,-0.0109387,-0.0030000),(0.0190538,-0.0107347,-0.0030000),(0.0191787,-0.0107591,-0.0030000),(0.0187490,-0.0109387,-0.0030000),(0.0191787,-0.0107591,-0.0030000),(0.0192845,-0.0108321,-0.0030000),(0.0187490,-0.0109387,-0.0030000),(0.0192845,-0.0108321,-0.0030000),(0.0193575,-0.0109387,-0.0030000),(0.0187490,-0.0109387,-0.0030000),(0.0193575,-0.0109387,-0.0030000),(0.0193819,-0.0110639,-0.0030000),(0.0187490,-0.0109387,-0.0030000),(0.0193819,-0.0110639,-0.0030000),(0.0193575,-0.0111890,-0.0030000),(0.0187490,-0.0109387,-0.0030000),(0.0193575,-0.0111890,-0.0030000),(0.0192845,-0.0112957,-0.0030000),(0.0187490,-0.0109387,-0.0030000),(0.0192845,-0.0112957,-0.0030000),(0.0191787,-0.0113687,-0.0030000),(0.0187490,-0.0109387,-0.0030000),(0.0191787,-0.0113687,-0.0030000),(0.0190538,-0.0113930,-0.0030000),(0.0187490,-0.0109387,-0.0030000),(0.0190538,-0.0113930,-0.0030000),(0.0189286,-0.0113687,-0.0030000),(0.0187490,-0.0109387,-0.0030000),(0.0189286,-0.0113687,-0.0030000),(0.0188220,-0.0112957,-0.0030000),(0.0187490,-0.0109387,-0.0030000),(0.0188220,-0.0112957,-0.0030000),(0.0187490,-0.0111890,-0.0030000),(0.0187490,-0.0109387,-0.0030000),(0.0187490,-0.0111890,-0.0030000),(0.0187246,-0.0110639,-0.0030000),(0.0322079,-0.0115750,-0.0030000),(0.0322133,-0.0117073,-0.0030000),(0.0322133,-0.0133975,-0.0030000),(0.0322079,-0.0115750,-0.0030000),(0.0322133,-0.0133975,-0.0030000),(0.0322080,-0.0135281,-0.0030000),(0.0322079,-0.0115750,-0.0030000),(0.0322080,-0.0135281,-0.0030000),(0.0321920,-0.0136528,-0.0030000),(0.0322079,-0.0115750,-0.0030000),(0.0321920,-0.0136528,-0.0030000),(0.0321655,-0.0137714,-0.0030000),(0.0322079,-0.0115750,-0.0030000),(0.0321655,-0.0137714,-0.0030000),(0.0321283,-0.0138841,-0.0030000),(0.0322079,-0.0115750,-0.0030000),(0.0321283,-0.0138841,-0.0030000),(0.0320806,-0.0139908,-0.0030000),(0.0322079,-0.0115750,-0.0030000),(0.0320806,-0.0139908,-0.0030000),(0.0320222,-0.0140914,-0.0030000),(0.0322079,-0.0115750,-0.0030000),(0.0320222,-0.0140914,-0.0030000),(0.0319532,-0.0141861,-0.0030000),(0.0322079,-0.0115750,-0.0030000),(0.0319532,-0.0141861,-0.0030000),(0.0318735,-0.0142749,-0.0030000),(0.0322079,-0.0115750,-0.0030000),(0.0318735,-0.0142749,-0.0030000),(0.0317969,-0.0143466,-0.0030000),(0.0322079,-0.0115750,-0.0030000),(0.0317969,-0.0143466,-0.0030000),(0.0317171,-0.0144087,-0.0030000),(0.0322079,-0.0115750,-0.0030000),(0.0317171,-0.0144087,-0.0030000),(0.0316343,-0.0144612,-0.0030000),(0.0316343,-0.0144612,-0.0030000),(0.0315484,-0.0145043,-0.0030000),(0.0314594,-0.0145377,-0.0030000),(0.0316343,-0.0144612,-0.0030000),(0.0314594,-0.0145377,-0.0030000),(0.0313673,-0.0145616,-0.0030000),(0.0316343,-0.0144612,-0.0030000),(0.0313673,-0.0145616,-0.0030000),(0.0312722,-0.0145759,-0.0030000),(0.0316343,-0.0144612,-0.0030000),(0.0312722,-0.0145759,-0.0030000),(0.0311740,-0.0145807,-0.0030000),(0.0316343,-0.0144612,-0.0030000),(0.0311740,-0.0145807,-0.0030000),(0.0310769,-0.0145759,-0.0030000),(0.0316343,-0.0144612,-0.0030000),(0.0310769,-0.0145759,-0.0030000),(0.0309825,-0.0145616,-0.0030000),(0.0316343,-0.0144612,-0.0030000),(0.0309825,-0.0145616,-0.0030000),(0.0308908,-0.0145377,-0.0030000),(0.0316343,-0.0144612,-0.0030000),(0.0308908,-0.0145377,-0.0030000),(0.0308017,-0.0145043,-0.0030000),(0.0316343,-0.0144612,-0.0030000),(0.0308017,-0.0145043,-0.0030000),(0.0307154,-0.0144612,-0.0030000),(0.0316343,-0.0144612,-0.0030000),(0.0307154,-0.0144612,-0.0030000),(0.0306317,-0.0144087,-0.0030000),(0.0316343,-0.0144612,-0.0030000),(0.0306317,-0.0144087,-0.0030000),(0.0305506,-0.0143466,-0.0030000),(0.0316343,-0.0144612,-0.0030000),(0.0305506,-0.0143466,-0.0030000),(0.0304723,-0.0142749,-0.0030000),(0.0316343,-0.0144612,-0.0030000),(0.0304723,-0.0142749,-0.0030000),(0.0303927,-0.0141879,-0.0030000),(0.0316343,-0.0144612,-0.0030000),(0.0303927,-0.0141879,-0.0030000),(0.0303237,-0.0140947,-0.0030000),(0.0316343,-0.0144612,-0.0030000),(0.0303237,-0.0140947,-0.0030000),(0.0302653,-0.0139953,-0.0030000),(0.0316343,-0.0144612,-0.0030000),(0.0302653,-0.0139953,-0.0030000),(0.0302175,-0.0138896,-0.0030000),(0.0316343,-0.0144612,-0.0030000),(0.0302175,-0.0138896,-0.0030000),(0.0301804,-0.0137778,-0.0030000),(0.0301804,-0.0137778,-0.0030000),(0.0301538,-0.0136597,-0.0030000),(0.0301379,-0.0135354,-0.0030000),(0.0301804,-0.0137778,-0.0030000),(0.0301379,-0.0135354,-0.0030000),(0.0301326,-0.0134049,-0.0030000),(0.0301804,-0.0137778,-0.0030000),(0.0301326,-0.0134049,-0.0030000),(0.0301326,-0.0133975,-0.0030000),(0.0301804,-0.0137778,-0.0030000),(0.0301326,-0.0133975,-0.0030000),(0.0301326,-0.0117031,-0.0030000),(0.0301804,-0.0137778,-0.0030000),(0.0301326,-0.0117031,-0.0030000),(0.0301379,-0.0115718,-0.0030000),(0.0301804,-0.0137778,-0.0030000),(0.0301379,-0.0115718,-0.0030000),(0.0301538,-0.0114467,-0.0030000),(0.0301804,-0.0137778,-0.0030000),(0.0301538,-0.0114467,-0.0030000),(0.0301804,-0.0113277,-0.0030000),(0.0301804,-0.0137778,-0.0030000),(0.0301804,-0.0113277,-0.0030000),(0.0302175,-0.0112150,-0.0030000),(0.0301804,-0.0137778,-0.0030000),(0.0302175,-0.0112150,-0.0030000),(0.0302653,-0.0111084,-0.0030000),(0.0301804,-0.0137778,-0.0030000),(0.0302653,-0.0111084,-0.0030000),(0.0303237,-0.0110080,-0.0030000),(0.0301804,-0.0137778,-0.0030000),(0.0303237,-0.0110080,-0.0030000),(0.0303927,-0.0109138,-0.0030000),(0.0301804,-0.0137778,-0.0030000),(0.0303927,-0.0109138,-0.0030000),(0.0304723,-0.0108258,-0.0030000),(0.0304723,-0.0108258,-0.0030000),(0.0307761,-0.0111221,-0.0030000),(0.0306821,-0.0112384,-0.0030000),(0.0304723,-0.0108258,-0.0030000),(0.0306821,-0.0112384,-0.0030000),(0.0306149,-0.0113748,-0.0030000),(0.0304723,-0.0108258,-0.0030000),(0.0306149,-0.0113748,-0.0030000),(0.0305746,-0.0115311,-0.0030000),(0.0301804,-0.0137778,-0.0030000),(0.0304723,-0.0108258,-0.0030000),(0.0305746,-0.0115311,-0.0030000),(0.0301804,-0.0137778,-0.0030000),(0.0305746,-0.0115311,-0.0030000),(0.0305646,-0.0116167,-0.0030000),(0.0301804,-0.0137778,-0.0030000),(0.0305646,-0.0116167,-0.0030000),(0.0305612,-0.0117073,-0.0030000),(0.0301804,-0.0137778,-0.0030000),(0.0305612,-0.0117073,-0.0030000),(0.0305612,-0.0134049,-0.0030000),(0.0301804,-0.0137778,-0.0030000),(0.0305612,-0.0134049,-0.0030000),(0.0305645,-0.0134932,-0.0030000),(0.0301804,-0.0137778,-0.0030000),(0.0305645,-0.0134932,-0.0030000),(0.0305745,-0.0135766,-0.0030000),(0.0301804,-0.0137778,-0.0030000),(0.0305745,-0.0135766,-0.0030000),(0.0305911,-0.0136551,-0.0030000),(0.0301804,-0.0137778,-0.0030000),(0.0305911,-0.0136551,-0.0030000),(0.0306144,-0.0137288,-0.0030000),(0.0301804,-0.0137778,-0.0030000),(0.0306144,-0.0137288,-0.0030000),(0.0306809,-0.0138613,-0.0030000),(0.0301804,-0.0137778,-0.0030000),(0.0306809,-0.0138613,-0.0030000),(0.0307739,-0.0139743,-0.0030000),(0.0301804,-0.0137778,-0.0030000),(0.0307739,-0.0139743,-0.0030000),(0.0308692,-0.0140530,-0.0030000),(0.0301804,-0.0137778,-0.0030000),(0.0308692,-0.0140530,-0.0030000),(0.0309676,-0.0141092,-0.0030000),(0.0316343,-0.0144612,-0.0030000),(0.0301804,-0.0137778,-0.0030000),(0.0309676,-0.0141092,-0.0030000),(0.0316343,-0.0144612,-0.0030000),(0.0309676,-0.0141092,-0.0030000),(0.0310692,-0.0141430,-0.0030000),(0.0316343,-0.0144612,-0.0030000),(0.0310692,-0.0141430,-0.0030000),(0.0311740,-0.0141542,-0.0030000),(0.0316343,-0.0144612,-0.0030000),(0.0311740,-0.0141542,-0.0030000),(0.0312831,-0.0141430,-0.0030000),(0.0316343,-0.0144612,-0.0030000),(0.0312831,-0.0141430,-0.0030000),(0.0313859,-0.0141092,-0.0030000),(0.0316343,-0.0144612,-0.0030000),(0.0313859,-0.0141092,-0.0030000),(0.0314826,-0.0140530,-0.0030000),(0.0316343,-0.0144612,-0.0030000),(0.0314826,-0.0140530,-0.0030000),(0.0315730,-0.0139743,-0.0030000),(0.0316343,-0.0144612,-0.0030000),(0.0315730,-0.0139743,-0.0030000),(0.0316660,-0.0138557,-0.0030000),(0.0316343,-0.0144612,-0.0030000),(0.0316660,-0.0138557,-0.0030000),(0.0317325,-0.0137200,-0.0030000),(0.0316343,-0.0144612,-0.0030000),(0.0317325,-0.0137200,-0.0030000),(0.0317724,-0.0135673,-0.0030000),(0.0322079,-0.0115750,-0.0030000),(0.0316343,-0.0144612,-0.0030000),(0.0317724,-0.0135673,-0.0030000),(0.0322079,-0.0115750,-0.0030000),(0.0317724,-0.0135673,-0.0030000),(0.0317824,-0.0134845,-0.0030000),(0.0322079,-0.0115750,-0.0030000),(0.0317824,-0.0134845,-0.0030000),(0.0317857,-0.0133975,-0.0030000),(0.0322079,-0.0115750,-0.0030000),(0.0317857,-0.0133975,-0.0030000),(0.0317857,-0.0117073,-0.0030000),(0.0322079,-0.0115750,-0.0030000),(0.0317857,-0.0117073,-0.0030000),(0.0317824,-0.0116177,-0.0030000),(0.0322079,-0.0115750,-0.0030000),(0.0317824,-0.0116177,-0.0030000),(0.0317724,-0.0115329,-0.0030000),(0.0322079,-0.0115750,-0.0030000),(0.0317724,-0.0115329,-0.0030000),(0.0317558,-0.0114530,-0.0030000),(0.0322079,-0.0115750,-0.0030000),(0.0317558,-0.0114530,-0.0030000),(0.0317325,-0.0113779,-0.0030000),(0.0322079,-0.0115750,-0.0030000),(0.0317325,-0.0113779,-0.0030000),(0.0316660,-0.0112424,-0.0030000),(0.0322079,-0.0115750,-0.0030000),(0.0316660,-0.0112424,-0.0030000),(0.0315730,-0.0111263,-0.0030000),(0.0322079,-0.0115750,-0.0030000),(0.0315730,-0.0111263,-0.0030000),(0.0314818,-0.0110485,-0.0030000),(0.0308676,-0.0110462,-0.0030000),(0.0307761,-0.0111221,-0.0030000),(0.0304723,-0.0108258,-0.0030000),(0.0309644,-0.0109919,-0.0030000),(0.0308676,-0.0110462,-0.0030000),(0.0304723,-0.0108258,-0.0030000),(0.0310666,-0.0109594,-0.0030000),(0.0309644,-0.0109919,-0.0030000),(0.0304723,-0.0108258,-0.0030000),(0.0311740,-0.0109485,-0.0030000),(0.0310666,-0.0109594,-0.0030000),(0.0304723,-0.0108258,-0.0030000),(0.0312823,-0.0109596,-0.0030000),(0.0311740,-0.0109485,-0.0030000),(0.0304723,-0.0108258,-0.0030000),(0.0312823,-0.0109596,-0.0030000),(0.0304723,-0.0108258,-0.0030000),(0.0305492,-0.0107551,-0.0030000),(0.0312823,-0.0109596,-0.0030000),(0.0305492,-0.0107551,-0.0030000),(0.0306290,-0.0106938,-0.0030000),(0.0313849,-0.0109930,-0.0030000),(0.0312823,-0.0109596,-0.0030000),(0.0306290,-0.0106938,-0.0030000),(0.0313849,-0.0109930,-0.0030000),(0.0306290,-0.0106938,-0.0030000),(0.0307118,-0.0106420,-0.0030000),(0.0313849,-0.0109930,-0.0030000),(0.0307118,-0.0106420,-0.0030000),(0.0307975,-0.0105995,-0.0030000),(0.0314818,-0.0110485,-0.0030000),(0.0313849,-0.0109930,-0.0030000),(0.0307975,-0.0105995,-0.0030000),(0.0314818,-0.0110485,-0.0030000),(0.0307975,-0.0105995,-0.0030000),(0.0308861,-0.0105665,-0.0030000),(0.0322079,-0.0115750,-0.0030000),(0.0314818,-0.0110485,-0.0030000),(0.0308861,-0.0105665,-0.0030000),(0.0322079,-0.0115750,-0.0030000),(0.0308861,-0.0105665,-0.0030000),(0.0309777,-0.0105430,-0.0030000),(0.0322079,-0.0115750,-0.0030000),(0.0309777,-0.0105430,-0.0030000),(0.0310723,-0.0105288,-0.0030000),(0.0322079,-0.0115750,-0.0030000),(0.0310723,-0.0105288,-0.0030000),(0.0311698,-0.0105241,-0.0030000),(0.0322079,-0.0115750,-0.0030000),(0.0311698,-0.0105241,-0.0030000),(0.0312689,-0.0105288,-0.0030000),(0.0322079,-0.0115750,-0.0030000),(0.0312689,-0.0105288,-0.0030000),(0.0313648,-0.0105427,-0.0030000),(0.0322079,-0.0115750,-0.0030000),(0.0313648,-0.0105427,-0.0030000),(0.0314574,-0.0105658,-0.0030000),(0.0322079,-0.0115750,-0.0030000),(0.0314574,-0.0105658,-0.0030000),(0.0315468,-0.0105982,-0.0030000),(0.0322079,-0.0115750,-0.0030000),(0.0315468,-0.0105982,-0.0030000),(0.0316329,-0.0106399,-0.0030000),(0.0322079,-0.0115750,-0.0030000),(0.0316329,-0.0106399,-0.0030000),(0.0317157,-0.0106908,-0.0030000),(0.0322079,-0.0115750,-0.0030000),(0.0317157,-0.0106908,-0.0030000),(0.0317952,-0.0107510,-0.0030000),(0.0322079,-0.0115750,-0.0030000),(0.0317952,-0.0107510,-0.0030000),(0.0318714,-0.0108205,-0.0030000),(0.0322079,-0.0115750,-0.0030000),(0.0318714,-0.0108205,-0.0030000),(0.0319516,-0.0109098,-0.0030000),(0.0322079,-0.0115750,-0.0030000),(0.0319516,-0.0109098,-0.0030000),(0.0320210,-0.0110053,-0.0030000),(0.0322079,-0.0115750,-0.0030000),(0.0320210,-0.0110053,-0.0030000),(0.0320797,-0.0111069,-0.0030000),(0.0322079,-0.0115750,-0.0030000),(0.0320797,-0.0111069,-0.0030000),(0.0321278,-0.0112147,-0.0030000),(0.0322079,-0.0115750,-0.0030000),(0.0321278,-0.0112147,-0.0030000),(0.0321652,-0.0113286,-0.0030000),(0.0322079,-0.0115750,-0.0030000),(0.0321652,-0.0113286,-0.0030000),(0.0321919,-0.0114487,-0.0030000),(0.0274286,-0.0135209,-0.0030000),(0.0274233,-0.0133859,-0.0030000),(0.0274246,-0.0132826,-0.0030000),(0.0274286,-0.0135209,-0.0030000),(0.0274246,-0.0132826,-0.0030000),(0.0274285,-0.0131834,-0.0030000),(0.0274286,-0.0135209,-0.0030000),(0.0274285,-0.0131834,-0.0030000),(0.0274351,-0.0130883,-0.0030000),(0.0274286,-0.0135209,-0.0030000),(0.0274351,-0.0130883,-0.0030000),(0.0274442,-0.0129972,-0.0030000),(0.0274286,-0.0135209,-0.0030000),(0.0274442,-0.0129972,-0.0030000),(0.0274560,-0.0129102,-0.0030000),(0.0274286,-0.0135209,-0.0030000),(0.0274560,-0.0129102,-0.0030000),(0.0274704,-0.0128273,-0.0030000),(0.0274286,-0.0135209,-0.0030000),(0.0274704,-0.0128273,-0.0030000),(0.0274875,-0.0127484,-0.0030000),(0.0274286,-0.0135209,-0.0030000),(0.0274875,-0.0127484,-0.0030000),(0.0275071,-0.0126736,-0.0030000),(0.0274286,-0.0135209,-0.0030000),(0.0275071,-0.0126736,-0.0030000),(0.0275543,-0.0125362,-0.0030000),(0.0274286,-0.0135209,-0.0030000),(0.0275543,-0.0125362,-0.0030000),(0.0276120,-0.0124151,-0.0030000),(0.0274286,-0.0135209,-0.0030000),(0.0276120,-0.0124151,-0.0030000),(0.0276801,-0.0123103,-0.0030000),(0.0274286,-0.0135209,-0.0030000),(0.0276801,-0.0123103,-0.0030000),(0.0277587,-0.0122217,-0.0030000),(0.0274286,-0.0135209,-0.0030000),(0.0277587,-0.0122217,-0.0030000),(0.0278370,-0.0121513,-0.0030000),(0.0274286,-0.0135209,-0.0030000),(0.0278370,-0.0121513,-0.0030000),(0.0279178,-0.0120902,-0.0030000),(0.0274286,-0.0135209,-0.0030000),(0.0279178,-0.0120902,-0.0030000),(0.0280012,-0.0120385,-0.0030000),(0.0274286,-0.0135209,-0.0030000),(0.0280012,-0.0120385,-0.0030000),(0.0280871,-0.0119963,-0.0030000),(0.0274286,-0.0135209,-0.0030000),(0.0280871,-0.0119963,-0.0030000),(0.0281756,-0.0119634,-0.0030000),(0.0274286,-0.0135209,-0.0030000),(0.0281756,-0.0119634,-0.0030000),(0.0282666,-0.0119399,-0.0030000),(0.0274286,-0.0135209,-0.0030000),(0.0282666,-0.0119399,-0.0030000),(0.0283601,-0.0119258,-0.0030000),(0.0283601,-0.0119258,-0.0030000),(0.0284562,-0.0119211,-0.0030000),(0.0285453,-0.0119246,-0.0030000),(0.0283601,-0.0119258,-0.0030000),(0.0285453,-0.0119246,-0.0030000),(0.0286311,-0.0119352,-0.0030000),(0.0283601,-0.0119258,-0.0030000),(0.0286311,-0.0119352,-0.0030000),(0.0287136,-0.0119527,-0.0030000),(0.0283601,-0.0119258,-0.0030000),(0.0287136,-0.0119527,-0.0030000),(0.0287927,-0.0119772,-0.0030000),(0.0283601,-0.0119258,-0.0030000),(0.0287927,-0.0119772,-0.0030000),(0.0288686,-0.0120088,-0.0030000),(0.0283601,-0.0119258,-0.0030000),(0.0288686,-0.0120088,-0.0030000),(0.0289412,-0.0120473,-0.0030000),(0.0283601,-0.0119258,-0.0030000),(0.0289412,-0.0120473,-0.0030000),(0.0290104,-0.0120929,-0.0030000),(0.0283601,-0.0119258,-0.0030000),(0.0290104,-0.0120929,-0.0030000),(0.0290764,-0.0121455,-0.0030000),(0.0279649,-0.0112462,-0.0030000),(0.0278974,-0.0113877,-0.0030000),(0.0278143,-0.0114814,-0.0030000),(0.0279649,-0.0112462,-0.0030000),(0.0278143,-0.0114814,-0.0030000),(0.0276984,-0.0115338,-0.0030000),(0.0280593,-0.0111263,-0.0030000),(0.0279649,-0.0112462,-0.0030000),(0.0276984,-0.0115338,-0.0030000),(0.0280593,-0.0111263,-0.0030000),(0.0276984,-0.0115338,-0.0030000),(0.0276228,-0.0115030,-0.0030000),(0.0280593,-0.0111263,-0.0030000),(0.0276228,-0.0115030,-0.0030000),(0.0275622,-0.0114573,-0.0030000),(0.0281525,-0.0110485,-0.0030000),(0.0280593,-0.0111263,-0.0030000),(0.0275622,-0.0114573,-0.0030000),(0.0281525,-0.0110485,-0.0030000),(0.0275622,-0.0114573,-0.0030000),(0.0274857,-0.0113211,-0.0030000),(0.0282511,-0.0109930,-0.0030000),(0.0281525,-0.0110485,-0.0030000),(0.0274857,-0.0113211,-0.0030000),(0.0282511,-0.0109930,-0.0030000),(0.0274857,-0.0113211,-0.0030000),(0.0274931,-0.0112491,-0.0030000),(0.0282511,-0.0109930,-0.0030000),(0.0274931,-0.0112491,-0.0030000),(0.0275417,-0.0111314,-0.0030000),(0.0283552,-0.0109596,-0.0030000),(0.0282511,-0.0109930,-0.0030000),(0.0275417,-0.0111314,-0.0030000),(0.0283552,-0.0109596,-0.0030000),(0.0275417,-0.0111314,-0.0030000),(0.0276029,-0.0110215,-0.0030000),(0.0284647,-0.0109485,-0.0030000),(0.0283552,-0.0109596,-0.0030000),(0.0276029,-0.0110215,-0.0030000),(0.0284647,-0.0109485,-0.0030000),(0.0276029,-0.0110215,-0.0030000),(0.0276767,-0.0109197,-0.0030000),(0.0284647,-0.0109485,-0.0030000),(0.0276767,-0.0109197,-0.0030000),(0.0277630,-0.0108258,-0.0030000),(0.0285592,-0.0109602,-0.0030000),(0.0284647,-0.0109485,-0.0030000),(0.0277630,-0.0108258,-0.0030000),(0.0285592,-0.0109602,-0.0030000),(0.0277630,-0.0108258,-0.0030000),(0.0278399,-0.0107551,-0.0030000),(0.0285592,-0.0109602,-0.0030000),(0.0278399,-0.0107551,-0.0030000),(0.0279199,-0.0106938,-0.0030000),(0.0286599,-0.0109954,-0.0030000),(0.0285592,-0.0109602,-0.0030000),(0.0279199,-0.0106938,-0.0030000),(0.0286599,-0.0109954,-0.0030000),(0.0279199,-0.0106938,-0.0030000),(0.0280030,-0.0106420,-0.0030000),(0.0286599,-0.0109954,-0.0030000),(0.0280030,-0.0106420,-0.0030000),(0.0280892,-0.0105995,-0.0030000),(0.0287667,-0.0110539,-0.0030000),(0.0286599,-0.0109954,-0.0030000),(0.0280892,-0.0105995,-0.0030000),(0.0287667,-0.0110539,-0.0030000),(0.0280892,-0.0105995,-0.0030000),(0.0281785,-0.0105665,-0.0030000),(0.0288795,-0.0111358,-0.0030000),(0.0287667,-0.0110539,-0.0030000),(0.0281785,-0.0105665,-0.0030000),(0.0288795,-0.0111358,-0.0030000),(0.0281785,-0.0105665,-0.0030000),(0.0282708,-0.0105430,-0.0030000),(0.0288795,-0.0111358,-0.0030000),(0.0282708,-0.0105430,-0.0030000),(0.0283662,-0.0105288,-0.0030000),(0.0289656,-0.0112339,-0.0030000),(0.0288795,-0.0111358,-0.0030000),(0.0283662,-0.0105288,-0.0030000),(0.0289656,-0.0112339,-0.0030000),(0.0283662,-0.0105288,-0.0030000),(0.0284647,-0.0105241,-0.0030000),(0.0289656,-0.0112339,-0.0030000),(0.0284647,-0.0105241,-0.0030000),(0.0285495,-0.0105287,-0.0030000),(0.0289656,-0.0112339,-0.0030000),(0.0285495,-0.0105287,-0.0030000),(0.0286348,-0.0105423,-0.0030000),(0.0290272,-0.0113618,-0.0030000),(0.0289656,-0.0112339,-0.0030000),(0.0286348,-0.0105423,-0.0030000),(0.0290272,-0.0113618,-0.0030000),(0.0286348,-0.0105423,-0.0030000),(0.0287204,-0.0105649,-0.0030000),(0.0290272,-0.0113618,-0.0030000),(0.0287204,-0.0105649,-0.0030000),(0.0288065,-0.0105966,-0.0030000),(0.0290272,-0.0113618,-0.0030000),(0.0288065,-0.0105966,-0.0030000),(0.0288930,-0.0106374,-0.0030000),(0.0290487,-0.0114370,-0.0030000),(0.0290272,-0.0113618,-0.0030000),(0.0288930,-0.0106374,-0.0030000),(0.0290487,-0.0114370,-0.0030000),(0.0288930,-0.0106374,-0.0030000),(0.0289798,-0.0106872,-0.0030000),(0.0290641,-0.0115196,-0.0030000),(0.0290487,-0.0114370,-0.0030000),(0.0289798,-0.0106872,-0.0030000),(0.0290733,-0.0116098,-0.0030000),(0.0290641,-0.0115196,-0.0030000),(0.0289798,-0.0106872,-0.0030000),(0.0290733,-0.0116098,-0.0030000),(0.0289798,-0.0106872,-0.0030000),(0.0290670,-0.0107462,-0.0030000),(0.0290764,-0.0117073,-0.0030000),(0.0290733,-0.0116098,-0.0030000),(0.0290670,-0.0107462,-0.0030000),(0.0290764,-0.0117073,-0.0030000),(0.0290670,-0.0107462,-0.0030000),(0.0291547,-0.0108141,-0.0030000),(0.0290764,-0.0121455,-0.0030000),(0.0290764,-0.0117073,-0.0030000),(0.0291547,-0.0108141,-0.0030000),(0.0290764,-0.0121455,-0.0030000),(0.0291547,-0.0108141,-0.0030000),(0.0292365,-0.0108919,-0.0030000),(0.0290764,-0.0121455,-0.0030000),(0.0292365,-0.0108919,-0.0030000),(0.0293075,-0.0109791,-0.0030000),(0.0290764,-0.0121455,-0.0030000),(0.0293075,-0.0109791,-0.0030000),(0.0293675,-0.0110758,-0.0030000),(0.0290764,-0.0121455,-0.0030000),(0.0293675,-0.0110758,-0.0030000),(0.0294166,-0.0111819,-0.0030000),(0.0290764,-0.0121455,-0.0030000),(0.0294166,-0.0111819,-0.0030000),(0.0294548,-0.0112975,-0.0030000),(0.0290764,-0.0121455,-0.0030000),(0.0294548,-0.0112975,-0.0030000),(0.0294821,-0.0114225,-0.0030000),(0.0290764,-0.0121455,-0.0030000),(0.0294821,-0.0114225,-0.0030000),(0.0294985,-0.0115570,-0.0030000),(0.0290764,-0.0121455,-0.0030000),(0.0294985,-0.0115570,-0.0030000),(0.0295039,-0.0117010,-0.0030000),(0.0290764,-0.0121455,-0.0030000),(0.0295039,-0.0117010,-0.0030000),(0.0295039,-0.0130176,-0.0030000),(0.0283601,-0.0119258,-0.0030000),(0.0290764,-0.0121455,-0.0030000),(0.0295039,-0.0130176,-0.0030000),(0.0295039,-0.0130176,-0.0030000),(0.0291081,-0.0130059,-0.0030000),(0.0290926,-0.0128830,-0.0030000),(0.0295039,-0.0130176,-0.0030000),(0.0290926,-0.0128830,-0.0030000),(0.0290462,-0.0127617,-0.0030000),(0.0295039,-0.0130176,-0.0030000),(0.0290462,-0.0127617,-0.0030000),(0.0289688,-0.0126422,-0.0030000),(0.0283601,-0.0119258,-0.0030000),(0.0295039,-0.0130176,-0.0030000),(0.0289688,-0.0126422,-0.0030000),(0.0283601,-0.0119258,-0.0030000),(0.0289688,-0.0126422,-0.0030000),(0.0288605,-0.0125244,-0.0030000),(0.0283601,-0.0119258,-0.0030000),(0.0288605,-0.0125244,-0.0030000),(0.0287650,-0.0124457,-0.0030000),(0.0283601,-0.0119258,-0.0030000),(0.0287650,-0.0124457,-0.0030000),(0.0286657,-0.0123894,-0.0030000),(0.0283601,-0.0119258,-0.0030000),(0.0286657,-0.0123894,-0.0030000),(0.0285628,-0.0123557,-0.0030000),(0.0283601,-0.0119258,-0.0030000),(0.0285628,-0.0123557,-0.0030000),(0.0284562,-0.0123445,-0.0030000),(0.0283601,-0.0119258,-0.0030000),(0.0284562,-0.0123445,-0.0030000),(0.0283500,-0.0123557,-0.0030000),(0.0283601,-0.0119258,-0.0030000),(0.0283500,-0.0123557,-0.0030000),(0.0282474,-0.0123894,-0.0030000),(0.0283601,-0.0119258,-0.0030000),(0.0282474,-0.0123894,-0.0030000),(0.0281484,-0.0124457,-0.0030000),(0.0283601,-0.0119258,-0.0030000),(0.0281484,-0.0124457,-0.0030000),(0.0280530,-0.0125244,-0.0030000),(0.0283601,-0.0119258,-0.0030000),(0.0280530,-0.0125244,-0.0030000),(0.0279650,-0.0126532,-0.0030000),(0.0274286,-0.0135209,-0.0030000),(0.0283601,-0.0119258,-0.0030000),(0.0279650,-0.0126532,-0.0030000),(0.0274286,-0.0135209,-0.0030000),(0.0279650,-0.0126532,-0.0030000),(0.0279304,-0.0127393,-0.0030000),(0.0274286,-0.0135209,-0.0030000),(0.0279304,-0.0127393,-0.0030000),(0.0279022,-0.0128398,-0.0030000),(0.0274286,-0.0135209,-0.0030000),(0.0279022,-0.0128398,-0.0030000),(0.0278802,-0.0129547,-0.0030000),(0.0274286,-0.0135209,-0.0030000),(0.0278802,-0.0129547,-0.0030000),(0.0278644,-0.0130840,-0.0030000),(0.0274286,-0.0135209,-0.0030000),(0.0278644,-0.0130840,-0.0030000),(0.0278550,-0.0132277,-0.0030000),(0.0274286,-0.0135209,-0.0030000),(0.0278550,-0.0132277,-0.0030000),(0.0278519,-0.0133859,-0.0030000),(0.0274286,-0.0135209,-0.0030000),(0.0278519,-0.0133859,-0.0030000),(0.0278552,-0.0134773,-0.0030000),(0.0274286,-0.0135209,-0.0030000),(0.0278552,-0.0134773,-0.0030000),(0.0278653,-0.0135637,-0.0030000),(0.0274286,-0.0135209,-0.0030000),(0.0278653,-0.0135637,-0.0030000),(0.0278821,-0.0136450,-0.0030000),(0.0274286,-0.0135209,-0.0030000),(0.0278821,-0.0136450,-0.0030000),(0.0279056,-0.0137214,-0.0030000),(0.0274286,-0.0135209,-0.0030000),(0.0279056,-0.0137214,-0.0030000),(0.0279727,-0.0138589,-0.0030000),(0.0274286,-0.0135209,-0.0030000),(0.0279727,-0.0138589,-0.0030000),(0.0280667,-0.0139764,-0.0030000),(0.0274286,-0.0135209,-0.0030000),(0.0280667,-0.0139764,-0.0030000),(0.0281580,-0.0140542,-0.0030000),(0.0291072,-0.0130971,-0.0030000),(0.0291081,-0.0130059,-0.0030000),(0.0295039,-0.0130176,-0.0030000),(0.0291044,-0.0131843,-0.0030000),(0.0291072,-0.0130971,-0.0030000),(0.0295039,-0.0130176,-0.0030000),(0.0290932,-0.0133462,-0.0030000),(0.0291044,-0.0131843,-0.0030000),(0.0295039,-0.0130176,-0.0030000),(0.0290746,-0.0134918,-0.0030000),(0.0290932,-0.0133462,-0.0030000),(0.0295039,-0.0130176,-0.0030000),(0.0290486,-0.0136211,-0.0030000),(0.0290746,-0.0134918,-0.0030000),(0.0295039,-0.0130176,-0.0030000),(0.0290151,-0.0137339,-0.0030000),(0.0290486,-0.0136211,-0.0030000),(0.0295039,-0.0130176,-0.0030000),(0.0289742,-0.0138304,-0.0030000),(0.0290151,-0.0137339,-0.0030000),(0.0295039,-0.0130176,-0.0030000),(0.0289258,-0.0139106,-0.0030000),(0.0289742,-0.0138304,-0.0030000),(0.0295039,-0.0130176,-0.0030000),(0.0289258,-0.0139106,-0.0030000),(0.0295039,-0.0130176,-0.0030000),(0.0295026,-0.0131330,-0.0030000),(0.0289258,-0.0139106,-0.0030000),(0.0295026,-0.0131330,-0.0030000),(0.0294986,-0.0132436,-0.0030000),(0.0289258,-0.0139106,-0.0030000),(0.0294986,-0.0132436,-0.0030000),(0.0294919,-0.0133493,-0.0030000),(0.0288700,-0.0139743,-0.0030000),(0.0289258,-0.0139106,-0.0030000),(0.0294919,-0.0133493,-0.0030000),(0.0288700,-0.0139743,-0.0030000),(0.0294919,-0.0133493,-0.0030000),(0.0294826,-0.0134502,-0.0030000),(0.0288700,-0.0139743,-0.0030000),(0.0294826,-0.0134502,-0.0030000),(0.0294706,-0.0135463,-0.0030000),(0.0287734,-0.0140530,-0.0030000),(0.0288700,-0.0139743,-0.0030000),(0.0294706,-0.0135463,-0.0030000),(0.0287734,-0.0140530,-0.0030000),(0.0294706,-0.0135463,-0.0030000),(0.0294559,-0.0136374,-0.0030000),(0.0287734,-0.0140530,-0.0030000),(0.0294559,-0.0136374,-0.0030000),(0.0294385,-0.0137238,-0.0030000),(0.0286729,-0.0141092,-0.0030000),(0.0287734,-0.0140530,-0.0030000),(0.0294385,-0.0137238,-0.0030000),(0.0286729,-0.0141092,-0.0030000),(0.0294385,-0.0137238,-0.0030000),(0.0294185,-0.0138052,-0.0030000),(0.0286729,-0.0141092,-0.0030000),(0.0294185,-0.0138052,-0.0030000),(0.0293958,-0.0138818,-0.0030000),(0.0285686,-0.0141430,-0.0030000),(0.0286729,-0.0141092,-0.0030000),(0.0293958,-0.0138818,-0.0030000),(0.0285686,-0.0141430,-0.0030000),(0.0293958,-0.0138818,-0.0030000),(0.0293704,-0.0139536,-0.0030000),(0.0285686,-0.0141430,-0.0030000),(0.0293704,-0.0139536,-0.0030000),(0.0293117,-0.0140826,-0.0030000),(0.0284604,-0.0141542,-0.0030000),(0.0285686,-0.0141430,-0.0030000),(0.0293117,-0.0140826,-0.0030000),(0.0284604,-0.0141542,-0.0030000),(0.0293117,-0.0140826,-0.0030000),(0.0292422,-0.0141921,-0.0030000),(0.0284604,-0.0141542,-0.0030000),(0.0292422,-0.0141921,-0.0030000),(0.0291621,-0.0142823,-0.0030000),(0.0283549,-0.0141431,-0.0030000),(0.0284604,-0.0141542,-0.0030000),(0.0291621,-0.0142823,-0.0030000),(0.0283549,-0.0141431,-0.0030000),(0.0291621,-0.0142823,-0.0030000),(0.0290825,-0.0143522,-0.0030000),(0.0283549,-0.0141431,-0.0030000),(0.0290825,-0.0143522,-0.0030000),(0.0290003,-0.0144128,-0.0030000),(0.0282540,-0.0141098,-0.0030000),(0.0283549,-0.0141431,-0.0030000),(0.0290003,-0.0144128,-0.0030000),(0.0282540,-0.0141098,-0.0030000),(0.0290003,-0.0144128,-0.0030000),(0.0289155,-0.0144641,-0.0030000),(0.0282540,-0.0141098,-0.0030000),(0.0289155,-0.0144641,-0.0030000),(0.0288282,-0.0145061,-0.0030000),(0.0281580,-0.0140542,-0.0030000),(0.0282540,-0.0141098,-0.0030000),(0.0288282,-0.0145061,-0.0030000),(0.0281580,-0.0140542,-0.0030000),(0.0288282,-0.0145061,-0.0030000),(0.0287383,-0.0145388,-0.0030000),(0.0274286,-0.0135209,-0.0030000),(0.0281580,-0.0140542,-0.0030000),(0.0287383,-0.0145388,-0.0030000),(0.0274286,-0.0135209,-0.0030000),(0.0287383,-0.0145388,-0.0030000),(0.0286458,-0.0145621,-0.0030000),(0.0274286,-0.0135209,-0.0030000),(0.0286458,-0.0145621,-0.0030000),(0.0285507,-0.0145761,-0.0030000),(0.0274286,-0.0135209,-0.0030000),(0.0285507,-0.0145761,-0.0030000),(0.0284530,-0.0145807,-0.0030000),(0.0274286,-0.0135209,-0.0030000),(0.0284530,-0.0145807,-0.0030000),(0.0283578,-0.0145760,-0.0030000),(0.0274286,-0.0135209,-0.0030000),(0.0283578,-0.0145760,-0.0030000),(0.0282652,-0.0145617,-0.0030000),(0.0274286,-0.0135209,-0.0030000),(0.0282652,-0.0145617,-0.0030000),(0.0281754,-0.0145380,-0.0030000),(0.0274286,-0.0135209,-0.0030000),(0.0281754,-0.0145380,-0.0030000),(0.0280882,-0.0145048,-0.0030000),(0.0274286,-0.0135209,-0.0030000),(0.0280882,-0.0145048,-0.0030000),(0.0280036,-0.0144621,-0.0030000),(0.0274286,-0.0135209,-0.0030000),(0.0280036,-0.0144621,-0.0030000),(0.0279218,-0.0144099,-0.0030000),(0.0274286,-0.0135209,-0.0030000),(0.0279218,-0.0144099,-0.0030000),(0.0278426,-0.0143482,-0.0030000),(0.0274286,-0.0135209,-0.0030000),(0.0278426,-0.0143482,-0.0030000),(0.0277662,-0.0142770,-0.0030000),(0.0274286,-0.0135209,-0.0030000),(0.0277662,-0.0142770,-0.0030000),(0.0276858,-0.0141892,-0.0030000),(0.0274286,-0.0135209,-0.0030000),(0.0276858,-0.0141892,-0.0030000),(0.0276161,-0.0140947,-0.0030000),(0.0274286,-0.0135209,-0.0030000),(0.0276161,-0.0140947,-0.0030000),(0.0275572,-0.0139934,-0.0030000),(0.0274286,-0.0135209,-0.0030000),(0.0275572,-0.0139934,-0.0030000),(0.0275090,-0.0138854,-0.0030000),(0.0274286,-0.0135209,-0.0030000),(0.0275090,-0.0138854,-0.0030000),(0.0274715,-0.0137706,-0.0030000),(0.0274286,-0.0135209,-0.0030000),(0.0274715,-0.0137706,-0.0030000),(0.0274447,-0.0136491,-0.0030000),(0.0253267,-0.0129117,-0.0030000),(0.0241900,-0.0144876,-0.0030000),(0.0241276,-0.0145434,-0.0030000),(0.0253267,-0.0129117,-0.0030000),(0.0241276,-0.0145434,-0.0030000),(0.0240482,-0.0145712,-0.0030000),(0.0253267,-0.0129117,-0.0030000),(0.0240482,-0.0145712,-0.0030000),(0.0240144,-0.0145765,-0.0030000),(0.0253267,-0.0129117,-0.0030000),(0.0240144,-0.0145765,-0.0030000),(0.0238937,-0.0145342,-0.0030000),(0.0253267,-0.0129117,-0.0030000),(0.0238937,-0.0145342,-0.0030000),(0.0238339,-0.0144709,-0.0030000),(0.0253267,-0.0129117,-0.0030000),(0.0238339,-0.0144709,-0.0030000),(0.0238027,-0.0143955,-0.0030000),(0.0253267,-0.0129117,-0.0030000),(0.0238027,-0.0143955,-0.0030000),(0.0238006,-0.0143606,-0.0030000),(0.0253267,-0.0129117,-0.0030000),(0.0238006,-0.0143606,-0.0030000),(0.0238429,-0.0142399,-0.0030000),(0.0253267,-0.0129117,-0.0030000),(0.0238429,-0.0142399,-0.0030000),(0.0250621,-0.0125508,-0.0030000),(0.0253267,-0.0129117,-0.0030000),(0.0250621,-0.0125508,-0.0030000),(0.0238429,-0.0108607,-0.0030000),(0.0253267,-0.0129117,-0.0030000),(0.0238429,-0.0108607,-0.0030000),(0.0238006,-0.0107400,-0.0030000),(0.0264633,-0.0144876,-0.0030000),(0.0253267,-0.0129117,-0.0030000),(0.0238006,-0.0107400,-0.0030000),(0.0264633,-0.0144876,-0.0030000),(0.0238006,-0.0107400,-0.0030000),(0.0238027,-0.0107051,-0.0030000),(0.0264633,-0.0144876,-0.0030000),(0.0238027,-0.0107051,-0.0030000),(0.0238326,-0.0106249,-0.0030000),(0.0264633,-0.0144876,-0.0030000),(0.0238326,-0.0106249,-0.0030000),(0.0238884,-0.0105643,-0.0030000),(0.0264633,-0.0144876,-0.0030000),(0.0238884,-0.0105643,-0.0030000),(0.0240144,-0.0105241,-0.0030000),(0.0264633,-0.0144876,-0.0030000),(0.0240144,-0.0105241,-0.0030000),(0.0240482,-0.0105273,-0.0030000),(0.0264633,-0.0144876,-0.0030000),(0.0240482,-0.0105273,-0.0030000),(0.0241271,-0.0105556,-0.0030000),(0.0264633,-0.0144876,-0.0030000),(0.0241271,-0.0105556,-0.0030000),(0.0241879,-0.0106130,-0.0030000),(0.0264633,-0.0144876,-0.0030000),(0.0241879,-0.0106130,-0.0030000),(0.0253267,-0.0121847,-0.0030000),(0.0253267,-0.0121847,-0.0030000),(0.0264633,-0.0106130,-0.0030000),(0.0265258,-0.0105556,-0.0030000),(0.0253267,-0.0121847,-0.0030000),(0.0265258,-0.0105556,-0.0030000),(0.0266073,-0.0105273,-0.0030000),(0.0253267,-0.0121847,-0.0030000),(0.0266073,-0.0105273,-0.0030000),(0.0266411,-0.0105241,-0.0030000),(0.0253267,-0.0121847,-0.0030000),(0.0266411,-0.0105241,-0.0030000),(0.0267660,-0.0105643,-0.0030000),(0.0253267,-0.0121847,-0.0030000),(0.0267660,-0.0105643,-0.0030000),(0.0268213,-0.0106249,-0.0030000),(0.0253267,-0.0121847,-0.0030000),(0.0268213,-0.0106249,-0.0030000),(0.0268475,-0.0107051,-0.0030000),(0.0253267,-0.0121847,-0.0030000),(0.0268475,-0.0107051,-0.0030000),(0.0268496,-0.0107400,-0.0030000),(0.0253267,-0.0121847,-0.0030000),(0.0268496,-0.0107400,-0.0030000),(0.0268105,-0.0108607,-0.0030000),(0.0253267,-0.0121847,-0.0030000),(0.0268105,-0.0108607,-0.0030000),(0.0255902,-0.0125508,-0.0030000),(0.0264633,-0.0144876,-0.0030000),(0.0253267,-0.0121847,-0.0030000),(0.0255902,-0.0125508,-0.0030000),(0.0264633,-0.0144876,-0.0030000),(0.0255902,-0.0125508,-0.0030000),(0.0268105,-0.0142399,-0.0030000),(0.0264633,-0.0144876,-0.0030000),(0.0268105,-0.0142399,-0.0030000),(0.0268549,-0.0143606,-0.0030000),(0.0264633,-0.0144876,-0.0030000),(0.0268549,-0.0143606,-0.0030000),(0.0268496,-0.0143955,-0.0030000),(0.0264633,-0.0144876,-0.0030000),(0.0268496,-0.0143955,-0.0030000),(0.0268208,-0.0144709,-0.0030000),(0.0264633,-0.0144876,-0.0030000),(0.0268208,-0.0144709,-0.0030000),(0.0267618,-0.0145342,-0.0030000),(0.0264633,-0.0144876,-0.0030000),(0.0267618,-0.0145342,-0.0030000),(0.0266411,-0.0145765,-0.0030000),(0.0264633,-0.0144876,-0.0030000),(0.0266411,-0.0145765,-0.0030000),(0.0266073,-0.0145712,-0.0030000),(0.0264633,-0.0144876,-0.0030000),(0.0266073,-0.0145712,-0.0030000),(0.0265258,-0.0145434,-0.0030000),(0.0332765,-0.0150242,-0.0030000),(0.0332070,-0.0149607,-0.0030000),(0.0331438,-0.0148912,-0.0030000),(0.0332765,-0.0150242,-0.0030000),(0.0331438,-0.0148912,-0.0030000),(0.0330890,-0.0148182,-0.0030000),(0.0332765,-0.0150242,-0.0030000),(0.0330890,-0.0148182,-0.0030000),(0.0330426,-0.0147417,-0.0030000),(0.0332765,-0.0150242,-0.0030000),(0.0330426,-0.0147417,-0.0030000),(0.0330046,-0.0146617,-0.0030000),(0.0332765,-0.0150242,-0.0030000),(0.0330046,-0.0146617,-0.0030000),(0.0329751,-0.0145782,-0.0030000),(0.0332765,-0.0150242,-0.0030000),(0.0329751,-0.0145782,-0.0030000),(0.0329540,-0.0144912,-0.0030000),(0.0332765,-0.0150242,-0.0030000),(0.0329540,-0.0144912,-0.0030000),(0.0329414,-0.0144006,-0.0030000),(0.0332765,-0.0150242,-0.0030000),(0.0329414,-0.0144006,-0.0030000),(0.0329372,-0.0143066,-0.0030000),(0.0332765,-0.0150242,-0.0030000),(0.0329372,-0.0143066,-0.0030000),(0.0329414,-0.0142126,-0.0030000),(0.0332765,-0.0150242,-0.0030000),(0.0329414,-0.0142126,-0.0030000),(0.0329540,-0.0141221,-0.0030000),(0.0332765,-0.0150242,-0.0030000),(0.0329540,-0.0141221,-0.0030000),(0.0329751,-0.0140351,-0.0030000),(0.0332765,-0.0150242,-0.0030000),(0.0329751,-0.0140351,-0.0030000),(0.0330046,-0.0139515,-0.0030000),(0.0332765,-0.0150242,-0.0030000),(0.0330046,-0.0139515,-0.0030000),(0.0330426,-0.0138715,-0.0030000),(0.0332765,-0.0150242,-0.0030000),(0.0330426,-0.0138715,-0.0030000),(0.0330890,-0.0137950,-0.0030000),(0.0332765,-0.0150242,-0.0030000),(0.0330890,-0.0137950,-0.0030000),(0.0331438,-0.0137221,-0.0030000),(0.0332765,-0.0150242,-0.0030000),(0.0331438,-0.0137221,-0.0030000),(0.0332070,-0.0136526,-0.0030000),(0.0332070,-0.0136526,-0.0030000),(0.0335129,-0.0139574,-0.0030000),(0.0334504,-0.0140331,-0.0030000),(0.0332070,-0.0136526,-0.0030000),(0.0334504,-0.0140331,-0.0030000),(0.0334058,-0.0141164,-0.0030000),(0.0332070,-0.0136526,-0.0030000),(0.0334058,-0.0141164,-0.0030000),(0.0333790,-0.0142072,-0.0030000),(0.0332765,-0.0150242,-0.0030000),(0.0332070,-0.0136526,-0.0030000),(0.0333790,-0.0142072,-0.0030000),(0.0332765,-0.0150242,-0.0030000),(0.0333790,-0.0142072,-0.0030000),(0.0333700,-0.0143056,-0.0030000),(0.0332765,-0.0150242,-0.0030000),(0.0333700,-0.0143056,-0.0030000),(0.0333790,-0.0144044,-0.0030000),(0.0332765,-0.0150242,-0.0030000),(0.0333790,-0.0144044,-0.0030000),(0.0334058,-0.0144955,-0.0030000),(0.0332765,-0.0150242,-0.0030000),(0.0334058,-0.0144955,-0.0030000),(0.0334504,-0.0145790,-0.0030000),(0.0332765,-0.0150242,-0.0030000),(0.0334504,-0.0145790,-0.0030000),(0.0335129,-0.0146548,-0.0030000),(0.0332765,-0.0150242,-0.0030000),(0.0335129,-0.0146548,-0.0030000),(0.0335886,-0.0147178,-0.0030000),(0.0332765,-0.0150242,-0.0030000),(0.0335886,-0.0147178,-0.0030000),(0.0336719,-0.0147628,-0.0030000),(0.0332765,-0.0150242,-0.0030000),(0.0336719,-0.0147628,-0.0030000),(0.0337627,-0.0147897,-0.0030000),(0.0332765,-0.0150242,-0.0030000),(0.0337627,-0.0147897,-0.0030000),(0.0338611,-0.0147987,-0.0030000),(0.0332765,-0.0150242,-0.0030000),(0.0338611,-0.0147987,-0.0030000),(0.0339599,-0.0147897,-0.0030000),(0.0332765,-0.0150242,-0.0030000),(0.0339599,-0.0147897,-0.0030000),(0.0340508,-0.0147628,-0.0030000),(0.0335886,-0.0138949,-0.0030000),(0.0335129,-0.0139574,-0.0030000),(0.0332070,-0.0136526,-0.0030000),(0.0336719,-0.0138502,-0.0030000),(0.0335886,-0.0138949,-0.0030000),(0.0332070,-0.0136526,-0.0030000),(0.0337627,-0.0138234,-0.0030000),(0.0336719,-0.0138502,-0.0030000),(0.0332070,-0.0136526,-0.0030000),(0.0338611,-0.0138145,-0.0030000),(0.0337627,-0.0138234,-0.0030000),(0.0332070,-0.0136526,-0.0030000),(0.0339599,-0.0138234,-0.0030000),(0.0338611,-0.0138145,-0.0030000),(0.0332070,-0.0136526,-0.0030000),(0.0339599,-0.0138234,-0.0030000),(0.0332070,-0.0136526,-0.0030000),(0.0332765,-0.0135891,-0.0030000),(0.0340508,-0.0138502,-0.0030000),(0.0339599,-0.0138234,-0.0030000),(0.0332765,-0.0135891,-0.0030000),(0.0340508,-0.0138502,-0.0030000),(0.0332765,-0.0135891,-0.0030000),(0.0333495,-0.0135340,-0.0030000),(0.0340508,-0.0138502,-0.0030000),(0.0333495,-0.0135340,-0.0030000),(0.0334260,-0.0134875,-0.0030000),(0.0341340,-0.0138949,-0.0030000),(0.0340508,-0.0138502,-0.0030000),(0.0334260,-0.0134875,-0.0030000),(0.0341340,-0.0138949,-0.0030000),(0.0334260,-0.0134875,-0.0030000),(0.0335060,-0.0134494,-0.0030000),(0.0341340,-0.0138949,-0.0030000),(0.0335060,-0.0134494,-0.0030000),(0.0335895,-0.0134197,-0.0030000),(0.0342093,-0.0139574,-0.0030000),(0.0341340,-0.0138949,-0.0030000),(0.0335895,-0.0134197,-0.0030000),(0.0342093,-0.0139574,-0.0030000),(0.0335895,-0.0134197,-0.0030000),(0.0336766,-0.0133986,-0.0030000),(0.0342093,-0.0139574,-0.0030000),(0.0336766,-0.0133986,-0.0030000),(0.0337671,-0.0133859,-0.0030000),(0.0342723,-0.0140331,-0.0030000),(0.0342093,-0.0139574,-0.0030000),(0.0337671,-0.0133859,-0.0030000),(0.0342723,-0.0140331,-0.0030000),(0.0337671,-0.0133859,-0.0030000),(0.0338611,-0.0133816,-0.0030000),(0.0342723,-0.0140331,-0.0030000),(0.0338611,-0.0133816,-0.0030000),(0.0339554,-0.0133859,-0.0030000),(0.0343172,-0.0141164,-0.0030000),(0.0342723,-0.0140331,-0.0030000),(0.0339554,-0.0133859,-0.0030000),(0.0343172,-0.0141164,-0.0030000),(0.0339554,-0.0133859,-0.0030000),(0.0340460,-0.0133986,-0.0030000),(0.0343172,-0.0141164,-0.0030000),(0.0340460,-0.0133986,-0.0030000),(0.0341332,-0.0134197,-0.0030000),(0.0343442,-0.0142072,-0.0030000),(0.0343172,-0.0141164,-0.0030000),(0.0341332,-0.0134197,-0.0030000),(0.0343442,-0.0142072,-0.0030000),(0.0341332,-0.0134197,-0.0030000),(0.0342167,-0.0134494,-0.0030000),(0.0343442,-0.0142072,-0.0030000),(0.0342167,-0.0134494,-0.0030000),(0.0342967,-0.0134875,-0.0030000),(0.0343532,-0.0143056,-0.0030000),(0.0343442,-0.0142072,-0.0030000),(0.0342967,-0.0134875,-0.0030000),(0.0343532,-0.0143056,-0.0030000),(0.0342967,-0.0134875,-0.0030000),(0.0343731,-0.0135340,-0.0030000),(0.0343532,-0.0143056,-0.0030000),(0.0343731,-0.0135340,-0.0030000),(0.0344459,-0.0135891,-0.0030000),(0.0343442,-0.0144044,-0.0030000),(0.0343532,-0.0143056,-0.0030000),(0.0344459,-0.0135891,-0.0030000),(0.0343442,-0.0144044,-0.0030000),(0.0344459,-0.0135891,-0.0030000),(0.0345151,-0.0136526,-0.0030000),(0.0343442,-0.0144044,-0.0030000),(0.0345151,-0.0136526,-0.0030000),(0.0345786,-0.0137221,-0.0030000),(0.0343172,-0.0144955,-0.0030000),(0.0343442,-0.0144044,-0.0030000),(0.0345786,-0.0137221,-0.0030000),(0.0343172,-0.0144955,-0.0030000),(0.0345786,-0.0137221,-0.0030000),(0.0346337,-0.0137950,-0.0030000),(0.0343172,-0.0144955,-0.0030000),(0.0346337,-0.0137950,-0.0030000),(0.0346802,-0.0138715,-0.0030000),(0.0342723,-0.0145790,-0.0030000),(0.0343172,-0.0144955,-0.0030000),(0.0346802,-0.0138715,-0.0030000),(0.0342723,-0.0145790,-0.0030000),(0.0346802,-0.0138715,-0.0030000),(0.0347183,-0.0139515,-0.0030000),(0.0342723,-0.0145790,-0.0030000),(0.0347183,-0.0139515,-0.0030000),(0.0347480,-0.0140351,-0.0030000),(0.0342093,-0.0146548,-0.0030000),(0.0342723,-0.0145790,-0.0030000),(0.0347480,-0.0140351,-0.0030000),(0.0342093,-0.0146548,-0.0030000),(0.0347480,-0.0140351,-0.0030000),(0.0347691,-0.0141221,-0.0030000),(0.0342093,-0.0146548,-0.0030000),(0.0347691,-0.0141221,-0.0030000),(0.0347818,-0.0142126,-0.0030000),(0.0341340,-0.0147178,-0.0030000),(0.0342093,-0.0146548,-0.0030000),(0.0347818,-0.0142126,-0.0030000),(0.0341340,-0.0147178,-0.0030000),(0.0347818,-0.0142126,-0.0030000),(0.0347861,-0.0143066,-0.0030000),(0.0341340,-0.0147178,-0.0030000),(0.0347861,-0.0143066,-0.0030000),(0.0347818,-0.0144006,-0.0030000),(0.0340508,-0.0147628,-0.0030000),(0.0341340,-0.0147178,-0.0030000),(0.0347818,-0.0144006,-0.0030000),(0.0340508,-0.0147628,-0.0030000),(0.0347818,-0.0144006,-0.0030000),(0.0347691,-0.0144912,-0.0030000),(0.0340508,-0.0147628,-0.0030000),(0.0347691,-0.0144912,-0.0030000),(0.0347480,-0.0145782,-0.0030000),(0.0332765,-0.0150242,-0.0030000),(0.0340508,-0.0147628,-0.0030000),(0.0347480,-0.0145782,-0.0030000),(0.0332765,-0.0150242,-0.0030000),(0.0347480,-0.0145782,-0.0030000),(0.0347183,-0.0146617,-0.0030000),(0.0332765,-0.0150242,-0.0030000),(0.0347183,-0.0146617,-0.0030000),(0.0346802,-0.0147417,-0.0030000),(0.0332765,-0.0150242,-0.0030000),(0.0346802,-0.0147417,-0.0030000),(0.0346337,-0.0148182,-0.0030000),(0.0332765,-0.0150242,-0.0030000),(0.0346337,-0.0148182,-0.0030000),(0.0345786,-0.0148912,-0.0030000),(0.0332765,-0.0150242,-0.0030000),(0.0345786,-0.0148912,-0.0030000),(0.0345151,-0.0149607,-0.0030000),(0.0332765,-0.0150242,-0.0030000),(0.0345151,-0.0149607,-0.0030000),(0.0344459,-0.0150242,-0.0030000),(0.0332765,-0.0150242,-0.0030000),(0.0344459,-0.0150242,-0.0030000),(0.0343731,-0.0150792,-0.0030000),(0.0332765,-0.0150242,-0.0030000),(0.0343731,-0.0150792,-0.0030000),(0.0342967,-0.0151258,-0.0030000),(0.0332765,-0.0150242,-0.0030000),(0.0342967,-0.0151258,-0.0030000),(0.0342167,-0.0151639,-0.0030000),(0.0332765,-0.0150242,-0.0030000),(0.0342167,-0.0151639,-0.0030000),(0.0341332,-0.0151935,-0.0030000),(0.0332765,-0.0150242,-0.0030000),(0.0341332,-0.0151935,-0.0030000),(0.0340460,-0.0152147,-0.0030000),(0.0332765,-0.0150242,-0.0030000),(0.0340460,-0.0152147,-0.0030000),(0.0339554,-0.0152274,-0.0030000),(0.0332765,-0.0150242,-0.0030000),(0.0339554,-0.0152274,-0.0030000),(0.0338611,-0.0152316,-0.0030000),(0.0332765,-0.0150242,-0.0030000),(0.0338611,-0.0152316,-0.0030000),(0.0337671,-0.0152274,-0.0030000),(0.0332765,-0.0150242,-0.0030000),(0.0337671,-0.0152274,-0.0030000),(0.0336766,-0.0152147,-0.0030000),(0.0332765,-0.0150242,-0.0030000),(0.0336766,-0.0152147,-0.0030000),(0.0335895,-0.0151935,-0.0030000),(0.0332765,-0.0150242,-0.0030000),(0.0335895,-0.0151935,-0.0030000),(0.0335060,-0.0151639,-0.0030000),(0.0332765,-0.0150242,-0.0030000),(0.0335060,-0.0151639,-0.0030000),(0.0334260,-0.0151258,-0.0030000),(0.0332765,-0.0150242,-0.0030000),(0.0334260,-0.0151258,-0.0030000),(0.0333495,-0.0150792,-0.0030000),(0.0076248,-0.0176985,-0.0030000),(0.0077219,-0.0176578,-0.0030000),(0.0078199,-0.0176225,-0.0030000),(0.0076248,-0.0176985,-0.0030000),(0.0078199,-0.0176225,-0.0030000),(0.0079189,-0.0175927,-0.0030000),(0.0076248,-0.0176985,-0.0030000),(0.0079189,-0.0175927,-0.0030000),(0.0080188,-0.0175683,-0.0030000),(0.0076248,-0.0176985,-0.0030000),(0.0080188,-0.0175683,-0.0030000),(0.0081197,-0.0175493,-0.0030000),(0.0076248,-0.0176985,-0.0030000),(0.0081197,-0.0175493,-0.0030000),(0.0082215,-0.0175358,-0.0030000),(0.0076248,-0.0176985,-0.0030000),(0.0082215,-0.0175358,-0.0030000),(0.0083243,-0.0175276,-0.0030000),(0.0076248,-0.0176985,-0.0030000),(0.0083243,-0.0175276,-0.0030000),(0.0084281,-0.0175249,-0.0030000),(0.0076248,-0.0176985,-0.0030000),(0.0084281,-0.0175249,-0.0030000),(0.0085639,-0.0175292,-0.0030000),(0.0076248,-0.0176985,-0.0030000),(0.0085639,-0.0175292,-0.0030000),(0.0086971,-0.0175422,-0.0030000),(0.0076248,-0.0176985,-0.0030000),(0.0086971,-0.0175422,-0.0030000),(0.0088278,-0.0175638,-0.0030000),(0.0076248,-0.0176985,-0.0030000),(0.0088278,-0.0175638,-0.0030000),(0.0089560,-0.0175940,-0.0030000),(0.0076248,-0.0176985,-0.0030000),(0.0089560,-0.0175940,-0.0030000),(0.0090815,-0.0176328,-0.0030000),(0.0076248,-0.0176985,-0.0030000),(0.0090815,-0.0176328,-0.0030000),(0.0092046,-0.0176803,-0.0030000),(0.0076248,-0.0176985,-0.0030000),(0.0092046,-0.0176803,-0.0030000),(0.0093251,-0.0177364,-0.0030000),(0.0076248,-0.0176985,-0.0030000),(0.0093251,-0.0177364,-0.0030000),(0.0094430,-0.0178011,-0.0030000),(0.0076248,-0.0176985,-0.0030000),(0.0094430,-0.0178011,-0.0030000),(0.0095566,-0.0178735,-0.0030000),(0.0076248,-0.0176985,-0.0030000),(0.0095566,-0.0178735,-0.0030000),(0.0096640,-0.0179521,-0.0030000),(0.0076248,-0.0176985,-0.0030000),(0.0096640,-0.0179521,-0.0030000),(0.0097651,-0.0180368,-0.0030000),(0.0076248,-0.0176985,-0.0030000),(0.0097651,-0.0180368,-0.0030000),(0.0098600,-0.0181276,-0.0030000),(0.0076248,-0.0176985,-0.0030000),(0.0098600,-0.0181276,-0.0030000),(0.0099487,-0.0182246,-0.0030000),(0.0099487,-0.0182246,-0.0030000),(0.0100312,-0.0183278,-0.0030000),(0.0101075,-0.0184371,-0.0030000),(0.0099487,-0.0182246,-0.0030000),(0.0101075,-0.0184371,-0.0030000),(0.0101775,-0.0185525,-0.0030000),(0.0099487,-0.0182246,-0.0030000),(0.0101775,-0.0185525,-0.0030000),(0.0102405,-0.0186723,-0.0030000),(0.0099487,-0.0182246,-0.0030000),(0.0102405,-0.0186723,-0.0030000),(0.0102951,-0.0187946,-0.0030000),(0.0099487,-0.0182246,-0.0030000),(0.0102951,-0.0187946,-0.0030000),(0.0103413,-0.0189193,-0.0030000),(0.0099487,-0.0182246,-0.0030000),(0.0103413,-0.0189193,-0.0030000),(0.0103791,-0.0190465,-0.0030000),(0.0099487,-0.0182246,-0.0030000),(0.0103791,-0.0190465,-0.0030000),(0.0104085,-0.0191762,-0.0030000),(0.0099487,-0.0182246,-0.0030000),(0.0104085,-0.0191762,-0.0030000),(0.0104295,-0.0193084,-0.0030000),(0.0099487,-0.0182246,-0.0030000),(0.0104295,-0.0193084,-0.0030000),(0.0104421,-0.0194431,-0.0030000),(0.0099487,-0.0182246,-0.0030000),(0.0104421,-0.0194431,-0.0030000),(0.0104463,-0.0195802,-0.0030000),(0.0099487,-0.0182246,-0.0030000),(0.0104463,-0.0195802,-0.0030000),(0.0104421,-0.0197118,-0.0030000),(0.0099487,-0.0182246,-0.0030000),(0.0104421,-0.0197118,-0.0030000),(0.0104295,-0.0198427,-0.0030000),(0.0099487,-0.0182246,-0.0030000),(0.0104295,-0.0198427,-0.0030000),(0.0104085,-0.0199727,-0.0030000),(0.0099487,-0.0182246,-0.0030000),(0.0104085,-0.0199727,-0.0030000),(0.0103791,-0.0201019,-0.0030000),(0.0099487,-0.0182246,-0.0030000),(0.0103791,-0.0201019,-0.0030000),(0.0103413,-0.0202304,-0.0030000),(0.0099487,-0.0182246,-0.0030000),(0.0103413,-0.0202304,-0.0030000),(0.0102951,-0.0203581,-0.0030000),(0.0102951,-0.0203581,-0.0030000),(0.0099034,-0.0202166,-0.0030000),(0.0099399,-0.0201187,-0.0030000),(0.0102951,-0.0203581,-0.0030000),(0.0099399,-0.0201187,-0.0030000),(0.0099698,-0.0200175,-0.0030000),(0.0102951,-0.0203581,-0.0030000),(0.0099698,-0.0200175,-0.0030000),(0.0099931,-0.0199131,-0.0030000),(0.0102951,-0.0203581,-0.0030000),(0.0099931,-0.0199131,-0.0030000),(0.0100097,-0.0198054,-0.0030000),(0.0102951,-0.0203581,-0.0030000),(0.0100097,-0.0198054,-0.0030000),(0.0100197,-0.0196944,-0.0030000),(0.0102951,-0.0203581,-0.0030000),(0.0100197,-0.0196944,-0.0030000),(0.0100230,-0.0195802,-0.0030000),(0.0102951,-0.0203581,-0.0030000),(0.0100230,-0.0195802,-0.0030000),(0.0100197,-0.0194702,-0.0030000),(0.0099487,-0.0182246,-0.0030000),(0.0102951,-0.0203581,-0.0030000),(0.0100197,-0.0194702,-0.0030000),(0.0099487,-0.0182246,-0.0030000),(0.0100197,-0.0194702,-0.0030000),(0.0100096,-0.0193623,-0.0030000),(0.0099487,-0.0182246,-0.0030000),(0.0100096,-0.0193623,-0.0030000),(0.0099928,-0.0192566,-0.0030000),(0.0099487,-0.0182246,-0.0030000),(0.0099928,-0.0192566,-0.0030000),(0.0099693,-0.0191532,-0.0030000),(0.0099487,-0.0182246,-0.0030000),(0.0099693,-0.0191532,-0.0030000),(0.0099391,-0.0190519,-0.0030000),(0.0099487,-0.0182246,-0.0030000),(0.0099391,-0.0190519,-0.0030000),(0.0099022,-0.0189527,-0.0030000),(0.0099487,-0.0182246,-0.0030000),(0.0099022,-0.0189527,-0.0030000),(0.0098585,-0.0188558,-0.0030000),(0.0099487,-0.0182246,-0.0030000),(0.0098585,-0.0188558,-0.0030000),(0.0098082,-0.0187610,-0.0030000),(0.0099487,-0.0182246,-0.0030000),(0.0098082,-0.0187610,-0.0030000),(0.0097523,-0.0186698,-0.0030000),(0.0099487,-0.0182246,-0.0030000),(0.0097523,-0.0186698,-0.0030000),(0.0096917,-0.0185835,-0.0030000),(0.0099487,-0.0182246,-0.0030000),(0.0096917,-0.0185835,-0.0030000),(0.0096263,-0.0185021,-0.0030000),(0.0099487,-0.0182246,-0.0030000),(0.0096263,-0.0185021,-0.0030000),(0.0095560,-0.0184255,-0.0030000),(0.0099487,-0.0182246,-0.0030000),(0.0095560,-0.0184255,-0.0030000),(0.0094810,-0.0183539,-0.0030000),(0.0099487,-0.0182246,-0.0030000),(0.0094810,-0.0183539,-0.0030000),(0.0094012,-0.0182872,-0.0030000),(0.0099487,-0.0182246,-0.0030000),(0.0094012,-0.0182872,-0.0030000),(0.0093166,-0.0182253,-0.0030000),(0.0099487,-0.0182246,-0.0030000),(0.0093166,-0.0182253,-0.0030000),(0.0092271,-0.0181684,-0.0030000),(0.0099487,-0.0182246,-0.0030000),(0.0092271,-0.0181684,-0.0030000),(0.0091346,-0.0181173,-0.0030000),(0.0099487,-0.0182246,-0.0030000),(0.0091346,-0.0181173,-0.0030000),(0.0090399,-0.0180730,-0.0030000),(0.0099487,-0.0182246,-0.0030000),(0.0090399,-0.0180730,-0.0030000),(0.0089431,-0.0180355,-0.0030000),(0.0099487,-0.0182246,-0.0030000),(0.0089431,-0.0180355,-0.0030000),(0.0088443,-0.0180049,-0.0030000),(0.0076248,-0.0176985,-0.0030000),(0.0099487,-0.0182246,-0.0030000),(0.0088443,-0.0180049,-0.0030000),(0.0076248,-0.0176985,-0.0030000),(0.0088443,-0.0180049,-0.0030000),(0.0087434,-0.0179810,-0.0030000),(0.0076248,-0.0176985,-0.0030000),(0.0087434,-0.0179810,-0.0030000),(0.0086404,-0.0179640,-0.0030000),(0.0076248,-0.0176985,-0.0030000),(0.0086404,-0.0179640,-0.0030000),(0.0085353,-0.0179538,-0.0030000),(0.0076248,-0.0176985,-0.0030000),(0.0085353,-0.0179538,-0.0030000),(0.0084281,-0.0179504,-0.0030000),(0.0076248,-0.0176985,-0.0030000),(0.0084281,-0.0179504,-0.0030000),(0.0082745,-0.0179574,-0.0030000),(0.0076248,-0.0176985,-0.0030000),(0.0082745,-0.0179574,-0.0030000),(0.0081249,-0.0179787,-0.0030000),(0.0076248,-0.0176985,-0.0030000),(0.0081249,-0.0179787,-0.0030000),(0.0079792,-0.0180141,-0.0030000),(0.0076248,-0.0176985,-0.0030000),(0.0079792,-0.0180141,-0.0030000),(0.0078376,-0.0180636,-0.0030000),(0.0076248,-0.0176985,-0.0030000),(0.0078376,-0.0180636,-0.0030000),(0.0094346,-0.0208470,-0.0030000),(0.0070639,-0.0167237,-0.0030000),(0.0076248,-0.0176985,-0.0030000),(0.0094346,-0.0208470,-0.0030000),(0.0098601,-0.0203112,-0.0030000),(0.0099034,-0.0202166,-0.0030000),(0.0102951,-0.0203581,-0.0030000),(0.0098103,-0.0204025,-0.0030000),(0.0098601,-0.0203112,-0.0030000),(0.0102951,-0.0203581,-0.0030000),(0.0097424,-0.0205065,-0.0030000),(0.0098103,-0.0204025,-0.0030000),(0.0102951,-0.0203581,-0.0030000),(0.0096571,-0.0206152,-0.0030000),(0.0097424,-0.0205065,-0.0030000),(0.0102951,-0.0203581,-0.0030000),(0.0096080,-0.0206714,-0.0030000),(0.0096571,-0.0206152,-0.0030000),(0.0102951,-0.0203581,-0.0030000),(0.0095545,-0.0207287,-0.0030000),(0.0096080,-0.0206714,-0.0030000),(0.0102951,-0.0203581,-0.0030000),(0.0094967,-0.0207873,-0.0030000),(0.0095545,-0.0207287,-0.0030000),(0.0102951,-0.0203581,-0.0030000),(0.0094346,-0.0208470,-0.0030000),(0.0094967,-0.0207873,-0.0030000),(0.0102951,-0.0203581,-0.0030000),(0.0094346,-0.0208470,-0.0030000),(0.0102951,-0.0203581,-0.0030000),(0.0102405,-0.0204849,-0.0030000),(0.0094346,-0.0208470,-0.0030000),(0.0102405,-0.0204849,-0.0030000),(0.0101775,-0.0206110,-0.0030000),(0.0094346,-0.0208470,-0.0030000),(0.0101775,-0.0206110,-0.0030000),(0.0101273,-0.0206977,-0.0030000),(0.0094346,-0.0208470,-0.0030000),(0.0101273,-0.0206977,-0.0030000),(0.0100726,-0.0207811,-0.0030000),(0.0094346,-0.0208470,-0.0030000),(0.0100726,-0.0207811,-0.0030000),(0.0100132,-0.0208612,-0.0030000),(0.0094346,-0.0208470,-0.0030000),(0.0100132,-0.0208612,-0.0030000),(0.0099492,-0.0209380,-0.0030000),(0.0094346,-0.0208470,-0.0030000),(0.0099492,-0.0209380,-0.0030000),(0.0098806,-0.0210115,-0.0030000),(0.0094346,-0.0208470,-0.0030000),(0.0098806,-0.0210115,-0.0030000),(0.0098074,-0.0210817,-0.0030000),(0.0094346,-0.0208470,-0.0030000),(0.0098074,-0.0210817,-0.0030000),(0.0097297,-0.0211486,-0.0030000),(0.0094346,-0.0208470,-0.0030000),(0.0097297,-0.0211486,-0.0030000),(0.0096473,-0.0212121,-0.0030000),(0.0094346,-0.0208470,-0.0030000),(0.0096473,-0.0212121,-0.0030000),(0.0101892,-0.0221646,-0.0030000),(0.0070639,-0.0167237,-0.0030000),(0.0094346,-0.0208470,-0.0030000),(0.0101892,-0.0221646,-0.0030000),(0.0070639,-0.0167237,-0.0030000),(0.0101892,-0.0221646,-0.0030000),(0.0102177,-0.0222684,-0.0030000),(0.0070639,-0.0167237,-0.0030000),(0.0102177,-0.0222684,-0.0030000),(0.0102103,-0.0223287,-0.0030000),(0.0070639,-0.0167237,-0.0030000),(0.0102103,-0.0223287,-0.0030000),(0.0101717,-0.0224038,-0.0030000),(0.0070639,-0.0167237,-0.0030000),(0.0101717,-0.0224038,-0.0030000),(0.0101066,-0.0224578,-0.0030000),(0.0070639,-0.0167237,-0.0030000),(0.0101066,-0.0224578,-0.0030000),(0.0100040,-0.0224885,-0.0030000),(0.0070639,-0.0167237,-0.0030000),(0.0100040,-0.0224885,-0.0030000),(0.0099436,-0.0224811,-0.0030000),(0.0070639,-0.0167237,-0.0030000),(0.0099436,-0.0224811,-0.0030000),(0.0098680,-0.0224425,-0.0030000),(0.0070639,-0.0167237,-0.0030000),(0.0098680,-0.0224425,-0.0030000),(0.0098124,-0.0223774,-0.0030000),(0.0070639,-0.0167237,-0.0030000),(0.0098124,-0.0223774,-0.0030000),(0.0092769,-0.0214492,-0.0030000),(0.0092769,-0.0214492,-0.0030000),(0.0091763,-0.0214936,-0.0030000),(0.0090724,-0.0215321,-0.0030000),(0.0092769,-0.0214492,-0.0030000),(0.0090724,-0.0215321,-0.0030000),(0.0089651,-0.0215646,-0.0030000),(0.0092769,-0.0214492,-0.0030000),(0.0089651,-0.0215646,-0.0030000),(0.0088546,-0.0215913,-0.0030000),(0.0092769,-0.0214492,-0.0030000),(0.0088546,-0.0215913,-0.0030000),(0.0087408,-0.0216120,-0.0030000),(0.0092769,-0.0214492,-0.0030000),(0.0087408,-0.0216120,-0.0030000),(0.0086236,-0.0216268,-0.0030000),(0.0092769,-0.0214492,-0.0030000),(0.0086236,-0.0216268,-0.0030000),(0.0085032,-0.0216357,-0.0030000),(0.0092769,-0.0214492,-0.0030000),(0.0085032,-0.0216357,-0.0030000),(0.0083794,-0.0216386,-0.0030000),(0.0092769,-0.0214492,-0.0030000),(0.0083794,-0.0216386,-0.0030000),(0.0082548,-0.0216343,-0.0030000),(0.0092769,-0.0214492,-0.0030000),(0.0082548,-0.0216343,-0.0030000),(0.0081313,-0.0216213,-0.0030000),(0.0092769,-0.0214492,-0.0030000),(0.0081313,-0.0216213,-0.0030000),(0.0080089,-0.0215997,-0.0030000),(0.0092769,-0.0214492,-0.0030000),(0.0080089,-0.0215997,-0.0030000),(0.0078876,-0.0215693,-0.0030000),(0.0092769,-0.0214492,-0.0030000),(0.0078876,-0.0215693,-0.0030000),(0.0077673,-0.0215303,-0.0030000),(0.0092769,-0.0214492,-0.0030000),(0.0077673,-0.0215303,-0.0030000),(0.0076482,-0.0214827,-0.0030000),(0.0092769,-0.0214492,-0.0030000),(0.0076482,-0.0214827,-0.0030000),(0.0075301,-0.0214264,-0.0030000),(0.0092769,-0.0214492,-0.0030000),(0.0075301,-0.0214264,-0.0030000),(0.0074132,-0.0213614,-0.0030000),(0.0092769,-0.0214492,-0.0030000),(0.0074132,-0.0213614,-0.0030000),(0.0073001,-0.0212892,-0.0030000),(0.0092769,-0.0214492,-0.0030000),(0.0073001,-0.0212892,-0.0030000),(0.0071930,-0.0212108,-0.0030000),(0.0092769,-0.0214492,-0.0030000),(0.0071930,-0.0212108,-0.0030000),(0.0070921,-0.0211262,-0.0030000),(0.0092769,-0.0214492,-0.0030000),(0.0070921,-0.0211262,-0.0030000),(0.0069972,-0.0210354,-0.0030000),(0.0092769,-0.0214492,-0.0030000),(0.0069972,-0.0210354,-0.0030000),(0.0069085,-0.0209384,-0.0030000),(0.0069085,-0.0209384,-0.0030000),(0.0068258,-0.0208351,-0.0030000),(0.0067492,-0.0207256,-0.0030000),(0.0069085,-0.0209384,-0.0030000),(0.0067492,-0.0207256,-0.0030000),(0.0066787,-0.0206099,-0.0030000),(0.0069085,-0.0209384,-0.0030000),(0.0066787,-0.0206099,-0.0030000),(0.0066154,-0.0204901,-0.0030000),(0.0069085,-0.0209384,-0.0030000),(0.0066154,-0.0204901,-0.0030000),(0.0065606,-0.0203678,-0.0030000),(0.0069085,-0.0209384,-0.0030000),(0.0065606,-0.0203678,-0.0030000),(0.0065142,-0.0202429,-0.0030000),(0.0069085,-0.0209384,-0.0030000),(0.0065142,-0.0202429,-0.0030000),(0.0064763,-0.0201154,-0.0030000),(0.0069085,-0.0209384,-0.0030000),(0.0064763,-0.0201154,-0.0030000),(0.0064468,-0.0199854,-0.0030000),(0.0069085,-0.0209384,-0.0030000),(0.0064468,-0.0199854,-0.0030000),(0.0064257,-0.0198529,-0.0030000),(0.0069085,-0.0209384,-0.0030000),(0.0064257,-0.0198529,-0.0030000),(0.0064130,-0.0197178,-0.0030000),(0.0069085,-0.0209384,-0.0030000),(0.0064130,-0.0197178,-0.0030000),(0.0064088,-0.0195802,-0.0030000),(0.0069085,-0.0209384,-0.0030000),(0.0064088,-0.0195802,-0.0030000),(0.0064130,-0.0194421,-0.0030000),(0.0069085,-0.0209384,-0.0030000),(0.0064130,-0.0194421,-0.0030000),(0.0064256,-0.0193068,-0.0030000),(0.0069085,-0.0209384,-0.0030000),(0.0064256,-0.0193068,-0.0030000),(0.0064466,-0.0191742,-0.0030000),(0.0069085,-0.0209384,-0.0030000),(0.0064466,-0.0191742,-0.0030000),(0.0064760,-0.0190444,-0.0030000),(0.0069085,-0.0209384,-0.0030000),(0.0064760,-0.0190444,-0.0030000),(0.0065138,-0.0189173,-0.0030000),(0.0069085,-0.0209384,-0.0030000),(0.0065138,-0.0189173,-0.0030000),(0.0065600,-0.0187930,-0.0030000),(0.0069085,-0.0209384,-0.0030000),(0.0065600,-0.0187930,-0.0030000),(0.0066146,-0.0186714,-0.0030000),(0.0069085,-0.0209384,-0.0030000),(0.0066146,-0.0186714,-0.0030000),(0.0066776,-0.0185525,-0.0030000),(0.0066776,-0.0185525,-0.0030000),(0.0070459,-0.0187610,-0.0030000),(0.0069966,-0.0188558,-0.0030000),(0.0066776,-0.0185525,-0.0030000),(0.0069966,-0.0188558,-0.0030000),(0.0069538,-0.0189527,-0.0030000),(0.0066776,-0.0185525,-0.0030000),(0.0069538,-0.0189527,-0.0030000),(0.0069176,-0.0190517,-0.0030000),(0.0066776,-0.0185525,-0.0030000),(0.0069176,-0.0190517,-0.0030000),(0.0068880,-0.0191529,-0.0030000),(0.0066776,-0.0185525,-0.0030000),(0.0068880,-0.0191529,-0.0030000),(0.0068649,-0.0192562,-0.0030000),(0.0066776,-0.0185525,-0.0030000),(0.0068649,-0.0192562,-0.0030000),(0.0068485,-0.0193617,-0.0030000),(0.0066776,-0.0185525,-0.0030000),(0.0068485,-0.0193617,-0.0030000),(0.0068386,-0.0194693,-0.0030000),(0.0066776,-0.0185525,-0.0030000),(0.0068386,-0.0194693,-0.0030000),(0.0068353,-0.0195791,-0.0030000),(0.0066776,-0.0185525,-0.0030000),(0.0068353,-0.0195791,-0.0030000),(0.0068387,-0.0196890,-0.0030000),(0.0069085,-0.0209384,-0.0030000),(0.0066776,-0.0185525,-0.0030000),(0.0068387,-0.0196890,-0.0030000),(0.0069085,-0.0209384,-0.0030000),(0.0068387,-0.0196890,-0.0030000),(0.0068487,-0.0197967,-0.0030000),(0.0069085,-0.0209384,-0.0030000),(0.0068487,-0.0197967,-0.0030000),(0.0068654,-0.0199023,-0.0030000),(0.0069085,-0.0209384,-0.0030000),(0.0068654,-0.0199023,-0.0030000),(0.0068888,-0.0200059,-0.0030000),(0.0069085,-0.0209384,-0.0030000),(0.0068888,-0.0200059,-0.0030000),(0.0069188,-0.0201074,-0.0030000),(0.0069085,-0.0209384,-0.0030000),(0.0069188,-0.0201074,-0.0030000),(0.0069556,-0.0202068,-0.0030000),(0.0069085,-0.0209384,-0.0030000),(0.0069556,-0.0202068,-0.0030000),(0.0069990,-0.0203041,-0.0030000),(0.0069085,-0.0209384,-0.0030000),(0.0069990,-0.0203041,-0.0030000),(0.0070491,-0.0203993,-0.0030000),(0.0069085,-0.0209384,-0.0030000),(0.0070491,-0.0203993,-0.0030000),(0.0071049,-0.0204913,-0.0030000),(0.0069085,-0.0209384,-0.0030000),(0.0071049,-0.0204913,-0.0030000),(0.0071656,-0.0205782,-0.0030000),(0.0069085,-0.0209384,-0.0030000),(0.0071656,-0.0205782,-0.0030000),(0.0072310,-0.0206601,-0.0030000),(0.0069085,-0.0209384,-0.0030000),(0.0072310,-0.0206601,-0.0030000),(0.0073012,-0.0207369,-0.0030000),(0.0069085,-0.0209384,-0.0030000),(0.0073012,-0.0207369,-0.0030000),(0.0073763,-0.0208088,-0.0030000),(0.0069085,-0.0209384,-0.0030000),(0.0073763,-0.0208088,-0.0030000),(0.0074561,-0.0208756,-0.0030000),(0.0069085,-0.0209384,-0.0030000),(0.0074561,-0.0208756,-0.0030000),(0.0075407,-0.0209374,-0.0030000),(0.0069085,-0.0209384,-0.0030000),(0.0075407,-0.0209374,-0.0030000),(0.0076301,-0.0209941,-0.0030000),(0.0069085,-0.0209384,-0.0030000),(0.0076301,-0.0209941,-0.0030000),(0.0077222,-0.0210452,-0.0030000),(0.0069085,-0.0209384,-0.0030000),(0.0077222,-0.0210452,-0.0030000),(0.0078148,-0.0210895,-0.0030000),(0.0069085,-0.0209384,-0.0030000),(0.0078148,-0.0210895,-0.0030000),(0.0079079,-0.0211270,-0.0030000),(0.0069085,-0.0209384,-0.0030000),(0.0079079,-0.0211270,-0.0030000),(0.0080016,-0.0211576,-0.0030000),(0.0069085,-0.0209384,-0.0030000),(0.0080016,-0.0211576,-0.0030000),(0.0080958,-0.0211815,-0.0030000),(0.0092769,-0.0214492,-0.0030000),(0.0069085,-0.0209384,-0.0030000),(0.0080958,-0.0211815,-0.0030000),(0.0092769,-0.0214492,-0.0030000),(0.0080958,-0.0211815,-0.0030000),(0.0081905,-0.0211985,-0.0030000),(0.0092769,-0.0214492,-0.0030000),(0.0081905,-0.0211985,-0.0030000),(0.0082858,-0.0212087,-0.0030000),(0.0092769,-0.0214492,-0.0030000),(0.0082858,-0.0212087,-0.0030000),(0.0083815,-0.0212121,-0.0030000),(0.0092769,-0.0214492,-0.0030000),(0.0083815,-0.0212121,-0.0030000),(0.0083879,-0.0212121,-0.0030000),(0.0092769,-0.0214492,-0.0030000),(0.0083879,-0.0212121,-0.0030000),(0.0084816,-0.0212101,-0.0030000),(0.0092769,-0.0214492,-0.0030000),(0.0084816,-0.0212101,-0.0030000),(0.0085728,-0.0212038,-0.0030000),(0.0092769,-0.0214492,-0.0030000),(0.0085728,-0.0212038,-0.0030000),(0.0086614,-0.0211934,-0.0030000),(0.0092769,-0.0214492,-0.0030000),(0.0086614,-0.0211934,-0.0030000),(0.0087475,-0.0211788,-0.0030000),(0.0092769,-0.0214492,-0.0030000),(0.0087475,-0.0211788,-0.0030000),(0.0088310,-0.0211601,-0.0030000),(0.0092769,-0.0214492,-0.0030000),(0.0088310,-0.0211601,-0.0030000),(0.0089120,-0.0211371,-0.0030000),(0.0092769,-0.0214492,-0.0030000),(0.0089120,-0.0211371,-0.0030000),(0.0089904,-0.0211100,-0.0030000),(0.0092769,-0.0214492,-0.0030000),(0.0089904,-0.0211100,-0.0030000),(0.0090663,-0.0210788,-0.0030000),(0.0070639,-0.0167237,-0.0030000),(0.0092769,-0.0214492,-0.0030000),(0.0090663,-0.0210788,-0.0030000),(0.0070639,-0.0167237,-0.0030000),(0.0090663,-0.0210788,-0.0030000),(0.0074618,-0.0182837,-0.0030000),(0.0070639,-0.0167237,-0.0030000),(0.0074618,-0.0182837,-0.0030000),(0.0073414,-0.0183866,-0.0030000),(0.0070883,-0.0186918,-0.0030000),(0.0070459,-0.0187610,-0.0030000),(0.0066776,-0.0185525,-0.0030000),(0.0071334,-0.0186252,-0.0030000),(0.0070883,-0.0186918,-0.0030000),(0.0066776,-0.0185525,-0.0030000),(0.0072319,-0.0185004,-0.0030000),(0.0071334,-0.0186252,-0.0030000),(0.0066776,-0.0185525,-0.0030000),(0.0073414,-0.0183866,-0.0030000),(0.0072319,-0.0185004,-0.0030000),(0.0066776,-0.0185525,-0.0030000),(0.0073414,-0.0183866,-0.0030000),(0.0066776,-0.0185525,-0.0030000),(0.0067356,-0.0184575,-0.0030000),(0.0073414,-0.0183866,-0.0030000),(0.0067356,-0.0184575,-0.0030000),(0.0067972,-0.0183665,-0.0030000),(0.0073414,-0.0183866,-0.0030000),(0.0067972,-0.0183665,-0.0030000),(0.0068626,-0.0182797,-0.0030000),(0.0073414,-0.0183866,-0.0030000),(0.0068626,-0.0182797,-0.0030000),(0.0069316,-0.0181969,-0.0030000),(0.0073414,-0.0183866,-0.0030000),(0.0069316,-0.0181969,-0.0030000),(0.0070044,-0.0181183,-0.0030000),(0.0073414,-0.0183866,-0.0030000),(0.0070044,-0.0181183,-0.0030000),(0.0070808,-0.0180438,-0.0030000),(0.0073414,-0.0183866,-0.0030000),(0.0070808,-0.0180438,-0.0030000),(0.0071610,-0.0179733,-0.0030000),(0.0073414,-0.0183866,-0.0030000),(0.0071610,-0.0179733,-0.0030000),(0.0072449,-0.0179070,-0.0030000),(0.0070639,-0.0167237,-0.0030000),(0.0073414,-0.0183866,-0.0030000),(0.0072449,-0.0179070,-0.0030000),(0.0070639,-0.0167237,-0.0030000),(0.0072449,-0.0179070,-0.0030000),(0.0066893,-0.0169365,-0.0030000),(0.0070639,-0.0167237,-0.0030000),(0.0066893,-0.0169365,-0.0030000),(0.0066617,-0.0168349,-0.0030000),(0.0070639,-0.0167237,-0.0030000),(0.0066617,-0.0168349,-0.0030000),(0.0066681,-0.0167745,-0.0030000),(0.0070639,-0.0167237,-0.0030000),(0.0066681,-0.0167745,-0.0030000),(0.0067073,-0.0166976,-0.0030000),(0.0070639,-0.0167237,-0.0030000),(0.0067073,-0.0166976,-0.0030000),(0.0067697,-0.0166423,-0.0030000),(0.0070639,-0.0167237,-0.0030000),(0.0067697,-0.0166423,-0.0030000),(0.0068745,-0.0166147,-0.0030000),(0.0070639,-0.0167237,-0.0030000),(0.0068745,-0.0166147,-0.0030000),(0.0069348,-0.0166221,-0.0030000),(0.0070639,-0.0167237,-0.0030000),(0.0069348,-0.0166221,-0.0030000),(0.0070073,-0.0166576,-0.0030000),(0.0166164,-0.0186403,-0.0030000),(0.0166217,-0.0187748,-0.0030000),(0.0166204,-0.0188781,-0.0030000),(0.0166164,-0.0186403,-0.0030000),(0.0166204,-0.0188781,-0.0030000),(0.0166166,-0.0189773,-0.0030000),(0.0166164,-0.0186403,-0.0030000),(0.0166166,-0.0189773,-0.0030000),(0.0166101,-0.0190725,-0.0030000),(0.0166164,-0.0186403,-0.0030000),(0.0166101,-0.0190725,-0.0030000),(0.0166011,-0.0191637,-0.0030000),(0.0166164,-0.0186403,-0.0030000),(0.0166011,-0.0191637,-0.0030000),(0.0165895,-0.0192508,-0.0030000),(0.0166164,-0.0186403,-0.0030000),(0.0165895,-0.0192508,-0.0030000),(0.0165753,-0.0193338,-0.0030000),(0.0166164,-0.0186403,-0.0030000),(0.0165753,-0.0193338,-0.0030000),(0.0165585,-0.0194129,-0.0030000),(0.0166164,-0.0186403,-0.0030000),(0.0165585,-0.0194129,-0.0030000),(0.0165392,-0.0194879,-0.0030000),(0.0166164,-0.0186403,-0.0030000),(0.0165392,-0.0194879,-0.0030000),(0.0164927,-0.0196257,-0.0030000),(0.0166164,-0.0186403,-0.0030000),(0.0164927,-0.0196257,-0.0030000),(0.0164360,-0.0197473,-0.0030000),(0.0166164,-0.0186403,-0.0030000),(0.0164360,-0.0197473,-0.0030000),(0.0163689,-0.0198528,-0.0030000),(0.0166164,-0.0186403,-0.0030000),(0.0163689,-0.0198528,-0.0030000),(0.0162915,-0.0199421,-0.0030000),(0.0166164,-0.0186403,-0.0030000),(0.0162915,-0.0199421,-0.0030000),(0.0162120,-0.0200116,-0.0030000),(0.0166164,-0.0186403,-0.0030000),(0.0162120,-0.0200116,-0.0030000),(0.0161302,-0.0200718,-0.0030000),(0.0166164,-0.0186403,-0.0030000),(0.0161302,-0.0200718,-0.0030000),(0.0160460,-0.0201227,-0.0030000),(0.0166164,-0.0186403,-0.0030000),(0.0160460,-0.0201227,-0.0030000),(0.0159595,-0.0201644,-0.0030000),(0.0166164,-0.0186403,-0.0030000),(0.0159595,-0.0201644,-0.0030000),(0.0158706,-0.0201968,-0.0030000),(0.0166164,-0.0186403,-0.0030000),(0.0158706,-0.0201968,-0.0030000),(0.0157794,-0.0202200,-0.0030000),(0.0166164,-0.0186403,-0.0030000),(0.0157794,-0.0202200,-0.0030000),(0.0156858,-0.0202338,-0.0030000),(0.0156858,-0.0202338,-0.0030000),(0.0155898,-0.0202385,-0.0030000),(0.0155012,-0.0202349,-0.0030000),(0.0156858,-0.0202338,-0.0030000),(0.0155012,-0.0202349,-0.0030000),(0.0154158,-0.0202243,-0.0030000),(0.0156858,-0.0202338,-0.0030000),(0.0154158,-0.0202243,-0.0030000),(0.0153335,-0.0202065,-0.0030000),(0.0156858,-0.0202338,-0.0030000),(0.0153335,-0.0202065,-0.0030000),(0.0152544,-0.0201816,-0.0030000),(0.0156858,-0.0202338,-0.0030000),(0.0152544,-0.0201816,-0.0030000),(0.0151784,-0.0201496,-0.0030000),(0.0156858,-0.0202338,-0.0030000),(0.0151784,-0.0201496,-0.0030000),(0.0151057,-0.0201105,-0.0030000),(0.0156858,-0.0202338,-0.0030000),(0.0151057,-0.0201105,-0.0030000),(0.0150361,-0.0200643,-0.0030000),(0.0156858,-0.0202338,-0.0030000),(0.0150361,-0.0200643,-0.0030000),(0.0149697,-0.0200109,-0.0030000),(0.0160807,-0.0209118,-0.0030000),(0.0161476,-0.0207729,-0.0030000),(0.0162307,-0.0206777,-0.0030000),(0.0160807,-0.0209118,-0.0030000),(0.0162307,-0.0206777,-0.0030000),(0.0163466,-0.0206248,-0.0030000),(0.0159857,-0.0210322,-0.0030000),(0.0160807,-0.0209118,-0.0030000),(0.0163466,-0.0206248,-0.0030000),(0.0159857,-0.0210322,-0.0030000),(0.0163466,-0.0206248,-0.0030000),(0.0164226,-0.0206563,-0.0030000),(0.0159857,-0.0210322,-0.0030000),(0.0164226,-0.0206563,-0.0030000),(0.0164833,-0.0207023,-0.0030000),(0.0158926,-0.0211109,-0.0030000),(0.0159857,-0.0210322,-0.0030000),(0.0164833,-0.0207023,-0.0030000),(0.0158926,-0.0211109,-0.0030000),(0.0164833,-0.0207023,-0.0030000),(0.0165593,-0.0208375,-0.0030000),(0.0157944,-0.0211672,-0.0030000),(0.0158926,-0.0211109,-0.0030000),(0.0165593,-0.0208375,-0.0030000),(0.0157944,-0.0211672,-0.0030000),(0.0165593,-0.0208375,-0.0030000),(0.0165529,-0.0209116,-0.0030000),(0.0157944,-0.0211672,-0.0030000),(0.0165529,-0.0209116,-0.0030000),(0.0165039,-0.0210284,-0.0030000),(0.0156910,-0.0212009,-0.0030000),(0.0157944,-0.0211672,-0.0030000),(0.0165039,-0.0210284,-0.0030000),(0.0156910,-0.0212009,-0.0030000),(0.0165039,-0.0210284,-0.0030000),(0.0164423,-0.0211375,-0.0030000),(0.0155824,-0.0212121,-0.0030000),(0.0156910,-0.0212009,-0.0030000),(0.0164423,-0.0211375,-0.0030000),(0.0155824,-0.0212121,-0.0030000),(0.0164423,-0.0211375,-0.0030000),(0.0163684,-0.0212390,-0.0030000),(0.0155824,-0.0212121,-0.0030000),(0.0163684,-0.0212390,-0.0030000),(0.0162820,-0.0213328,-0.0030000),(0.0154871,-0.0212002,-0.0030000),(0.0155824,-0.0212121,-0.0030000),(0.0162820,-0.0213328,-0.0030000),(0.0154871,-0.0212002,-0.0030000),(0.0162820,-0.0213328,-0.0030000),(0.0162053,-0.0214045,-0.0030000),(0.0154871,-0.0212002,-0.0030000),(0.0162053,-0.0214045,-0.0030000),(0.0161256,-0.0214666,-0.0030000),(0.0153864,-0.0211643,-0.0030000),(0.0154871,-0.0212002,-0.0030000),(0.0161256,-0.0214666,-0.0030000),(0.0153864,-0.0211643,-0.0030000),(0.0161256,-0.0214666,-0.0030000),(0.0160427,-0.0215192,-0.0030000),(0.0153864,-0.0211643,-0.0030000),(0.0160427,-0.0215192,-0.0030000),(0.0159568,-0.0215622,-0.0030000),(0.0152802,-0.0211044,-0.0030000),(0.0153864,-0.0211643,-0.0030000),(0.0159568,-0.0215622,-0.0030000),(0.0152802,-0.0211044,-0.0030000),(0.0159568,-0.0215622,-0.0030000),(0.0158678,-0.0215956,-0.0030000),(0.0151686,-0.0210206,-0.0030000),(0.0152802,-0.0211044,-0.0030000),(0.0158678,-0.0215956,-0.0030000),(0.0151686,-0.0210206,-0.0030000),(0.0158678,-0.0215956,-0.0030000),(0.0157758,-0.0216195,-0.0030000),(0.0151686,-0.0210206,-0.0030000),(0.0157758,-0.0216195,-0.0030000),(0.0156807,-0.0216339,-0.0030000),(0.0150816,-0.0209243,-0.0030000),(0.0151686,-0.0210206,-0.0030000),(0.0156807,-0.0216339,-0.0030000),(0.0150816,-0.0209243,-0.0030000),(0.0156807,-0.0216339,-0.0030000),(0.0155824,-0.0216386,-0.0030000),(0.0150816,-0.0209243,-0.0030000),(0.0155824,-0.0216386,-0.0030000),(0.0154973,-0.0216341,-0.0030000),(0.0150816,-0.0209243,-0.0030000),(0.0154973,-0.0216341,-0.0030000),(0.0154118,-0.0216203,-0.0030000),(0.0150194,-0.0207973,-0.0030000),(0.0150816,-0.0209243,-0.0030000),(0.0154118,-0.0216203,-0.0030000),(0.0150194,-0.0207973,-0.0030000),(0.0154118,-0.0216203,-0.0030000),(0.0153259,-0.0215973,-0.0030000),(0.0150194,-0.0207973,-0.0030000),(0.0153259,-0.0215973,-0.0030000),(0.0152395,-0.0215651,-0.0030000),(0.0149976,-0.0207223,-0.0030000),(0.0150194,-0.0207973,-0.0030000),(0.0152395,-0.0215651,-0.0030000),(0.0149976,-0.0207223,-0.0030000),(0.0152395,-0.0215651,-0.0030000),(0.0151528,-0.0215237,-0.0030000),(0.0149976,-0.0207223,-0.0030000),(0.0151528,-0.0215237,-0.0030000),(0.0150657,-0.0214732,-0.0030000),(0.0149821,-0.0206396,-0.0030000),(0.0149976,-0.0207223,-0.0030000),(0.0150657,-0.0214732,-0.0030000),(0.0149728,-0.0205492,-0.0030000),(0.0149821,-0.0206396,-0.0030000),(0.0150657,-0.0214732,-0.0030000),(0.0149728,-0.0205492,-0.0030000),(0.0150657,-0.0214732,-0.0030000),(0.0149782,-0.0214134,-0.0030000),(0.0149697,-0.0204512,-0.0030000),(0.0149728,-0.0205492,-0.0030000),(0.0149782,-0.0214134,-0.0030000),(0.0149697,-0.0204512,-0.0030000),(0.0149782,-0.0214134,-0.0030000),(0.0148903,-0.0213444,-0.0030000),(0.0149697,-0.0200109,-0.0030000),(0.0149697,-0.0204512,-0.0030000),(0.0148903,-0.0213444,-0.0030000),(0.0149697,-0.0200109,-0.0030000),(0.0148903,-0.0213444,-0.0030000),(0.0148084,-0.0212679,-0.0030000),(0.0149697,-0.0200109,-0.0030000),(0.0148084,-0.0212679,-0.0030000),(0.0147375,-0.0211818,-0.0030000),(0.0149697,-0.0200109,-0.0030000),(0.0147375,-0.0211818,-0.0030000),(0.0146775,-0.0210860,-0.0030000),(0.0149697,-0.0200109,-0.0030000),(0.0146775,-0.0210860,-0.0030000),(0.0146284,-0.0209806,-0.0030000),(0.0149697,-0.0200109,-0.0030000),(0.0146284,-0.0209806,-0.0030000),(0.0145902,-0.0208656,-0.0030000),(0.0149697,-0.0200109,-0.0030000),(0.0145902,-0.0208656,-0.0030000),(0.0145629,-0.0207410,-0.0030000),(0.0149697,-0.0200109,-0.0030000),(0.0145629,-0.0207410,-0.0030000),(0.0145465,-0.0206067,-0.0030000),(0.0149697,-0.0200109,-0.0030000),(0.0145465,-0.0206067,-0.0030000),(0.0145410,-0.0204628,-0.0030000),(0.0149697,-0.0200109,-0.0030000),(0.0145410,-0.0204628,-0.0030000),(0.0145410,-0.0191431,-0.0030000),(0.0156858,-0.0202338,-0.0030000),(0.0149697,-0.0200109,-0.0030000),(0.0145410,-0.0191431,-0.0030000),(0.0145410,-0.0191431,-0.0030000),(0.0149369,-0.0191494,-0.0030000),(0.0149523,-0.0192747,-0.0030000),(0.0145410,-0.0191431,-0.0030000),(0.0149523,-0.0192747,-0.0030000),(0.0149988,-0.0193976,-0.0030000),(0.0145410,-0.0191431,-0.0030000),(0.0149988,-0.0193976,-0.0030000),(0.0150762,-0.0195181,-0.0030000),(0.0156858,-0.0202338,-0.0030000),(0.0145410,-0.0191431,-0.0030000),(0.0150762,-0.0195181,-0.0030000),(0.0156858,-0.0202338,-0.0030000),(0.0150762,-0.0195181,-0.0030000),(0.0151845,-0.0196363,-0.0030000),(0.0156858,-0.0202338,-0.0030000),(0.0151845,-0.0196363,-0.0030000),(0.0152801,-0.0197141,-0.0030000),(0.0156858,-0.0202338,-0.0030000),(0.0152801,-0.0197141,-0.0030000),(0.0153795,-0.0197696,-0.0030000),(0.0156858,-0.0202338,-0.0030000),(0.0153795,-0.0197696,-0.0030000),(0.0154828,-0.0198030,-0.0030000),(0.0156858,-0.0202338,-0.0030000),(0.0154828,-0.0198030,-0.0030000),(0.0155898,-0.0198141,-0.0030000),(0.0156858,-0.0202338,-0.0030000),(0.0155898,-0.0198141,-0.0030000),(0.0156955,-0.0198030,-0.0030000),(0.0156858,-0.0202338,-0.0030000),(0.0156955,-0.0198030,-0.0030000),(0.0157978,-0.0197696,-0.0030000),(0.0156858,-0.0202338,-0.0030000),(0.0157978,-0.0197696,-0.0030000),(0.0158966,-0.0197141,-0.0030000),(0.0156858,-0.0202338,-0.0030000),(0.0158966,-0.0197141,-0.0030000),(0.0159920,-0.0196363,-0.0030000),(0.0156858,-0.0202338,-0.0030000),(0.0159920,-0.0196363,-0.0030000),(0.0160805,-0.0195077,-0.0030000),(0.0166164,-0.0186403,-0.0030000),(0.0156858,-0.0202338,-0.0030000),(0.0160805,-0.0195077,-0.0030000),(0.0166164,-0.0186403,-0.0030000),(0.0160805,-0.0195077,-0.0030000),(0.0161152,-0.0194216,-0.0030000),(0.0166164,-0.0186403,-0.0030000),(0.0161152,-0.0194216,-0.0030000),(0.0161436,-0.0193209,-0.0030000),(0.0166164,-0.0186403,-0.0030000),(0.0161436,-0.0193209,-0.0030000),(0.0161657,-0.0192057,-0.0030000),(0.0166164,-0.0186403,-0.0030000),(0.0161657,-0.0192057,-0.0030000),(0.0161815,-0.0190759,-0.0030000),(0.0166164,-0.0186403,-0.0030000),(0.0161815,-0.0190759,-0.0030000),(0.0161910,-0.0189316,-0.0030000),(0.0166164,-0.0186403,-0.0030000),(0.0161910,-0.0189316,-0.0030000),(0.0161942,-0.0187727,-0.0030000),(0.0166164,-0.0186403,-0.0030000),(0.0161942,-0.0187727,-0.0030000),(0.0161908,-0.0186812,-0.0030000),(0.0166164,-0.0186403,-0.0030000),(0.0161908,-0.0186812,-0.0030000),(0.0161807,-0.0185947,-0.0030000),(0.0166164,-0.0186403,-0.0030000),(0.0161807,-0.0185947,-0.0030000),(0.0161638,-0.0185132,-0.0030000),(0.0166164,-0.0186403,-0.0030000),(0.0161638,-0.0185132,-0.0030000),(0.0161402,-0.0184367,-0.0030000),(0.0166164,-0.0186403,-0.0030000),(0.0161402,-0.0184367,-0.0030000),(0.0160727,-0.0182984,-0.0030000),(0.0166164,-0.0186403,-0.0030000),(0.0160727,-0.0182984,-0.0030000),(0.0159783,-0.0181800,-0.0030000),(0.0166164,-0.0186403,-0.0030000),(0.0159783,-0.0181800,-0.0030000),(0.0158870,-0.0181041,-0.0030000),(0.0149378,-0.0190592,-0.0030000),(0.0149369,-0.0191494,-0.0030000),(0.0145410,-0.0191431,-0.0030000),(0.0149406,-0.0189730,-0.0030000),(0.0149378,-0.0190592,-0.0030000),(0.0145410,-0.0191431,-0.0030000),(0.0149517,-0.0188126,-0.0030000),(0.0149406,-0.0189730,-0.0030000),(0.0145410,-0.0191431,-0.0030000),(0.0149703,-0.0186682,-0.0030000),(0.0149517,-0.0188126,-0.0030000),(0.0145410,-0.0191431,-0.0030000),(0.0149964,-0.0185398,-0.0030000),(0.0149703,-0.0186682,-0.0030000),(0.0145410,-0.0191431,-0.0030000),(0.0150299,-0.0184275,-0.0030000),(0.0149964,-0.0185398,-0.0030000),(0.0145410,-0.0191431,-0.0030000),(0.0150708,-0.0183311,-0.0030000),(0.0150299,-0.0184275,-0.0030000),(0.0145410,-0.0191431,-0.0030000),(0.0151192,-0.0182507,-0.0030000),(0.0150708,-0.0183311,-0.0030000),(0.0145410,-0.0191431,-0.0030000),(0.0151192,-0.0182507,-0.0030000),(0.0145410,-0.0191431,-0.0030000),(0.0145424,-0.0190274,-0.0030000),(0.0151192,-0.0182507,-0.0030000),(0.0145424,-0.0190274,-0.0030000),(0.0145464,-0.0189166,-0.0030000),(0.0151192,-0.0182507,-0.0030000),(0.0145464,-0.0189166,-0.0030000),(0.0145531,-0.0188107,-0.0030000),(0.0151750,-0.0181864,-0.0030000),(0.0151192,-0.0182507,-0.0030000),(0.0145531,-0.0188107,-0.0030000),(0.0151750,-0.0181864,-0.0030000),(0.0145531,-0.0188107,-0.0030000),(0.0145625,-0.0187096,-0.0030000),(0.0151750,-0.0181864,-0.0030000),(0.0145625,-0.0187096,-0.0030000),(0.0145745,-0.0186135,-0.0030000),(0.0152720,-0.0181077,-0.0030000),(0.0151750,-0.0181864,-0.0030000),(0.0145745,-0.0186135,-0.0030000),(0.0152720,-0.0181077,-0.0030000),(0.0145745,-0.0186135,-0.0030000),(0.0145893,-0.0185222,-0.0030000),(0.0152720,-0.0181077,-0.0030000),(0.0145893,-0.0185222,-0.0030000),(0.0146067,-0.0184359,-0.0030000),(0.0153726,-0.0180514,-0.0030000),(0.0152720,-0.0181077,-0.0030000),(0.0146067,-0.0184359,-0.0030000),(0.0153726,-0.0180514,-0.0030000),(0.0146067,-0.0184359,-0.0030000),(0.0146268,-0.0183544,-0.0030000),(0.0153726,-0.0180514,-0.0030000),(0.0146268,-0.0183544,-0.0030000),(0.0146495,-0.0182778,-0.0030000),(0.0154768,-0.0180177,-0.0030000),(0.0153726,-0.0180514,-0.0030000),(0.0146495,-0.0182778,-0.0030000),(0.0154768,-0.0180177,-0.0030000),(0.0146495,-0.0182778,-0.0030000),(0.0146750,-0.0182061,-0.0030000),(0.0154768,-0.0180177,-0.0030000),(0.0146750,-0.0182061,-0.0030000),(0.0147339,-0.0180773,-0.0030000),(0.0155846,-0.0180064,-0.0030000),(0.0154768,-0.0180177,-0.0030000),(0.0147339,-0.0180773,-0.0030000),(0.0155846,-0.0180064,-0.0030000),(0.0147339,-0.0180773,-0.0030000),(0.0148036,-0.0179681,-0.0030000),(0.0155846,-0.0180064,-0.0030000),(0.0148036,-0.0179681,-0.0030000),(0.0148839,-0.0178784,-0.0030000),(0.0156901,-0.0180173,-0.0030000),(0.0155846,-0.0180064,-0.0030000),(0.0148839,-0.0178784,-0.0030000),(0.0156901,-0.0180173,-0.0030000),(0.0148839,-0.0178784,-0.0030000),(0.0149633,-0.0178089,-0.0030000),(0.0156901,-0.0180173,-0.0030000),(0.0149633,-0.0178089,-0.0030000),(0.0150453,-0.0177487,-0.0030000),(0.0157909,-0.0180498,-0.0030000),(0.0156901,-0.0180173,-0.0030000),(0.0150453,-0.0177487,-0.0030000),(0.0157909,-0.0180498,-0.0030000),(0.0150453,-0.0177487,-0.0030000),(0.0151299,-0.0176978,-0.0030000),(0.0157909,-0.0180498,-0.0030000),(0.0151299,-0.0176978,-0.0030000),(0.0152171,-0.0176561,-0.0030000),(0.0158870,-0.0181041,-0.0030000),(0.0157909,-0.0180498,-0.0030000),(0.0152171,-0.0176561,-0.0030000),(0.0158870,-0.0181041,-0.0030000),(0.0152171,-0.0176561,-0.0030000),(0.0153069,-0.0176237,-0.0030000),(0.0166164,-0.0186403,-0.0030000),(0.0158870,-0.0181041,-0.0030000),(0.0153069,-0.0176237,-0.0030000),(0.0166164,-0.0186403,-0.0030000),(0.0153069,-0.0176237,-0.0030000),(0.0153993,-0.0176006,-0.0030000),(0.0166164,-0.0186403,-0.0030000),(0.0153993,-0.0176006,-0.0030000),(0.0154943,-0.0175867,-0.0030000),(0.0166164,-0.0186403,-0.0030000),(0.0154943,-0.0175867,-0.0030000),(0.0155920,-0.0175821,-0.0030000),(0.0166164,-0.0186403,-0.0030000),(0.0155920,-0.0175821,-0.0030000),(0.0156872,-0.0175868,-0.0030000),(0.0166164,-0.0186403,-0.0030000),(0.0156872,-0.0175868,-0.0030000),(0.0157798,-0.0176009,-0.0030000),(0.0166164,-0.0186403,-0.0030000),(0.0157798,-0.0176009,-0.0030000),(0.0158698,-0.0176245,-0.0030000),(0.0166164,-0.0186403,-0.0030000),(0.0158698,-0.0176245,-0.0030000),(0.0159571,-0.0176575,-0.0030000),(0.0166164,-0.0186403,-0.0030000),(0.0159571,-0.0176575,-0.0030000),(0.0160418,-0.0176999,-0.0030000),(0.0166164,-0.0186403,-0.0030000),(0.0160418,-0.0176999,-0.0030000),(0.0161238,-0.0177517,-0.0030000),(0.0166164,-0.0186403,-0.0030000),(0.0161238,-0.0177517,-0.0030000),(0.0162032,-0.0178130,-0.0030000),(0.0166164,-0.0186403,-0.0030000),(0.0162032,-0.0178130,-0.0030000),(0.0162799,-0.0178837,-0.0030000),(0.0166164,-0.0186403,-0.0030000),(0.0162799,-0.0178837,-0.0030000),(0.0163600,-0.0179719,-0.0030000),(0.0166164,-0.0186403,-0.0030000),(0.0163600,-0.0179719,-0.0030000),(0.0164294,-0.0180668,-0.0030000),(0.0166164,-0.0186403,-0.0030000),(0.0164294,-0.0180668,-0.0030000),(0.0164882,-0.0181682,-0.0030000),(0.0166164,-0.0186403,-0.0030000),(0.0164882,-0.0181682,-0.0030000),(0.0165363,-0.0182763,-0.0030000),(0.0166164,-0.0186403,-0.0030000),(0.0165363,-0.0182763,-0.0030000),(0.0165737,-0.0183910,-0.0030000),(0.0166164,-0.0186403,-0.0030000),(0.0165737,-0.0183910,-0.0030000),(0.0166004,-0.0185123,-0.0030000),(0.0115851,-0.0180064,-0.0030000),(0.0127567,-0.0195971,-0.0030000),(0.0128212,-0.0196909,-0.0030000),(0.0115851,-0.0180064,-0.0030000),(0.0128212,-0.0196909,-0.0030000),(0.0128771,-0.0197885,-0.0030000),(0.0115851,-0.0180064,-0.0030000),(0.0128771,-0.0197885,-0.0030000),(0.0129244,-0.0198900,-0.0030000),(0.0115851,-0.0180064,-0.0030000),(0.0129244,-0.0198900,-0.0030000),(0.0129631,-0.0199953,-0.0030000),(0.0115851,-0.0180064,-0.0030000),(0.0129631,-0.0199953,-0.0030000),(0.0129932,-0.0201045,-0.0030000),(0.0115851,-0.0180064,-0.0030000),(0.0129932,-0.0201045,-0.0030000),(0.0130147,-0.0202176,-0.0030000),(0.0115851,-0.0180064,-0.0030000),(0.0130147,-0.0202176,-0.0030000),(0.0130276,-0.0203346,-0.0030000),(0.0115851,-0.0180064,-0.0030000),(0.0130276,-0.0203346,-0.0030000),(0.0130319,-0.0204554,-0.0030000),(0.0115851,-0.0180064,-0.0030000),(0.0130319,-0.0204554,-0.0030000),(0.0130267,-0.0205804,-0.0030000),(0.0115851,-0.0180064,-0.0030000),(0.0130267,-0.0205804,-0.0030000),(0.0130114,-0.0207008,-0.0030000),(0.0115851,-0.0180064,-0.0030000),(0.0130114,-0.0207008,-0.0030000),(0.0129857,-0.0208165,-0.0030000),(0.0115851,-0.0180064,-0.0030000),(0.0129857,-0.0208165,-0.0030000),(0.0129498,-0.0209277,-0.0030000),(0.0129498,-0.0209277,-0.0030000),(0.0129037,-0.0210343,-0.0030000),(0.0128473,-0.0211363,-0.0030000),(0.0129498,-0.0209277,-0.0030000),(0.0128473,-0.0211363,-0.0030000),(0.0127807,-0.0212337,-0.0030000),(0.0129498,-0.0209277,-0.0030000),(0.0127807,-0.0212337,-0.0030000),(0.0127038,-0.0213264,-0.0030000),(0.0129498,-0.0209277,-0.0030000),(0.0127038,-0.0213264,-0.0030000),(0.0126309,-0.0213996,-0.0030000),(0.0129498,-0.0209277,-0.0030000),(0.0126309,-0.0213996,-0.0030000),(0.0125535,-0.0214630,-0.0030000),(0.0129498,-0.0209277,-0.0030000),(0.0125535,-0.0214630,-0.0030000),(0.0124716,-0.0215167,-0.0030000),(0.0129498,-0.0209277,-0.0030000),(0.0124716,-0.0215167,-0.0030000),(0.0123852,-0.0215606,-0.0030000),(0.0129498,-0.0209277,-0.0030000),(0.0123852,-0.0215606,-0.0030000),(0.0122943,-0.0215947,-0.0030000),(0.0129498,-0.0209277,-0.0030000),(0.0122943,-0.0215947,-0.0030000),(0.0121989,-0.0216191,-0.0030000),(0.0129498,-0.0209277,-0.0030000),(0.0121989,-0.0216191,-0.0030000),(0.0120991,-0.0216338,-0.0030000),(0.0129498,-0.0209277,-0.0030000),(0.0120991,-0.0216338,-0.0030000),(0.0119947,-0.0216386,-0.0030000),(0.0129498,-0.0209277,-0.0030000),(0.0119947,-0.0216386,-0.0030000),(0.0118962,-0.0216339,-0.0030000),(0.0129498,-0.0209277,-0.0030000),(0.0118962,-0.0216339,-0.0030000),(0.0118007,-0.0216195,-0.0030000),(0.0129498,-0.0209277,-0.0030000),(0.0118007,-0.0216195,-0.0030000),(0.0117082,-0.0215956,-0.0030000),(0.0129498,-0.0209277,-0.0030000),(0.0117082,-0.0215956,-0.0030000),(0.0116187,-0.0215622,-0.0030000),(0.0129498,-0.0209277,-0.0030000),(0.0116187,-0.0215622,-0.0030000),(0.0115322,-0.0215192,-0.0030000),(0.0129498,-0.0209277,-0.0030000),(0.0115322,-0.0215192,-0.0030000),(0.0114488,-0.0214666,-0.0030000),(0.0114488,-0.0214666,-0.0030000),(0.0113683,-0.0214045,-0.0030000),(0.0112909,-0.0213328,-0.0030000),(0.0114488,-0.0214666,-0.0030000),(0.0112909,-0.0213328,-0.0030000),(0.0112118,-0.0212463,-0.0030000),(0.0114488,-0.0214666,-0.0030000),(0.0112118,-0.0212463,-0.0030000),(0.0111432,-0.0211534,-0.0030000),(0.0114488,-0.0214666,-0.0030000),(0.0111432,-0.0211534,-0.0030000),(0.0110852,-0.0210542,-0.0030000),(0.0114488,-0.0214666,-0.0030000),(0.0110852,-0.0210542,-0.0030000),(0.0110377,-0.0209486,-0.0030000),(0.0114488,-0.0214666,-0.0030000),(0.0110377,-0.0209486,-0.0030000),(0.0110008,-0.0208367,-0.0030000),(0.0114488,-0.0214666,-0.0030000),(0.0110008,-0.0208367,-0.0030000),(0.0109744,-0.0207184,-0.0030000),(0.0114488,-0.0214666,-0.0030000),(0.0109744,-0.0207184,-0.0030000),(0.0109586,-0.0205938,-0.0030000),(0.0114488,-0.0214666,-0.0030000),(0.0109586,-0.0205938,-0.0030000),(0.0109533,-0.0204628,-0.0030000),(0.0114488,-0.0214666,-0.0030000),(0.0109533,-0.0204628,-0.0030000),(0.0109533,-0.0204575,-0.0030000),(0.0114488,-0.0214666,-0.0030000),(0.0109533,-0.0204575,-0.0030000),(0.0109689,-0.0203761,-0.0030000),(0.0114488,-0.0214666,-0.0030000),(0.0109689,-0.0203761,-0.0030000),(0.0110157,-0.0203073,-0.0030000),(0.0114488,-0.0214666,-0.0030000),(0.0110157,-0.0203073,-0.0030000),(0.0110845,-0.0202604,-0.0030000),(0.0114488,-0.0214666,-0.0030000),(0.0110845,-0.0202604,-0.0030000),(0.0111660,-0.0202448,-0.0030000),(0.0114488,-0.0214666,-0.0030000),(0.0111660,-0.0202448,-0.0030000),(0.0112475,-0.0202604,-0.0030000),(0.0114488,-0.0214666,-0.0030000),(0.0112475,-0.0202604,-0.0030000),(0.0113163,-0.0203073,-0.0030000),(0.0114488,-0.0214666,-0.0030000),(0.0113163,-0.0203073,-0.0030000),(0.0113639,-0.0203761,-0.0030000),(0.0113639,-0.0203761,-0.0030000),(0.0113798,-0.0204575,-0.0030000),(0.0113798,-0.0204628,-0.0030000),(0.0113639,-0.0203761,-0.0030000),(0.0113798,-0.0204628,-0.0030000),(0.0113831,-0.0205498,-0.0030000),(0.0114488,-0.0214666,-0.0030000),(0.0113639,-0.0203761,-0.0030000),(0.0113831,-0.0205498,-0.0030000),(0.0114488,-0.0214666,-0.0030000),(0.0113831,-0.0205498,-0.0030000),(0.0113931,-0.0206322,-0.0030000),(0.0114488,-0.0214666,-0.0030000),(0.0113931,-0.0206322,-0.0030000),(0.0114097,-0.0207101,-0.0030000),(0.0114488,-0.0214666,-0.0030000),(0.0114097,-0.0207101,-0.0030000),(0.0114330,-0.0207835,-0.0030000),(0.0114488,-0.0214666,-0.0030000),(0.0114330,-0.0207835,-0.0030000),(0.0114995,-0.0209169,-0.0030000),(0.0114488,-0.0214666,-0.0030000),(0.0114995,-0.0209169,-0.0030000),(0.0115925,-0.0210322,-0.0030000),(0.0114488,-0.0214666,-0.0030000),(0.0115925,-0.0210322,-0.0030000),(0.0116834,-0.0211109,-0.0030000),(0.0114488,-0.0214666,-0.0030000),(0.0116834,-0.0211109,-0.0030000),(0.0117804,-0.0211672,-0.0030000),(0.0114488,-0.0214666,-0.0030000),(0.0117804,-0.0211672,-0.0030000),(0.0118834,-0.0212009,-0.0030000),(0.0114488,-0.0214666,-0.0030000),(0.0118834,-0.0212009,-0.0030000),(0.0119926,-0.0212121,-0.0030000),(0.0114488,-0.0214666,-0.0030000),(0.0119926,-0.0212121,-0.0030000),(0.0121058,-0.0212013,-0.0030000),(0.0114488,-0.0214666,-0.0030000),(0.0121058,-0.0212013,-0.0030000),(0.0122095,-0.0211687,-0.0030000),(0.0129498,-0.0209277,-0.0030000),(0.0114488,-0.0214666,-0.0030000),(0.0122095,-0.0211687,-0.0030000),(0.0129498,-0.0209277,-0.0030000),(0.0122095,-0.0211687,-0.0030000),(0.0123037,-0.0211145,-0.0030000),(0.0129498,-0.0209277,-0.0030000),(0.0123037,-0.0211145,-0.0030000),(0.0123884,-0.0210386,-0.0030000),(0.0129498,-0.0209277,-0.0030000),(0.0123884,-0.0210386,-0.0030000),(0.0124400,-0.0209774,-0.0030000),(0.0129498,-0.0209277,-0.0030000),(0.0124400,-0.0209774,-0.0030000),(0.0124847,-0.0209130,-0.0030000),(0.0129498,-0.0209277,-0.0030000),(0.0124847,-0.0209130,-0.0030000),(0.0125535,-0.0207743,-0.0030000),(0.0129498,-0.0209277,-0.0030000),(0.0125535,-0.0207743,-0.0030000),(0.0125948,-0.0206225,-0.0030000),(0.0129498,-0.0209277,-0.0030000),(0.0125948,-0.0206225,-0.0030000),(0.0126051,-0.0205416,-0.0030000),(0.0129498,-0.0209277,-0.0030000),(0.0126051,-0.0205416,-0.0030000),(0.0126085,-0.0204575,-0.0030000),(0.0129498,-0.0209277,-0.0030000),(0.0126085,-0.0204575,-0.0030000),(0.0126056,-0.0203708,-0.0030000),(0.0129498,-0.0209277,-0.0030000),(0.0126056,-0.0203708,-0.0030000),(0.0125968,-0.0202874,-0.0030000),(0.0129498,-0.0209277,-0.0030000),(0.0125968,-0.0202874,-0.0030000),(0.0125822,-0.0202073,-0.0030000),(0.0129498,-0.0209277,-0.0030000),(0.0125822,-0.0202073,-0.0030000),(0.0125617,-0.0201305,-0.0030000),(0.0129498,-0.0209277,-0.0030000),(0.0125617,-0.0201305,-0.0030000),(0.0125032,-0.0199869,-0.0030000),(0.0115851,-0.0180064,-0.0030000),(0.0129498,-0.0209277,-0.0030000),(0.0125032,-0.0199869,-0.0030000),(0.0115851,-0.0180064,-0.0030000),(0.0125032,-0.0199869,-0.0030000),(0.0124212,-0.0198564,-0.0030000),(0.0115851,-0.0180064,-0.0030000),(0.0124212,-0.0198564,-0.0030000),(0.0109977,-0.0179228,-0.0030000),(0.0128212,-0.0180064,-0.0030000),(0.0115851,-0.0180064,-0.0030000),(0.0109977,-0.0179228,-0.0030000),(0.0128212,-0.0180064,-0.0030000),(0.0109977,-0.0179228,-0.0030000),(0.0109512,-0.0177980,-0.0030000),(0.0128212,-0.0180064,-0.0030000),(0.0109512,-0.0177980,-0.0030000),(0.0109533,-0.0177630,-0.0030000),(0.0128212,-0.0180064,-0.0030000),(0.0109533,-0.0177630,-0.0030000),(0.0109797,-0.0176845,-0.0030000),(0.0128212,-0.0180064,-0.0030000),(0.0109797,-0.0176845,-0.0030000),(0.0110316,-0.0176286,-0.0030000),(0.0128212,-0.0180064,-0.0030000),(0.0110316,-0.0176286,-0.0030000),(0.0111001,-0.0175937,-0.0030000),(0.0128212,-0.0180064,-0.0030000),(0.0111001,-0.0175937,-0.0030000),(0.0111660,-0.0175821,-0.0030000),(0.0128212,-0.0180064,-0.0030000),(0.0111660,-0.0175821,-0.0030000),(0.0128212,-0.0175821,-0.0030000),(0.0128212,-0.0180064,-0.0030000),(0.0128212,-0.0175821,-0.0030000),(0.0129046,-0.0175971,-0.0030000),(0.0128212,-0.0180064,-0.0030000),(0.0129046,-0.0175971,-0.0030000),(0.0129726,-0.0176424,-0.0030000),(0.0128212,-0.0180064,-0.0030000),(0.0129726,-0.0176424,-0.0030000),(0.0130170,-0.0177104,-0.0030000),(0.0128212,-0.0180064,-0.0030000),(0.0130170,-0.0177104,-0.0030000),(0.0130319,-0.0177937,-0.0030000),(0.0128212,-0.0180064,-0.0030000),(0.0130319,-0.0177937,-0.0030000),(0.0130170,-0.0178779,-0.0030000),(0.0128212,-0.0180064,-0.0030000),(0.0130170,-0.0178779,-0.0030000),(0.0129726,-0.0179461,-0.0030000),(0.0128212,-0.0180064,-0.0030000),(0.0129726,-0.0179461,-0.0030000),(0.0129067,-0.0179914,-0.0030000),(0.0134901,-0.0176125,-0.0030000),(0.0135631,-0.0175059,-0.0030000),(0.0136698,-0.0174328,-0.0030000),(0.0134901,-0.0176125,-0.0030000),(0.0136698,-0.0174328,-0.0030000),(0.0137949,-0.0174085,-0.0030000),(0.0134901,-0.0176125,-0.0030000),(0.0137949,-0.0174085,-0.0030000),(0.0139198,-0.0174328,-0.0030000),(0.0134901,-0.0176125,-0.0030000),(0.0139198,-0.0174328,-0.0030000),(0.0140256,-0.0175059,-0.0030000),(0.0134901,-0.0176125,-0.0030000),(0.0140256,-0.0175059,-0.0030000),(0.0140987,-0.0176125,-0.0030000),(0.0134901,-0.0176125,-0.0030000),(0.0140987,-0.0176125,-0.0030000),(0.0141230,-0.0177376,-0.0030000),(0.0134901,-0.0176125,-0.0030000),(0.0141230,-0.0177376,-0.0030000),(0.0140987,-0.0178628,-0.0030000),(0.0134901,-0.0176125,-0.0030000),(0.0140987,-0.0178628,-0.0030000),(0.0140256,-0.0179694,-0.0030000),(0.0134901,-0.0176125,-0.0030000),(0.0140256,-0.0179694,-0.0030000),(0.0139198,-0.0180424,-0.0030000),(0.0134901,-0.0176125,-0.0030000),(0.0139198,-0.0180424,-0.0030000),(0.0137949,-0.0180668,-0.0030000),(0.0134901,-0.0176125,-0.0030000),(0.0137949,-0.0180668,-0.0030000),(0.0136698,-0.0180424,-0.0030000),(0.0134901,-0.0176125,-0.0030000),(0.0136698,-0.0180424,-0.0030000),(0.0135631,-0.0179694,-0.0030000),(0.0134901,-0.0176125,-0.0030000),(0.0135631,-0.0179694,-0.0030000),(0.0134901,-0.0178628,-0.0030000),(0.0134901,-0.0176125,-0.0030000),(0.0134901,-0.0178628,-0.0030000),(0.0134658,-0.0177376,-0.0030000),(0.0270094,-0.0193648,-0.0030000),(0.0283916,-0.0175752,-0.0030000),(0.0284639,-0.0175133,-0.0030000),(0.0270094,-0.0193648,-0.0030000),(0.0284639,-0.0175133,-0.0030000),(0.0285557,-0.0174926,-0.0030000),(0.0270094,-0.0193648,-0.0030000),(0.0285557,-0.0174926,-0.0030000),(0.0286880,-0.0175381,-0.0030000),(0.0270094,-0.0193648,-0.0030000),(0.0286880,-0.0175381,-0.0030000),(0.0287523,-0.0176117,-0.0030000),(0.0270094,-0.0193648,-0.0030000),(0.0287523,-0.0176117,-0.0030000),(0.0287737,-0.0177075,-0.0030000),(0.0270094,-0.0193648,-0.0030000),(0.0287737,-0.0177075,-0.0030000),(0.0287292,-0.0178398,-0.0030000),(0.0270094,-0.0193648,-0.0030000),(0.0287292,-0.0178398,-0.0030000),(0.0275534,-0.0193648,-0.0030000),(0.0275534,-0.0193648,-0.0030000),(0.0276392,-0.0193648,-0.0030000),(0.0277584,-0.0193699,-0.0030000),(0.0270094,-0.0193648,-0.0030000),(0.0275534,-0.0193648,-0.0030000),(0.0277584,-0.0193699,-0.0030000),(0.0261458,-0.0193648,-0.0030000),(0.0270094,-0.0193648,-0.0030000),(0.0277584,-0.0193699,-0.0030000),(0.0261458,-0.0193648,-0.0030000),(0.0277584,-0.0193699,-0.0030000),(0.0278722,-0.0193853,-0.0030000),(0.0261458,-0.0193648,-0.0030000),(0.0278722,-0.0193853,-0.0030000),(0.0279805,-0.0194108,-0.0030000),(0.0261458,-0.0193648,-0.0030000),(0.0279805,-0.0194108,-0.0030000),(0.0280834,-0.0194466,-0.0030000),(0.0261458,-0.0193648,-0.0030000),(0.0280834,-0.0194466,-0.0030000),(0.0281808,-0.0194926,-0.0030000),(0.0261458,-0.0193648,-0.0030000),(0.0281808,-0.0194926,-0.0030000),(0.0282728,-0.0195488,-0.0030000),(0.0261458,-0.0193648,-0.0030000),(0.0282728,-0.0195488,-0.0030000),(0.0283593,-0.0196152,-0.0030000),(0.0261458,-0.0193648,-0.0030000),(0.0283593,-0.0196152,-0.0030000),(0.0284403,-0.0196918,-0.0030000),(0.0261458,-0.0193648,-0.0030000),(0.0284403,-0.0196918,-0.0030000),(0.0285167,-0.0197816,-0.0030000),(0.0261458,-0.0193648,-0.0030000),(0.0285167,-0.0197816,-0.0030000),(0.0285829,-0.0198740,-0.0030000),(0.0261458,-0.0193648,-0.0030000),(0.0285829,-0.0198740,-0.0030000),(0.0286390,-0.0199692,-0.0030000),(0.0286390,-0.0199692,-0.0030000),(0.0286848,-0.0200670,-0.0030000),(0.0282892,-0.0202162,-0.0030000),(0.0286390,-0.0199692,-0.0030000),(0.0282892,-0.0202162,-0.0030000),(0.0282247,-0.0200986,-0.0030000),(0.0286390,-0.0199692,-0.0030000),(0.0282247,-0.0200986,-0.0030000),(0.0281345,-0.0199924,-0.0030000),(0.0286390,-0.0199692,-0.0030000),(0.0281345,-0.0199924,-0.0030000),(0.0280245,-0.0199044,-0.0030000),(0.0286390,-0.0199692,-0.0030000),(0.0280245,-0.0199044,-0.0030000),(0.0279053,-0.0198416,-0.0030000),(0.0286390,-0.0199692,-0.0030000),(0.0279053,-0.0198416,-0.0030000),(0.0277769,-0.0198039,-0.0030000),(0.0261458,-0.0193648,-0.0030000),(0.0286390,-0.0199692,-0.0030000),(0.0277769,-0.0198039,-0.0030000),(0.0261458,-0.0193648,-0.0030000),(0.0277769,-0.0198039,-0.0030000),(0.0276392,-0.0197913,-0.0030000),(0.0261458,-0.0193648,-0.0030000),(0.0276392,-0.0197913,-0.0030000),(0.0261458,-0.0197913,-0.0030000),(0.0283279,-0.0203452,-0.0030000),(0.0282892,-0.0202162,-0.0030000),(0.0286848,-0.0200670,-0.0030000),(0.0283408,-0.0204856,-0.0030000),(0.0283279,-0.0203452,-0.0030000),(0.0286848,-0.0200670,-0.0030000),(0.0283279,-0.0206246,-0.0030000),(0.0283408,-0.0204856,-0.0030000),(0.0286848,-0.0200670,-0.0030000),(0.0282892,-0.0207528,-0.0030000),(0.0283279,-0.0206246,-0.0030000),(0.0286848,-0.0200670,-0.0030000),(0.0282247,-0.0208702,-0.0030000),(0.0282892,-0.0207528,-0.0030000),(0.0286848,-0.0200670,-0.0030000),(0.0282247,-0.0208702,-0.0030000),(0.0286848,-0.0200670,-0.0030000),(0.0287204,-0.0201676,-0.0030000),(0.0282247,-0.0208702,-0.0030000),(0.0287204,-0.0201676,-0.0030000),(0.0287459,-0.0202709,-0.0030000),(0.0281345,-0.0209767,-0.0030000),(0.0282247,-0.0208702,-0.0030000),(0.0287459,-0.0202709,-0.0030000),(0.0281345,-0.0209767,-0.0030000),(0.0287459,-0.0202709,-0.0030000),(0.0287612,-0.0203769,-0.0030000),(0.0281345,-0.0209767,-0.0030000),(0.0287612,-0.0203769,-0.0030000),(0.0287663,-0.0204856,-0.0030000),(0.0280273,-0.0210646,-0.0030000),(0.0281345,-0.0209767,-0.0030000),(0.0287663,-0.0204856,-0.0030000),(0.0280273,-0.0210646,-0.0030000),(0.0287663,-0.0204856,-0.0030000),(0.0287612,-0.0205982,-0.0030000),(0.0280273,-0.0210646,-0.0030000),(0.0287612,-0.0205982,-0.0030000),(0.0287459,-0.0207069,-0.0030000),(0.0279101,-0.0211275,-0.0030000),(0.0280273,-0.0210646,-0.0030000),(0.0287459,-0.0207069,-0.0030000),(0.0279101,-0.0211275,-0.0030000),(0.0287459,-0.0207069,-0.0030000),(0.0287204,-0.0208117,-0.0030000),(0.0279101,-0.0211275,-0.0030000),(0.0287204,-0.0208117,-0.0030000),(0.0286848,-0.0209126,-0.0030000),(0.0277828,-0.0211652,-0.0030000),(0.0279101,-0.0211275,-0.0030000),(0.0286848,-0.0209126,-0.0030000),(0.0277828,-0.0211652,-0.0030000),(0.0286848,-0.0209126,-0.0030000),(0.0286390,-0.0210096,-0.0030000),(0.0277828,-0.0211652,-0.0030000),(0.0286390,-0.0210096,-0.0030000),(0.0285829,-0.0211027,-0.0030000),(0.0276455,-0.0211777,-0.0030000),(0.0277828,-0.0211652,-0.0030000),(0.0285829,-0.0211027,-0.0030000),(0.0276455,-0.0211777,-0.0030000),(0.0285829,-0.0211027,-0.0030000),(0.0285167,-0.0211919,-0.0030000),(0.0261458,-0.0211777,-0.0030000),(0.0276455,-0.0211777,-0.0030000),(0.0285167,-0.0211919,-0.0030000),(0.0261458,-0.0211777,-0.0030000),(0.0285167,-0.0211919,-0.0030000),(0.0284403,-0.0212772,-0.0030000),(0.0261458,-0.0211777,-0.0030000),(0.0284403,-0.0212772,-0.0030000),(0.0283533,-0.0213554,-0.0030000),(0.0261458,-0.0211777,-0.0030000),(0.0283533,-0.0213554,-0.0030000),(0.0282624,-0.0214231,-0.0030000),(0.0261458,-0.0211777,-0.0030000),(0.0282624,-0.0214231,-0.0030000),(0.0281679,-0.0214804,-0.0030000),(0.0261458,-0.0211777,-0.0030000),(0.0281679,-0.0214804,-0.0030000),(0.0280696,-0.0215273,-0.0030000),(0.0261458,-0.0211777,-0.0030000),(0.0280696,-0.0215273,-0.0030000),(0.0279676,-0.0215637,-0.0030000),(0.0261458,-0.0211777,-0.0030000),(0.0279676,-0.0215637,-0.0030000),(0.0278619,-0.0215898,-0.0030000),(0.0261458,-0.0211777,-0.0030000),(0.0278619,-0.0215898,-0.0030000),(0.0277524,-0.0216054,-0.0030000),(0.0261458,-0.0211777,-0.0030000),(0.0277524,-0.0216054,-0.0030000),(0.0276392,-0.0216106,-0.0030000),(0.0261458,-0.0211777,-0.0030000),(0.0276392,-0.0216106,-0.0030000),(0.0259331,-0.0216106,-0.0030000),(0.0261458,-0.0197913,-0.0030000),(0.0261458,-0.0211777,-0.0030000),(0.0259331,-0.0216106,-0.0030000),(0.0261458,-0.0193648,-0.0030000),(0.0261458,-0.0197913,-0.0030000),(0.0259331,-0.0216106,-0.0030000),(0.0261458,-0.0193648,-0.0030000),(0.0259331,-0.0216106,-0.0030000),(0.0258471,-0.0215939,-0.0030000),(0.0261458,-0.0193648,-0.0030000),(0.0258471,-0.0215939,-0.0030000),(0.0257754,-0.0215439,-0.0030000),(0.0261458,-0.0193648,-0.0030000),(0.0257754,-0.0215439,-0.0030000),(0.0257334,-0.0214696,-0.0030000),(0.0261458,-0.0193648,-0.0030000),(0.0257334,-0.0214696,-0.0030000),(0.0257193,-0.0213905,-0.0030000),(0.0261458,-0.0193648,-0.0030000),(0.0257193,-0.0213905,-0.0030000),(0.0257193,-0.0177636,-0.0030000),(0.0261458,-0.0193648,-0.0030000),(0.0257193,-0.0177636,-0.0030000),(0.0257422,-0.0176802,-0.0030000),(0.0261458,-0.0193648,-0.0030000),(0.0257422,-0.0176802,-0.0030000),(0.0257855,-0.0176207,-0.0030000),(0.0261458,-0.0193648,-0.0030000),(0.0257855,-0.0176207,-0.0030000),(0.0259331,-0.0175731,-0.0030000),(0.0261458,-0.0193648,-0.0030000),(0.0259331,-0.0175731,-0.0030000),(0.0260071,-0.0175850,-0.0030000),(0.0261458,-0.0193648,-0.0030000),(0.0260071,-0.0175850,-0.0030000),(0.0260673,-0.0176207,-0.0030000),(0.0261458,-0.0193648,-0.0030000),(0.0260673,-0.0176207,-0.0030000),(0.0261458,-0.0177636,-0.0030000),(0.0247573,-0.0193701,-0.0030000),(0.0247552,-0.0177636,-0.0030000),(0.0247713,-0.0176815,-0.0030000),(0.0247573,-0.0193701,-0.0030000),(0.0247713,-0.0176815,-0.0030000),(0.0248198,-0.0176133,-0.0030000),(0.0247573,-0.0193701,-0.0030000),(0.0248198,-0.0176133,-0.0030000),(0.0248885,-0.0175672,-0.0030000),(0.0247573,-0.0193701,-0.0030000),(0.0248885,-0.0175672,-0.0030000),(0.0249658,-0.0175519,-0.0030000),(0.0247573,-0.0193701,-0.0030000),(0.0249658,-0.0175519,-0.0030000),(0.0250486,-0.0175672,-0.0030000),(0.0247573,-0.0193701,-0.0030000),(0.0250486,-0.0175672,-0.0030000),(0.0251171,-0.0176133,-0.0030000),(0.0247573,-0.0193701,-0.0030000),(0.0251171,-0.0176133,-0.0030000),(0.0251632,-0.0176815,-0.0030000),(0.0247573,-0.0193701,-0.0030000),(0.0251632,-0.0176815,-0.0030000),(0.0251785,-0.0177636,-0.0030000),(0.0247573,-0.0193701,-0.0030000),(0.0251785,-0.0177636,-0.0030000),(0.0251785,-0.0213905,-0.0030000),(0.0247573,-0.0193701,-0.0030000),(0.0251785,-0.0213905,-0.0030000),(0.0251632,-0.0214720,-0.0030000),(0.0247573,-0.0193701,-0.0030000),(0.0251632,-0.0214720,-0.0030000),(0.0251171,-0.0215408,-0.0030000),(0.0247573,-0.0193701,-0.0030000),(0.0251171,-0.0215408,-0.0030000),(0.0250497,-0.0215884,-0.0030000),(0.0247573,-0.0193701,-0.0030000),(0.0250497,-0.0215884,-0.0030000),(0.0249700,-0.0216043,-0.0030000),(0.0247573,-0.0193701,-0.0030000),(0.0249700,-0.0216043,-0.0030000),(0.0248880,-0.0215878,-0.0030000),(0.0247573,-0.0193701,-0.0030000),(0.0248880,-0.0215878,-0.0030000),(0.0248176,-0.0215386,-0.0030000),(0.0247573,-0.0193701,-0.0030000),(0.0248176,-0.0215386,-0.0030000),(0.0247708,-0.0214741,-0.0030000),(0.0247573,-0.0193701,-0.0030000),(0.0247708,-0.0214741,-0.0030000),(0.0247552,-0.0213905,-0.0030000),(0.0247573,-0.0193701,-0.0030000),(0.0247552,-0.0213905,-0.0030000),(0.0247552,-0.0197913,-0.0030000),(0.0225560,-0.0193701,-0.0030000),(0.0247573,-0.0193701,-0.0030000),(0.0247552,-0.0197913,-0.0030000),(0.0225560,-0.0193701,-0.0030000),(0.0247552,-0.0197913,-0.0030000),(0.0225623,-0.0197913,-0.0030000),(0.0225560,-0.0193701,-0.0030000),(0.0225623,-0.0197913,-0.0030000),(0.0225623,-0.0213905,-0.0030000),(0.0225560,-0.0193701,-0.0030000),(0.0225623,-0.0213905,-0.0030000),(0.0225459,-0.0214720,-0.0030000),(0.0225560,-0.0193701,-0.0030000),(0.0225459,-0.0214720,-0.0030000),(0.0224967,-0.0215408,-0.0030000),(0.0225560,-0.0193701,-0.0030000),(0.0224967,-0.0215408,-0.0030000),(0.0224271,-0.0215884,-0.0030000),(0.0225560,-0.0193701,-0.0030000),(0.0224271,-0.0215884,-0.0030000),(0.0223496,-0.0216043,-0.0030000),(0.0225560,-0.0193701,-0.0030000),(0.0223496,-0.0216043,-0.0030000),(0.0222673,-0.0215884,-0.0030000),(0.0225560,-0.0193701,-0.0030000),(0.0222673,-0.0215884,-0.0030000),(0.0221961,-0.0215408,-0.0030000),(0.0225560,-0.0193701,-0.0030000),(0.0221961,-0.0215408,-0.0030000),(0.0221477,-0.0214720,-0.0030000),(0.0225560,-0.0193701,-0.0030000),(0.0221477,-0.0214720,-0.0030000),(0.0221316,-0.0213905,-0.0030000),(0.0225560,-0.0193701,-0.0030000),(0.0221316,-0.0213905,-0.0030000),(0.0221316,-0.0177636,-0.0030000),(0.0225560,-0.0193701,-0.0030000),(0.0221316,-0.0177636,-0.0030000),(0.0221472,-0.0176815,-0.0030000),(0.0225560,-0.0193701,-0.0030000),(0.0221472,-0.0176815,-0.0030000),(0.0221940,-0.0176133,-0.0030000),(0.0225560,-0.0193701,-0.0030000),(0.0221940,-0.0176133,-0.0030000),(0.0222636,-0.0175672,-0.0030000),(0.0225560,-0.0193701,-0.0030000),(0.0222636,-0.0175672,-0.0030000),(0.0223454,-0.0175519,-0.0030000),(0.0225560,-0.0193701,-0.0030000),(0.0223454,-0.0175519,-0.0030000),(0.0224232,-0.0175670,-0.0030000),(0.0225560,-0.0193701,-0.0030000),(0.0224232,-0.0175670,-0.0030000),(0.0224957,-0.0176122,-0.0030000),(0.0225560,-0.0193701,-0.0030000),(0.0224957,-0.0176122,-0.0030000),(0.0225409,-0.0176770,-0.0030000),(0.0225560,-0.0193701,-0.0030000),(0.0225409,-0.0176770,-0.0030000),(0.0225560,-0.0177636,-0.0030000),(0.0297378,-0.0190822,-0.0030000),(0.0297378,-0.0213905,-0.0030000),(0.0297225,-0.0214720,-0.0030000),(0.0297378,-0.0190822,-0.0030000),(0.0297225,-0.0214720,-0.0030000),(0.0296764,-0.0215408,-0.0030000),(0.0297378,-0.0190822,-0.0030000),(0.0296764,-0.0215408,-0.0030000),(0.0296090,-0.0215884,-0.0030000),(0.0297428,-0.0189698,-0.0030000),(0.0297378,-0.0190822,-0.0030000),(0.0296090,-0.0215884,-0.0030000),(0.0297428,-0.0189698,-0.0030000),(0.0296090,-0.0215884,-0.0030000),(0.0295293,-0.0216043,-0.0030000),(0.0297428,-0.0189698,-0.0030000),(0.0295293,-0.0216043,-0.0030000),(0.0294460,-0.0215878,-0.0030000),(0.0297428,-0.0189698,-0.0030000),(0.0294460,-0.0215878,-0.0030000),(0.0293716,-0.0215386,-0.0030000),(0.0297428,-0.0189698,-0.0030000),(0.0293716,-0.0215386,-0.0030000),(0.0293264,-0.0214741,-0.0030000),(0.0297428,-0.0189698,-0.0030000),(0.0293264,-0.0214741,-0.0030000),(0.0293113,-0.0213905,-0.0030000),(0.0297428,-0.0189698,-0.0030000),(0.0293113,-0.0213905,-0.0030000),(0.0293113,-0.0190822,-0.0030000),(0.0297428,-0.0189698,-0.0030000),(0.0293113,-0.0190822,-0.0030000),(0.0293183,-0.0189271,-0.0030000),(0.0297428,-0.0189698,-0.0030000),(0.0293183,-0.0189271,-0.0030000),(0.0293391,-0.0187778,-0.0030000),(0.0297428,-0.0189698,-0.0030000),(0.0293391,-0.0187778,-0.0030000),(0.0293738,-0.0186341,-0.0030000),(0.0297428,-0.0189698,-0.0030000),(0.0293738,-0.0186341,-0.0030000),(0.0294224,-0.0184962,-0.0030000),(0.0297428,-0.0189698,-0.0030000),(0.0294224,-0.0184962,-0.0030000),(0.0294850,-0.0183640,-0.0030000),(0.0297428,-0.0189698,-0.0030000),(0.0294850,-0.0183640,-0.0030000),(0.0295614,-0.0182375,-0.0030000),(0.0297428,-0.0189698,-0.0030000),(0.0295614,-0.0182375,-0.0030000),(0.0296516,-0.0181167,-0.0030000),(0.0297428,-0.0189698,-0.0030000),(0.0296516,-0.0181167,-0.0030000),(0.0297558,-0.0180017,-0.0030000),(0.0297428,-0.0189698,-0.0030000),(0.0297558,-0.0180017,-0.0030000),(0.0298684,-0.0178963,-0.0030000),(0.0298684,-0.0178963,-0.0030000),(0.0299871,-0.0178049,-0.0030000),(0.0301118,-0.0177276,-0.0030000),(0.0298684,-0.0178963,-0.0030000),(0.0301118,-0.0177276,-0.0030000),(0.0302427,-0.0176643,-0.0030000),(0.0298684,-0.0178963,-0.0030000),(0.0302427,-0.0176643,-0.0030000),(0.0303796,-0.0176151,-0.0030000),(0.0298684,-0.0178963,-0.0030000),(0.0303796,-0.0176151,-0.0030000),(0.0305226,-0.0175800,-0.0030000),(0.0298684,-0.0178963,-0.0030000),(0.0305226,-0.0175800,-0.0030000),(0.0306717,-0.0175589,-0.0030000),(0.0298684,-0.0178963,-0.0030000),(0.0306717,-0.0175589,-0.0030000),(0.0308269,-0.0175519,-0.0030000),(0.0298684,-0.0178963,-0.0030000),(0.0308269,-0.0175519,-0.0030000),(0.0309823,-0.0175589,-0.0030000),(0.0298684,-0.0178963,-0.0030000),(0.0309823,-0.0175589,-0.0030000),(0.0311320,-0.0175800,-0.0030000),(0.0298684,-0.0178963,-0.0030000),(0.0311320,-0.0175800,-0.0030000),(0.0312761,-0.0176151,-0.0030000),(0.0298684,-0.0178963,-0.0030000),(0.0312761,-0.0176151,-0.0030000),(0.0314145,-0.0176643,-0.0030000),(0.0298684,-0.0178963,-0.0030000),(0.0314145,-0.0176643,-0.0030000),(0.0315473,-0.0177276,-0.0030000),(0.0298684,-0.0178963,-0.0030000),(0.0315473,-0.0177276,-0.0030000),(0.0316744,-0.0178049,-0.0030000),(0.0298684,-0.0178963,-0.0030000),(0.0316744,-0.0178049,-0.0030000),(0.0317958,-0.0178963,-0.0030000),(0.0298684,-0.0178963,-0.0030000),(0.0317958,-0.0178963,-0.0030000),(0.0319116,-0.0180017,-0.0030000),(0.0319116,-0.0180017,-0.0030000),(0.0320163,-0.0181154,-0.0030000),(0.0321070,-0.0182353,-0.0030000),(0.0319116,-0.0180017,-0.0030000),(0.0321070,-0.0182353,-0.0030000),(0.0321838,-0.0183615,-0.0030000),(0.0319116,-0.0180017,-0.0030000),(0.0321838,-0.0183615,-0.0030000),(0.0322466,-0.0184938,-0.0030000),(0.0319116,-0.0180017,-0.0030000),(0.0322466,-0.0184938,-0.0030000),(0.0322955,-0.0186324,-0.0030000),(0.0319116,-0.0180017,-0.0030000),(0.0322955,-0.0186324,-0.0030000),(0.0323304,-0.0187772,-0.0030000),(0.0319116,-0.0180017,-0.0030000),(0.0323304,-0.0187772,-0.0030000),(0.0323513,-0.0189282,-0.0030000),(0.0319116,-0.0180017,-0.0030000),(0.0323513,-0.0189282,-0.0030000),(0.0323583,-0.0190854,-0.0030000),(0.0319116,-0.0180017,-0.0030000),(0.0323583,-0.0190854,-0.0030000),(0.0323583,-0.0213905,-0.0030000),(0.0319116,-0.0180017,-0.0030000),(0.0323583,-0.0213905,-0.0030000),(0.0323429,-0.0214720,-0.0030000),(0.0319116,-0.0180017,-0.0030000),(0.0323429,-0.0214720,-0.0030000),(0.0322969,-0.0215408,-0.0030000),(0.0319116,-0.0180017,-0.0030000),(0.0322969,-0.0215408,-0.0030000),(0.0322286,-0.0215884,-0.0030000),(0.0319116,-0.0180017,-0.0030000),(0.0322286,-0.0215884,-0.0030000),(0.0321466,-0.0216043,-0.0030000),(0.0319116,-0.0180017,-0.0030000),(0.0321466,-0.0216043,-0.0030000),(0.0320646,-0.0215884,-0.0030000),(0.0319116,-0.0180017,-0.0030000),(0.0320646,-0.0215884,-0.0030000),(0.0319963,-0.0215408,-0.0030000),(0.0319963,-0.0215408,-0.0030000),(0.0319503,-0.0214720,-0.0030000),(0.0319349,-0.0213905,-0.0030000),(0.0319963,-0.0215408,-0.0030000),(0.0319349,-0.0213905,-0.0030000),(0.0319349,-0.0190854,-0.0030000),(0.0319116,-0.0180017,-0.0030000),(0.0319963,-0.0215408,-0.0030000),(0.0319349,-0.0190854,-0.0030000),(0.0319116,-0.0180017,-0.0030000),(0.0319349,-0.0190854,-0.0030000),(0.0319298,-0.0189734,-0.0030000),(0.0319116,-0.0180017,-0.0030000),(0.0319298,-0.0189734,-0.0030000),(0.0319145,-0.0188654,-0.0030000),(0.0319116,-0.0180017,-0.0030000),(0.0319145,-0.0188654,-0.0030000),(0.0318889,-0.0187615,-0.0030000),(0.0319116,-0.0180017,-0.0030000),(0.0318889,-0.0187615,-0.0030000),(0.0318532,-0.0186616,-0.0030000),(0.0319116,-0.0180017,-0.0030000),(0.0318532,-0.0186616,-0.0030000),(0.0318072,-0.0185657,-0.0030000),(0.0319116,-0.0180017,-0.0030000),(0.0318072,-0.0185657,-0.0030000),(0.0317510,-0.0184738,-0.0030000),(0.0319116,-0.0180017,-0.0030000),(0.0317510,-0.0184738,-0.0030000),(0.0316846,-0.0183860,-0.0030000),(0.0319116,-0.0180017,-0.0030000),(0.0316846,-0.0183860,-0.0030000),(0.0316079,-0.0183023,-0.0030000),(0.0319116,-0.0180017,-0.0030000),(0.0316079,-0.0183023,-0.0030000),(0.0315260,-0.0182259,-0.0030000),(0.0319116,-0.0180017,-0.0030000),(0.0315260,-0.0182259,-0.0030000),(0.0314397,-0.0181596,-0.0030000),(0.0319116,-0.0180017,-0.0030000),(0.0314397,-0.0181596,-0.0030000),(0.0313489,-0.0181036,-0.0030000),(0.0319116,-0.0180017,-0.0030000),(0.0313489,-0.0181036,-0.0030000),(0.0312536,-0.0180578,-0.0030000),(0.0319116,-0.0180017,-0.0030000),(0.0312536,-0.0180578,-0.0030000),(0.0311539,-0.0180221,-0.0030000),(0.0319116,-0.0180017,-0.0030000),(0.0311539,-0.0180221,-0.0030000),(0.0310497,-0.0179967,-0.0030000),(0.0319116,-0.0180017,-0.0030000),(0.0310497,-0.0179967,-0.0030000),(0.0309410,-0.0179814,-0.0030000),(0.0298684,-0.0178963,-0.0030000),(0.0319116,-0.0180017,-0.0030000),(0.0309410,-0.0179814,-0.0030000),(0.0298684,-0.0178963,-0.0030000),(0.0309410,-0.0179814,-0.0030000),(0.0308279,-0.0179763,-0.0030000),(0.0298684,-0.0178963,-0.0030000),(0.0308279,-0.0179763,-0.0030000),(0.0307168,-0.0179813,-0.0030000),(0.0298684,-0.0178963,-0.0030000),(0.0307168,-0.0179813,-0.0030000),(0.0306098,-0.0179965,-0.0030000),(0.0298684,-0.0178963,-0.0030000),(0.0306098,-0.0179965,-0.0030000),(0.0305071,-0.0180218,-0.0030000),(0.0298684,-0.0178963,-0.0030000),(0.0305071,-0.0180218,-0.0030000),(0.0304086,-0.0180572,-0.0030000),(0.0298684,-0.0178963,-0.0030000),(0.0304086,-0.0180572,-0.0030000),(0.0303142,-0.0181028,-0.0030000),(0.0298684,-0.0178963,-0.0030000),(0.0303142,-0.0181028,-0.0030000),(0.0302241,-0.0181585,-0.0030000),(0.0298684,-0.0178963,-0.0030000),(0.0302241,-0.0181585,-0.0030000),(0.0301381,-0.0182242,-0.0030000),(0.0298684,-0.0178963,-0.0030000),(0.0301381,-0.0182242,-0.0030000),(0.0300564,-0.0183001,-0.0030000),(0.0298684,-0.0178963,-0.0030000),(0.0300564,-0.0183001,-0.0030000),(0.0299817,-0.0183832,-0.0030000),(0.0298684,-0.0178963,-0.0030000),(0.0299817,-0.0183832,-0.0030000),(0.0299170,-0.0184705,-0.0030000),(0.0298684,-0.0178963,-0.0030000),(0.0299170,-0.0184705,-0.0030000),(0.0298623,-0.0185619,-0.0030000),(0.0298684,-0.0178963,-0.0030000),(0.0298623,-0.0185619,-0.0030000),(0.0298175,-0.0186576,-0.0030000),(0.0298684,-0.0178963,-0.0030000),(0.0298175,-0.0186576,-0.0030000),(0.0297826,-0.0187575,-0.0030000),(0.0298684,-0.0178963,-0.0030000),(0.0297826,-0.0187575,-0.0030000),(0.0297577,-0.0188615,-0.0030000),(0.0297428,-0.0189698,-0.0030000),(0.0298684,-0.0178963,-0.0030000),(0.0297577,-0.0188615,-0.0030000),(0.0215355,-0.0212309,-0.0030000),(0.0215887,-0.0213905,-0.0030000),(0.0215736,-0.0214704,-0.0030000),(0.0215355,-0.0212309,-0.0030000),(0.0215736,-0.0214704,-0.0030000),(0.0215283,-0.0215386,-0.0030000),(0.0215355,-0.0212309,-0.0030000),(0.0215283,-0.0215386,-0.0030000),(0.0214601,-0.0215878,-0.0030000),(0.0215355,-0.0212309,-0.0030000),(0.0214601,-0.0215878,-0.0030000),(0.0213759,-0.0216043,-0.0030000),(0.0215355,-0.0212309,-0.0030000),(0.0213759,-0.0216043,-0.0030000),(0.0187555,-0.0216043,-0.0030000),(0.0215355,-0.0212309,-0.0030000),(0.0187555,-0.0216043,-0.0030000),(0.0186624,-0.0215839,-0.0030000),(0.0215355,-0.0212309,-0.0030000),(0.0186624,-0.0215839,-0.0030000),(0.0185883,-0.0215228,-0.0030000),(0.0215355,-0.0212309,-0.0030000),(0.0185883,-0.0215228,-0.0030000),(0.0185417,-0.0213905,-0.0030000),(0.0215355,-0.0212309,-0.0030000),(0.0185417,-0.0213905,-0.0030000),(0.0185417,-0.0213746,-0.0030000),(0.0215355,-0.0212309,-0.0030000),(0.0185417,-0.0213746,-0.0030000),(0.0186020,-0.0212455,-0.0030000),(0.0215355,-0.0212309,-0.0030000),(0.0186020,-0.0212455,-0.0030000),(0.0186732,-0.0211947,-0.0030000),(0.0215355,-0.0212309,-0.0030000),(0.0186732,-0.0211947,-0.0030000),(0.0187555,-0.0211777,-0.0030000),(0.0215355,-0.0212309,-0.0030000),(0.0187555,-0.0211777,-0.0030000),(0.0198551,-0.0211777,-0.0030000),(0.0198551,-0.0211777,-0.0030000),(0.0198551,-0.0177636,-0.0030000),(0.0198705,-0.0176815,-0.0030000),(0.0198551,-0.0211777,-0.0030000),(0.0198705,-0.0176815,-0.0030000),(0.0199165,-0.0176133,-0.0030000),(0.0198551,-0.0211777,-0.0030000),(0.0199165,-0.0176133,-0.0030000),(0.0199848,-0.0175672,-0.0030000),(0.0198551,-0.0211777,-0.0030000),(0.0199848,-0.0175672,-0.0030000),(0.0200668,-0.0175519,-0.0030000),(0.0198551,-0.0211777,-0.0030000),(0.0200668,-0.0175519,-0.0030000),(0.0201488,-0.0175672,-0.0030000),(0.0198551,-0.0211777,-0.0030000),(0.0201488,-0.0175672,-0.0030000),(0.0202171,-0.0176133,-0.0030000),(0.0198551,-0.0211777,-0.0030000),(0.0202171,-0.0176133,-0.0030000),(0.0202631,-0.0176815,-0.0030000),(0.0198551,-0.0211777,-0.0030000),(0.0202631,-0.0176815,-0.0030000),(0.0202784,-0.0177636,-0.0030000),(0.0198551,-0.0211777,-0.0030000),(0.0202784,-0.0177636,-0.0030000),(0.0202784,-0.0211777,-0.0030000),(0.0215355,-0.0212309,-0.0030000),(0.0198551,-0.0211777,-0.0030000),(0.0202784,-0.0211777,-0.0030000),(0.0215355,-0.0212309,-0.0030000),(0.0202784,-0.0211777,-0.0030000),(0.0213759,-0.0211777,-0.0030000),(0.0215355,-0.0212309,-0.0030000),(0.0213759,-0.0211777,-0.0030000),(0.0214690,-0.0211910,-0.0030000)));
#8965=COMPLEX_TRIANGULATED_SURFACE_SET('surface set',#8964,4485,(),(),(),((1,2,3),(4,5,6),(7,8,9),(10,11,12),(13,14,15),(16,17,18),(19,20,21),(22,23,24),(25,26,27),(28,29,30),(31,32,33),(34,35,36),(37,38,39),(40,41,42),(43,44,45),(46,47,48),(49,50,51),(52,53,54),(55,56,57),(58,59,60),(61,62,63),(64,65,66),(67,68,69),(70,71,72),(73,74,75),(76,77,78),(79,80,81),(82,83,84),(85,86,87),(88,89,90),(91,92,93),(94,95,96),(97,98,99),(100,101,102),(103,104,105),(106,107,108),(109,110,111),(112,113,114),(115,116,117),(118,119,120),(121,122,123),(124,125,126),(127,128,129),(130,131,132),(133,134,135),(136,137,138),(139,140,141),(142,143,144),(145,146,147),(148,149,150),(151,152,153),(154,155,156),(157,158,159),(160,161,162),(163,164,165),(166,167,168),(169,170,171),(172,173,174),(175,176,177),(178,179,180),(181,182,183),(184,185,186),(187,188,189),(190,191,192),(193,194,195),(196,197,198),(199,200,201),(202,203,204),(205,206,207),(208,209,210),(211,212,213),(214,215,216),(217,218,219),(220,221,222),(223,224,225),(226,227,228),(229,230,231),(232,233,234),(235,236,237),(238,239,240),(241,242,243),(244,245,246),(247,248,249),(250,251,252),(253,254,255),(256,257,258),(259,260,261),(262,263,264),(265,266,267),(268,269,270),(271,272,273),(274,275,276),(277,278,279),(280,281,282),(283,284,285),(286,287,288),(289,290,291),(292,293,294),(295,296,297),(298,299,300),(301,302,303),(304,305,306),(307,308,309),(310,311,312),(313,314,315),(316,317,318),(319,320,321),(322,323,324),(325,326,327),(328,329,330),(331,332,333),(334,335,336),(337,338,339),(340,341,342),(343,344,345),(346,347,348),(349,350,351),(352,353,354),(355,356,357),(358,359,360),(361,362,363),(364,365,366),(367,368,369),(370,371,372),(373,374,375),(376,377,378),(379,380,381),(382,383,384),(385,386,387),(388,389,390),(391,392,393),(394,395,396),(397,398,399),(400,401,402),(403,404,405),(406,407,408),(409,410,411),(412,413,414),(415,416,417),(418,419,420),(421,422,423),(424,425,426),(427,428,429),(430,431,432),(433,434,435),(436,437,438),(439,440,441),(442,443,444),(445,446,447),(448,449,450),(451,452,453),(454,455,456),(457,458,459),(460,461,462),(463,464,465),(466,467,468),(469,470,471),(472,473,474),(475,476,477),(478,479,480),(481,482,483),(484,485,486),(487,488,489),(490,491,492),(493,494,495),(496,497,498),(499,500,501),(502,503,504),(505,506,507),(508,509,510),(511,512,513),(514,515,516),(517,518,519),(520,521,522),(523,524,525),(526,527,528),(529,530,531),(532,533,534),(535,536,537),(538,539,540),(541,542,543),(544,545,546),(547,548,549),(550,551,552),(553,554,555),(556,557,558),(559,560,561),(562,563,564),(565,566,567),(568,569,570),(571,572,573),(574,575,576),(577,578,579),(580,581,582),(583,584,585),(586,587,588),(589,590,591),(592,593,594),(595,596,597),(598,599,600),(601,602,603),(604,605,606),(607,608,609),(610,611,612),(613,614,615),(616,617,618),(619,620,621),(622,623,624),(625,626,627),(628,629,630),(631,632,633),(634,635,636),(637,638,639),(640,641,642),(643,644,645),(646,647,648),(649,650,651),(652,653,654),(655,656,657),(658,659,660),(661,662,663),(664,665,666),(667,668,669),(670,671,672),(673,674,675),(676,677,678),(679,680,681),(682,683,684),(685,686,687),(688,689,690),(691,692,693),(694,695,696),(697,698,699),(700,701,702),(703,704,705),(706,707,708),(709,710,711),(712,713,714),(715,716,717),(718,719,720),(721,722,723),(724,725,726),(727,728,729),(730,731,732),(733,734,735),(736,737,738),(739,740,741),(742,743,744),(745,746,747),(748,749,750),(751,752,753),(754,755,756),(757,758,759),(760,761,762),(763,764,765),(766,767,768),(769,770,771),(772,773,774),(775,776,777),(778,779,780),(781,782,783),(784,785,786),(787,788,789),(790,791,792),(793,794,795),(796,797,798),(799,800,801),(802,803,804),(805,806,807),(808,809,810),(811,812,813),(814,815,816),(817,818,819),(820,821,822),(823,824,825),(826,827,828),(829,830,831),(832,833,834),(835,836,837),(838,839,840),(841,842,843),(844,845,846),(847,848,849),(850,851,852),(853,854,855),(856,857,858),(859,860,861),(862,863,864),(865,866,867),(868,869,870),(871,872,873),(874,875,876),(877,878,879),(880,881,882),(883,884,885),(886,887,888),(889,890,891),(892,893,894),(895,896,897),(898,899,900),(901,902,903),(904,905,906),(907,908,909),(910,911,912),(913,914,915),(916,917,918),(919,920,921),(922,923,924),(925,926,927),(928,929,930),(931,932,933),(934,935,936),(937,938,939),(940,941,942),(943,944,945),(946,947,948),(949,950,951),(952,953,954),(955,956,957),(958,959,960),(961,962,963),(964,965,966),(967,968,969),(970,971,972),(973,974,975),(976,977,978),(979,980,981),(982,983,984),(985,986,987),(988,989,990),(991,992,993),(994,995,996),(997,998,999),(1000,1001,1002),(1003,1004,1005),(1006,1007,1008),(1009,1010,1011),(1012,1013,1014),(1015,1016,1017),(1018,1019,1020),(1021,1022,1023),(1024,1025,1026),(1027,1028,1029),(1030,1031,1032),(1033,1034,1035),(1036,1037,1038),(1039,1040,1041),(1042,1043,1044),(1045,1046,1047),(1048,1049,1050),(1051,1052,1053),(1054,1055,1056),(1057,1058,1059),(1060,1061,1062),(1063,1064,1065),(1066,1067,1068),(1069,1070,1071),(1072,1073,1074),(1075,1076,1077),(1078,1079,1080),(1081,1082,1083),(1084,1085,1086),(1087,1088,1089),(1090,1091,1092),(1093,1094,1095),(1096,1097,1098),(1099,1100,1101),(1102,1103,1104),(1105,1106,1107),(1108,1109,1110),(1111,1112,1113),(1114,1115,1116),(1117,1118,1119),(1120,1121,1122),(1123,1124,1125),(1126,1127,1128),(1129,1130,1131),(1132,1133,1134),(1135,1136,1137),(1138,1139,1140),(1141,1142,1143),(1144,1145,1146),(1147,1148,1149),(1150,1151,1152),(1153,1154,1155),(1156,1157,1158),(1159,1160,1161),(1162,1163,1164),(1165,1166,1167),(1168,1169,1170),(1171,1172,1173),(1174,1175,1176),(1177,1178,1179),(1180,1181,1182),(1183,1184,1185),(1186,1187,1188),(1189,1190,1191),(1192,1193,1194),(1195,1196,1197),(1198,1199,1200),(1201,1202,1203),(1204,1205,1206),(1207,1208,1209),(1210,1211,1212),(1213,1214,1215),(1216,1217,1218),(1219,1220,1221),(1222,1223,1224),(1225,1226,1227),(1228,1229,1230),(1231,1232,1233),(1234,1235,1236),(1237,1238,1239),(1240,1241,1242),(1243,1244,1245),(1246,1247,1248),(1249,1250,1251),(1252,1253,1254),(1255,1256,1257),(1258,1259,1260),(1261,1262,1263),(1264,1265,1266),(1267,1268,1269),(1270,1271,1272),(1273,1274,1275),(1276,1277,1278),(1279,1280,1281),(1282,1283,1284),(1285,1286,1287),(1288,1289,1290),(1291,1292,1293),(1294,1295,1296),(1297,1298,1299),(1300,1301,1302),(1303,1304,1305),(1306,1307,1308),(1309,1310,1311),(1312,1313,1314),(1315,1316,1317),(1318,1319,1320),(1321,1322,1323),(1324,1325,1326),(1327,1328,1329),(1330,1331,1332),(1333,1334,1335),(1336,1337,1338),(1339,1340,1341),(1342,1343,1344),(1345,1346,1347),(1348,1349,1350),(1351,1352,1353),(1354,1355,1356),(1357,1358,1359),(1360,1361,1362),(1363,1364,1365),(1366,1367,1368),(1369,1370,1371),(1372,1373,1374),(1375,1376,1377),(1378,1379,1380),(1381,1382,1383),(1384,1385,1386),(1387,1388,1389),(1390,1391,1392),(1393,1394,1395),(1396,1397,1398),(1399,1400,1401),(1402,1403,1404),(1405,1406,1407),(1408,1409,1410),(1411,1412,1413),(1414,1415,1416),(1417,1418,1419),(1420,1421,1422),(1423,1424,1425),(1426,1427,1428),(1429,1430,1431),(1432,1433,1434),(1435,1436,1437),(1438,1439,1440),(1441,1442,1443),(1444,1445,1446),(1447,1448,1449),(1450,1451,1452),(1453,1454,1455),(1456,1457,1458),(1459,1460,1461),(1462,1463,1464),(1465,1466,1467),(1468,1469,1470),(1471,1472,1473),(1474,1475,1476),(1477,1478,1479),(1480,1481,1482),(1483,1484,1485),(1486,1487,1488),(1489,1490,1491),(1492,1493,1494),(1495,1496,1497),(1498,1499,1500),(1501,1502,1503),(1504,1505,1506),(1507,1508,1509),(1510,1511,1512),(1513,1514,1515),(1516,1517,1518),(1519,1520,1521),(1522,1523,1524),(1525,1526,1527),(1528,1529,1530),(1531,1532,1533),(1534,1535,1536),(1537,1538,1539),(1540,1541,1542),(1543,1544,1545),(1546,1547,1548),(1549,1550,1551),(1552,1553,1554),(1555,1556,1557),(1558,1559,1560),(1561,1562,1563),(1564,1565,1566),(1567,1568,1569),(1570,1571,1572),(1573,1574,1575),(1576,1577,1578),(1579,1580,1581),(1582,1583,1584),(1585,1586,1587),(1588,1589,1590),(1591,1592,1593),(1594,1595,1596),(1597,1598,1599),(1600,1601,1602),(1603,1604,1605),(1606,1607,1608),(1609,1610,1611),(1612,1613,1614),(1615,1616,1617),(1618,1619,1620),(1621,1622,1623),(1624,1625,1626),(1627,1628,1629),(1630,1631,1632),(1633,1634,1635),(1636,1637,1638),(1639,1640,1641),(1642,1643,1644),(1645,1646,1647),(1648,1649,1650),(1651,1652,1653),(1654,1655,1656),(1657,1658,1659),(1660,1661,1662),(1663,1664,1665),(1666,1667,1668),(1669,1670,1671),(1672,1673,1674),(1675,1676,1677),(1678,1679,1680),(1681,1682,1683),(1684,1685,1686),(1687,1688,1689),(1690,1691,1692),(1693,1694,1695),(1696,1697,1698),(1699,1700,1701),(1702,1703,1704),(1705,1706,1707),(1708,1709,1710),(1711,1712,1713),(1714,1715,1716),(1717,1718,1719),(1720,1721,1722),(1723,1724,1725),(1726,1727,1728),(1729,1730,1731),(1732,1733,1734),(1735,1736,1737),(1738,1739,1740),(1741,1742,1743),(1744,1745,1746),(1747,1748,1749),(1750,1751,1752),(1753,1754,1755),(1756,1757,1758),(1759,1760,1761),(1762,1763,1764),(1765,1766,1767),(1768,1769,1770),(1771,1772,1773),(1774,1775,1776),(1777,1778,1779),(1780,1781,1782),(1783,1784,1785),(1786,1787,1788),(1789,1790,1791),(1792,1793,1794),(1795,1796,1797),(1798,1799,1800),(1801,1802,1803),(1804,1805,1806),(1807,1808,1809),(1810,1811,1812),(1813,1814,1815),(1816,1817,1818),(1819,1820,1821),(1822,1823,1824),(1825,1826,1827),(1828,1829,1830),(1831,1832,1833),(1834,1835,1836),(1837,1838,1839),(1840,1841,1842),(1843,1844,1845),(1846,1847,1848),(1849,1850,1851),(1852,1853,1854),(1855,1856,1857),(1858,1859,1860),(1861,1862,1863),(1864,1865,1866),(1867,1868,1869),(1870,1871,1872),(1873,1874,1875),(1876,1877,1878),(1879,1880,1881),(1882,1883,1884),(1885,1886,1887),(1888,1889,1890),(1891,1892,1893),(1894,1895,1896),(1897,1898,1899),(1900,1901,1902),(1903,1904,1905),(1906,1907,1908),(1909,1910,1911),(1912,1913,1914),(1915,1916,1917),(1918,1919,1920),(1921,1922,1923),(1924,1925,1926),(1927,1928,1929),(1930,1931,1932),(1933,1934,1935),(1936,1937,1938),(1939,1940,1941),(1942,1943,1944),(1945,1946,1947),(1948,1949,1950),(1951,1952,1953),(1954,1955,1956),(1957,1958,1959),(1960,1961,1962),(1963,1964,1965),(1966,1967,1968),(1969,1970,1971),(1972,1973,1974),(1975,1976,1977),(1978,1979,1980),(1981,1982,1983),(1984,1985,1986),(1987,1988,1989),(1990,1991,1992),(1993,1994,1995),(1996,1997,1998),(1999,2000,2001),(2002,2003,2004),(2005,2006,2007),(2008,2009,2010),(2011,2012,2013),(2014,2015,2016),(2017,2018,2019),(2020,2021,2022),(2023,2024,2025),(2026,2027,2028),(2029,2030,2031),(2032,2033,2034),(2035,2036,2037),(2038,2039,2040),(2041,2042,2043),(2044,2045,2046),(2047,2048,2049),(2050,2051,2052),(2053,2054,2055),(2056,2057,2058),(2059,2060,2061),(2062,2063,2064),(2065,2066,2067),(2068,2069,2070),(2071,2072,2073),(2074,2075,2076),(2077,2078,2079),(2080,2081,2082),(2083,2084,2085),(2086,2087,2088),(2089,2090,2091),(2092,2093,2094),(2095,2096,2097),(2098,2099,2100),(2101,2102,2103),(2104,2105,2106),(2107,2108,2109),(2110,2111,2112),(2113,2114,2115),(2116,2117,2118),(2119,2120,2121),(2122,2123,2124),(2125,2126,2127),(2128,2129,2130),(2131,2132,2133),(2134,2135,2136),(2137,2138,2139),(2140,2141,2142),(2143,2144,2145),(2146,2147,2148),(2149,2150,2151),(2152,2153,2154),(2155,2156,2157),(2158,2159,2160),(2161,2162,2163),(2164,2165,2166),(2167,2168,2169),(2170,2171,2172),(2173,2174,2175),(2176,2177,2178),(2179,2180,2181),(2182,2183,2184),(2185,2186,2187),(2188,2189,2190),(2191,2192,2193),(2194,2195,2196),(2197,2198,2199),(2200,2201,2202),(2203,2204,2205),(2206,2207,2208),(2209,2210,2211),(2212,2213,2214),(2215,2216,2217),(2218,2219,2220),(2221,2222,2223),(2224,2225,2226),(2227,2228,2229),(2230,2231,2232),(2233,2234,2235),(2236,2237,2238),(2239,2240,2241),(2242,2243,2244),(2245,2246,2247),(2248,2249,2250),(2251,2252,2253),(2254,2255,2256),(2257,2258,2259),(2260,2261,2262),(2263,2264,2265),(2266,2267,2268),(2269,2270,2271),(2272,2273,2274),(2275,2276,2277),(2278,2279,2280),(2281,2282,2283),(2284,2285,2286),(2287,2288,2289),(2290,2291,2292),(2293,2294,2295),(2296,2297,2298),(2299,2300,2301),(2302,2303,2304),(2305,2306,2307),(2308,2309,2310),(2311,2312,2313),(2314,2315,2316),(2317,2318,2319),(2320,2321,2322),(2323,2324,2325),(2326,2327,2328),(2329,2330,2331),(2332,2333,2334),(2335,2336,2337),(2338,2339,2340),(2341,2342,2343),(2344,2345,2346),(2347,2348,2349),(2350,2351,2352),(2353,2354,2355),(2356,2357,2358),(2359,2360,2361),(2362,2363,2364),(2365,2366,2367),(2368,2369,2370),(2371,2372,2373),(2374,2375,2376),(2377,2378,2379),(2380,2381,2382),(2383,2384,2385),(2386,2387,2388),(2389,2390,2391),(2392,2393,2394),(2395,2396,2397),(2398,2399,2400),(2401,2402,2403),(2404,2405,2406),(2407,2408,2409),(2410,2411,2412),(2413,2414,2415),(2416,2417,2418),(2419,2420,2421),(2422,2423,2424),(2425,2426,2427),(2428,2429,2430),(2431,2432,2433),(2434,2435,2436),(2437,2438,2439),(2440,2441,2442),(2443,2444,2445),(2446,2447,2448),(2449,2450,2451),(2452,2453,2454),(2455,2456,2457),(2458,2459,2460),(2461,2462,2463),(2464,2465,2466),(2467,2468,2469),(2470,2471,2472),(2473,2474,2475),(2476,2477,2478),(2479,2480,2481),(2482,2483,2484),(2485,2486,2487),(2488,2489,2490),(2491,2492,2493),(2494,2495,2496),(2497,2498,2499),(2500,2501,2502),(2503,2504,2505),(2506,2507,2508),(2509,2510,2511),(2512,2513,2514),(2515,2516,2517),(2518,2519,2520),(2521,2522,2523),(2524,2525,2526),(2527,2528,2529),(2530,2531,2532),(2533,2534,2535),(2536,2537,2538),(2539,2540,2541),(2542,2543,2544),(2545,2546,2547),(2548,2549,2550),(2551,2552,2553),(2554,2555,2556),(2557,2558,2559),(2560,2561,2562),(2563,2564,2565),(2566,2567,2568),(2569,2570,2571),(2572,2573,2574),(2575,2576,2577),(2578,2579,2580),(2581,2582,2583),(2584,2585,2586),(2587,2588,2589),(2590,2591,2592),(2593,2594,2595),(2596,2597,2598),(2599,2600,2601),(2602,2603,2604),(2605,2606,2607),(2608,2609,2610),(2611,2612,2613),(2614,2615,2616),(2617,2618,2619),(2620,2621,2622),(2623,2624,2625),(2626,2627,2628),(2629,2630,2631),(2632,2633,2634),(2635,2636,2637),(2638,2639,2640),(2641,2642,2643),(2644,2645,2646),(2647,2648,2649),(2650,2651,2652),(2653,2654,2655),(2656,2657,2658),(2659,2660,2661),(2662,2663,2664),(2665,2666,2667),(2668,2669,2670),(2671,2672,2673),(2674,2675,2676),(2677,2678,2679),(2680,2681,2682),(2683,2684,2685),(2686,2687,2688),(2689,2690,2691),(2692,2693,2694),(2695,2696,2697),(2698,2699,2700),(2701,2702,2703),(2704,2705,2706),(2707,2708,2709),(2710,2711,2712),(2713,2714,2715),(2716,2717,2718),(2719,2720,2721),(2722,2723,2724),(2725,2726,2727),(2728,2729,2730),(2731,2732,2733),(2734,2735,2736),(2737,2738,2739),(2740,2741,2742),(2743,2744,2745),(2746,2747,2748),(2749,2750,2751),(2752,2753,2754),(2755,2756,2757),(2758,2759,2760),(2761,2762,2763),(2764,2765,2766),(2767,2768,2769),(2770,2771,2772),(2773,2774,2775),(2776,2777,2778),(2779,2780,2781),(2782,2783,2784),(2785,2786,2787),(2788,2789,2790),(2791,2792,2793),(2794,2795,2796),(2797,2798,2799),(2800,2801,2802),(2803,2804,2805),(2806,2807,2808),(2809,2810,2811),(2812,2813,2814),(2815,2816,2817),(2818,2819,2820),(2821,2822,2823),(2824,2825,2826),(2827,2828,2829),(2830,2831,2832),(2833,2834,2835),(2836,2837,2838),(2839,2840,2841),(2842,2843,2844),(2845,2846,2847),(2848,2849,2850),(2851,2852,2853),(2854,2855,2856),(2857,2858,2859),(2860,2861,2862),(2863,2864,2865),(2866,2867,2868),(2869,2870,2871),(2872,2873,2874),(2875,2876,2877),(2878,2879,2880),(2881,2882,2883),(2884,2885,2886),(2887,2888,2889),(2890,2891,2892),(2893,2894,2895),(2896,2897,2898),(2899,2900,2901),(2902,2903,2904),(2905,2906,2907),(2908,2909,2910),(2911,2912,2913),(2914,2915,2916),(2917,2918,2919),(2920,2921,2922),(2923,2924,2925),(2926,2927,2928),(2929,2930,2931),(2932,2933,2934),(2935,2936,2937),(2938,2939,2940),(2941,2942,2943),(2944,2945,2946),(2947,2948,2949),(2950,2951,2952),(2953,2954,2955),(2956,2957,2958),(2959,2960,2961),(2962,2963,2964),(2965,2966,2967),(2968,2969,2970),(2971,2972,2973),(2974,2975,2976),(2977,2978,2979),(2980,2981,2982),(2983,2984,2985),(2986,2987,2988),(2989,2990,2991),(2992,2993,2994),(2995,2996,2997),(2998,2999,3000),(3001,3002,3003),(3004,3005,3006),(3007,3008,3009),(3010,3011,3012),(3013,3014,3015),(3016,3017,3018),(3019,3020,3021),(3022,3023,3024),(3025,3026,3027),(3028,3029,3030),(3031,3032,3033),(3034,3035,3036),(3037,3038,3039),(3040,3041,3042),(3043,3044,3045),(3046,3047,3048),(3049,3050,3051),(3052,3053,3054),(3055,3056,3057),(3058,3059,3060),(3061,3062,3063),(3064,3065,3066),(3067,3068,3069),(3070,3071,3072),(3073,3074,3075),(3076,3077,3078),(3079,3080,3081),(3082,3083,3084),(3085,3086,3087),(3088,3089,3090),(3091,3092,3093),(3094,3095,3096),(3097,3098,3099),(3100,3101,3102),(3103,3104,3105),(3106,3107,3108),(3109,3110,3111),(3112,3113,3114),(3115,3116,3117),(3118,3119,3120),(3121,3122,3123),(3124,3125,3126),(3127,3128,3129),(3130,3131,3132),(3133,3134,3135),(3136,3137,3138),(3139,3140,3141),(3142,3143,3144),(3145,3146,3147),(3148,3149,3150),(3151,3152,3153),(3154,3155,3156),(3157,3158,3159),(3160,3161,3162),(3163,3164,3165),(3166,3167,3168),(3169,3170,3171),(3172,3173,3174),(3175,3176,3177),(3178,3179,3180),(3181,3182,3183),(3184,3185,3186),(3187,3188,3189),(3190,3191,3192),(3193,3194,3195),(3196,3197,3198),(3199,3200,3201),(3202,3203,3204),(3205,3206,3207),(3208,3209,3210),(3211,3212,3213),(3214,3215,3216),(3217,3218,3219),(3220,3221,3222),(3223,3224,3225),(3226,3227,3228),(3229,3230,3231),(3232,3233,3234),(3235,3236,3237),(3238,3239,3240),(3241,3242,3243),(3244,3245,3246),(3247,3248,3249),(3250,3251,3252),(3253,3254,3255),(3256,3257,3258),(3259,3260,3261),(3262,3263,3264),(3265,3266,3267),(3268,3269,3270),(3271,3272,3273),(3274,3275,3276),(3277,3278,3279),(3280,3281,3282),(3283,3284,3285),(3286,3287,3288),(3289,3290,3291),(3292,3293,3294),(3295,3296,3297),(3298,3299,3300),(3301,3302,3303),(3304,3305,3306),(3307,3308,3309),(3310,3311,3312),(3313,3314,3315),(3316,3317,3318),(3319,3320,3321),(3322,3323,3324),(3325,3326,3327),(3328,3329,3330),(3331,3332,3333),(3334,3335,3336),(3337,3338,3339),(3340,3341,3342),(3343,3344,3345),(3346,3347,3348),(3349,3350,3351),(3352,3353,3354),(3355,3356,3357),(3358,3359,3360),(3361,3362,3363),(3364,3365,3366),(3367,3368,3369),(3370,3371,3372),(3373,3374,3375),(3376,3377,3378),(3379,3380,3381),(3382,3383,3384),(3385,3386,3387),(3388,3389,3390),(3391,3392,3393),(3394,3395,3396),(3397,3398,3399),(3400,3401,3402),(3403,3404,3405),(3406,3407,3408),(3409,3410,3411),(3412,3413,3414),(3415,3416,3417),(3418,3419,3420),(3421,3422,3423),(3424,3425,3426),(3427,3428,3429),(3430,3431,3432),(3433,3434,3435),(3436,3437,3438),(3439,3440,3441),(3442,3443,3444),(3445,3446,3447),(3448,3449,3450),(3451,3452,3453),(3454,3455,3456),(3457,3458,3459),(3460,3461,3462),(3463,3464,3465),(3466,3467,3468),(3469,3470,3471),(3472,3473,3474),(3475,3476,3477),(3478,3479,3480),(3481,3482,3483),(3484,3485,3486),(3487,3488,3489),(3490,3491,3492),(3493,3494,3495),(3496,3497,3498),(3499,3500,3501),(3502,3503,3504),(3505,3506,3507),(3508,3509,3510),(3511,3512,3513),(3514,3515,3516),(3517,3518,3519),(3520,3521,3522),(3523,3524,3525),(3526,3527,3528),(3529,3530,3531),(3532,3533,3534),(3535,3536,3537),(3538,3539,3540),(3541,3542,3543),(3544,3545,3546),(3547,3548,3549),(3550,3551,3552),(3553,3554,3555),(3556,3557,3558),(3559,3560,3561),(3562,3563,3564),(3565,3566,3567),(3568,3569,3570),(3571,3572,3573),(3574,3575,3576),(3577,3578,3579),(3580,3581,3582),(3583,3584,3585),(3586,3587,3588),(3589,3590,3591),(3592,3593,3594),(3595,3596,3597),(3598,3599,3600),(3601,3602,3603),(3604,3605,3606),(3607,3608,3609),(3610,3611,3612),(3613,3614,3615),(3616,3617,3618),(3619,3620,3621),(3622,3623,3624),(3625,3626,3627),(3628,3629,3630),(3631,3632,3633),(3634,3635,3636),(3637,3638,3639),(3640,3641,3642),(3643,3644,3645),(3646,3647,3648),(3649,3650,3651),(3652,3653,3654),(3655,3656,3657),(3658,3659,3660),(3661,3662,3663),(3664,3665,3666),(3667,3668,3669),(3670,3671,3672),(3673,3674,3675),(3676,3677,3678),(3679,3680,3681),(3682,3683,3684),(3685,3686,3687),(3688,3689,3690),(3691,3692,3693),(3694,3695,3696),(3697,3698,3699),(3700,3701,3702),(3703,3704,3705),(3706,3707,3708),(3709,3710,3711),(3712,3713,3714),(3715,3716,3717),(3718,3719,3720),(3721,3722,3723),(3724,3725,3726),(3727,3728,3729),(3730,3731,3732),(3733,3734,3735),(3736,3737,3738),(3739,3740,3741),(3742,3743,3744),(3745,3746,3747),(3748,3749,3750),(3751,3752,3753),(3754,3755,3756),(3757,3758,3759),(3760,3761,3762),(3763,3764,3765),(3766,3767,3768),(3769,3770,3771),(3772,3773,3774),(3775,3776,3777),(3778,3779,3780),(3781,3782,3783),(3784,3785,3786),(3787,3788,3789),(3790,3791,3792),(3793,3794,3795),(3796,3797,3798),(3799,3800,3801),(3802,3803,3804),(3805,3806,3807),(3808,3809,3810),(3811,3812,3813),(3814,3815,3816),(3817,3818,3819),(3820,3821,3822),(3823,3824,3825),(3826,3827,3828),(3829,3830,3831),(3832,3833,3834),(3835,3836,3837),(3838,3839,3840),(3841,3842,3843),(3844,3845,3846),(3847,3848,3849),(3850,3851,3852),(3853,3854,3855),(3856,3857,3858),(3859,3860,3861),(3862,3863,3864),(3865,3866,3867),(3868,3869,3870),(3871,3872,3873),(3874,3875,3876),(3877,3878,3879),(3880,3881,3882),(3883,3884,3885),(3886,3887,3888),(3889,3890,3891),(3892,3893,3894),(3895,3896,3897),(3898,3899,3900),(3901,3902,3903),(3904,3905,3906),(3907,3908,3909),(3910,3911,3912),(3913,3914,3915),(3916,3917,3918),(3919,3920,3921),(3922,3923,3924),(3925,3926,3927),(3928,3929,3930),(3931,3932,3933),(3934,3935,3936),(3937,3938,3939),(3940,3941,3942),(3943,3944,3945),(3946,3947,3948),(3949,3950,3951),(3952,3953,3954),(3955,3956,3957),(3958,3959,3960),(3961,3962,3963),(3964,3965,3966),(3967,3968,3969),(3970,3971,3972),(3973,3974,3975),(3976,3977,3978),(3979,3980,3981),(3982,3983,3984),(3985,3986,3987),(3988,3989,3990),(3991,3992,3993),(3994,3995,3996),(3997,3998,3999),(4000,4001,4002),(4003,4004,4005),(4006,4007,4008),(4009,4010,4011),(4012,4013,4014),(4015,4016,4017),(4018,4019,4020),(4021,4022,4023),(4024,4025,4026),(4027,4028,4029),(4030,4031,4032),(4033,4034,4035),(4036,4037,4038),(4039,4040,4041),(4042,4043,4044),(4045,4046,4047),(4048,4049,4050),(4051,4052,4053),(4054,4055,4056),(4057,4058,4059),(4060,4061,4062),(4063,4064,4065),(4066,4067,4068),(4069,4070,4071),(4072,4073,4074),(4075,4076,4077),(4078,4079,4080),(4081,4082,4083),(4084,4085,4086),(4087,4088,4089),(4090,4091,4092),(4093,4094,4095),(4096,4097,4098),(4099,4100,4101),(4102,4103,4104),(4105,4106,4107),(4108,4109,4110),(4111,4112,4113),(4114,4115,4116),(4117,4118,4119),(4120,4121,4122),(4123,4124,4125),(4126,4127,4128),(4129,4130,4131),(4132,4133,4134),(4135,4136,4137),(4138,4139,4140),(4141,4142,4143),(4144,4145,4146),(4147,4148,4149),(4150,4151,4152),(4153,4154,4155),(4156,4157,4158),(4159,4160,4161),(4162,4163,4164),(4165,4166,4167),(4168,4169,4170),(4171,4172,4173),(4174,4175,4176),(4177,4178,4179),(4180,4181,4182),(4183,4184,4185),(4186,4187,4188),(4189,4190,4191),(4192,4193,4194),(4195,4196,4197),(4198,4199,4200),(4201,4202,4203),(4204,4205,4206),(4207,4208,4209),(4210,4211,4212),(4213,4214,4215),(4216,4217,4218),(4219,4220,4221),(4222,4223,4224),(4225,4226,4227),(4228,4229,4230),(4231,4232,4233),(4234,4235,4236),(4237,4238,4239),(4240,4241,4242),(4243,4244,4245),(4246,4247,4248),(4249,4250,4251),(4252,4253,4254),(4255,4256,4257),(4258,4259,4260),(4261,4262,4263),(4264,4265,4266),(4267,4268,4269),(4270,4271,4272),(4273,4274,4275),(4276,4277,4278),(4279,4280,4281),(4282,4283,4284),(4285,4286,4287),(4288,4289,4290),(4291,4292,4293),(4294,4295,4296),(4297,4298,4299),(4300,4301,4302),(4303,4304,4305),(4306,4307,4308),(4309,4310,4311),(4312,4313,4314),(4315,4316,4317),(4318,4319,4320),(4321,4322,4323),(4324,4325,4326),(4327,4328,4329),(4330,4331,4332),(4333,4334,4335),(4336,4337,4338),(4339,4340,4341),(4342,4343,4344),(4345,4346,4347),(4348,4349,4350),(4351,4352,4353),(4354,4355,4356),(4357,4358,4359),(4360,4361,4362),(4363,4364,4365),(4366,4367,4368),(4369,4370,4371),(4372,4373,4374),(4375,4376,4377),(4378,4379,4380),(4381,4382,4383),(4384,4385,4386),(4387,4388,4389),(4390,4391,4392),(4393,4394,4395),(4396,4397,4398),(4399,4400,4401),(4402,4403,4404),(4405,4406,4407),(4408,4409,4410),(4411,4412,4413),(4414,4415,4416),(4417,4418,4419),(4420,4421,4422),(4423,4424,4425),(4426,4427,4428),(4429,4430,4431),(4432,4433,4434),(4435,4436,4437),(4438,4439,4440),(4441,4442,4443),(4444,4445,4446),(4447,4448,4449),(4450,4451,4452),(4453,4454,4455),(4456,4457,4458),(4459,4460,4461),(4462,4463,4464),(4465,4466,4467),(4468,4469,4470),(4471,4472,4473),(4474,4475,4476),(4477,4478,4479),(4480,4481,4482),(4483,4484,4485)));
#8966=TESSELLATED_GEOMETRIC_SET('hole callout',(#8965));
#8967=COORDINATES_LIST('coordinates',5,((0.0033410,-0.0083410,-0.0030000),(0.0354261,-0.0083410,-0.0030000),(-0.0084090,-0.0015910,-0.0030000),(-0.0016590,-0.0083410,-0.0030000),(0.0033410,-0.0083410,-0.0030000)));
#8968=TESSELLATED_CURVE_SET('curve set',#8967,((1,2),(3,4,5)));
#8969=TESSELLATED_GEOMETRIC_SET('hole callout',(#8968));
#8970=TESSELLATED_ANNOTATION_OCCURRENCE('hole callout',(#8963),#8966);
#8971=TESSELLATED_ANNOTATION_OCCURRENCE('hole callout',(#8963),#8969);
#8972=DRAUGHTING_CALLOUT('hole callout',(#8970,#8971));
#8973=DRAUGHTING_MODEL_ITEM_ASSOCIATION('','',#8914,#8959,#8972);
#8974=DRAUGHTING_MODEL_ITEM_ASSOCIATION('','',#8922,#8959,#8972);
#8975=DRAUGHTING_MODEL_ITEM_ASSOCIATION('','',#8930,#8959,#8972);
#8976=DRAUGHTING_MODEL_ITEM_ASSOCIATION('','',#8883,#8959,#8972);
#8977=SHAPE_ASPECT('hole_callout.Fo5QcTeacE4YfGl_73.JID.2',$,#8612,.T.);
#8978=GEOMETRIC_ITEM_SPECIFIC_USAGE('','',#8977,#36,#4733);
#8979=DIMENSIONAL_SIZE(#8977,'diameter');
#8980=(
LENGTH_UNIT()
NAMED_UNIT(*)
SI_UNIT(.MILLI.,.METRE.)
);
#8982=PRECISION_QUALIFIER(3);
#8981=(
LENGTH_MEASURE_WITH_UNIT()
MEASURE_REPRESENTATION_ITEM()
MEASURE_WITH_UNIT(POSITIVE_LENGTH_MEASURE(4.),#8980)
QUALIFIED_REPRESENTATION_ITEM((#8982))
REPRESENTATION_ITEM('nominal value')
);
#8983=COMPOUND_REPRESENTATION_ITEM('modifiers',SET_REPRESENTATION_ITEM((#8984)));
#8984=DESCRIPTIVE_REPRESENTATION_ITEM('dimensional note','diameter');
#8985=SHAPE_DIMENSION_REPRESENTATION('',(#8981,#8983),#8522);
#8986=DIMENSIONAL_CHARACTERISTIC_REPRESENTATION(#8979,#8985);
#8987=PRESENTATION_STYLE_ASSIGNMENT((NULL_STYLE(.NULL.)));
#8988=CARTESIAN_POINT('',(0.0369795445035742,0.026,0.));
#8989=DIRECTION('',(0.,0.,1.));
#8990=DIRECTION('',(1.,0.,0.));
#8991=AXIS2_PLACEMENT_3D('',#8988,#8989,#8990);
#8992=PLANE('',#8991);
#8993=ANNOTATION_PLANE('',(#8987),#8992,(#9019));
#8994=CARTESIAN_POINT('',(0.,0.,0.));
#8995=DIRECTION('',(0.,0.,1.));
#8996=DIRECTION('',(1.,0.,0.));
#8997=AXIS2_PLACEMENT_3D('',#8994,#8995,#8996);
#8998=CARTESIAN_POINT('',(0.,0.,0.));
#8999=DIRECTION('',(0.,0.,1.));
#9000=DIRECTION('',(1.,0.,0.));
#9001=AXIS2_PLACEMENT_3D('',#8998,#8999,#9000);
#9002=SHAPE_REPRESENTATION('',(#9001,#5026),#8522);
#9003=REPRESENTATION_MAP(#8997,#9002);
#9004=MAPPED_ITEM('',#9003,#8997);
#9005=PRESENTATION_STYLE_ASSIGNMENT((NULL_STYLE(.NULL.)));
#9006=STYLED_ITEM('',(#9005),#9004);
#9007=DRAUGHTING_PRE_DEFINED_CURVE_FONT('continuous');
#9008=COLOUR_RGB('',0.,0.,0.);
#9009=CURVE_STYLE('',#9007,POSITIVE_LENGTH_MEASURE(0.02),#9008);
#9010=PRESENTATION_STYLE_ASSIGNMENT((#9009));
#9011=COORDINATES_LIST('coordinates',1392,((0.0383938,0.0274142,0.),(0.0398080,0.0302426,0.),(0.0412222,0.0288284,0.),(0.0506098,0.0360979,0.),(0.0507068,0.0360573,0.),(0.0508048,0.0360220,0.),(0.0506098,0.0360979,0.),(0.0508048,0.0360220,0.),(0.0509038,0.0359922,0.),(0.0506098,0.0360979,0.),(0.0509038,0.0359922,0.),(0.0510037,0.0359678,0.),(0.0506098,0.0360979,0.),(0.0510037,0.0359678,0.),(0.0511046,0.0359488,0.),(0.0506098,0.0360979,0.),(0.0511046,0.0359488,0.),(0.0512065,0.0359352,0.),(0.0506098,0.0360979,0.),(0.0512065,0.0359352,0.),(0.0513093,0.0359271,0.),(0.0506098,0.0360979,0.),(0.0513093,0.0359271,0.),(0.0514131,0.0359244,0.),(0.0506098,0.0360979,0.),(0.0514131,0.0359244,0.),(0.0515488,0.0359287,0.),(0.0506098,0.0360979,0.),(0.0515488,0.0359287,0.),(0.0516821,0.0359416,0.),(0.0506098,0.0360979,0.),(0.0516821,0.0359416,0.),(0.0518128,0.0359632,0.),(0.0506098,0.0360979,0.),(0.0518128,0.0359632,0.),(0.0519409,0.0359934,0.),(0.0506098,0.0360979,0.),(0.0519409,0.0359934,0.),(0.0520665,0.0360323,0.),(0.0506098,0.0360979,0.),(0.0520665,0.0360323,0.),(0.0521895,0.0360798,0.),(0.0506098,0.0360979,0.),(0.0521895,0.0360798,0.),(0.0523100,0.0361359,0.),(0.0506098,0.0360979,0.),(0.0523100,0.0361359,0.),(0.0524280,0.0362006,0.),(0.0506098,0.0360979,0.),(0.0524280,0.0362006,0.),(0.0525416,0.0362730,0.),(0.0506098,0.0360979,0.),(0.0525416,0.0362730,0.),(0.0526489,0.0363516,0.),(0.0506098,0.0360979,0.),(0.0526489,0.0363516,0.),(0.0527501,0.0364362,0.),(0.0506098,0.0360979,0.),(0.0527501,0.0364362,0.),(0.0528450,0.0365271,0.),(0.0506098,0.0360979,0.),(0.0528450,0.0365271,0.),(0.0529337,0.0366241,0.),(0.0529337,0.0366241,0.),(0.0530162,0.0367273,0.),(0.0530924,0.0368366,0.),(0.0529337,0.0366241,0.),(0.0530924,0.0368366,0.),(0.0531625,0.0369520,0.),(0.0529337,0.0366241,0.),(0.0531625,0.0369520,0.),(0.0532255,0.0370718,0.),(0.0529337,0.0366241,0.),(0.0532255,0.0370718,0.),(0.0532801,0.0371940,0.),(0.0529337,0.0366241,0.),(0.0532801,0.0371940,0.),(0.0533263,0.0373188,0.),(0.0529337,0.0366241,0.),(0.0533263,0.0373188,0.),(0.0533641,0.0374460,0.),(0.0529337,0.0366241,0.),(0.0533641,0.0374460,0.),(0.0533935,0.0375757,0.),(0.0529337,0.0366241,0.),(0.0533935,0.0375757,0.),(0.0534145,0.0377079,0.),(0.0529337,0.0366241,0.),(0.0534145,0.0377079,0.),(0.0534271,0.0378425,0.),(0.0529337,0.0366241,0.),(0.0534271,0.0378425,0.),(0.0534313,0.0379797,0.),(0.0529337,0.0366241,0.),(0.0534313,0.0379797,0.),(0.0534271,0.0381113,0.),(0.0529337,0.0366241,0.),(0.0534271,0.0381113,0.),(0.0534145,0.0382421,0.),(0.0529337,0.0366241,0.),(0.0534145,0.0382421,0.),(0.0533935,0.0383722,0.),(0.0529337,0.0366241,0.),(0.0533935,0.0383722,0.),(0.0533641,0.0385014,0.),(0.0529337,0.0366241,0.),(0.0533641,0.0385014,0.),(0.0533263,0.0386299,0.),(0.0529337,0.0366241,0.),(0.0533263,0.0386299,0.),(0.0532801,0.0387575,0.),(0.0532801,0.0387575,0.),(0.0528883,0.0386161,0.),(0.0529249,0.0385182,0.),(0.0532801,0.0387575,0.),(0.0529249,0.0385182,0.),(0.0529548,0.0384170,0.),(0.0532801,0.0387575,0.),(0.0529548,0.0384170,0.),(0.0529781,0.0383126,0.),(0.0532801,0.0387575,0.),(0.0529781,0.0383126,0.),(0.0529947,0.0382049,0.),(0.0532801,0.0387575,0.),(0.0529947,0.0382049,0.),(0.0530046,0.0380939,0.),(0.0532801,0.0387575,0.),(0.0530046,0.0380939,0.),(0.0530080,0.0379797,0.),(0.0532801,0.0387575,0.),(0.0530080,0.0379797,0.),(0.0530046,0.0378696,0.),(0.0529337,0.0366241,0.),(0.0532801,0.0387575,0.),(0.0530046,0.0378696,0.),(0.0529337,0.0366241,0.),(0.0530046,0.0378696,0.),(0.0529945,0.0377618,0.),(0.0529337,0.0366241,0.),(0.0529945,0.0377618,0.),(0.0529778,0.0376561,0.),(0.0529337,0.0366241,0.),(0.0529778,0.0376561,0.),(0.0529543,0.0375526,0.),(0.0529337,0.0366241,0.),(0.0529543,0.0375526,0.),(0.0529240,0.0374513,0.),(0.0529337,0.0366241,0.),(0.0529240,0.0374513,0.),(0.0528871,0.0373522,0.),(0.0529337,0.0366241,0.),(0.0528871,0.0373522,0.),(0.0528435,0.0372553,0.),(0.0529337,0.0366241,0.),(0.0528435,0.0372553,0.),(0.0527931,0.0371605,0.),(0.0529337,0.0366241,0.),(0.0527931,0.0371605,0.),(0.0527373,0.0370693,0.),(0.0529337,0.0366241,0.),(0.0527373,0.0370693,0.),(0.0526766,0.0369830,0.),(0.0529337,0.0366241,0.),(0.0526766,0.0369830,0.),(0.0526112,0.0369016,0.),(0.0529337,0.0366241,0.),(0.0526112,0.0369016,0.),(0.0525410,0.0368250,0.),(0.0529337,0.0366241,0.),(0.0525410,0.0368250,0.),(0.0524660,0.0367534,0.),(0.0529337,0.0366241,0.),(0.0524660,0.0367534,0.),(0.0523861,0.0366866,0.),(0.0529337,0.0366241,0.),(0.0523861,0.0366866,0.),(0.0523015,0.0366248,0.),(0.0529337,0.0366241,0.),(0.0523015,0.0366248,0.),(0.0522121,0.0365678,0.),(0.0529337,0.0366241,0.),(0.0522121,0.0365678,0.),(0.0521195,0.0365167,0.),(0.0529337,0.0366241,0.),(0.0521195,0.0365167,0.),(0.0520248,0.0364725,0.),(0.0529337,0.0366241,0.),(0.0520248,0.0364725,0.),(0.0519281,0.0364350,0.),(0.0529337,0.0366241,0.),(0.0519281,0.0364350,0.),(0.0518292,0.0364043,0.),(0.0506098,0.0360979,0.),(0.0529337,0.0366241,0.),(0.0518292,0.0364043,0.),(0.0506098,0.0360979,0.),(0.0518292,0.0364043,0.),(0.0517283,0.0363805,0.),(0.0506098,0.0360979,0.),(0.0517283,0.0363805,0.),(0.0516253,0.0363635,0.),(0.0506098,0.0360979,0.),(0.0516253,0.0363635,0.),(0.0515202,0.0363532,0.),(0.0506098,0.0360979,0.),(0.0515202,0.0363532,0.),(0.0514131,0.0363498,0.),(0.0506098,0.0360979,0.),(0.0514131,0.0363498,0.),(0.0512595,0.0363569,0.),(0.0506098,0.0360979,0.),(0.0512595,0.0363569,0.),(0.0511098,0.0363781,0.),(0.0506098,0.0360979,0.),(0.0511098,0.0363781,0.),(0.0509642,0.0364135,0.),(0.0506098,0.0360979,0.),(0.0509642,0.0364135,0.),(0.0508225,0.0364631,0.),(0.0506098,0.0360979,0.),(0.0508225,0.0364631,0.),(0.0524195,0.0392465,0.),(0.0500489,0.0351232,0.),(0.0506098,0.0360979,0.),(0.0524195,0.0392465,0.),(0.0528451,0.0387107,0.),(0.0528883,0.0386161,0.),(0.0532801,0.0387575,0.),(0.0527952,0.0388020,0.),(0.0528451,0.0387107,0.),(0.0532801,0.0387575,0.),(0.0527273,0.0389060,0.),(0.0527952,0.0388020,0.),(0.0532801,0.0387575,0.),(0.0526420,0.0390147,0.),(0.0527273,0.0389060,0.),(0.0532801,0.0387575,0.),(0.0525929,0.0390709,0.),(0.0526420,0.0390147,0.),(0.0532801,0.0387575,0.),(0.0525395,0.0391282,0.),(0.0525929,0.0390709,0.),(0.0532801,0.0387575,0.),(0.0524817,0.0391868,0.),(0.0525395,0.0391282,0.),(0.0532801,0.0387575,0.),(0.0524195,0.0392465,0.),(0.0524817,0.0391868,0.),(0.0532801,0.0387575,0.),(0.0524195,0.0392465,0.),(0.0532801,0.0387575,0.),(0.0532255,0.0388844,0.),(0.0524195,0.0392465,0.),(0.0532255,0.0388844,0.),(0.0531625,0.0390105,0.),(0.0524195,0.0392465,0.),(0.0531625,0.0390105,0.),(0.0531123,0.0390972,0.),(0.0524195,0.0392465,0.),(0.0531123,0.0390972,0.),(0.0530575,0.0391806,0.),(0.0524195,0.0392465,0.),(0.0530575,0.0391806,0.),(0.0529981,0.0392607,0.),(0.0524195,0.0392465,0.),(0.0529981,0.0392607,0.),(0.0529341,0.0393375,0.),(0.0524195,0.0392465,0.),(0.0529341,0.0393375,0.),(0.0528656,0.0394110,0.),(0.0524195,0.0392465,0.),(0.0528656,0.0394110,0.),(0.0527924,0.0394812,0.),(0.0524195,0.0392465,0.),(0.0527924,0.0394812,0.),(0.0527146,0.0395480,0.),(0.0524195,0.0392465,0.),(0.0527146,0.0395480,0.),(0.0526323,0.0396116,0.),(0.0524195,0.0392465,0.),(0.0526323,0.0396116,0.),(0.0531741,0.0405641,0.),(0.0500489,0.0351232,0.),(0.0524195,0.0392465,0.),(0.0531741,0.0405641,0.),(0.0500489,0.0351232,0.),(0.0531741,0.0405641,0.),(0.0532027,0.0406678,0.),(0.0500489,0.0351232,0.),(0.0532027,0.0406678,0.),(0.0531953,0.0407282,0.),(0.0500489,0.0351232,0.),(0.0531953,0.0407282,0.),(0.0531567,0.0408033,0.),(0.0500489,0.0351232,0.),(0.0531567,0.0408033,0.),(0.0530916,0.0408573,0.),(0.0500489,0.0351232,0.),(0.0530916,0.0408573,0.),(0.0529889,0.0408880,0.),(0.0500489,0.0351232,0.),(0.0529889,0.0408880,0.),(0.0529286,0.0408806,0.),(0.0500489,0.0351232,0.),(0.0529286,0.0408806,0.),(0.0528529,0.0408419,0.),(0.0500489,0.0351232,0.),(0.0528529,0.0408419,0.),(0.0527974,0.0407768,0.),(0.0500489,0.0351232,0.),(0.0527974,0.0407768,0.),(0.0522618,0.0398487,0.),(0.0522618,0.0398487,0.),(0.0521612,0.0398931,0.),(0.0520573,0.0399316,0.),(0.0522618,0.0398487,0.),(0.0520573,0.0399316,0.),(0.0519501,0.0399641,0.),(0.0522618,0.0398487,0.),(0.0519501,0.0399641,0.),(0.0518396,0.0399908,0.),(0.0522618,0.0398487,0.),(0.0518396,0.0399908,0.),(0.0517257,0.0400115,0.),(0.0522618,0.0398487,0.),(0.0517257,0.0400115,0.),(0.0516086,0.0400263,0.),(0.0522618,0.0398487,0.),(0.0516086,0.0400263,0.),(0.0514881,0.0400352,0.),(0.0522618,0.0398487,0.),(0.0514881,0.0400352,0.),(0.0513644,0.0400381,0.),(0.0522618,0.0398487,0.),(0.0513644,0.0400381,0.),(0.0512398,0.0400338,0.),(0.0522618,0.0398487,0.),(0.0512398,0.0400338,0.),(0.0511163,0.0400208,0.),(0.0522618,0.0398487,0.),(0.0511163,0.0400208,0.),(0.0509938,0.0399991,0.),(0.0522618,0.0398487,0.),(0.0509938,0.0399991,0.),(0.0508725,0.0399688,0.),(0.0522618,0.0398487,0.),(0.0508725,0.0399688,0.),(0.0507523,0.0399298,0.),(0.0522618,0.0398487,0.),(0.0507523,0.0399298,0.),(0.0506331,0.0398822,0.),(0.0522618,0.0398487,0.),(0.0506331,0.0398822,0.),(0.0505151,0.0398258,0.),(0.0522618,0.0398487,0.),(0.0505151,0.0398258,0.),(0.0503981,0.0397608,0.),(0.0522618,0.0398487,0.),(0.0503981,0.0397608,0.),(0.0502850,0.0396887,0.),(0.0522618,0.0398487,0.),(0.0502850,0.0396887,0.),(0.0501780,0.0396103,0.),(0.0522618,0.0398487,0.),(0.0501780,0.0396103,0.),(0.0500770,0.0395257,0.),(0.0522618,0.0398487,0.),(0.0500770,0.0395257,0.),(0.0499822,0.0394349,0.),(0.0522618,0.0398487,0.),(0.0499822,0.0394349,0.),(0.0498934,0.0393378,0.),(0.0498934,0.0393378,0.),(0.0498107,0.0392346,0.),(0.0497341,0.0391251,0.),(0.0498934,0.0393378,0.),(0.0497341,0.0391251,0.),(0.0496636,0.0390094,0.),(0.0498934,0.0393378,0.),(0.0496636,0.0390094,0.),(0.0496004,0.0388896,0.),(0.0498934,0.0393378,0.),(0.0496004,0.0388896,0.),(0.0495456,0.0387673,0.),(0.0498934,0.0393378,0.),(0.0495456,0.0387673,0.),(0.0494992,0.0386424,0.),(0.0498934,0.0393378,0.),(0.0494992,0.0386424,0.),(0.0494612,0.0385149,0.),(0.0498934,0.0393378,0.),(0.0494612,0.0385149,0.),(0.0494317,0.0383849,0.),(0.0498934,0.0393378,0.),(0.0494317,0.0383849,0.),(0.0494106,0.0382524,0.),(0.0498934,0.0393378,0.),(0.0494106,0.0382524,0.),(0.0493980,0.0381173,0.),(0.0498934,0.0393378,0.),(0.0493980,0.0381173,0.),(0.0493938,0.0379797,0.),(0.0498934,0.0393378,0.),(0.0493938,0.0379797,0.),(0.0493980,0.0378416,0.),(0.0498934,0.0393378,0.),(0.0493980,0.0378416,0.),(0.0494106,0.0377063,0.),(0.0498934,0.0393378,0.),(0.0494106,0.0377063,0.),(0.0494316,0.0375737,0.),(0.0498934,0.0393378,0.),(0.0494316,0.0375737,0.),(0.0494610,0.0374439,0.),(0.0498934,0.0393378,0.),(0.0494610,0.0374439,0.),(0.0494988,0.0373168,0.),(0.0498934,0.0393378,0.),(0.0494988,0.0373168,0.),(0.0495450,0.0371925,0.),(0.0498934,0.0393378,0.),(0.0495450,0.0371925,0.),(0.0495996,0.0370709,0.),(0.0498934,0.0393378,0.),(0.0495996,0.0370709,0.),(0.0496626,0.0369520,0.),(0.0496626,0.0369520,0.),(0.0500309,0.0371605,0.),(0.0499815,0.0372553,0.),(0.0496626,0.0369520,0.),(0.0499815,0.0372553,0.),(0.0499387,0.0373521,0.),(0.0496626,0.0369520,0.),(0.0499387,0.0373521,0.),(0.0499025,0.0374512,0.),(0.0496626,0.0369520,0.),(0.0499025,0.0374512,0.),(0.0498729,0.0375524,0.),(0.0496626,0.0369520,0.),(0.0498729,0.0375524,0.),(0.0498499,0.0376557,0.),(0.0496626,0.0369520,0.),(0.0498499,0.0376557,0.),(0.0498334,0.0377612,0.),(0.0496626,0.0369520,0.),(0.0498334,0.0377612,0.),(0.0498236,0.0378688,0.),(0.0496626,0.0369520,0.),(0.0498236,0.0378688,0.),(0.0498203,0.0379786,0.),(0.0496626,0.0369520,0.),(0.0498203,0.0379786,0.),(0.0498236,0.0380884,0.),(0.0498934,0.0393378,0.),(0.0496626,0.0369520,0.),(0.0498236,0.0380884,0.),(0.0498934,0.0393378,0.),(0.0498236,0.0380884,0.),(0.0498336,0.0381962,0.),(0.0498934,0.0393378,0.),(0.0498336,0.0381962,0.),(0.0498503,0.0383018,0.),(0.0498934,0.0393378,0.),(0.0498503,0.0383018,0.),(0.0498737,0.0384054,0.),(0.0498934,0.0393378,0.),(0.0498737,0.0384054,0.),(0.0499038,0.0385069,0.),(0.0498934,0.0393378,0.),(0.0499038,0.0385069,0.),(0.0499405,0.0386063,0.),(0.0498934,0.0393378,0.),(0.0499405,0.0386063,0.),(0.0499839,0.0387036,0.),(0.0498934,0.0393378,0.),(0.0499839,0.0387036,0.),(0.0500340,0.0387988,0.),(0.0498934,0.0393378,0.),(0.0500340,0.0387988,0.),(0.0500899,0.0388908,0.),(0.0498934,0.0393378,0.),(0.0500899,0.0388908,0.),(0.0501505,0.0389777,0.),(0.0498934,0.0393378,0.),(0.0501505,0.0389777,0.),(0.0502160,0.0390596,0.),(0.0498934,0.0393378,0.),(0.0502160,0.0390596,0.),(0.0502862,0.0391364,0.),(0.0498934,0.0393378,0.),(0.0502862,0.0391364,0.),(0.0503612,0.0392083,0.),(0.0498934,0.0393378,0.),(0.0503612,0.0392083,0.),(0.0504410,0.0392751,0.),(0.0498934,0.0393378,0.),(0.0504410,0.0392751,0.),(0.0505257,0.0393368,0.),(0.0498934,0.0393378,0.),(0.0505257,0.0393368,0.),(0.0506151,0.0393936,0.),(0.0498934,0.0393378,0.),(0.0506151,0.0393936,0.),(0.0507071,0.0394447,0.),(0.0498934,0.0393378,0.),(0.0507071,0.0394447,0.),(0.0507998,0.0394890,0.),(0.0498934,0.0393378,0.),(0.0507998,0.0394890,0.),(0.0508929,0.0395265,0.),(0.0498934,0.0393378,0.),(0.0508929,0.0395265,0.),(0.0509865,0.0395571,0.),(0.0498934,0.0393378,0.),(0.0509865,0.0395571,0.),(0.0510807,0.0395810,0.),(0.0522618,0.0398487,0.),(0.0498934,0.0393378,0.),(0.0510807,0.0395810,0.),(0.0522618,0.0398487,0.),(0.0510807,0.0395810,0.),(0.0511755,0.0395980,0.),(0.0522618,0.0398487,0.),(0.0511755,0.0395980,0.),(0.0512707,0.0396082,0.),(0.0522618,0.0398487,0.),(0.0512707,0.0396082,0.),(0.0513665,0.0396116,0.),(0.0522618,0.0398487,0.),(0.0513665,0.0396116,0.),(0.0513728,0.0396116,0.),(0.0522618,0.0398487,0.),(0.0513728,0.0396116,0.),(0.0514666,0.0396095,0.),(0.0522618,0.0398487,0.),(0.0514666,0.0396095,0.),(0.0515577,0.0396033,0.),(0.0522618,0.0398487,0.),(0.0515577,0.0396033,0.),(0.0516463,0.0395929,0.),(0.0522618,0.0398487,0.),(0.0516463,0.0395929,0.),(0.0517324,0.0395783,0.),(0.0522618,0.0398487,0.),(0.0517324,0.0395783,0.),(0.0518159,0.0395595,0.),(0.0522618,0.0398487,0.),(0.0518159,0.0395595,0.),(0.0518969,0.0395366,0.),(0.0522618,0.0398487,0.),(0.0518969,0.0395366,0.),(0.0519753,0.0395095,0.),(0.0522618,0.0398487,0.),(0.0519753,0.0395095,0.),(0.0520512,0.0394783,0.),(0.0500489,0.0351232,0.),(0.0522618,0.0398487,0.),(0.0520512,0.0394783,0.),(0.0500489,0.0351232,0.),(0.0520512,0.0394783,0.),(0.0504468,0.0366832,0.),(0.0500489,0.0351232,0.),(0.0504468,0.0366832,0.),(0.0503263,0.0367861,0.),(0.0500733,0.0370912,0.),(0.0500309,0.0371605,0.),(0.0496626,0.0369520,0.),(0.0501184,0.0370247,0.),(0.0500733,0.0370912,0.),(0.0496626,0.0369520,0.),(0.0502169,0.0368999,0.),(0.0501184,0.0370247,0.),(0.0496626,0.0369520,0.),(0.0503263,0.0367861,0.),(0.0502169,0.0368999,0.),(0.0496626,0.0369520,0.),(0.0503263,0.0367861,0.),(0.0496626,0.0369520,0.),(0.0497205,0.0368570,0.),(0.0503263,0.0367861,0.),(0.0497205,0.0368570,0.),(0.0497822,0.0367660,0.),(0.0503263,0.0367861,0.),(0.0497822,0.0367660,0.),(0.0498475,0.0366792,0.),(0.0503263,0.0367861,0.),(0.0498475,0.0366792,0.),(0.0499166,0.0365964,0.),(0.0503263,0.0367861,0.),(0.0499166,0.0365964,0.),(0.0499893,0.0365178,0.),(0.0503263,0.0367861,0.),(0.0499893,0.0365178,0.),(0.0500658,0.0364432,0.),(0.0503263,0.0367861,0.),(0.0500658,0.0364432,0.),(0.0501460,0.0363728,0.),(0.0503263,0.0367861,0.),(0.0501460,0.0363728,0.),(0.0502298,0.0363064,0.),(0.0500489,0.0351232,0.),(0.0503263,0.0367861,0.),(0.0502298,0.0363064,0.),(0.0500489,0.0351232,0.),(0.0502298,0.0363064,0.),(0.0496742,0.0353359,0.),(0.0500489,0.0351232,0.),(0.0496742,0.0353359,0.),(0.0496467,0.0352343,0.),(0.0500489,0.0351232,0.),(0.0496467,0.0352343,0.),(0.0496530,0.0351740,0.),(0.0500489,0.0351232,0.),(0.0496530,0.0351740,0.),(0.0496922,0.0350970,0.),(0.0500489,0.0351232,0.),(0.0496922,0.0350970,0.),(0.0497546,0.0350417,0.),(0.0500489,0.0351232,0.),(0.0497546,0.0350417,0.),(0.0498594,0.0350142,0.),(0.0500489,0.0351232,0.),(0.0498594,0.0350142,0.),(0.0499197,0.0350216,0.),(0.0500489,0.0351232,0.),(0.0499197,0.0350216,0.),(0.0499922,0.0350571,0.),(0.0556009,0.0376463,0.),(0.0551955,0.0376463,0.),(0.0545055,0.0376325,0.),(0.0558432,0.0376463,0.),(0.0556009,0.0376463,0.),(0.0545055,0.0376325,0.),(0.0551955,0.0389819,0.),(0.0551955,0.0376463,0.),(0.0556009,0.0376463,0.),(0.0551955,0.0389819,0.),(0.0556009,0.0376463,0.),(0.0556009,0.0398339,0.),(0.0545055,0.0376325,0.),(0.0551955,0.0389819,0.),(0.0556009,0.0398339,0.),(0.0545055,0.0376325,0.),(0.0556009,0.0398339,0.),(0.0555911,0.0399087,0.),(0.0545055,0.0376325,0.),(0.0555911,0.0399087,0.),(0.0555617,0.0399662,0.),(0.0545055,0.0376325,0.),(0.0555617,0.0399662,0.),(0.0554527,0.0400402,0.),(0.0545055,0.0376325,0.),(0.0554527,0.0400402,0.),(0.0553924,0.0400476,0.),(0.0545055,0.0376325,0.),(0.0553924,0.0400476,0.),(0.0553162,0.0400381,0.),(0.0545055,0.0376325,0.),(0.0553162,0.0400381,0.),(0.0552093,0.0399545,0.),(0.0545055,0.0376325,0.),(0.0552093,0.0399545,0.),(0.0539319,0.0375352,0.),(0.0558432,0.0376463,0.),(0.0545055,0.0376325,0.),(0.0539319,0.0375352,0.),(0.0558432,0.0376463,0.),(0.0539319,0.0375352,0.),(0.0538970,0.0374082,0.),(0.0558432,0.0376463,0.),(0.0538970,0.0374082,0.),(0.0539224,0.0373203,0.),(0.0558432,0.0376463,0.),(0.0539224,0.0373203,0.),(0.0539994,0.0372457,0.),(0.0558432,0.0376463,0.),(0.0539994,0.0372457,0.),(0.0541097,0.0372208,0.),(0.0558432,0.0376463,0.),(0.0541097,0.0372208,0.),(0.0551744,0.0372208,0.),(0.0551744,0.0372208,0.),(0.0551744,0.0362091,0.),(0.0551900,0.0361257,0.),(0.0551744,0.0372208,0.),(0.0551900,0.0361257,0.),(0.0552368,0.0360577,0.),(0.0551744,0.0372208,0.),(0.0552368,0.0360577,0.),(0.0553056,0.0360117,0.),(0.0551744,0.0372208,0.),(0.0553056,0.0360117,0.),(0.0553871,0.0359963,0.),(0.0551744,0.0372208,0.),(0.0553871,0.0359963,0.),(0.0554694,0.0360117,0.),(0.0551744,0.0372208,0.),(0.0554694,0.0360117,0.),(0.0555384,0.0360577,0.),(0.0551744,0.0372208,0.),(0.0555384,0.0360577,0.),(0.0555853,0.0361257,0.),(0.0551744,0.0372208,0.),(0.0555853,0.0361257,0.),(0.0556009,0.0362091,0.),(0.0551744,0.0372208,0.),(0.0556009,0.0362091,0.),(0.0556009,0.0372208,0.),(0.0558432,0.0376463,0.),(0.0551744,0.0372208,0.),(0.0556009,0.0372208,0.),(0.0558432,0.0376463,0.),(0.0556009,0.0372208,0.),(0.0558432,0.0372208,0.),(0.0558432,0.0376463,0.),(0.0558432,0.0372208,0.),(0.0559268,0.0372364,0.),(0.0558432,0.0376463,0.),(0.0559268,0.0372364,0.),(0.0559956,0.0372833,0.),(0.0558432,0.0376463,0.),(0.0559956,0.0372833,0.),(0.0560417,0.0373521,0.),(0.0558432,0.0376463,0.),(0.0560417,0.0373521,0.),(0.0560570,0.0374336,0.),(0.0558432,0.0376463,0.),(0.0560570,0.0374336,0.),(0.0560417,0.0375151,0.),(0.0558432,0.0376463,0.),(0.0560417,0.0375151,0.),(0.0559956,0.0375838,0.),(0.0558432,0.0376463,0.),(0.0559956,0.0375838,0.),(0.0559268,0.0376307,0.),(0.0664447,0.0377643,0.),(0.0678269,0.0359747,0.),(0.0678992,0.0359127,0.),(0.0664447,0.0377643,0.),(0.0678992,0.0359127,0.),(0.0679910,0.0358921,0.),(0.0664447,0.0377643,0.),(0.0679910,0.0358921,0.),(0.0681233,0.0359376,0.),(0.0664447,0.0377643,0.),(0.0681233,0.0359376,0.),(0.0681876,0.0360112,0.),(0.0664447,0.0377643,0.),(0.0681876,0.0360112,0.),(0.0682090,0.0361069,0.),(0.0664447,0.0377643,0.),(0.0682090,0.0361069,0.),(0.0681645,0.0362392,0.),(0.0664447,0.0377643,0.),(0.0681645,0.0362392,0.),(0.0669887,0.0377643,0.),(0.0669887,0.0377643,0.),(0.0670745,0.0377643,0.),(0.0671937,0.0377694,0.),(0.0664447,0.0377643,0.),(0.0669887,0.0377643,0.),(0.0671937,0.0377694,0.),(0.0655811,0.0377643,0.),(0.0664447,0.0377643,0.),(0.0671937,0.0377694,0.),(0.0655811,0.0377643,0.),(0.0671937,0.0377694,0.),(0.0673075,0.0377847,0.),(0.0655811,0.0377643,0.),(0.0673075,0.0377847,0.),(0.0674158,0.0378103,0.),(0.0655811,0.0377643,0.),(0.0674158,0.0378103,0.),(0.0675187,0.0378460,0.),(0.0655811,0.0377643,0.),(0.0675187,0.0378460,0.),(0.0676161,0.0378920,0.),(0.0655811,0.0377643,0.),(0.0676161,0.0378920,0.),(0.0677081,0.0379482,0.),(0.0655811,0.0377643,0.),(0.0677081,0.0379482,0.),(0.0677946,0.0380147,0.),(0.0655811,0.0377643,0.),(0.0677946,0.0380147,0.),(0.0678756,0.0380913,0.),(0.0655811,0.0377643,0.),(0.0678756,0.0380913,0.),(0.0679520,0.0381810,0.),(0.0655811,0.0377643,0.),(0.0679520,0.0381810,0.),(0.0680182,0.0382735,0.),(0.0655811,0.0377643,0.),(0.0680182,0.0382735,0.),(0.0680743,0.0383686,0.),(0.0680743,0.0383686,0.),(0.0681201,0.0384665,0.),(0.0677245,0.0386157,0.),(0.0680743,0.0383686,0.),(0.0677245,0.0386157,0.),(0.0676600,0.0384981,0.),(0.0680743,0.0383686,0.),(0.0676600,0.0384981,0.),(0.0675698,0.0383919,0.),(0.0680743,0.0383686,0.),(0.0675698,0.0383919,0.),(0.0674598,0.0383039,0.),(0.0680743,0.0383686,0.),(0.0674598,0.0383039,0.),(0.0673406,0.0382411,0.),(0.0680743,0.0383686,0.),(0.0673406,0.0382411,0.),(0.0672122,0.0382034,0.),(0.0655811,0.0377643,0.),(0.0680743,0.0383686,0.),(0.0672122,0.0382034,0.),(0.0655811,0.0377643,0.),(0.0672122,0.0382034,0.),(0.0670745,0.0381908,0.),(0.0655811,0.0377643,0.),(0.0670745,0.0381908,0.),(0.0655811,0.0381908,0.),(0.0677632,0.0387447,0.),(0.0677245,0.0386157,0.),(0.0681201,0.0384665,0.),(0.0677761,0.0388851,0.),(0.0677632,0.0387447,0.),(0.0681201,0.0384665,0.),(0.0677632,0.0390241,0.),(0.0677761,0.0388851,0.),(0.0681201,0.0384665,0.),(0.0677245,0.0391523,0.),(0.0677632,0.0390241,0.),(0.0681201,0.0384665,0.),(0.0676600,0.0392696,0.),(0.0677245,0.0391523,0.),(0.0681201,0.0384665,0.),(0.0676600,0.0392696,0.),(0.0681201,0.0384665,0.),(0.0681557,0.0385671,0.),(0.0676600,0.0392696,0.),(0.0681557,0.0385671,0.),(0.0681812,0.0386704,0.),(0.0675698,0.0393761,0.),(0.0676600,0.0392696,0.),(0.0681812,0.0386704,0.),(0.0675698,0.0393761,0.),(0.0681812,0.0386704,0.),(0.0681965,0.0387764,0.),(0.0675698,0.0393761,0.),(0.0681965,0.0387764,0.),(0.0682016,0.0388851,0.),(0.0674626,0.0394641,0.),(0.0675698,0.0393761,0.),(0.0682016,0.0388851,0.),(0.0674626,0.0394641,0.),(0.0682016,0.0388851,0.),(0.0681965,0.0389977,0.),(0.0674626,0.0394641,0.),(0.0681965,0.0389977,0.),(0.0681812,0.0391064,0.),(0.0673454,0.0395269,0.),(0.0674626,0.0394641,0.),(0.0681812,0.0391064,0.),(0.0673454,0.0395269,0.),(0.0681812,0.0391064,0.),(0.0681557,0.0392112,0.),(0.0673454,0.0395269,0.),(0.0681557,0.0392112,0.),(0.0681201,0.0393121,0.),(0.0672181,0.0395647,0.),(0.0673454,0.0395269,0.),(0.0681201,0.0393121,0.),(0.0672181,0.0395647,0.),(0.0681201,0.0393121,0.),(0.0680743,0.0394091,0.),(0.0672181,0.0395647,0.),(0.0680743,0.0394091,0.),(0.0680182,0.0395022,0.),(0.0670808,0.0395772,0.),(0.0672181,0.0395647,0.),(0.0680182,0.0395022,0.),(0.0670808,0.0395772,0.),(0.0680182,0.0395022,0.),(0.0679520,0.0395914,0.),(0.0655811,0.0395772,0.),(0.0670808,0.0395772,0.),(0.0679520,0.0395914,0.),(0.0655811,0.0395772,0.),(0.0679520,0.0395914,0.),(0.0678756,0.0396767,0.),(0.0655811,0.0395772,0.),(0.0678756,0.0396767,0.),(0.0677886,0.0397548,0.),(0.0655811,0.0395772,0.),(0.0677886,0.0397548,0.),(0.0676978,0.0398226,0.),(0.0655811,0.0395772,0.),(0.0676978,0.0398226,0.),(0.0676032,0.0398799,0.),(0.0655811,0.0395772,0.),(0.0676032,0.0398799,0.),(0.0675049,0.0399267,0.),(0.0655811,0.0395772,0.),(0.0675049,0.0399267,0.),(0.0674029,0.0399632,0.),(0.0655811,0.0395772,0.),(0.0674029,0.0399632,0.),(0.0672972,0.0399892,0.),(0.0655811,0.0395772,0.),(0.0672972,0.0399892,0.),(0.0671877,0.0400049,0.),(0.0655811,0.0395772,0.),(0.0671877,0.0400049,0.),(0.0670745,0.0400101,0.),(0.0655811,0.0395772,0.),(0.0670745,0.0400101,0.),(0.0653684,0.0400101,0.),(0.0655811,0.0381908,0.),(0.0655811,0.0395772,0.),(0.0653684,0.0400101,0.),(0.0655811,0.0377643,0.),(0.0655811,0.0381908,0.),(0.0653684,0.0400101,0.),(0.0655811,0.0377643,0.),(0.0653684,0.0400101,0.),(0.0652824,0.0399934,0.),(0.0655811,0.0377643,0.),(0.0652824,0.0399934,0.),(0.0652107,0.0399434,0.),(0.0655811,0.0377643,0.),(0.0652107,0.0399434,0.),(0.0651687,0.0398691,0.),(0.0655811,0.0377643,0.),(0.0651687,0.0398691,0.),(0.0651546,0.0397899,0.),(0.0655811,0.0377643,0.),(0.0651546,0.0397899,0.),(0.0651546,0.0361630,0.),(0.0655811,0.0377643,0.),(0.0651546,0.0361630,0.),(0.0651775,0.0360797,0.),(0.0655811,0.0377643,0.),(0.0651775,0.0360797,0.),(0.0652208,0.0360202,0.),(0.0655811,0.0377643,0.),(0.0652208,0.0360202,0.),(0.0653684,0.0359725,0.),(0.0655811,0.0377643,0.),(0.0653684,0.0359725,0.),(0.0654424,0.0359844,0.),(0.0655811,0.0377643,0.),(0.0654424,0.0359844,0.),(0.0655026,0.0360202,0.),(0.0655811,0.0377643,0.),(0.0655026,0.0360202,0.),(0.0655811,0.0361630,0.),(0.0641926,0.0377696,0.),(0.0641905,0.0361630,0.),(0.0642066,0.0360810,0.),(0.0641926,0.0377696,0.),(0.0642066,0.0360810,0.),(0.0642551,0.0360128,0.),(0.0641926,0.0377696,0.),(0.0642551,0.0360128,0.),(0.0643238,0.0359667,0.),(0.0641926,0.0377696,0.),(0.0643238,0.0359667,0.),(0.0644011,0.0359514,0.),(0.0641926,0.0377696,0.),(0.0644011,0.0359514,0.),(0.0644839,0.0359667,0.),(0.0641926,0.0377696,0.),(0.0644839,0.0359667,0.),(0.0645524,0.0360128,0.),(0.0641926,0.0377696,0.),(0.0645524,0.0360128,0.),(0.0645985,0.0360810,0.),(0.0641926,0.0377696,0.),(0.0645985,0.0360810,0.),(0.0646138,0.0361630,0.),(0.0641926,0.0377696,0.),(0.0646138,0.0361630,0.),(0.0646138,0.0397899,0.),(0.0641926,0.0377696,0.),(0.0646138,0.0397899,0.),(0.0645985,0.0398714,0.),(0.0641926,0.0377696,0.),(0.0645985,0.0398714,0.),(0.0645524,0.0399402,0.),(0.0641926,0.0377696,0.),(0.0645524,0.0399402,0.),(0.0644850,0.0399879,0.),(0.0641926,0.0377696,0.),(0.0644850,0.0399879,0.),(0.0644053,0.0400037,0.),(0.0641926,0.0377696,0.),(0.0644053,0.0400037,0.),(0.0643233,0.0399873,0.),(0.0641926,0.0377696,0.),(0.0643233,0.0399873,0.),(0.0642529,0.0399381,0.),(0.0641926,0.0377696,0.),(0.0642529,0.0399381,0.),(0.0642061,0.0398736,0.),(0.0641926,0.0377696,0.),(0.0642061,0.0398736,0.),(0.0641905,0.0397899,0.),(0.0641926,0.0377696,0.),(0.0641905,0.0397899,0.),(0.0641905,0.0381908,0.),(0.0619913,0.0377696,0.),(0.0641926,0.0377696,0.),(0.0641905,0.0381908,0.),(0.0619913,0.0377696,0.),(0.0641905,0.0381908,0.),(0.0619976,0.0381908,0.),(0.0619913,0.0377696,0.),(0.0619976,0.0381908,0.),(0.0619976,0.0397899,0.),(0.0619913,0.0377696,0.),(0.0619976,0.0397899,0.),(0.0619812,0.0398714,0.),(0.0619913,0.0377696,0.),(0.0619812,0.0398714,0.),(0.0619320,0.0399402,0.),(0.0619913,0.0377696,0.),(0.0619320,0.0399402,0.),(0.0618624,0.0399879,0.),(0.0619913,0.0377696,0.),(0.0618624,0.0399879,0.),(0.0617849,0.0400037,0.),(0.0619913,0.0377696,0.),(0.0617849,0.0400037,0.),(0.0617026,0.0399879,0.),(0.0619913,0.0377696,0.),(0.0617026,0.0399879,0.),(0.0616314,0.0399402,0.),(0.0619913,0.0377696,0.),(0.0616314,0.0399402,0.),(0.0615830,0.0398714,0.),(0.0619913,0.0377696,0.),(0.0615830,0.0398714,0.),(0.0615669,0.0397899,0.),(0.0619913,0.0377696,0.),(0.0615669,0.0397899,0.),(0.0615669,0.0361630,0.),(0.0619913,0.0377696,0.),(0.0615669,0.0361630,0.),(0.0615825,0.0360810,0.),(0.0619913,0.0377696,0.),(0.0615825,0.0360810,0.),(0.0616293,0.0360128,0.),(0.0619913,0.0377696,0.),(0.0616293,0.0360128,0.),(0.0616989,0.0359667,0.),(0.0619913,0.0377696,0.),(0.0616989,0.0359667,0.),(0.0617807,0.0359514,0.),(0.0619913,0.0377696,0.),(0.0617807,0.0359514,0.),(0.0618585,0.0359664,0.),(0.0619913,0.0377696,0.),(0.0618585,0.0359664,0.),(0.0619310,0.0360117,0.),(0.0619913,0.0377696,0.),(0.0619310,0.0360117,0.),(0.0619762,0.0360765,0.),(0.0619913,0.0377696,0.),(0.0619762,0.0360765,0.),(0.0619913,0.0361630,0.),(0.0691731,0.0374817,0.),(0.0691731,0.0397899,0.),(0.0691578,0.0398714,0.),(0.0691731,0.0374817,0.),(0.0691578,0.0398714,0.),(0.0691117,0.0399402,0.),(0.0691731,0.0374817,0.),(0.0691117,0.0399402,0.),(0.0690443,0.0399879,0.),(0.0691781,0.0373693,0.),(0.0691731,0.0374817,0.),(0.0690443,0.0399879,0.),(0.0691781,0.0373693,0.),(0.0690443,0.0399879,0.),(0.0689646,0.0400037,0.),(0.0691781,0.0373693,0.),(0.0689646,0.0400037,0.),(0.0688813,0.0399873,0.),(0.0691781,0.0373693,0.),(0.0688813,0.0399873,0.),(0.0688069,0.0399381,0.),(0.0691781,0.0373693,0.),(0.0688069,0.0399381,0.),(0.0687617,0.0398736,0.),(0.0691781,0.0373693,0.),(0.0687617,0.0398736,0.),(0.0687466,0.0397899,0.),(0.0691781,0.0373693,0.),(0.0687466,0.0397899,0.),(0.0687466,0.0374817,0.),(0.0691781,0.0373693,0.),(0.0687466,0.0374817,0.),(0.0687536,0.0373266,0.),(0.0691781,0.0373693,0.),(0.0687536,0.0373266,0.),(0.0687744,0.0371772,0.),(0.0691781,0.0373693,0.),(0.0687744,0.0371772,0.),(0.0688091,0.0370336,0.),(0.0691781,0.0373693,0.),(0.0688091,0.0370336,0.),(0.0688577,0.0368957,0.),(0.0691781,0.0373693,0.),(0.0688577,0.0368957,0.),(0.0689203,0.0367635,0.),(0.0691781,0.0373693,0.),(0.0689203,0.0367635,0.),(0.0689967,0.0366370,0.),(0.0691781,0.0373693,0.),(0.0689967,0.0366370,0.),(0.0690869,0.0365162,0.),(0.0691781,0.0373693,0.),(0.0690869,0.0365162,0.),(0.0691911,0.0364012,0.),(0.0691781,0.0373693,0.),(0.0691911,0.0364012,0.),(0.0693037,0.0362957,0.),(0.0693037,0.0362957,0.),(0.0694224,0.0362044,0.),(0.0695471,0.0361271,0.),(0.0693037,0.0362957,0.),(0.0695471,0.0361271,0.),(0.0696780,0.0360638,0.),(0.0693037,0.0362957,0.),(0.0696780,0.0360638,0.),(0.0698149,0.0360146,0.),(0.0693037,0.0362957,0.),(0.0698149,0.0360146,0.),(0.0699579,0.0359795,0.),(0.0693037,0.0362957,0.),(0.0699579,0.0359795,0.),(0.0701070,0.0359584,0.),(0.0693037,0.0362957,0.),(0.0701070,0.0359584,0.),(0.0702622,0.0359514,0.),(0.0693037,0.0362957,0.),(0.0702622,0.0359514,0.),(0.0704176,0.0359584,0.),(0.0693037,0.0362957,0.),(0.0704176,0.0359584,0.),(0.0705673,0.0359795,0.),(0.0693037,0.0362957,0.),(0.0705673,0.0359795,0.),(0.0707114,0.0360146,0.),(0.0693037,0.0362957,0.),(0.0707114,0.0360146,0.),(0.0708498,0.0360638,0.),(0.0693037,0.0362957,0.),(0.0708498,0.0360638,0.),(0.0709826,0.0361271,0.),(0.0693037,0.0362957,0.),(0.0709826,0.0361271,0.),(0.0711097,0.0362044,0.),(0.0693037,0.0362957,0.),(0.0711097,0.0362044,0.),(0.0712311,0.0362957,0.),(0.0693037,0.0362957,0.),(0.0712311,0.0362957,0.),(0.0713469,0.0364012,0.),(0.0713469,0.0364012,0.),(0.0714516,0.0365149,0.),(0.0715423,0.0366348,0.),(0.0713469,0.0364012,0.),(0.0715423,0.0366348,0.),(0.0716191,0.0367609,0.),(0.0713469,0.0364012,0.),(0.0716191,0.0367609,0.),(0.0716819,0.0368933,0.),(0.0713469,0.0364012,0.),(0.0716819,0.0368933,0.),(0.0717308,0.0370319,0.),(0.0713469,0.0364012,0.),(0.0717308,0.0370319,0.),(0.0717657,0.0371767,0.),(0.0713469,0.0364012,0.),(0.0717657,0.0371767,0.),(0.0717866,0.0373277,0.),(0.0713469,0.0364012,0.),(0.0717866,0.0373277,0.),(0.0717936,0.0374849,0.),(0.0713469,0.0364012,0.),(0.0717936,0.0374849,0.),(0.0717936,0.0397899,0.),(0.0713469,0.0364012,0.),(0.0717936,0.0397899,0.),(0.0717782,0.0398714,0.),(0.0713469,0.0364012,0.),(0.0717782,0.0398714,0.),(0.0717322,0.0399402,0.),(0.0713469,0.0364012,0.),(0.0717322,0.0399402,0.),(0.0716639,0.0399879,0.),(0.0713469,0.0364012,0.),(0.0716639,0.0399879,0.),(0.0715819,0.0400037,0.),(0.0713469,0.0364012,0.),(0.0715819,0.0400037,0.),(0.0714999,0.0399879,0.),(0.0713469,0.0364012,0.),(0.0714999,0.0399879,0.),(0.0714316,0.0399402,0.),(0.0714316,0.0399402,0.),(0.0713856,0.0398714,0.),(0.0713702,0.0397899,0.),(0.0714316,0.0399402,0.),(0.0713702,0.0397899,0.),(0.0713702,0.0374849,0.),(0.0713469,0.0364012,0.),(0.0714316,0.0399402,0.),(0.0713702,0.0374849,0.),(0.0713469,0.0364012,0.),(0.0713702,0.0374849,0.),(0.0713651,0.0373729,0.),(0.0713469,0.0364012,0.),(0.0713651,0.0373729,0.),(0.0713498,0.0372649,0.),(0.0713469,0.0364012,0.),(0.0713498,0.0372649,0.),(0.0713242,0.0371609,0.),(0.0713469,0.0364012,0.),(0.0713242,0.0371609,0.),(0.0712885,0.0370610,0.),(0.0713469,0.0364012,0.),(0.0712885,0.0370610,0.),(0.0712425,0.0369652,0.),(0.0713469,0.0364012,0.),(0.0712425,0.0369652,0.),(0.0711863,0.0368733,0.),(0.0713469,0.0364012,0.),(0.0711863,0.0368733,0.),(0.0711199,0.0367855,0.),(0.0713469,0.0364012,0.),(0.0711199,0.0367855,0.),(0.0710432,0.0367017,0.),(0.0713469,0.0364012,0.),(0.0710432,0.0367017,0.),(0.0709613,0.0366253,0.),(0.0713469,0.0364012,0.),(0.0709613,0.0366253,0.),(0.0708750,0.0365591,0.),(0.0713469,0.0364012,0.),(0.0708750,0.0365591,0.),(0.0707842,0.0365031,0.),(0.0713469,0.0364012,0.),(0.0707842,0.0365031,0.),(0.0706889,0.0364573,0.),(0.0713469,0.0364012,0.),(0.0706889,0.0364573,0.),(0.0705892,0.0364216,0.),(0.0713469,0.0364012,0.),(0.0705892,0.0364216,0.),(0.0704850,0.0363961,0.),(0.0713469,0.0364012,0.),(0.0704850,0.0363961,0.),(0.0703763,0.0363809,0.),(0.0693037,0.0362957,0.),(0.0713469,0.0364012,0.),(0.0703763,0.0363809,0.),(0.0693037,0.0362957,0.),(0.0703763,0.0363809,0.),(0.0702632,0.0363758,0.),(0.0693037,0.0362957,0.),(0.0702632,0.0363758,0.),(0.0701521,0.0363808,0.),(0.0693037,0.0362957,0.),(0.0701521,0.0363808,0.),(0.0700451,0.0363960,0.),(0.0693037,0.0362957,0.),(0.0700451,0.0363960,0.),(0.0699424,0.0364213,0.),(0.0693037,0.0362957,0.),(0.0699424,0.0364213,0.),(0.0698439,0.0364567,0.),(0.0693037,0.0362957,0.),(0.0698439,0.0364567,0.),(0.0697495,0.0365023,0.),(0.0693037,0.0362957,0.),(0.0697495,0.0365023,0.),(0.0696594,0.0365579,0.),(0.0693037,0.0362957,0.),(0.0696594,0.0365579,0.),(0.0695734,0.0366237,0.),(0.0693037,0.0362957,0.),(0.0695734,0.0366237,0.),(0.0694917,0.0366996,0.),(0.0693037,0.0362957,0.),(0.0694917,0.0366996,0.),(0.0694170,0.0367827,0.),(0.0693037,0.0362957,0.),(0.0694170,0.0367827,0.),(0.0693523,0.0368699,0.),(0.0693037,0.0362957,0.),(0.0693523,0.0368699,0.),(0.0692976,0.0369614,0.),(0.0693037,0.0362957,0.),(0.0692976,0.0369614,0.),(0.0692528,0.0370571,0.),(0.0693037,0.0362957,0.),(0.0692528,0.0370571,0.),(0.0692179,0.0371569,0.),(0.0693037,0.0362957,0.),(0.0692179,0.0371569,0.),(0.0691930,0.0372610,0.),(0.0691781,0.0373693,0.),(0.0693037,0.0362957,0.),(0.0691930,0.0372610,0.),(0.0609708,0.0396304,0.),(0.0610240,0.0397899,0.),(0.0610089,0.0398698,0.),(0.0609708,0.0396304,0.),(0.0610089,0.0398698,0.),(0.0609636,0.0399381,0.),(0.0609708,0.0396304,0.),(0.0609636,0.0399381,0.),(0.0608954,0.0399873,0.),(0.0609708,0.0396304,0.),(0.0608954,0.0399873,0.),(0.0608112,0.0400037,0.),(0.0609708,0.0396304,0.),(0.0608112,0.0400037,0.),(0.0581908,0.0400037,0.),(0.0609708,0.0396304,0.),(0.0581908,0.0400037,0.),(0.0580977,0.0399834,0.),(0.0609708,0.0396304,0.),(0.0580977,0.0399834,0.),(0.0580236,0.0399222,0.),(0.0609708,0.0396304,0.),(0.0580236,0.0399222,0.),(0.0579770,0.0397899,0.),(0.0609708,0.0396304,0.),(0.0579770,0.0397899,0.),(0.0579770,0.0397741,0.),(0.0609708,0.0396304,0.),(0.0579770,0.0397741,0.),(0.0580373,0.0396450,0.),(0.0609708,0.0396304,0.),(0.0580373,0.0396450,0.),(0.0581085,0.0395942,0.),(0.0609708,0.0396304,0.),(0.0581085,0.0395942,0.),(0.0581908,0.0395772,0.),(0.0609708,0.0396304,0.),(0.0581908,0.0395772,0.),(0.0592904,0.0395772,0.),(0.0592904,0.0395772,0.),(0.0592904,0.0361630,0.),(0.0593058,0.0360810,0.),(0.0592904,0.0395772,0.),(0.0593058,0.0360810,0.),(0.0593518,0.0360128,0.),(0.0592904,0.0395772,0.),(0.0593518,0.0360128,0.),(0.0594201,0.0359667,0.),(0.0592904,0.0395772,0.),(0.0594201,0.0359667,0.),(0.0595021,0.0359514,0.),(0.0592904,0.0395772,0.),(0.0595021,0.0359514,0.),(0.0595841,0.0359667,0.),(0.0592904,0.0395772,0.),(0.0595841,0.0359667,0.),(0.0596524,0.0360128,0.),(0.0592904,0.0395772,0.),(0.0596524,0.0360128,0.),(0.0596984,0.0360810,0.),(0.0592904,0.0395772,0.),(0.0596984,0.0360810,0.),(0.0597137,0.0361630,0.),(0.0592904,0.0395772,0.),(0.0597137,0.0361630,0.),(0.0597137,0.0395772,0.),(0.0609708,0.0396304,0.),(0.0592904,0.0395772,0.),(0.0597137,0.0395772,0.),(0.0609708,0.0396304,0.),(0.0597137,0.0395772,0.),(0.0608112,0.0395772,0.),(0.0609708,0.0396304,0.),(0.0608112,0.0395772,0.),(0.0609043,0.0395905,0.)));
#9012=COMPLEX_TRIANGULATED_SURFACE_SET('surface set',#9011,1392,(),(),(),((1,2,3),(4,5,6),(7,8,9),(10,11,12),(13,14,15),(16,17,18),(19,20,21),(22,23,24),(25,26,27),(28,29,30),(31,32,33),(34,35,36),(37,38,39),(40,41,42),(43,44,45),(46,47,48),(49,50,51),(52,53,54),(55,56,57),(58,59,60),(61,62,63),(64,65,66),(67,68,69),(70,71,72),(73,74,75),(76,77,78),(79,80,81),(82,83,84),(85,86,87),(88,89,90),(91,92,93),(94,95,96),(97,98,99),(100,101,102),(103,104,105),(106,107,108),(109,110,111),(112,113,114),(115,116,117),(118,119,120),(121,122,123),(124,125,126),(127,128,129),(130,131,132),(133,134,135),(136,137,138),(139,140,141),(142,143,144),(145,146,147),(148,149,150),(151,152,153),(154,155,156),(157,158,159),(160,161,162),(163,164,165),(166,167,168),(169,170,171),(172,173,174),(175,176,177),(178,179,180),(181,182,183),(184,185,186),(187,188,189),(190,191,192),(193,194,195),(196,197,198),(199,200,201),(202,203,204),(205,206,207),(208,209,210),(211,212,213),(214,215,216),(217,218,219),(220,221,222),(223,224,225),(226,227,228),(229,230,231),(232,233,234),(235,236,237),(238,239,240),(241,242,243),(244,245,246),(247,248,249),(250,251,252),(253,254,255),(256,257,258),(259,260,261),(262,263,264),(265,266,267),(268,269,270),(271,272,273),(274,275,276),(277,278,279),(280,281,282),(283,284,285),(286,287,288),(289,290,291),(292,293,294),(295,296,297),(298,299,300),(301,302,303),(304,305,306),(307,308,309),(310,311,312),(313,314,315),(316,317,318),(319,320,321),(322,323,324),(325,326,327),(328,329,330),(331,332,333),(334,335,336),(337,338,339),(340,341,342),(343,344,345),(346,347,348),(349,350,351),(352,353,354),(355,356,357),(358,359,360),(361,362,363),(364,365,366),(367,368,369),(370,371,372),(373,374,375),(376,377,378),(379,380,381),(382,383,384),(385,386,387),(388,389,390),(391,392,393),(394,395,396),(397,398,399),(400,401,402),(403,404,405),(406,407,408),(409,410,411),(412,413,414),(415,416,417),(418,419,420),(421,422,423),(424,425,426),(427,428,429),(430,431,432),(433,434,435),(436,437,438),(439,440,441),(442,443,444),(445,446,447),(448,449,450),(451,452,453),(454,455,456),(457,458,459),(460,461,462),(463,464,465),(466,467,468),(469,470,471),(472,473,474),(475,476,477),(478,479,480),(481,482,483),(484,485,486),(487,488,489),(490,491,492),(493,494,495),(496,497,498),(499,500,501),(502,503,504),(505,506,507),(508,509,510),(511,512,513),(514,515,516),(517,518,519),(520,521,522),(523,524,525),(526,527,528),(529,530,531),(532,533,534),(535,536,537),(538,539,540),(541,542,543),(544,545,546),(547,548,549),(550,551,552),(553,554,555),(556,557,558),(559,560,561),(562,563,564),(565,566,567),(568,569,570),(571,572,573),(574,575,576),(577,578,579),(580,581,582),(583,584,585),(586,587,588),(589,590,591),(592,593,594),(595,596,597),(598,599,600),(601,602,603),(604,605,606),(607,608,609),(610,611,612),(613,614,615),(616,617,618),(619,620,621),(622,623,624),(625,626,627),(628,629,630),(631,632,633),(634,635,636),(637,638,639),(640,641,642),(643,644,645),(646,647,648),(649,650,651),(652,653,654),(655,656,657),(658,659,660),(661,662,663),(664,665,666),(667,668,669),(670,671,672),(673,674,675),(676,677,678),(679,680,681),(682,683,684),(685,686,687),(688,689,690),(691,692,693),(694,695,696),(697,698,699),(700,701,702),(703,704,705),(706,707,708),(709,710,711),(712,713,714),(715,716,717),(718,719,720),(721,722,723),(724,725,726),(727,728,729),(730,731,732),(733,734,735),(736,737,738),(739,740,741),(742,743,744),(745,746,747),(748,749,750),(751,752,753),(754,755,756),(757,758,759),(760,761,762),(763,764,765),(766,767,768),(769,770,771),(772,773,774),(775,776,777),(778,779,780),(781,782,783),(784,785,786),(787,788,789),(790,791,792),(793,794,795),(796,797,798),(799,800,801),(802,803,804),(805,806,807),(808,809,810),(811,812,813),(814,815,816),(817,818,819),(820,821,822),(823,824,825),(826,827,828),(829,830,831),(832,833,834),(835,836,837),(838,839,840),(841,842,843),(844,845,846),(847,848,849),(850,851,852),(853,854,855),(856,857,858),(859,860,861),(862,863,864),(865,866,867),(868,869,870),(871,872,873),(874,875,876),(877,878,879),(880,881,882),(883,884,885),(886,887,888),(889,890,891),(892,893,894),(895,896,897),(898,899,900),(901,902,903),(904,905,906),(907,908,909),(910,911,912),(913,914,915),(916,917,918),(919,920,921),(922,923,924),(925,926,927),(928,929,930),(931,932,933),(934,935,936),(937,938,939),(940,941,942),(943,944,945),(946,947,948),(949,950,951),(952,953,954),(955,956,957),(958,959,960),(961,962,963),(964,965,966),(967,968,969),(970,971,972),(973,974,975),(976,977,978),(979,980,981),(982,983,984),(985,986,987),(988,989,990),(991,992,993),(994,995,996),(997,998,999),(1000,1001,1002),(1003,1004,1005),(1006,1007,1008),(1009,1010,1011),(1012,1013,1014),(1015,1016,1017),(1018,1019,1020),(1021,1022,1023),(1024,1025,1026),(1027,1028,1029),(1030,1031,1032),(1033,1034,1035),(1036,1037,1038),(1039,1040,1041),(1042,1043,1044),(1045,1046,1047),(1048,1049,1050),(1051,1052,1053),(1054,1055,1056),(1057,1058,1059),(1060,1061,1062),(1063,1064,1065),(1066,1067,1068),(1069,1070,1071),(1072,1073,1074),(1075,1076,1077),(1078,1079,1080),(1081,1082,1083),(1084,1085,1086),(1087,1088,1089),(1090,1091,1092),(1093,1094,1095),(1096,1097,1098),(1099,1100,1101),(1102,1103,1104),(1105,1106,1107),(1108,1109,1110),(1111,1112,1113),(1114,1115,1116),(1117,1118,1119),(1120,1121,1122),(1123,1124,1125),(1126,1127,1128),(1129,1130,1131),(1132,1133,1134),(1135,1136,1137),(1138,1139,1140),(1141,1142,1143),(1144,1145,1146),(1147,1148,1149),(1150,1151,1152),(1153,1154,1155),(1156,1157,1158),(1159,1160,1161),(1162,1163,1164),(1165,1166,1167),(1168,1169,1170),(1171,1172,1173),(1174,1175,1176),(1177,1178,1179),(1180,1181,1182),(1183,1184,1185),(1186,1187,1188),(1189,1190,1191),(1192,1193,1194),(1195,1196,1197),(1198,1199,1200),(1201,1202,1203),(1204,1205,1206),(1207,1208,1209),(1210,1211,1212),(1213,1214,1215),(1216,1217,1218),(1219,1220,1221),(1222,1223,1224),(1225,1226,1227),(1228,1229,1230),(1231,1232,1233),(1234,1235,1236),(1237,1238,1239),(1240,1241,1242),(1243,1244,1245),(1246,1247,1248),(1249,1250,1251),(1252,1253,1254),(1255,1256,1257),(1258,1259,1260),(1261,1262,1263),(1264,1265,1266),(1267,1268,1269),(1270,1271,1272),(1273,1274,1275),(1276,1277,1278),(1279,1280,1281),(1282,1283,1284),(1285,1286,1287),(1288,1289,1290),(1291,1292,1293),(1294,1295,1296),(1297,1298,1299),(1300,1301,1302),(1303,1304,1305),(1306,1307,1308),(1309,1310,1311),(1312,1313,1314),(1315,1316,1317),(1318,1319,1320),(1321,1322,1323),(1324,1325,1326),(1327,1328,1329),(1330,1331,1332),(1333,1334,1335),(1336,1337,1338),(1339,1340,1341),(1342,1343,1344),(1345,1346,1347),(1348,1349,1350),(1351,1352,1353),(1354,1355,1356),(1357,1358,1359),(1360,1361,1362),(1363,1364,1365),(1366,1367,1368),(1369,1370,1371),(1372,1373,1374),(1375,1376,1377),(1378,1379,1380),(1381,1382,1383),(1384,1385,1386),(1387,1388,1389),(1390,1391,1392)));
#9013=TESSELLATED_GEOMETRIC_SET('hole callout',(#9012));
#9014=COORDINATES_LIST('coordinates',5,((0.0493938,0.0334142,0.),(0.0717936,0.0334142,0.),(0.0383938,0.0274142,0.),(0.0443938,0.0334142,0.),(0.0493938,0.0334142,0.)));
#9015=TESSELLATED_CURVE_SET('curve set',#9014,((1,2),(3,4,5)));
#9016=TESSELLATED_GEOMETRIC_SET('hole callout',(#9015));
#9017=TESSELLATED_ANNOTATION_OCCURRENCE('hole callout',(#9010),#9013);
#9018=TESSELLATED_ANNOTATION_OCCURRENCE('hole callout',(#9010),#9016);
#9019=DRAUGHTING_CALLOUT('hole callout',(#9017,#9018));
#9020=DRAUGHTING_MODEL_ITEM_ASSOCIATION('','',#8979,#8959,#9019);
#9021=DRAUGHTING_MODEL_ITEM_ASSOCIATION('','',#8977,#8959,#9019);
#9022=SHAPE_ASPECT('hole_callout.Fo5QcTeacE4YfGl_73.JHD.2',$,#8611,.T.);
#9023=GEOMETRIC_ITEM_SPECIFIC_USAGE('','',#9022,#35,#4662);
#9024=DIMENSIONAL_SIZE(#9022,'diameter');
#9025=(
LENGTH_UNIT()
NAMED_UNIT(*)
SI_UNIT(.MILLI.,.METRE.)
);
#9027=PRECISION_QUALIFIER(3);
#9026=(
LENGTH_MEASURE_WITH_UNIT()
MEASURE_REPRESENTATION_ITEM()
MEASURE_WITH_UNIT(POSITIVE_LENGTH_MEASURE(4.),#9025)
QUALIFIED_REPRESENTATION_ITEM((#9027))
REPRESENTATION_ITEM('nominal value')
);
#9028=COMPOUND_REPRESENTATION_ITEM('modifiers',SET_REPRESENTATION_ITEM((#9029)));
#9029=DESCRIPTIVE_REPRESENTATION_ITEM('dimensional note','diameter');
#9030=SHAPE_DIMENSION_REPRESENTATION('',(#9026,#9028),#8521);
#9031=DIMENSIONAL_CHARACTERISTIC_REPRESENTATION(#9024,#9030);
#9032=PRESENTATION_STYLE_ASSIGNMENT((NULL_STYLE(.NULL.)));
#9033=CARTESIAN_POINT('',(0.0369795445035742,0.026,0.0025));
#9034=DIRECTION('',(0.,0.,1.));
#9035=DIRECTION('',(1.,0.,0.));
#9036=AXIS2_PLACEMENT_3D('',#9033,#9034,#9035);
#9037=PLANE('',#9036);
#9038=ANNOTATION_PLANE('',(#9032),#9037,(#9064));
#9039=CARTESIAN_POINT('',(0.,0.,0.));
#9040=DIRECTION('',(0.,0.,1.));
#9041=DIRECTION('',(1.,0.,0.));
#9042=AXIS2_PLACEMENT_3D('',#9039,#9040,#9041);
#9043=CARTESIAN_POINT('',(0.,0.,0.));
#9044=DIRECTION('',(0.,0.,1.));
#9045=DIRECTION('',(1.,0.,0.));
#9046=AXIS2_PLACEMENT_3D('',#9043,#9044,#9045);
#9047=SHAPE_REPRESENTATION('',(#9046,#5025),#8521);
#9048=REPRESENTATION_MAP(#9042,#9047);
#9049=MAPPED_ITEM('',#9048,#9042);
#9050=PRESENTATION_STYLE_ASSIGNMENT((NULL_STYLE(.NULL.)));
#9051=STYLED_ITEM('',(#9050),#9049);
#9052=DRAUGHTING_PRE_DEFINED_CURVE_FONT('continuous');
#9053=COLOUR_RGB('',0.,0.,0.);
#9054=CURVE_STYLE('',#9052,POSITIVE_LENGTH_MEASURE(0.02),#9053);
#9055=PRESENTATION_STYLE_ASSIGNMENT((#9054));
#9056=COORDINATES_LIST('coordinates',1392,((0.0383938,0.0274142,0.0025000),(0.0398080,0.0302426,0.0025000),(0.0412222,0.0288284,0.0025000),(0.0506098,0.0360979,0.0025000),(0.0507068,0.0360573,0.0025000),(0.0508048,0.0360220,0.0025000),(0.0506098,0.0360979,0.0025000),(0.0508048,0.0360220,0.0025000),(0.0509038,0.0359922,0.0025000),(0.0506098,0.0360979,0.0025000),(0.0509038,0.0359922,0.0025000),(0.0510037,0.0359678,0.0025000),(0.0506098,0.0360979,0.0025000),(0.0510037,0.0359678,0.0025000),(0.0511046,0.0359488,0.0025000),(0.0506098,0.0360979,0.0025000),(0.0511046,0.0359488,0.0025000),(0.0512065,0.0359352,0.0025000),(0.0506098,0.0360979,0.0025000),(0.0512065,0.0359352,0.0025000),(0.0513093,0.0359271,0.0025000),(0.0506098,0.0360979,0.0025000),(0.0513093,0.0359271,0.0025000),(0.0514131,0.0359244,0.0025000),(0.0506098,0.0360979,0.0025000),(0.0514131,0.0359244,0.0025000),(0.0515488,0.0359287,0.0025000),(0.0506098,0.0360979,0.0025000),(0.0515488,0.0359287,0.0025000),(0.0516821,0.0359416,0.0025000),(0.0506098,0.0360979,0.0025000),(0.0516821,0.0359416,0.0025000),(0.0518128,0.0359632,0.0025000),(0.0506098,0.0360979,0.0025000),(0.0518128,0.0359632,0.0025000),(0.0519409,0.0359934,0.0025000),(0.0506098,0.0360979,0.0025000),(0.0519409,0.0359934,0.0025000),(0.0520665,0.0360323,0.0025000),(0.0506098,0.0360979,0.0025000),(0.0520665,0.0360323,0.0025000),(0.0521895,0.0360798,0.0025000),(0.0506098,0.0360979,0.0025000),(0.0521895,0.0360798,0.0025000),(0.0523100,0.0361359,0.0025000),(0.0506098,0.0360979,0.0025000),(0.0523100,0.0361359,0.0025000),(0.0524280,0.0362006,0.0025000),(0.0506098,0.0360979,0.0025000),(0.0524280,0.0362006,0.0025000),(0.0525416,0.0362730,0.0025000),(0.0506098,0.0360979,0.0025000),(0.0525416,0.0362730,0.0025000),(0.0526489,0.0363516,0.0025000),(0.0506098,0.0360979,0.0025000),(0.0526489,0.0363516,0.0025000),(0.0527501,0.0364362,0.0025000),(0.0506098,0.0360979,0.0025000),(0.0527501,0.0364362,0.0025000),(0.0528450,0.0365271,0.0025000),(0.0506098,0.0360979,0.0025000),(0.0528450,0.0365271,0.0025000),(0.0529337,0.0366241,0.0025000),(0.0529337,0.0366241,0.0025000),(0.0530162,0.0367273,0.0025000),(0.0530924,0.0368366,0.0025000),(0.0529337,0.0366241,0.0025000),(0.0530924,0.0368366,0.0025000),(0.0531625,0.0369520,0.0025000),(0.0529337,0.0366241,0.0025000),(0.0531625,0.0369520,0.0025000),(0.0532255,0.0370718,0.0025000),(0.0529337,0.0366241,0.0025000),(0.0532255,0.0370718,0.0025000),(0.0532801,0.0371940,0.0025000),(0.0529337,0.0366241,0.0025000),(0.0532801,0.0371940,0.0025000),(0.0533263,0.0373188,0.0025000),(0.0529337,0.0366241,0.0025000),(0.0533263,0.0373188,0.0025000),(0.0533641,0.0374460,0.0025000),(0.0529337,0.0366241,0.0025000),(0.0533641,0.0374460,0.0025000),(0.0533935,0.0375757,0.0025000),(0.0529337,0.0366241,0.0025000),(0.0533935,0.0375757,0.0025000),(0.0534145,0.0377079,0.0025000),(0.0529337,0.0366241,0.0025000),(0.0534145,0.0377079,0.0025000),(0.0534271,0.0378425,0.0025000),(0.0529337,0.0366241,0.0025000),(0.0534271,0.0378425,0.0025000),(0.0534313,0.0379797,0.0025000),(0.0529337,0.0366241,0.0025000),(0.0534313,0.0379797,0.0025000),(0.0534271,0.0381113,0.0025000),(0.0529337,0.0366241,0.0025000),(0.0534271,0.0381113,0.0025000),(0.0534145,0.0382421,0.0025000),(0.0529337,0.0366241,0.0025000),(0.0534145,0.0382421,0.0025000),(0.0533935,0.0383722,0.0025000),(0.0529337,0.0366241,0.0025000),(0.0533935,0.0383722,0.0025000),(0.0533641,0.0385014,0.0025000),(0.0529337,0.0366241,0.0025000),(0.0533641,0.0385014,0.0025000),(0.0533263,0.0386299,0.0025000),(0.0529337,0.0366241,0.0025000),(0.0533263,0.0386299,0.0025000),(0.0532801,0.0387575,0.0025000),(0.0532801,0.0387575,0.0025000),(0.0528883,0.0386161,0.0025000),(0.0529249,0.0385182,0.0025000),(0.0532801,0.0387575,0.0025000),(0.0529249,0.0385182,0.0025000),(0.0529548,0.0384170,0.0025000),(0.0532801,0.0387575,0.0025000),(0.0529548,0.0384170,0.0025000),(0.0529781,0.0383126,0.0025000),(0.0532801,0.0387575,0.0025000),(0.0529781,0.0383126,0.0025000),(0.0529947,0.0382049,0.0025000),(0.0532801,0.0387575,0.0025000),(0.0529947,0.0382049,0.0025000),(0.0530046,0.0380939,0.0025000),(0.0532801,0.0387575,0.0025000),(0.0530046,0.0380939,0.0025000),(0.0530080,0.0379797,0.0025000),(0.0532801,0.0387575,0.0025000),(0.0530080,0.0379797,0.0025000),(0.0530046,0.0378696,0.0025000),(0.0529337,0.0366241,0.0025000),(0.0532801,0.0387575,0.0025000),(0.0530046,0.0378696,0.0025000),(0.0529337,0.0366241,0.0025000),(0.0530046,0.0378696,0.0025000),(0.0529945,0.0377618,0.0025000),(0.0529337,0.0366241,0.0025000),(0.0529945,0.0377618,0.0025000),(0.0529778,0.0376561,0.0025000),(0.0529337,0.0366241,0.0025000),(0.0529778,0.0376561,0.0025000),(0.0529543,0.0375526,0.0025000),(0.0529337,0.0366241,0.0025000),(0.0529543,0.0375526,0.0025000),(0.0529240,0.0374513,0.0025000),(0.0529337,0.0366241,0.0025000),(0.0529240,0.0374513,0.0025000),(0.0528871,0.0373522,0.0025000),(0.0529337,0.0366241,0.0025000),(0.0528871,0.0373522,0.0025000),(0.0528435,0.0372553,0.0025000),(0.0529337,0.0366241,0.0025000),(0.0528435,0.0372553,0.0025000),(0.0527931,0.0371605,0.0025000),(0.0529337,0.0366241,0.0025000),(0.0527931,0.0371605,0.0025000),(0.0527373,0.0370693,0.0025000),(0.0529337,0.0366241,0.0025000),(0.0527373,0.0370693,0.0025000),(0.0526766,0.0369830,0.0025000),(0.0529337,0.0366241,0.0025000),(0.0526766,0.0369830,0.0025000),(0.0526112,0.0369016,0.0025000),(0.0529337,0.0366241,0.0025000),(0.0526112,0.0369016,0.0025000),(0.0525410,0.0368250,0.0025000),(0.0529337,0.0366241,0.0025000),(0.0525410,0.0368250,0.0025000),(0.0524660,0.0367534,0.0025000),(0.0529337,0.0366241,0.0025000),(0.0524660,0.0367534,0.0025000),(0.0523861,0.0366866,0.0025000),(0.0529337,0.0366241,0.0025000),(0.0523861,0.0366866,0.0025000),(0.0523015,0.0366248,0.0025000),(0.0529337,0.0366241,0.0025000),(0.0523015,0.0366248,0.0025000),(0.0522121,0.0365678,0.0025000),(0.0529337,0.0366241,0.0025000),(0.0522121,0.0365678,0.0025000),(0.0521195,0.0365167,0.0025000),(0.0529337,0.0366241,0.0025000),(0.0521195,0.0365167,0.0025000),(0.0520248,0.0364725,0.0025000),(0.0529337,0.0366241,0.0025000),(0.0520248,0.0364725,0.0025000),(0.0519281,0.0364350,0.0025000),(0.0529337,0.0366241,0.0025000),(0.0519281,0.0364350,0.0025000),(0.0518292,0.0364043,0.0025000),(0.0506098,0.0360979,0.0025000),(0.0529337,0.0366241,0.0025000),(0.0518292,0.0364043,0.0025000),(0.0506098,0.0360979,0.0025000),(0.0518292,0.0364043,0.0025000),(0.0517283,0.0363805,0.0025000),(0.0506098,0.0360979,0.0025000),(0.0517283,0.0363805,0.0025000),(0.0516253,0.0363635,0.0025000),(0.0506098,0.0360979,0.0025000),(0.0516253,0.0363635,0.0025000),(0.0515202,0.0363532,0.0025000),(0.0506098,0.0360979,0.0025000),(0.0515202,0.0363532,0.0025000),(0.0514131,0.0363498,0.0025000),(0.0506098,0.0360979,0.0025000),(0.0514131,0.0363498,0.0025000),(0.0512595,0.0363569,0.0025000),(0.0506098,0.0360979,0.0025000),(0.0512595,0.0363569,0.0025000),(0.0511098,0.0363781,0.0025000),(0.0506098,0.0360979,0.0025000),(0.0511098,0.0363781,0.0025000),(0.0509642,0.0364135,0.0025000),(0.0506098,0.0360979,0.0025000),(0.0509642,0.0364135,0.0025000),(0.0508225,0.0364631,0.0025000),(0.0506098,0.0360979,0.0025000),(0.0508225,0.0364631,0.0025000),(0.0524195,0.0392465,0.0025000),(0.0500489,0.0351232,0.0025000),(0.0506098,0.0360979,0.0025000),(0.0524195,0.0392465,0.0025000),(0.0528451,0.0387107,0.0025000),(0.0528883,0.0386161,0.0025000),(0.0532801,0.0387575,0.0025000),(0.0527952,0.0388020,0.0025000),(0.0528451,0.0387107,0.0025000),(0.0532801,0.0387575,0.0025000),(0.0527273,0.0389060,0.0025000),(0.0527952,0.0388020,0.0025000),(0.0532801,0.0387575,0.0025000),(0.0526420,0.0390147,0.0025000),(0.0527273,0.0389060,0.0025000),(0.0532801,0.0387575,0.0025000),(0.0525929,0.0390709,0.0025000),(0.0526420,0.0390147,0.0025000),(0.0532801,0.0387575,0.0025000),(0.0525395,0.0391282,0.0025000),(0.0525929,0.0390709,0.0025000),(0.0532801,0.0387575,0.0025000),(0.0524817,0.0391868,0.0025000),(0.0525395,0.0391282,0.0025000),(0.0532801,0.0387575,0.0025000),(0.0524195,0.0392465,0.0025000),(0.0524817,0.0391868,0.0025000),(0.0532801,0.0387575,0.0025000),(0.0524195,0.0392465,0.0025000),(0.0532801,0.0387575,0.0025000),(0.0532255,0.0388844,0.0025000),(0.0524195,0.0392465,0.0025000),(0.0532255,0.0388844,0.0025000),(0.0531625,0.0390105,0.0025000),(0.0524195,0.0392465,0.0025000),(0.0531625,0.0390105,0.0025000),(0.0531123,0.0390972,0.0025000),(0.0524195,0.0392465,0.0025000),(0.0531123,0.0390972,0.0025000),(0.0530575,0.0391806,0.0025000),(0.0524195,0.0392465,0.0025000),(0.0530575,0.0391806,0.0025000),(0.0529981,0.0392607,0.0025000),(0.0524195,0.0392465,0.0025000),(0.0529981,0.0392607,0.0025000),(0.0529341,0.0393375,0.0025000),(0.0524195,0.0392465,0.0025000),(0.0529341,0.0393375,0.0025000),(0.0528656,0.0394110,0.0025000),(0.0524195,0.0392465,0.0025000),(0.0528656,0.0394110,0.0025000),(0.0527924,0.0394812,0.0025000),(0.0524195,0.0392465,0.0025000),(0.0527924,0.0394812,0.0025000),(0.0527146,0.0395480,0.0025000),(0.0524195,0.0392465,0.0025000),(0.0527146,0.0395480,0.0025000),(0.0526323,0.0396116,0.0025000),(0.0524195,0.0392465,0.0025000),(0.0526323,0.0396116,0.0025000),(0.0531741,0.0405641,0.0025000),(0.0500489,0.0351232,0.0025000),(0.0524195,0.0392465,0.0025000),(0.0531741,0.0405641,0.0025000),(0.0500489,0.0351232,0.0025000),(0.0531741,0.0405641,0.0025000),(0.0532027,0.0406678,0.0025000),(0.0500489,0.0351232,0.0025000),(0.0532027,0.0406678,0.0025000),(0.0531953,0.0407282,0.0025000),(0.0500489,0.0351232,0.0025000),(0.0531953,0.0407282,0.0025000),(0.0531567,0.0408033,0.0025000),(0.0500489,0.0351232,0.0025000),(0.0531567,0.0408033,0.0025000),(0.0530916,0.0408573,0.0025000),(0.0500489,0.0351232,0.0025000),(0.0530916,0.0408573,0.0025000),(0.0529889,0.0408880,0.0025000),(0.0500489,0.0351232,0.0025000),(0.0529889,0.0408880,0.0025000),(0.0529286,0.0408806,0.0025000),(0.0500489,0.0351232,0.0025000),(0.0529286,0.0408806,0.0025000),(0.0528529,0.0408419,0.0025000),(0.0500489,0.0351232,0.0025000),(0.0528529,0.0408419,0.0025000),(0.0527974,0.0407768,0.0025000),(0.0500489,0.0351232,0.0025000),(0.0527974,0.0407768,0.0025000),(0.0522618,0.0398487,0.0025000),(0.0522618,0.0398487,0.0025000),(0.0521612,0.0398931,0.0025000),(0.0520573,0.0399316,0.0025000),(0.0522618,0.0398487,0.0025000),(0.0520573,0.0399316,0.0025000),(0.0519501,0.0399641,0.0025000),(0.0522618,0.0398487,0.0025000),(0.0519501,0.0399641,0.0025000),(0.0518396,0.0399908,0.0025000),(0.0522618,0.0398487,0.0025000),(0.0518396,0.0399908,0.0025000),(0.0517257,0.0400115,0.0025000),(0.0522618,0.0398487,0.0025000),(0.0517257,0.0400115,0.0025000),(0.0516086,0.0400263,0.0025000),(0.0522618,0.0398487,0.0025000),(0.0516086,0.0400263,0.0025000),(0.0514881,0.0400352,0.0025000),(0.0522618,0.0398487,0.0025000),(0.0514881,0.0400352,0.0025000),(0.0513644,0.0400381,0.0025000),(0.0522618,0.0398487,0.0025000),(0.0513644,0.0400381,0.0025000),(0.0512398,0.0400338,0.0025000),(0.0522618,0.0398487,0.0025000),(0.0512398,0.0400338,0.0025000),(0.0511163,0.0400208,0.0025000),(0.0522618,0.0398487,0.0025000),(0.0511163,0.0400208,0.0025000),(0.0509938,0.0399991,0.0025000),(0.0522618,0.0398487,0.0025000),(0.0509938,0.0399991,0.0025000),(0.0508725,0.0399688,0.0025000),(0.0522618,0.0398487,0.0025000),(0.0508725,0.0399688,0.0025000),(0.0507523,0.0399298,0.0025000),(0.0522618,0.0398487,0.0025000),(0.0507523,0.0399298,0.0025000),(0.0506331,0.0398822,0.0025000),(0.0522618,0.0398487,0.0025000),(0.0506331,0.0398822,0.0025000),(0.0505151,0.0398258,0.0025000),(0.0522618,0.0398487,0.0025000),(0.0505151,0.0398258,0.0025000),(0.0503981,0.0397608,0.0025000),(0.0522618,0.0398487,0.0025000),(0.0503981,0.0397608,0.0025000),(0.0502850,0.0396887,0.0025000),(0.0522618,0.0398487,0.0025000),(0.0502850,0.0396887,0.0025000),(0.0501780,0.0396103,0.0025000),(0.0522618,0.0398487,0.0025000),(0.0501780,0.0396103,0.0025000),(0.0500770,0.0395257,0.0025000),(0.0522618,0.0398487,0.0025000),(0.0500770,0.0395257,0.0025000),(0.0499822,0.0394349,0.0025000),(0.0522618,0.0398487,0.0025000),(0.0499822,0.0394349,0.0025000),(0.0498934,0.0393378,0.0025000),(0.0498934,0.0393378,0.0025000),(0.0498107,0.0392346,0.0025000),(0.0497341,0.0391251,0.0025000),(0.0498934,0.0393378,0.0025000),(0.0497341,0.0391251,0.0025000),(0.0496636,0.0390094,0.0025000),(0.0498934,0.0393378,0.0025000),(0.0496636,0.0390094,0.0025000),(0.0496004,0.0388896,0.0025000),(0.0498934,0.0393378,0.0025000),(0.0496004,0.0388896,0.0025000),(0.0495456,0.0387673,0.0025000),(0.0498934,0.0393378,0.0025000),(0.0495456,0.0387673,0.0025000),(0.0494992,0.0386424,0.0025000),(0.0498934,0.0393378,0.0025000),(0.0494992,0.0386424,0.0025000),(0.0494612,0.0385149,0.0025000),(0.0498934,0.0393378,0.0025000),(0.0494612,0.0385149,0.0025000),(0.0494317,0.0383849,0.0025000),(0.0498934,0.0393378,0.0025000),(0.0494317,0.0383849,0.0025000),(0.0494106,0.0382524,0.0025000),(0.0498934,0.0393378,0.0025000),(0.0494106,0.0382524,0.0025000),(0.0493980,0.0381173,0.0025000),(0.0498934,0.0393378,0.0025000),(0.0493980,0.0381173,0.0025000),(0.0493938,0.0379797,0.0025000),(0.0498934,0.0393378,0.0025000),(0.0493938,0.0379797,0.0025000),(0.0493980,0.0378416,0.0025000),(0.0498934,0.0393378,0.0025000),(0.0493980,0.0378416,0.0025000),(0.0494106,0.0377063,0.0025000),(0.0498934,0.0393378,0.0025000),(0.0494106,0.0377063,0.0025000),(0.0494316,0.0375737,0.0025000),(0.0498934,0.0393378,0.0025000),(0.0494316,0.0375737,0.0025000),(0.0494610,0.0374439,0.0025000),(0.0498934,0.0393378,0.0025000),(0.0494610,0.0374439,0.0025000),(0.0494988,0.0373168,0.0025000),(0.0498934,0.0393378,0.0025000),(0.0494988,0.0373168,0.0025000),(0.0495450,0.0371925,0.0025000),(0.0498934,0.0393378,0.0025000),(0.0495450,0.0371925,0.0025000),(0.0495996,0.0370709,0.0025000),(0.0498934,0.0393378,0.0025000),(0.0495996,0.0370709,0.0025000),(0.0496626,0.0369520,0.0025000),(0.0496626,0.0369520,0.0025000),(0.0500309,0.0371605,0.0025000),(0.0499815,0.0372553,0.0025000),(0.0496626,0.0369520,0.0025000),(0.0499815,0.0372553,0.0025000),(0.0499387,0.0373521,0.0025000),(0.0496626,0.0369520,0.0025000),(0.0499387,0.0373521,0.0025000),(0.0499025,0.0374512,0.0025000),(0.0496626,0.0369520,0.0025000),(0.0499025,0.0374512,0.0025000),(0.0498729,0.0375524,0.0025000),(0.0496626,0.0369520,0.0025000),(0.0498729,0.0375524,0.0025000),(0.0498499,0.0376557,0.0025000),(0.0496626,0.0369520,0.0025000),(0.0498499,0.0376557,0.0025000),(0.0498334,0.0377612,0.0025000),(0.0496626,0.0369520,0.0025000),(0.0498334,0.0377612,0.0025000),(0.0498236,0.0378688,0.0025000),(0.0496626,0.0369520,0.0025000),(0.0498236,0.0378688,0.0025000),(0.0498203,0.0379786,0.0025000),(0.0496626,0.0369520,0.0025000),(0.0498203,0.0379786,0.0025000),(0.0498236,0.0380884,0.0025000),(0.0498934,0.0393378,0.0025000),(0.0496626,0.0369520,0.0025000),(0.0498236,0.0380884,0.0025000),(0.0498934,0.0393378,0.0025000),(0.0498236,0.0380884,0.0025000),(0.0498336,0.0381962,0.0025000),(0.0498934,0.0393378,0.0025000),(0.0498336,0.0381962,0.0025000),(0.0498503,0.0383018,0.0025000),(0.0498934,0.0393378,0.0025000),(0.0498503,0.0383018,0.0025000),(0.0498737,0.0384054,0.0025000),(0.0498934,0.0393378,0.0025000),(0.0498737,0.0384054,0.0025000),(0.0499038,0.0385069,0.0025000),(0.0498934,0.0393378,0.0025000),(0.0499038,0.0385069,0.0025000),(0.0499405,0.0386063,0.0025000),(0.0498934,0.0393378,0.0025000),(0.0499405,0.0386063,0.0025000),(0.0499839,0.0387036,0.0025000),(0.0498934,0.0393378,0.0025000),(0.0499839,0.0387036,0.0025000),(0.0500340,0.0387988,0.0025000),(0.0498934,0.0393378,0.0025000),(0.0500340,0.0387988,0.0025000),(0.0500899,0.0388908,0.0025000),(0.0498934,0.0393378,0.0025000),(0.0500899,0.0388908,0.0025000),(0.0501505,0.0389777,0.0025000),(0.0498934,0.0393378,0.0025000),(0.0501505,0.0389777,0.0025000),(0.0502160,0.0390596,0.0025000),(0.0498934,0.0393378,0.0025000),(0.0502160,0.0390596,0.0025000),(0.0502862,0.0391364,0.0025000),(0.0498934,0.0393378,0.0025000),(0.0502862,0.0391364,0.0025000),(0.0503612,0.0392083,0.0025000),(0.0498934,0.0393378,0.0025000),(0.0503612,0.0392083,0.0025000),(0.0504410,0.0392751,0.0025000),(0.0498934,0.0393378,0.0025000),(0.0504410,0.0392751,0.0025000),(0.0505257,0.0393368,0.0025000),(0.0498934,0.0393378,0.0025000),(0.0505257,0.0393368,0.0025000),(0.0506151,0.0393936,0.0025000),(0.0498934,0.0393378,0.0025000),(0.0506151,0.0393936,0.0025000),(0.0507071,0.0394447,0.0025000),(0.0498934,0.0393378,0.0025000),(0.0507071,0.0394447,0.0025000),(0.0507998,0.0394890,0.0025000),(0.0498934,0.0393378,0.0025000),(0.0507998,0.0394890,0.0025000),(0.0508929,0.0395265,0.0025000),(0.0498934,0.0393378,0.0025000),(0.0508929,0.0395265,0.0025000),(0.0509865,0.0395571,0.0025000),(0.0498934,0.0393378,0.0025000),(0.0509865,0.0395571,0.0025000),(0.0510807,0.0395810,0.0025000),(0.0522618,0.0398487,0.0025000),(0.0498934,0.0393378,0.0025000),(0.0510807,0.0395810,0.0025000),(0.0522618,0.0398487,0.0025000),(0.0510807,0.0395810,0.0025000),(0.0511755,0.0395980,0.0025000),(0.0522618,0.0398487,0.0025000),(0.0511755,0.0395980,0.0025000),(0.0512707,0.0396082,0.0025000),(0.0522618,0.0398487,0.0025000),(0.0512707,0.0396082,0.0025000),(0.0513665,0.0396116,0.0025000),(0.0522618,0.0398487,0.0025000),(0.0513665,0.0396116,0.0025000),(0.0513728,0.0396116,0.0025000),(0.0522618,0.0398487,0.0025000),(0.0513728,0.0396116,0.0025000),(0.0514666,0.0396095,0.0025000),(0.0522618,0.0398487,0.0025000),(0.0514666,0.0396095,0.0025000),(0.0515577,0.0396033,0.0025000),(0.0522618,0.0398487,0.0025000),(0.0515577,0.0396033,0.0025000),(0.0516463,0.0395929,0.0025000),(0.0522618,0.0398487,0.0025000),(0.0516463,0.0395929,0.0025000),(0.0517324,0.0395783,0.0025000),(0.0522618,0.0398487,0.0025000),(0.0517324,0.0395783,0.0025000),(0.0518159,0.0395595,0.0025000),(0.0522618,0.0398487,0.0025000),(0.0518159,0.0395595,0.0025000),(0.0518969,0.0395366,0.0025000),(0.0522618,0.0398487,0.0025000),(0.0518969,0.0395366,0.0025000),(0.0519753,0.0395095,0.0025000),(0.0522618,0.0398487,0.0025000),(0.0519753,0.0395095,0.0025000),(0.0520512,0.0394783,0.0025000),(0.0500489,0.0351232,0.0025000),(0.0522618,0.0398487,0.0025000),(0.0520512,0.0394783,0.0025000),(0.0500489,0.0351232,0.0025000),(0.0520512,0.0394783,0.0025000),(0.0504468,0.0366832,0.0025000),(0.0500489,0.0351232,0.0025000),(0.0504468,0.0366832,0.0025000),(0.0503263,0.0367861,0.0025000),(0.0500733,0.0370912,0.0025000),(0.0500309,0.0371605,0.0025000),(0.0496626,0.0369520,0.0025000),(0.0501184,0.0370247,0.0025000),(0.0500733,0.0370912,0.0025000),(0.0496626,0.0369520,0.0025000),(0.0502169,0.0368999,0.0025000),(0.0501184,0.0370247,0.0025000),(0.0496626,0.0369520,0.0025000),(0.0503263,0.0367861,0.0025000),(0.0502169,0.0368999,0.0025000),(0.0496626,0.0369520,0.0025000),(0.0503263,0.0367861,0.0025000),(0.0496626,0.0369520,0.0025000),(0.0497205,0.0368570,0.0025000),(0.0503263,0.0367861,0.0025000),(0.0497205,0.0368570,0.0025000),(0.0497822,0.0367660,0.0025000),(0.0503263,0.0367861,0.0025000),(0.0497822,0.0367660,0.0025000),(0.0498475,0.0366792,0.0025000),(0.0503263,0.0367861,0.0025000),(0.0498475,0.0366792,0.0025000),(0.0499166,0.0365964,0.0025000),(0.0503263,0.0367861,0.0025000),(0.0499166,0.0365964,0.0025000),(0.0499893,0.0365178,0.0025000),(0.0503263,0.0367861,0.0025000),(0.0499893,0.0365178,0.0025000),(0.0500658,0.0364432,0.0025000),(0.0503263,0.0367861,0.0025000),(0.0500658,0.0364432,0.0025000),(0.0501460,0.0363728,0.0025000),(0.0503263,0.0367861,0.0025000),(0.0501460,0.0363728,0.0025000),(0.0502298,0.0363064,0.0025000),(0.0500489,0.0351232,0.0025000),(0.0503263,0.0367861,0.0025000),(0.0502298,0.0363064,0.0025000),(0.0500489,0.0351232,0.0025000),(0.0502298,0.0363064,0.0025000),(0.0496742,0.0353359,0.0025000),(0.0500489,0.0351232,0.0025000),(0.0496742,0.0353359,0.0025000),(0.0496467,0.0352343,0.0025000),(0.0500489,0.0351232,0.0025000),(0.0496467,0.0352343,0.0025000),(0.0496530,0.0351740,0.0025000),(0.0500489,0.0351232,0.0025000),(0.0496530,0.0351740,0.0025000),(0.0496922,0.0350970,0.0025000),(0.0500489,0.0351232,0.0025000),(0.0496922,0.0350970,0.0025000),(0.0497546,0.0350417,0.0025000),(0.0500489,0.0351232,0.0025000),(0.0497546,0.0350417,0.0025000),(0.0498594,0.0350142,0.0025000),(0.0500489,0.0351232,0.0025000),(0.0498594,0.0350142,0.0025000),(0.0499197,0.0350216,0.0025000),(0.0500489,0.0351232,0.0025000),(0.0499197,0.0350216,0.0025000),(0.0499922,0.0350571,0.0025000),(0.0556009,0.0376463,0.0025000),(0.0551955,0.0376463,0.0025000),(0.0545055,0.0376325,0.0025000),(0.0558432,0.0376463,0.0025000),(0.0556009,0.0376463,0.0025000),(0.0545055,0.0376325,0.0025000),(0.0551955,0.0389819,0.0025000),(0.0551955,0.0376463,0.0025000),(0.0556009,0.0376463,0.0025000),(0.0551955,0.0389819,0.0025000),(0.0556009,0.0376463,0.0025000),(0.0556009,0.0398339,0.0025000),(0.0545055,0.0376325,0.0025000),(0.0551955,0.0389819,0.0025000),(0.0556009,0.0398339,0.0025000),(0.0545055,0.0376325,0.0025000),(0.0556009,0.0398339,0.0025000),(0.0555911,0.0399087,0.0025000),(0.0545055,0.0376325,0.0025000),(0.0555911,0.0399087,0.0025000),(0.0555617,0.0399662,0.0025000),(0.0545055,0.0376325,0.0025000),(0.0555617,0.0399662,0.0025000),(0.0554527,0.0400402,0.0025000),(0.0545055,0.0376325,0.0025000),(0.0554527,0.0400402,0.0025000),(0.0553924,0.0400476,0.0025000),(0.0545055,0.0376325,0.0025000),(0.0553924,0.0400476,0.0025000),(0.0553162,0.0400381,0.0025000),(0.0545055,0.0376325,0.0025000),(0.0553162,0.0400381,0.0025000),(0.0552093,0.0399545,0.0025000),(0.0545055,0.0376325,0.0025000),(0.0552093,0.0399545,0.0025000),(0.0539319,0.0375352,0.0025000),(0.0558432,0.0376463,0.0025000),(0.0545055,0.0376325,0.0025000),(0.0539319,0.0375352,0.0025000),(0.0558432,0.0376463,0.0025000),(0.0539319,0.0375352,0.0025000),(0.0538970,0.0374082,0.0025000),(0.0558432,0.0376463,0.0025000),(0.0538970,0.0374082,0.0025000),(0.0539224,0.0373203,0.0025000),(0.0558432,0.0376463,0.0025000),(0.0539224,0.0373203,0.0025000),(0.0539994,0.0372457,0.0025000),(0.0558432,0.0376463,0.0025000),(0.0539994,0.0372457,0.0025000),(0.0541097,0.0372208,0.0025000),(0.0558432,0.0376463,0.0025000),(0.0541097,0.0372208,0.0025000),(0.0551744,0.0372208,0.0025000),(0.0551744,0.0372208,0.0025000),(0.0551744,0.0362091,0.0025000),(0.0551900,0.0361257,0.0025000),(0.0551744,0.0372208,0.0025000),(0.0551900,0.0361257,0.0025000),(0.0552368,0.0360577,0.0025000),(0.0551744,0.0372208,0.0025000),(0.0552368,0.0360577,0.0025000),(0.0553056,0.0360117,0.0025000),(0.0551744,0.0372208,0.0025000),(0.0553056,0.0360117,0.0025000),(0.0553871,0.0359963,0.0025000),(0.0551744,0.0372208,0.0025000),(0.0553871,0.0359963,0.0025000),(0.0554694,0.0360117,0.0025000),(0.0551744,0.0372208,0.0025000),(0.0554694,0.0360117,0.0025000),(0.0555384,0.0360577,0.0025000),(0.0551744,0.0372208,0.0025000),(0.0555384,0.0360577,0.0025000),(0.0555853,0.0361257,0.0025000),(0.0551744,0.0372208,0.0025000),(0.0555853,0.0361257,0.0025000),(0.0556009,0.0362091,0.0025000),(0.0551744,0.0372208,0.0025000),(0.0556009,0.0362091,0.0025000),(0.0556009,0.0372208,0.0025000),(0.0558432,0.0376463,0.0025000),(0.0551744,0.0372208,0.0025000),(0.0556009,0.0372208,0.0025000),(0.0558432,0.0376463,0.0025000),(0.0556009,0.0372208,0.0025000),(0.0558432,0.0372208,0.0025000),(0.0558432,0.0376463,0.0025000),(0.0558432,0.0372208,0.0025000),(0.0559268,0.0372364,0.0025000),(0.0558432,0.0376463,0.0025000),(0.0559268,0.0372364,0.0025000),(0.0559956,0.0372833,0.0025000),(0.0558432,0.0376463,0.0025000),(0.0559956,0.0372833,0.0025000),(0.0560417,0.0373521,0.0025000),(0.0558432,0.0376463,0.0025000),(0.0560417,0.0373521,0.0025000),(0.0560570,0.0374336,0.0025000),(0.0558432,0.0376463,0.0025000),(0.0560570,0.0374336,0.0025000),(0.0560417,0.0375151,0.0025000),(0.0558432,0.0376463,0.0025000),(0.0560417,0.0375151,0.0025000),(0.0559956,0.0375838,0.0025000),(0.0558432,0.0376463,0.0025000),(0.0559956,0.0375838,0.0025000),(0.0559268,0.0376307,0.0025000),(0.0664447,0.0377643,0.0025000),(0.0678269,0.0359747,0.0025000),(0.0678992,0.0359127,0.0025000),(0.0664447,0.0377643,0.0025000),(0.0678992,0.0359127,0.0025000),(0.0679910,0.0358921,0.0025000),(0.0664447,0.0377643,0.0025000),(0.0679910,0.0358921,0.0025000),(0.0681233,0.0359376,0.0025000),(0.0664447,0.0377643,0.0025000),(0.0681233,0.0359376,0.0025000),(0.0681876,0.0360112,0.0025000),(0.0664447,0.0377643,0.0025000),(0.0681876,0.0360112,0.0025000),(0.0682090,0.0361069,0.0025000),(0.0664447,0.0377643,0.0025000),(0.0682090,0.0361069,0.0025000),(0.0681645,0.0362392,0.0025000),(0.0664447,0.0377643,0.0025000),(0.0681645,0.0362392,0.0025000),(0.0669887,0.0377643,0.0025000),(0.0669887,0.0377643,0.0025000),(0.0670745,0.0377643,0.0025000),(0.0671937,0.0377694,0.0025000),(0.0664447,0.0377643,0.0025000),(0.0669887,0.0377643,0.0025000),(0.0671937,0.0377694,0.0025000),(0.0655811,0.0377643,0.0025000),(0.0664447,0.0377643,0.0025000),(0.0671937,0.0377694,0.0025000),(0.0655811,0.0377643,0.0025000),(0.0671937,0.0377694,0.0025000),(0.0673075,0.0377847,0.0025000),(0.0655811,0.0377643,0.0025000),(0.0673075,0.0377847,0.0025000),(0.0674158,0.0378103,0.0025000),(0.0655811,0.0377643,0.0025000),(0.0674158,0.0378103,0.0025000),(0.0675187,0.0378460,0.0025000),(0.0655811,0.0377643,0.0025000),(0.0675187,0.0378460,0.0025000),(0.0676161,0.0378920,0.0025000),(0.0655811,0.0377643,0.0025000),(0.0676161,0.0378920,0.0025000),(0.0677081,0.0379482,0.0025000),(0.0655811,0.0377643,0.0025000),(0.0677081,0.0379482,0.0025000),(0.0677946,0.0380147,0.0025000),(0.0655811,0.0377643,0.0025000),(0.0677946,0.0380147,0.0025000),(0.0678756,0.0380913,0.0025000),(0.0655811,0.0377643,0.0025000),(0.0678756,0.0380913,0.0025000),(0.0679520,0.0381810,0.0025000),(0.0655811,0.0377643,0.0025000),(0.0679520,0.0381810,0.0025000),(0.0680182,0.0382735,0.0025000),(0.0655811,0.0377643,0.0025000),(0.0680182,0.0382735,0.0025000),(0.0680743,0.0383686,0.0025000),(0.0680743,0.0383686,0.0025000),(0.0681201,0.0384665,0.0025000),(0.0677245,0.0386157,0.0025000),(0.0680743,0.0383686,0.0025000),(0.0677245,0.0386157,0.0025000),(0.0676600,0.0384981,0.0025000),(0.0680743,0.0383686,0.0025000),(0.0676600,0.0384981,0.0025000),(0.0675698,0.0383919,0.0025000),(0.0680743,0.0383686,0.0025000),(0.0675698,0.0383919,0.0025000),(0.0674598,0.0383039,0.0025000),(0.0680743,0.0383686,0.0025000),(0.0674598,0.0383039,0.0025000),(0.0673406,0.0382411,0.0025000),(0.0680743,0.0383686,0.0025000),(0.0673406,0.0382411,0.0025000),(0.0672122,0.0382034,0.0025000),(0.0655811,0.0377643,0.0025000),(0.0680743,0.0383686,0.0025000),(0.0672122,0.0382034,0.0025000),(0.0655811,0.0377643,0.0025000),(0.0672122,0.0382034,0.0025000),(0.0670745,0.0381908,0.0025000),(0.0655811,0.0377643,0.0025000),(0.0670745,0.0381908,0.0025000),(0.0655811,0.0381908,0.0025000),(0.0677632,0.0387447,0.0025000),(0.0677245,0.0386157,0.0025000),(0.0681201,0.0384665,0.0025000),(0.0677761,0.0388851,0.0025000),(0.0677632,0.0387447,0.0025000),(0.0681201,0.0384665,0.0025000),(0.0677632,0.0390241,0.0025000),(0.0677761,0.0388851,0.0025000),(0.0681201,0.0384665,0.0025000),(0.0677245,0.0391523,0.0025000),(0.0677632,0.0390241,0.0025000),(0.0681201,0.0384665,0.0025000),(0.0676600,0.0392696,0.0025000),(0.0677245,0.0391523,0.0025000),(0.0681201,0.0384665,0.0025000),(0.0676600,0.0392696,0.0025000),(0.0681201,0.0384665,0.0025000),(0.0681557,0.0385671,0.0025000),(0.0676600,0.0392696,0.0025000),(0.0681557,0.0385671,0.0025000),(0.0681812,0.0386704,0.0025000),(0.0675698,0.0393761,0.0025000),(0.0676600,0.0392696,0.0025000),(0.0681812,0.0386704,0.0025000),(0.0675698,0.0393761,0.0025000),(0.0681812,0.0386704,0.0025000),(0.0681965,0.0387764,0.0025000),(0.0675698,0.0393761,0.0025000),(0.0681965,0.0387764,0.0025000),(0.0682016,0.0388851,0.0025000),(0.0674626,0.0394641,0.0025000),(0.0675698,0.0393761,0.0025000),(0.0682016,0.0388851,0.0025000),(0.0674626,0.0394641,0.0025000),(0.0682016,0.0388851,0.0025000),(0.0681965,0.0389977,0.0025000),(0.0674626,0.0394641,0.0025000),(0.0681965,0.0389977,0.0025000),(0.0681812,0.0391064,0.0025000),(0.0673454,0.0395269,0.0025000),(0.0674626,0.0394641,0.0025000),(0.0681812,0.0391064,0.0025000),(0.0673454,0.0395269,0.0025000),(0.0681812,0.0391064,0.0025000),(0.0681557,0.0392112,0.0025000),(0.0673454,0.0395269,0.0025000),(0.0681557,0.0392112,0.0025000),(0.0681201,0.0393121,0.0025000),(0.0672181,0.0395647,0.0025000),(0.0673454,0.0395269,0.0025000),(0.0681201,0.0393121,0.0025000),(0.0672181,0.0395647,0.0025000),(0.0681201,0.0393121,0.0025000),(0.0680743,0.0394091,0.0025000),(0.0672181,0.0395647,0.0025000),(0.0680743,0.0394091,0.0025000),(0.0680182,0.0395022,0.0025000),(0.0670808,0.0395772,0.0025000),(0.0672181,0.0395647,0.0025000),(0.0680182,0.0395022,0.0025000),(0.0670808,0.0395772,0.0025000),(0.0680182,0.0395022,0.0025000),(0.0679520,0.0395914,0.0025000),(0.0655811,0.0395772,0.0025000),(0.0670808,0.0395772,0.0025000),(0.0679520,0.0395914,0.0025000),(0.0655811,0.0395772,0.0025000),(0.0679520,0.0395914,0.0025000),(0.0678756,0.0396767,0.0025000),(0.0655811,0.0395772,0.0025000),(0.0678756,0.0396767,0.0025000),(0.0677886,0.0397548,0.0025000),(0.0655811,0.0395772,0.0025000),(0.0677886,0.0397548,0.0025000),(0.0676978,0.0398226,0.0025000),(0.0655811,0.0395772,0.0025000),(0.0676978,0.0398226,0.0025000),(0.0676032,0.0398799,0.0025000),(0.0655811,0.0395772,0.0025000),(0.0676032,0.0398799,0.0025000),(0.0675049,0.0399267,0.0025000),(0.0655811,0.0395772,0.0025000),(0.0675049,0.0399267,0.0025000),(0.0674029,0.0399632,0.0025000),(0.0655811,0.0395772,0.0025000),(0.0674029,0.0399632,0.0025000),(0.0672972,0.0399892,0.0025000),(0.0655811,0.0395772,0.0025000),(0.0672972,0.0399892,0.0025000),(0.0671877,0.0400049,0.0025000),(0.0655811,0.0395772,0.0025000),(0.0671877,0.0400049,0.0025000),(0.0670745,0.0400101,0.0025000),(0.0655811,0.0395772,0.0025000),(0.0670745,0.0400101,0.0025000),(0.0653684,0.0400101,0.0025000),(0.0655811,0.0381908,0.0025000),(0.0655811,0.0395772,0.0025000),(0.0653684,0.0400101,0.0025000),(0.0655811,0.0377643,0.0025000),(0.0655811,0.0381908,0.0025000),(0.0653684,0.0400101,0.0025000),(0.0655811,0.0377643,0.0025000),(0.0653684,0.0400101,0.0025000),(0.0652824,0.0399934,0.0025000),(0.0655811,0.0377643,0.0025000),(0.0652824,0.0399934,0.0025000),(0.0652107,0.0399434,0.0025000),(0.0655811,0.0377643,0.0025000),(0.0652107,0.0399434,0.0025000),(0.0651687,0.0398691,0.0025000),(0.0655811,0.0377643,0.0025000),(0.0651687,0.0398691,0.0025000),(0.0651546,0.0397899,0.0025000),(0.0655811,0.0377643,0.0025000),(0.0651546,0.0397899,0.0025000),(0.0651546,0.0361630,0.0025000),(0.0655811,0.0377643,0.0025000),(0.0651546,0.0361630,0.0025000),(0.0651775,0.0360797,0.0025000),(0.0655811,0.0377643,0.0025000),(0.0651775,0.0360797,0.0025000),(0.0652208,0.0360202,0.0025000),(0.0655811,0.0377643,0.0025000),(0.0652208,0.0360202,0.0025000),(0.0653684,0.0359725,0.0025000),(0.0655811,0.0377643,0.0025000),(0.0653684,0.0359725,0.0025000),(0.0654424,0.0359844,0.0025000),(0.0655811,0.0377643,0.0025000),(0.0654424,0.0359844,0.0025000),(0.0655026,0.0360202,0.0025000),(0.0655811,0.0377643,0.0025000),(0.0655026,0.0360202,0.0025000),(0.0655811,0.0361630,0.0025000),(0.0641926,0.0377696,0.0025000),(0.0641905,0.0361630,0.0025000),(0.0642066,0.0360810,0.0025000),(0.0641926,0.0377696,0.0025000),(0.0642066,0.0360810,0.0025000),(0.0642551,0.0360128,0.0025000),(0.0641926,0.0377696,0.0025000),(0.0642551,0.0360128,0.0025000),(0.0643238,0.0359667,0.0025000),(0.0641926,0.0377696,0.0025000),(0.0643238,0.0359667,0.0025000),(0.0644011,0.0359514,0.0025000),(0.0641926,0.0377696,0.0025000),(0.0644011,0.0359514,0.0025000),(0.0644839,0.0359667,0.0025000),(0.0641926,0.0377696,0.0025000),(0.0644839,0.0359667,0.0025000),(0.0645524,0.0360128,0.0025000),(0.0641926,0.0377696,0.0025000),(0.0645524,0.0360128,0.0025000),(0.0645985,0.0360810,0.0025000),(0.0641926,0.0377696,0.0025000),(0.0645985,0.0360810,0.0025000),(0.0646138,0.0361630,0.0025000),(0.0641926,0.0377696,0.0025000),(0.0646138,0.0361630,0.0025000),(0.0646138,0.0397899,0.0025000),(0.0641926,0.0377696,0.0025000),(0.0646138,0.0397899,0.0025000),(0.0645985,0.0398714,0.0025000),(0.0641926,0.0377696,0.0025000),(0.0645985,0.0398714,0.0025000),(0.0645524,0.0399402,0.0025000),(0.0641926,0.0377696,0.0025000),(0.0645524,0.0399402,0.0025000),(0.0644850,0.0399879,0.0025000),(0.0641926,0.0377696,0.0025000),(0.0644850,0.0399879,0.0025000),(0.0644053,0.0400037,0.0025000),(0.0641926,0.0377696,0.0025000),(0.0644053,0.0400037,0.0025000),(0.0643233,0.0399873,0.0025000),(0.0641926,0.0377696,0.0025000),(0.0643233,0.0399873,0.0025000),(0.0642529,0.0399381,0.0025000),(0.0641926,0.0377696,0.0025000),(0.0642529,0.0399381,0.0025000),(0.0642061,0.0398736,0.0025000),(0.0641926,0.0377696,0.0025000),(0.0642061,0.0398736,0.0025000),(0.0641905,0.0397899,0.0025000),(0.0641926,0.0377696,0.0025000),(0.0641905,0.0397899,0.0025000),(0.0641905,0.0381908,0.0025000),(0.0619913,0.0377696,0.0025000),(0.0641926,0.0377696,0.0025000),(0.0641905,0.0381908,0.0025000),(0.0619913,0.0377696,0.0025000),(0.0641905,0.0381908,0.0025000),(0.0619976,0.0381908,0.0025000),(0.0619913,0.0377696,0.0025000),(0.0619976,0.0381908,0.0025000),(0.0619976,0.0397899,0.0025000),(0.0619913,0.0377696,0.0025000),(0.0619976,0.0397899,0.0025000),(0.0619812,0.0398714,0.0025000),(0.0619913,0.0377696,0.0025000),(0.0619812,0.0398714,0.0025000),(0.0619320,0.0399402,0.0025000),(0.0619913,0.0377696,0.0025000),(0.0619320,0.0399402,0.0025000),(0.0618624,0.0399879,0.0025000),(0.0619913,0.0377696,0.0025000),(0.0618624,0.0399879,0.0025000),(0.0617849,0.0400037,0.0025000),(0.0619913,0.0377696,0.0025000),(0.0617849,0.0400037,0.0025000),(0.0617026,0.0399879,0.0025000),(0.0619913,0.0377696,0.0025000),(0.0617026,0.0399879,0.0025000),(0.0616314,0.0399402,0.0025000),(0.0619913,0.0377696,0.0025000),(0.0616314,0.0399402,0.0025000),(0.0615830,0.0398714,0.0025000),(0.0619913,0.0377696,0.0025000),(0.0615830,0.0398714,0.0025000),(0.0615669,0.0397899,0.0025000),(0.0619913,0.0377696,0.0025000),(0.0615669,0.0397899,0.0025000),(0.0615669,0.0361630,0.0025000),(0.0619913,0.0377696,0.0025000),(0.0615669,0.0361630,0.0025000),(0.0615825,0.0360810,0.0025000),(0.0619913,0.0377696,0.0025000),(0.0615825,0.0360810,0.0025000),(0.0616293,0.0360128,0.0025000),(0.0619913,0.0377696,0.0025000),(0.0616293,0.0360128,0.0025000),(0.0616989,0.0359667,0.0025000),(0.0619913,0.0377696,0.0025000),(0.0616989,0.0359667,0.0025000),(0.0617807,0.0359514,0.0025000),(0.0619913,0.0377696,0.0025000),(0.0617807,0.0359514,0.0025000),(0.0618585,0.0359664,0.0025000),(0.0619913,0.0377696,0.0025000),(0.0618585,0.0359664,0.0025000),(0.0619310,0.0360117,0.0025000),(0.0619913,0.0377696,0.0025000),(0.0619310,0.0360117,0.0025000),(0.0619762,0.0360765,0.0025000),(0.0619913,0.0377696,0.0025000),(0.0619762,0.0360765,0.0025000),(0.0619913,0.0361630,0.0025000),(0.0691731,0.0374817,0.0025000),(0.0691731,0.0397899,0.0025000),(0.0691578,0.0398714,0.0025000),(0.0691731,0.0374817,0.0025000),(0.0691578,0.0398714,0.0025000),(0.0691117,0.0399402,0.0025000),(0.0691731,0.0374817,0.0025000),(0.0691117,0.0399402,0.0025000),(0.0690443,0.0399879,0.0025000),(0.0691781,0.0373693,0.0025000),(0.0691731,0.0374817,0.0025000),(0.0690443,0.0399879,0.0025000),(0.0691781,0.0373693,0.0025000),(0.0690443,0.0399879,0.0025000),(0.0689646,0.0400037,0.0025000),(0.0691781,0.0373693,0.0025000),(0.0689646,0.0400037,0.0025000),(0.0688813,0.0399873,0.0025000),(0.0691781,0.0373693,0.0025000),(0.0688813,0.0399873,0.0025000),(0.0688069,0.0399381,0.0025000),(0.0691781,0.0373693,0.0025000),(0.0688069,0.0399381,0.0025000),(0.0687617,0.0398736,0.0025000),(0.0691781,0.0373693,0.0025000),(0.0687617,0.0398736,0.0025000),(0.0687466,0.0397899,0.0025000),(0.0691781,0.0373693,0.0025000),(0.0687466,0.0397899,0.0025000),(0.0687466,0.0374817,0.0025000),(0.0691781,0.0373693,0.0025000),(0.0687466,0.0374817,0.0025000),(0.0687536,0.0373266,0.0025000),(0.0691781,0.0373693,0.0025000),(0.0687536,0.0373266,0.0025000),(0.0687744,0.0371772,0.0025000),(0.0691781,0.0373693,0.0025000),(0.0687744,0.0371772,0.0025000),(0.0688091,0.0370336,0.0025000),(0.0691781,0.0373693,0.0025000),(0.0688091,0.0370336,0.0025000),(0.0688577,0.0368957,0.0025000),(0.0691781,0.0373693,0.0025000),(0.0688577,0.0368957,0.0025000),(0.0689203,0.0367635,0.0025000),(0.0691781,0.0373693,0.0025000),(0.0689203,0.0367635,0.0025000),(0.0689967,0.0366370,0.0025000),(0.0691781,0.0373693,0.0025000),(0.0689967,0.0366370,0.0025000),(0.0690869,0.0365162,0.0025000),(0.0691781,0.0373693,0.0025000),(0.0690869,0.0365162,0.0025000),(0.0691911,0.0364012,0.0025000),(0.0691781,0.0373693,0.0025000),(0.0691911,0.0364012,0.0025000),(0.0693037,0.0362957,0.0025000),(0.0693037,0.0362957,0.0025000),(0.0694224,0.0362044,0.0025000),(0.0695471,0.0361271,0.0025000),(0.0693037,0.0362957,0.0025000),(0.0695471,0.0361271,0.0025000),(0.0696780,0.0360638,0.0025000),(0.0693037,0.0362957,0.0025000),(0.0696780,0.0360638,0.0025000),(0.0698149,0.0360146,0.0025000),(0.0693037,0.0362957,0.0025000),(0.0698149,0.0360146,0.0025000),(0.0699579,0.0359795,0.0025000),(0.0693037,0.0362957,0.0025000),(0.0699579,0.0359795,0.0025000),(0.0701070,0.0359584,0.0025000),(0.0693037,0.0362957,0.0025000),(0.0701070,0.0359584,0.0025000),(0.0702622,0.0359514,0.0025000),(0.0693037,0.0362957,0.0025000),(0.0702622,0.0359514,0.0025000),(0.0704176,0.0359584,0.0025000),(0.0693037,0.0362957,0.0025000),(0.0704176,0.0359584,0.0025000),(0.0705673,0.0359795,0.0025000),(0.0693037,0.0362957,0.0025000),(0.0705673,0.0359795,0.0025000),(0.0707114,0.0360146,0.0025000),(0.0693037,0.0362957,0.0025000),(0.0707114,0.0360146,0.0025000),(0.0708498,0.0360638,0.0025000),(0.0693037,0.0362957,0.0025000),(0.0708498,0.0360638,0.0025000),(0.0709826,0.0361271,0.0025000),(0.0693037,0.0362957,0.0025000),(0.0709826,0.0361271,0.0025000),(0.0711097,0.0362044,0.0025000),(0.0693037,0.0362957,0.0025000),(0.0711097,0.0362044,0.0025000),(0.0712311,0.0362957,0.0025000),(0.0693037,0.0362957,0.0025000),(0.0712311,0.0362957,0.0025000),(0.0713469,0.0364012,0.0025000),(0.0713469,0.0364012,0.0025000),(0.0714516,0.0365149,0.0025000),(0.0715423,0.0366348,0.0025000),(0.0713469,0.0364012,0.0025000),(0.0715423,0.0366348,0.0025000),(0.0716191,0.0367609,0.0025000),(0.0713469,0.0364012,0.0025000),(0.0716191,0.0367609,0.0025000),(0.0716819,0.0368933,0.0025000),(0.0713469,0.0364012,0.0025000),(0.0716819,0.0368933,0.0025000),(0.0717308,0.0370319,0.0025000),(0.0713469,0.0364012,0.0025000),(0.0717308,0.0370319,0.0025000),(0.0717657,0.0371767,0.0025000),(0.0713469,0.0364012,0.0025000),(0.0717657,0.0371767,0.0025000),(0.0717866,0.0373277,0.0025000),(0.0713469,0.0364012,0.0025000),(0.0717866,0.0373277,0.0025000),(0.0717936,0.0374849,0.0025000),(0.0713469,0.0364012,0.0025000),(0.0717936,0.0374849,0.0025000),(0.0717936,0.0397899,0.0025000),(0.0713469,0.0364012,0.0025000),(0.0717936,0.0397899,0.0025000),(0.0717782,0.0398714,0.0025000),(0.0713469,0.0364012,0.0025000),(0.0717782,0.0398714,0.0025000),(0.0717322,0.0399402,0.0025000),(0.0713469,0.0364012,0.0025000),(0.0717322,0.0399402,0.0025000),(0.0716639,0.0399879,0.0025000),(0.0713469,0.0364012,0.0025000),(0.0716639,0.0399879,0.0025000),(0.0715819,0.0400037,0.0025000),(0.0713469,0.0364012,0.0025000),(0.0715819,0.0400037,0.0025000),(0.0714999,0.0399879,0.0025000),(0.0713469,0.0364012,0.0025000),(0.0714999,0.0399879,0.0025000),(0.0714316,0.0399402,0.0025000),(0.0714316,0.0399402,0.0025000),(0.0713856,0.0398714,0.0025000),(0.0713702,0.0397899,0.0025000),(0.0714316,0.0399402,0.0025000),(0.0713702,0.0397899,0.0025000),(0.0713702,0.0374849,0.0025000),(0.0713469,0.0364012,0.0025000),(0.0714316,0.0399402,0.0025000),(0.0713702,0.0374849,0.0025000),(0.0713469,0.0364012,0.0025000),(0.0713702,0.0374849,0.0025000),(0.0713651,0.0373729,0.0025000),(0.0713469,0.0364012,0.0025000),(0.0713651,0.0373729,0.0025000),(0.0713498,0.0372649,0.0025000),(0.0713469,0.0364012,0.0025000),(0.0713498,0.0372649,0.0025000),(0.0713242,0.0371609,0.0025000),(0.0713469,0.0364012,0.0025000),(0.0713242,0.0371609,0.0025000),(0.0712885,0.0370610,0.0025000),(0.0713469,0.0364012,0.0025000),(0.0712885,0.0370610,0.0025000),(0.0712425,0.0369652,0.0025000),(0.0713469,0.0364012,0.0025000),(0.0712425,0.0369652,0.0025000),(0.0711863,0.0368733,0.0025000),(0.0713469,0.0364012,0.0025000),(0.0711863,0.0368733,0.0025000),(0.0711199,0.0367855,0.0025000),(0.0713469,0.0364012,0.0025000),(0.0711199,0.0367855,0.0025000),(0.0710432,0.0367017,0.0025000),(0.0713469,0.0364012,0.0025000),(0.0710432,0.0367017,0.0025000),(0.0709613,0.0366253,0.0025000),(0.0713469,0.0364012,0.0025000),(0.0709613,0.0366253,0.0025000),(0.0708750,0.0365591,0.0025000),(0.0713469,0.0364012,0.0025000),(0.0708750,0.0365591,0.0025000),(0.0707842,0.0365031,0.0025000),(0.0713469,0.0364012,0.0025000),(0.0707842,0.0365031,0.0025000),(0.0706889,0.0364573,0.0025000),(0.0713469,0.0364012,0.0025000),(0.0706889,0.0364573,0.0025000),(0.0705892,0.0364216,0.0025000),(0.0713469,0.0364012,0.0025000),(0.0705892,0.0364216,0.0025000),(0.0704850,0.0363961,0.0025000),(0.0713469,0.0364012,0.0025000),(0.0704850,0.0363961,0.0025000),(0.0703763,0.0363809,0.0025000),(0.0693037,0.0362957,0.0025000),(0.0713469,0.0364012,0.0025000),(0.0703763,0.0363809,0.0025000),(0.0693037,0.0362957,0.0025000),(0.0703763,0.0363809,0.0025000),(0.0702632,0.0363758,0.0025000),(0.0693037,0.0362957,0.0025000),(0.0702632,0.0363758,0.0025000),(0.0701521,0.0363808,0.0025000),(0.0693037,0.0362957,0.0025000),(0.0701521,0.0363808,0.0025000),(0.0700451,0.0363960,0.0025000),(0.0693037,0.0362957,0.0025000),(0.0700451,0.0363960,0.0025000),(0.0699424,0.0364213,0.0025000),(0.0693037,0.0362957,0.0025000),(0.0699424,0.0364213,0.0025000),(0.0698439,0.0364567,0.0025000),(0.0693037,0.0362957,0.0025000),(0.0698439,0.0364567,0.0025000),(0.0697495,0.0365023,0.0025000),(0.0693037,0.0362957,0.0025000),(0.0697495,0.0365023,0.0025000),(0.0696594,0.0365579,0.0025000),(0.0693037,0.0362957,0.0025000),(0.0696594,0.0365579,0.0025000),(0.0695734,0.0366237,0.0025000),(0.0693037,0.0362957,0.0025000),(0.0695734,0.0366237,0.0025000),(0.0694917,0.0366996,0.0025000),(0.0693037,0.0362957,0.0025000),(0.0694917,0.0366996,0.0025000),(0.0694170,0.0367827,0.0025000),(0.0693037,0.0362957,0.0025000),(0.0694170,0.0367827,0.0025000),(0.0693523,0.0368699,0.0025000),(0.0693037,0.0362957,0.0025000),(0.0693523,0.0368699,0.0025000),(0.0692976,0.0369614,0.0025000),(0.0693037,0.0362957,0.0025000),(0.0692976,0.0369614,0.0025000),(0.0692528,0.0370571,0.0025000),(0.0693037,0.0362957,0.0025000),(0.0692528,0.0370571,0.0025000),(0.0692179,0.0371569,0.0025000),(0.0693037,0.0362957,0.0025000),(0.0692179,0.0371569,0.0025000),(0.0691930,0.0372610,0.0025000),(0.0691781,0.0373693,0.0025000),(0.0693037,0.0362957,0.0025000),(0.0691930,0.0372610,0.0025000),(0.0609708,0.0396304,0.0025000),(0.0610240,0.0397899,0.0025000),(0.0610089,0.0398698,0.0025000),(0.0609708,0.0396304,0.0025000),(0.0610089,0.0398698,0.0025000),(0.0609636,0.0399381,0.0025000),(0.0609708,0.0396304,0.0025000),(0.0609636,0.0399381,0.0025000),(0.0608954,0.0399873,0.0025000),(0.0609708,0.0396304,0.0025000),(0.0608954,0.0399873,0.0025000),(0.0608112,0.0400037,0.0025000),(0.0609708,0.0396304,0.0025000),(0.0608112,0.0400037,0.0025000),(0.0581908,0.0400037,0.0025000),(0.0609708,0.0396304,0.0025000),(0.0581908,0.0400037,0.0025000),(0.0580977,0.0399834,0.0025000),(0.0609708,0.0396304,0.0025000),(0.0580977,0.0399834,0.0025000),(0.0580236,0.0399222,0.0025000),(0.0609708,0.0396304,0.0025000),(0.0580236,0.0399222,0.0025000),(0.0579770,0.0397899,0.0025000),(0.0609708,0.0396304,0.0025000),(0.0579770,0.0397899,0.0025000),(0.0579770,0.0397741,0.0025000),(0.0609708,0.0396304,0.0025000),(0.0579770,0.0397741,0.0025000),(0.0580373,0.0396450,0.0025000),(0.0609708,0.0396304,0.0025000),(0.0580373,0.0396450,0.0025000),(0.0581085,0.0395942,0.0025000),(0.0609708,0.0396304,0.0025000),(0.0581085,0.0395942,0.0025000),(0.0581908,0.0395772,0.0025000),(0.0609708,0.0396304,0.0025000),(0.0581908,0.0395772,0.0025000),(0.0592904,0.0395772,0.0025000),(0.0592904,0.0395772,0.0025000),(0.0592904,0.0361630,0.0025000),(0.0593058,0.0360810,0.0025000),(0.0592904,0.0395772,0.0025000),(0.0593058,0.0360810,0.0025000),(0.0593518,0.0360128,0.0025000),(0.0592904,0.0395772,0.0025000),(0.0593518,0.0360128,0.0025000),(0.0594201,0.0359667,0.0025000),(0.0592904,0.0395772,0.0025000),(0.0594201,0.0359667,0.0025000),(0.0595021,0.0359514,0.0025000),(0.0592904,0.0395772,0.0025000),(0.0595021,0.0359514,0.0025000),(0.0595841,0.0359667,0.0025000),(0.0592904,0.0395772,0.0025000),(0.0595841,0.0359667,0.0025000),(0.0596524,0.0360128,0.0025000),(0.0592904,0.0395772,0.0025000),(0.0596524,0.0360128,0.0025000),(0.0596984,0.0360810,0.0025000),(0.0592904,0.0395772,0.0025000),(0.0596984,0.0360810,0.0025000),(0.0597137,0.0361630,0.0025000),(0.0592904,0.0395772,0.0025000),(0.0597137,0.0361630,0.0025000),(0.0597137,0.0395772,0.0025000),(0.0609708,0.0396304,0.0025000),(0.0592904,0.0395772,0.0025000),(0.0597137,0.0395772,0.0025000),(0.0609708,0.0396304,0.0025000),(0.0597137,0.0395772,0.0025000),(0.0608112,0.0395772,0.0025000),(0.0609708,0.0396304,0.0025000),(0.0608112,0.0395772,0.0025000),(0.0609043,0.0395905,0.0025000)));
#9057=COMPLEX_TRIANGULATED_SURFACE_SET('surface set',#9056,1392,(),(),(),((1,2,3),(4,5,6),(7,8,9),(10,11,12),(13,14,15),(16,17,18),(19,20,21),(22,23,24),(25,26,27),(28,29,30),(31,32,33),(34,35,36),(37,38,39),(40,41,42),(43,44,45),(46,47,48),(49,50,51),(52,53,54),(55,56,57),(58,59,60),(61,62,63),(64,65,66),(67,68,69),(70,71,72),(73,74,75),(76,77,78),(79,80,81),(82,83,84),(85,86,87),(88,89,90),(91,92,93),(94,95,96),(97,98,99),(100,101,102),(103,104,105),(106,107,108),(109,110,111),(112,113,114),(115,116,117),(118,119,120),(121,122,123),(124,125,126),(127,128,129),(130,131,132),(133,134,135),(136,137,138),(139,140,141),(142,143,144),(145,146,147),(148,149,150),(151,152,153),(154,155,156),(157,158,159),(160,161,162),(163,164,165),(166,167,168),(169,170,171),(172,173,174),(175,176,177),(178,179,180),(181,182,183),(184,185,186),(187,188,189),(190,191,192),(193,194,195),(196,197,198),(199,200,201),(202,203,204),(205,206,207),(208,209,210),(211,212,213),(214,215,216),(217,218,219),(220,221,222),(223,224,225),(226,227,228),(229,230,231),(232,233,234),(235,236,237),(238,239,240),(241,242,243),(244,245,246),(247,248,249),(250,251,252),(253,254,255),(256,257,258),(259,260,261),(262,263,264),(265,266,267),(268,269,270),(271,272,273),(274,275,276),(277,278,279),(280,281,282),(283,284,285),(286,287,288),(289,290,291),(292,293,294),(295,296,297),(298,299,300),(301,302,303),(304,305,306),(307,308,309),(310,311,312),(313,314,315),(316,317,318),(319,320,321),(322,323,324),(325,326,327),(328,329,330),(331,332,333),(334,335,336),(337,338,339),(340,341,342),(343,344,345),(346,347,348),(349,350,351),(352,353,354),(355,356,357),(358,359,360),(361,362,363),(364,365,366),(367,368,369),(370,371,372),(373,374,375),(376,377,378),(379,380,381),(382,383,384),(385,386,387),(388,389,390),(391,392,393),(394,395,396),(397,398,399),(400,401,402),(403,404,405),(406,407,408),(409,410,411),(412,413,414),(415,416,417),(418,419,420),(421,422,423),(424,425,426),(427,428,429),(430,431,432),(433,434,435),(436,437,438),(439,440,441),(442,443,444),(445,446,447),(448,449,450),(451,452,453),(454,455,456),(457,458,459),(460,461,462),(463,464,465),(466,467,468),(469,470,471),(472,473,474),(475,476,477),(478,479,480),(481,482,483),(484,485,486),(487,488,489),(490,491,492),(493,494,495),(496,497,498),(499,500,501),(502,503,504),(505,506,507),(508,509,510),(511,512,513),(514,515,516),(517,518,519),(520,521,522),(523,524,525),(526,527,528),(529,530,531),(532,533,534),(535,536,537),(538,539,540),(541,542,543),(544,545,546),(547,548,549),(550,551,552),(553,554,555),(556,557,558),(559,560,561),(562,563,564),(565,566,567),(568,569,570),(571,572,573),(574,575,576),(577,578,579),(580,581,582),(583,584,585),(586,587,588),(589,590,591),(592,593,594),(595,596,597),(598,599,600),(601,602,603),(604,605,606),(607,608,609),(610,611,612),(613,614,615),(616,617,618),(619,620,621),(622,623,624),(625,626,627),(628,629,630),(631,632,633),(634,635,636),(637,638,639),(640,641,642),(643,644,645),(646,647,648),(649,650,651),(652,653,654),(655,656,657),(658,659,660),(661,662,663),(664,665,666),(667,668,669),(670,671,672),(673,674,675),(676,677,678),(679,680,681),(682,683,684),(685,686,687),(688,689,690),(691,692,693),(694,695,696),(697,698,699),(700,701,702),(703,704,705),(706,707,708),(709,710,711),(712,713,714),(715,716,717),(718,719,720),(721,722,723),(724,725,726),(727,728,729),(730,731,732),(733,734,735),(736,737,738),(739,740,741),(742,743,744),(745,746,747),(748,749,750),(751,752,753),(754,755,756),(757,758,759),(760,761,762),(763,764,765),(766,767,768),(769,770,771),(772,773,774),(775,776,777),(778,779,780),(781,782,783),(784,785,786),(787,788,789),(790,791,792),(793,794,795),(796,797,798),(799,800,801),(802,803,804),(805,806,807),(808,809,810),(811,812,813),(814,815,816),(817,818,819),(820,821,822),(823,824,825),(826,827,828),(829,830,831),(832,833,834),(835,836,837),(838,839,840),(841,842,843),(844,845,846),(847,848,849),(850,851,852),(853,854,855),(856,857,858),(859,860,861),(862,863,864),(865,866,867),(868,869,870),(871,872,873),(874,875,876),(877,878,879),(880,881,882),(883,884,885),(886,887,888),(889,890,891),(892,893,894),(895,896,897),(898,899,900),(901,902,903),(904,905,906),(907,908,909),(910,911,912),(913,914,915),(916,917,918),(919,920,921),(922,923,924),(925,926,927),(928,929,930),(931,932,933),(934,935,936),(937,938,939),(940,941,942),(943,944,945),(946,947,948),(949,950,951),(952,953,954),(955,956,957),(958,959,960),(961,962,963),(964,965,966),(967,968,969),(970,971,972),(973,974,975),(976,977,978),(979,980,981),(982,983,984),(985,986,987),(988,989,990),(991,992,993),(994,995,996),(997,998,999),(1000,1001,1002),(1003,1004,1005),(1006,1007,1008),(1009,1010,1011),(1012,1013,1014),(1015,1016,1017),(1018,1019,1020),(1021,1022,1023),(1024,1025,1026),(1027,1028,1029),(1030,1031,1032),(1033,1034,1035),(1036,1037,1038),(1039,1040,1041),(1042,1043,1044),(1045,1046,1047),(1048,1049,1050),(1051,1052,1053),(1054,1055,1056),(1057,1058,1059),(1060,1061,1062),(1063,1064,1065),(1066,1067,1068),(1069,1070,1071),(1072,1073,1074),(1075,1076,1077),(1078,1079,1080),(1081,1082,1083),(1084,1085,1086),(1087,1088,1089),(1090,1091,1092),(1093,1094,1095),(1096,1097,1098),(1099,1100,1101),(1102,1103,1104),(1105,1106,1107),(1108,1109,1110),(1111,1112,1113),(1114,1115,1116),(1117,1118,1119),(1120,1121,1122),(1123,1124,1125),(1126,1127,1128),(1129,1130,1131),(1132,1133,1134),(1135,1136,1137),(1138,1139,1140),(1141,1142,1143),(1144,1145,1146),(1147,1148,1149),(1150,1151,1152),(1153,1154,1155),(1156,1157,1158),(1159,1160,1161),(1162,1163,1164),(1165,1166,1167),(1168,1169,1170),(1171,1172,1173),(1174,1175,1176),(1177,1178,1179),(1180,1181,1182),(1183,1184,1185),(1186,1187,1188),(1189,1190,1191),(1192,1193,1194),(1195,1196,1197),(1198,1199,1200),(1201,1202,1203),(1204,1205,1206),(1207,1208,1209),(1210,1211,1212),(1213,1214,1215),(1216,1217,1218),(1219,1220,1221),(1222,1223,1224),(1225,1226,1227),(1228,1229,1230),(1231,1232,1233),(1234,1235,1236),(1237,1238,1239),(1240,1241,1242),(1243,1244,1245),(1246,1247,1248),(1249,1250,1251),(1252,1253,1254),(1255,1256,1257),(1258,1259,1260),(1261,1262,1263),(1264,1265,1266),(1267,1268,1269),(1270,1271,1272),(1273,1274,1275),(1276,1277,1278),(1279,1280,1281),(1282,1283,1284),(1285,1286,1287),(1288,1289,1290),(1291,1292,1293),(1294,1295,1296),(1297,1298,1299),(1300,1301,1302),(1303,1304,1305),(1306,1307,1308),(1309,1310,1311),(1312,1313,1314),(1315,1316,1317),(1318,1319,1320),(1321,1322,1323),(1324,1325,1326),(1327,1328,1329),(1330,1331,1332),(1333,1334,1335),(1336,1337,1338),(1339,1340,1341),(1342,1343,1344),(1345,1346,1347),(1348,1349,1350),(1351,1352,1353),(1354,1355,1356),(1357,1358,1359),(1360,1361,1362),(1363,1364,1365),(1366,1367,1368),(1369,1370,1371),(1372,1373,1374),(1375,1376,1377),(1378,1379,1380),(1381,1382,1383),(1384,1385,1386),(1387,1388,1389),(1390,1391,1392)));
#9058=TESSELLATED_GEOMETRIC_SET('hole callout',(#9057));
#9059=COORDINATES_LIST('coordinates',5,((0.0493938,0.0334142,0.0025000),(0.0717936,0.0334142,0.0025000),(0.0383938,0.0274142,0.0025000),(0.0443938,0.0334142,0.0025000),(0.0493938,0.0334142,0.0025000)));
#9060=TESSELLATED_CURVE_SET('curve set',#9059,((1,2),(3,4,5)));
#9061=TESSELLATED_GEOMETRIC_SET('hole callout',(#9060));
#9062=TESSELLATED_ANNOTATION_OCCURRENCE('hole callout',(#9055),#9058);
#9063=TESSELLATED_ANNOTATION_OCCURRENCE('hole callout',(#9055),#9061);
#9064=DRAUGHTING_CALLOUT('hole callout',(#9062,#9063));
#9065=DRAUGHTING_MODEL_ITEM_ASSOCIATION('','',#9024,#8865,#9064);
#9066=DRAUGHTING_MODEL_ITEM_ASSOCIATION('','',#9022,#8865,#9064);
ENDSEC;
END-ISO-10303-21;
