  0
SECTION
  2
HEADER
  9
$ACADVER
  1
AC1015
  9
$ACADMAINTVER
 70
    18
  9
$DWGCODEPAGE
  3
ANSI_1252
  9
$INSBASE
 10
0.0
 20
0.0
 30
0.0
  9
$EXTMIN
 10
1.000000000000000E+20
 20
1.000000000000000E+20
 30
1.000000000000000E+20
  9
$EXTMAX
 10
-1.000000000000000E+20
 20
-1.000000000000000E+20
 30
-1.000000000000000E+20
  9
$LIMMIN
 10
0.0
 20
0.0
  9
$LIMMAX
 10
12.0
 20
9.0
  9
$ORTHOMODE
 70
     0
  9
$REGENMODE
 70
     1
  9
$FILLMODE
 70
     1
  9
$QTEXTMODE
 70
     0
  9
$MIRRTEXT
 70
     0
  9
$LTSCALE
 40
1.0
  9
$ATTMODE
 70
     1
  9
$TEXTSIZE
 40
0.2
  9
$TRACEWID
 40
0.05
  9
$TEXTSTYLE
  7
Standard
  9
$CLAYER
  8
0
  9
$CELTYPE
  6
ByLayer
  9
$CECOLOR
 62
   256
  9
$CELTSCALE
 40
1.0
  9
$DISPSILH
 70
     0
  9
$DIMSCALE
 40
1.0
  9
$DIMASZ
 40
0.18
  9
$DIMEXO
 40
0.0625
  9
$DIMDLI
 40
0.38
  9
$DIMRND
 40
0.0
  9
$DIMDLE
 40
0.0
  9
$DIMEXE
 40
0.18
  9
$DIMTP
 40
0.0
  9
$DIMTM
 40
0.0
  9
$DIMTXT
 40
0.18
  9
$DIMCEN
 40
0.09
  9
$DIMTSZ
 40
0.0
  9
$DIMTOL
 70
     0
  9
$DIMLIM
 70
     0
  9
$DIMTIH
 70
     1
  9
$DIMTOH
 70
     1
  9
$DIMSE1
 70
     0
  9
$DIMSE2
 70
     0
  9
$DIMTAD
 70
     0
  9
$DIMZIN
 70
     0
  9
$DIMBLK
  1

  9
$DIMASO
 70
     1
  9
$DIMSHO
 70
     1
  9
$DIMPOST
  1

  9
$DIMAPOST
  1

  9
$DIMALT
 70
     0
  9
$DIMALTD
 70
     2
  9
$DIMALTF
 40
25.4
  9
$DIMLFAC
 40
1.0
  9
$DIMTOFL
 70
     0
  9
$DIMTVP
 40
0.0
  9
$DIMTIX
 70
     0
  9
$DIMSOXD
 70
     0
  9
$DIMSAH
 70
     0
  9
$DIMBLK1
  1

  9
$DIMBLK2
  1

  9
$DIMSTYLE
  2
Standard
  9
$DIMCLRD
 70
     0
  9
$DIMCLRE
 70
     0
  9
$DIMCLRT
 70
     0
  9
$DIMTFAC
 40
1.0
  9
$DIMGAP
 40
0.09
  9
$DIMJUST
 70
     0
  9
$DIMSD1
 70
     0
  9
$DIMSD2
 70
     0
  9
$DIMTOLJ
 70
     1
  9
$DIMTZIN
 70
     0
  9
$DIMALTZ
 70
     0
  9
$DIMALTTZ
 70
     0
  9
$DIMUPT
 70
     0
  9
$DIMDEC
 70
     4
  9
$DIMTDEC
 70
     4
  9
$DIMALTU
 70
     2
  9
$DIMALTTD
 70
     2
  9
$DIMTXSTY
  7
Standard
  9
$DIMAUNIT
 70
     0
  9
$DIMADEC
 70
     0
  9
$DIMALTRND
 40
0.0
  9
$DIMAZIN
 70
     0
  9
$DIMDSEP
 70
    46
  9
$DIMATFIT
 70
     3
  9
$DIMFRAC
 70
     0
  9
$DIMLDRBLK
  1

  9
$DIMLUNIT
 70
     2
  9
$DIMLWD
 70
    -2
  9
$DIMLWE
 70
    -2
  9
$DIMTMOVE
 70
     0
  9
$LUNITS
 70
     2
  9
$LUPREC
 70
     4
  9
$SKETCHINC
 40
0.1
  9
$FILLETRAD
 40
0.0
  9
$AUNITS
 70
     0
  9
$AUPREC
 70
     0
  9
$MENU
  1
.
  9
$ELEVATION
 40
0.0
  9
$PELEVATION
 40
0.0
  9
$THICKNESS
 40
0.0
  9
$LIMCHECK
 70
     0
  9
$CHAMFERA
 40
0.0
  9
$CHAMFERB
 40
0.0
  9
$CHAMFERC
 40
0.0
  9
$CHAMFERD
 40
0.0
  9
$SKPOLY
 70
     0
  9
$TDCREATE
 40
2461123.603611111
  9
$TDUCREATE
 40
2461123.603611111
  9
$TDUPDATE
 40
2461123.603611111
  9
$TDUUPDATE
 40
2461123.603611111
  9
$TDINDWG
 40
0.0000000000
  9
$TDUSRTIMER
 40
0.0000000000
  9
$USRTIMER
 70
     1
  9
$ANGBASE
 50
0.0
  9
$ANGDIR
 70
     0
  9
$PDMODE
 70
     0
  9
$PDSIZE
 40
0.0
  9
$PLINEWID
 40
0.0
  9
$SPLFRAME
 70
     0
  9
$SPLINETYPE
 70
     6
  9
$SPLINESEGS
 70
     8
  9
$HANDSEED
  5
171
  9
$SURFTAB1
 70
     6
  9
$SURFTAB2
 70
     6
  9
$SURFTYPE
 70
     6
  9
$SURFU
 70
     6
  9
$SURFV
 70
     6
  9
$UCSBASE
  2

  9
$UCSNAME
  2

  9
$UCSORG
 10
0.0
 20
0.0
 30
0.0
  9
$UCSXDIR
 10
1.0
 20
0.0
 30
0.0
  9
$UCSYDIR
 10
0.0
 20
1.0
 30
0.0
  9
$UCSORTHOREF
  2

  9
$UCSORTHOVIEW
 70
     0
  9
$UCSORGTOP
 10
0.0
 20
0.0
 30
0.0
  9
$UCSORGBOTTOM
 10
0.0
 20
0.0
 30
0.0
  9
$UCSORGLEFT
 10
0.0
 20
0.0
 30
0.0
  9
$UCSORGRIGHT
 10
0.0
 20
0.0
 30
0.0
  9
$UCSORGFRONT
 10
0.0
 20
0.0
 30
0.0
  9
$UCSORGBACK
 10
0.0
 20
0.0
 30
0.0
  9
$PUCSBASE
  2

  9
$PUCSNAME
  2

  9
$PUCSORG
 10
0.0
 20
0.0
 30
0.0
  9
$PUCSXDIR
 10
1.0
 20
0.0
 30
0.0
  9
$PUCSYDIR
 10
0.0
 20
1.0
 30
0.0
  9
$PUCSORTHOREF
  2

  9
$PUCSORTHOVIEW
 70
     0
  9
$PUCSORGTOP
 10
0.0
 20
0.0
 30
0.0
  9
$PUCSORGBOTTOM
 10
0.0
 20
0.0
 30
0.0
  9
$PUCSORGLEFT
 10
0.0
 20
0.0
 30
0.0
  9
$PUCSORGRIGHT
 10
0.0
 20
0.0
 30
0.0
  9
$PUCSORGFRONT
 10
0.0
 20
0.0
 30
0.0
  9
$PUCSORGBACK
 10
0.0
 20
0.0
 30
0.0
  9
$USERI1
 70
     0
  9
$USERI2
 70
     0
  9
$USERI3
 70
     0
  9
$USERI4
 70
     0
  9
$USERI5
 70
     0
  9
$USERR1
 40
0.0
  9
$USERR2
 40
0.0
  9
$USERR3
 40
0.0
  9
$USERR4
 40
0.0
  9
$USERR5
 40
0.0
  9
$WORLDVIEW
 70
     1
  9
$SHADEDGE
 70
     3
  9
$SHADEDIF
 70
    70
  9
$TILEMODE
 70
     1
  9
$MAXACTVP
 70
    64
  9
$PINSBASE
 10
0.0
 20
0.0
 30
0.0
  9
$PLIMCHECK
 70
     0
  9
$PEXTMIN
 10
1.000000000000000E+20
 20
1.000000000000000E+20
 30
1.000000000000000E+20
  9
$PEXTMAX
 10
-1.000000000000000E+20
 20
-1.000000000000000E+20
 30
-1.000000000000000E+20
  9
$PLIMMIN
 10
0.0
 20
0.0
  9
$PLIMMAX
 10
12.0
 20
9.0
  9
$UNITMODE
 70
     0
  9
$VISRETAIN
 70
     1
  9
$PLINEGEN
 70
     0
  9
$PSLTSCALE
 70
     1
  9
$TREEDEPTH
 70
  3020
  9
$CMLSTYLE
  2
Standard
  9
$CMLJUST
 70
     0
  9
$CMLSCALE
 40
1.0
  9
$PROXYGRAPHICS
 70
     1
  9
$MEASUREMENT
 70
     0
  9
$CELWEIGHT
370
    -1
  9
$ENDCAPS
280
     0
  9
$JOINSTYLE
280
     0
  9
$LWDISPLAY
290
     1
  9
$INSUNITS
 70
     4
  9
$HYPERLINKBASE
  1

  9
$STYLESHEET
  1

  9
$XEDIT
290
     1
  9
$CEPSNTYPE
380
     0
  9
$PSTYLEMODE
290
     1
  9
$FINGERPRINTGUID
  2
{8A392063-FDC8-F34D-923B-1DB7DD64A8AB}
  9
$VERSIONGUID
  2
{3A0EC7B2-E902-AE4A-96C1-2061B1CD0BB7}
  9
$EXTNAMES
290
     1
  9
$PSVPSCALE
 40
0.0
  9
$OLESTARTUP
290
     0
  0
ENDSEC
  0
SECTION
  2
CLASSES
  0
CLASS
  1
ACDBDICTIONARYWDFLT
  2
AcDbDictionaryWithDefault
  3
ObjectDBX Classes
 90
        0
280
     0
281
     0
  0
CLASS
  1
MATERIAL
  2
AcDbMaterial
  3
ObjectDBX Classes
 90
     1153
280
     0
281
     0
  0
CLASS
  1
VISUALSTYLE
  2
AcDbVisualStyle
  3
ObjectDBX Classes
 90
     4095
280
     0
281
     0
  0
CLASS
  1
SCALE
  2
AcDbScale
  3
ObjectDBX Classes
 90
     1153
280
     0
281
     0
  0
CLASS
  1
TABLESTYLE
  2
AcDbTableStyle
  3
ObjectDBX Classes
 90
     4095
280
     0
281
     0
  0
CLASS
  1
MLEADERSTYLE
  2
AcDbMLeaderStyle
  3
ACDB_MLEADERSTYLE_CLASS
 90
     4095
280
     0
281
     0
  0
CLASS
  1
ACDBSECTIONVIEWSTYLE
  2
AcDbSectionViewStyle
  3
ObjectDBX Classes
 90
     1025
280
     0
281
     0
  0
CLASS
  1
ACDBDETAILVIEWSTYLE
  2
AcDbDetailViewStyle
  3
ObjectDBX Classes
 90
     1025
280
     0
281
     0
  0
CLASS
  1
DICTIONARYVAR
  2
AcDbDictionaryVar
  3
ObjectDBX Classes
 90
        0
280
     0
281
     0
  0
CLASS
  1
CELLSTYLEMAP
  2
AcDbCellStyleMap
  3
ObjectDBX Classes
 90
     1152
280
     0
281
     0
  0
CLASS
  1
ACDBPLACEHOLDER
  2
AcDbPlaceHolder
  3
ObjectDBX Classes
 90
        0
280
     0
281
     0
  0
CLASS
  1
LAYOUT
  2
AcDbLayout
  3
ObjectDBX Classes
 90
        0
280
     0
281
     0
  0
ENDSEC
  0
SECTION
  2
TABLES
  0
TABLE
  2
VPORT
  5
8
330
0
100
AcDbSymbolTable
 70
     1
  0
VPORT
  5
57
330
8
100
AcDbSymbolTableRecord
100
AcDbViewportTableRecord
  2
*Active
 70
     0
 10
0.0
 20
0.0
 11
1.0
 21
1.0
 12
0.0
 22
0.0
 13
0.0
 23
0.0
 14
1.0
 24
1.0
 15
0.0
 25
0.0
 16
0.0
 26
0.0
 36
1.0
 17
960.0031533124218
 27
-137.6220325119686
 37
0.0
 40
160.0172147277405
 41
1.912335027402149
 42
50.0
 43
0.0
 44
0.0
 50
0.0
 51
0.0
 71
     0
 72
   100
 73
     1
 74
     1
 75
     0
 76
     0
 77
     0
 78
     0
281
     0
 65
     1
110
0.0
120
0.0
130
0.0
111
1.0
121
0.0
131
0.0
112
0.0
122
1.0
132
0.0
 79
     0
146
0.0
  0
ENDTAB
  0
TABLE
  2
LTYPE
  5
5
330
0
100
AcDbSymbolTable
 70
     1
  0
LTYPE
  5
5B
330
5
100
AcDbSymbolTableRecord
100
AcDbLinetypeTableRecord
  2
ByBlock
 70
     0
  3

 72
    65
 73
     0
 40
0.0
  0
LTYPE
  5
5C
330
5
100
AcDbSymbolTableRecord
100
AcDbLinetypeTableRecord
  2
ByLayer
 70
     0
  3

 72
    65
 73
     0
 40
0.0
  0
LTYPE
  5
5D
330
5
100
AcDbSymbolTableRecord
100
AcDbLinetypeTableRecord
  2
Continuous
 70
     0
  3
Solid line
 72
    65
 73
     0
 40
0.0
  0
ENDTAB
  0
TABLE
  2
LAYER
  5
2
330
0
100
AcDbSymbolTable
 70
     2
  0
LAYER
  5
54
330
2
100
AcDbSymbolTableRecord
100
AcDbLayerTableRecord
  2
0
 70
     0
 62
     7
  6
Continuous
370
    -3
390
F
  0
LAYER
  5
78
330
2
100
AcDbSymbolTableRecord
100
AcDbLayerTableRecord
  2
Layer 1
 70
     0
 62
     7
  6
Continuous
370
     0
390
F
  0
ENDTAB
  0
TABLE
  2
STYLE
  5
3
330
0
100
AcDbSymbolTable
 70
     2
  0
STYLE
  5
55
330
3
100
AcDbSymbolTableRecord
100
AcDbTextStyleTableRecord
  2
Standard
 70
     0
 40
0.0
 41
1.0
 50
0.0
 71
     0
 42
0.2
  3
txt
  4

  0
STYLE
  5
5A
330
3
100
AcDbSymbolTableRecord
100
AcDbTextStyleTableRecord
  2
Annotative
 70
     0
 40
0.0
 41
1.0
 50
0.0
 71
     0
 42
0.2
  3
txt
  4

1001
AcadAnnotative
1000
AnnotativeData
1002
{
1070
     1
1070
     1
1002
}
  0
ENDTAB
  0
TABLE
  2
VIEW
  5
6
330
0
100
AcDbSymbolTable
 70
     0
  0
ENDTAB
  0
TABLE
  2
UCS
  5
7
330
0
100
AcDbSymbolTable
 70
     0
  0
ENDTAB
  0
TABLE
  2
APPID
  5
9
330
0
100
AcDbSymbolTable
 70
     3
  0
APPID
  5
56
330
9
100
AcDbSymbolTableRecord
100
AcDbRegAppTableRecord
  2
ACAD
 70
     0
  0
APPID
  5
5E
330
9
100
AcDbSymbolTableRecord
100
AcDbRegAppTableRecord
  2
AcadAnnotative
 70
     0
  0
APPID
  5
164
330
9
100
AcDbSymbolTableRecord
100
AcDbRegAppTableRecord
  2
ACAD_MLEADERVER
 70
     0
  0
ENDTAB
  0
TABLE
  2
DIMSTYLE
  5
A
330
0
100
AcDbSymbolTable
 70
     2
100
AcDbDimStyleTable
 71
     0
  0
DIMSTYLE
105
58
330
A
100
AcDbSymbolTableRecord
100
AcDbDimStyleTableRecord
  2
Standard
 70
     0
340
55
  0
DIMSTYLE
105
59
330
A
100
AcDbSymbolTableRecord
100
AcDbDimStyleTableRecord
  2
Annotative
 70
     0
340
55
1001
AcadAnnotative
1000
AnnotativeData
1002
{
1070
     1
1070
     1
1002
}
  0
ENDTAB
  0
TABLE
  2
BLOCK_RECORD
  5
1
330
0
100
AcDbSymbolTable
 70
    11
  0
BLOCK_RECORD
  5
70
330
1
100
AcDbSymbolTableRecord
100
AcDbBlockTableRecord
  2
*Model_Space
340
73
  0
BLOCK_RECORD
  5
6C
330
1
100
AcDbSymbolTableRecord
100
AcDbBlockTableRecord
  2
*Paper_Space
340
6F
  0
BLOCK_RECORD
  5
74
330
1
100
AcDbSymbolTableRecord
100
AcDbBlockTableRecord
  2
*Paper_Space0
340
77
  0
BLOCK_RECORD
  5
A2
330
1
100
AcDbSymbolTableRecord
100
AcDbBlockTableRecord
  2
Block_0
340
0
102
{BLKREFS
331
A3
102
}
  0
BLOCK_RECORD
  5
AE
330
1
100
AcDbSymbolTableRecord
100
AcDbBlockTableRecord
  2
Block_1
340
0
102
{BLKREFS
331
AF
102
}
  0
BLOCK_RECORD
  5
BB
330
1
100
AcDbSymbolTableRecord
100
AcDbBlockTableRecord
  2
Block_2
340
0
102
{BLKREFS
331
BC
102
}
  0
BLOCK_RECORD
  5
C7
330
1
100
AcDbSymbolTableRecord
100
AcDbBlockTableRecord
  2
Block_3
340
0
102
{BLKREFS
331
C8
102
}
  0
BLOCK_RECORD
  5
D8
330
1
100
AcDbSymbolTableRecord
100
AcDbBlockTableRecord
  2
Block_4
340
0
102
{BLKREFS
331
D9
102
}
  0
BLOCK_RECORD
  5
E4
330
1
100
AcDbSymbolTableRecord
100
AcDbBlockTableRecord
  2
Block_5
340
0
102
{BLKREFS
331
E5
102
}
  0
BLOCK_RECORD
  5
F1
330
1
100
AcDbSymbolTableRecord
100
AcDbBlockTableRecord
  2
Block_6
340
0
102
{BLKREFS
331
F2
102
}
  0
BLOCK_RECORD
  5
F8
330
1
100
AcDbSymbolTableRecord
100
AcDbBlockTableRecord
  2
Block_7
340
0
102
{BLKREFS
331
F9
102
}
  0
BLOCK_RECORD
  5
107
330
1
100
AcDbSymbolTableRecord
100
AcDbBlockTableRecord
  2
Block_8
340
0
102
{BLKREFS
331
108
102
}
  0
BLOCK_RECORD
  5
119
330
1
100
AcDbSymbolTableRecord
100
AcDbBlockTableRecord
  2
Block_9
340
0
102
{BLKREFS
331
11A
102
}
  0
ENDTAB
  0
ENDSEC
  0
SECTION
  2
BLOCKS
  0
BLOCK
  5
71
330
70
100
AcDbEntity
  8
0
100
AcDbBlockBegin
  2
*Model_Space
 70
     0
 10
0.0
 20
0.0
 30
0.0
  3
*Model_Space
  1

  0
ENDBLK
  5
72
330
70
100
AcDbEntity
  8
0
100
AcDbBlockEnd
  0
BLOCK
  5
6D
330
6C
100
AcDbEntity
 67
     1
  8
0
100
AcDbBlockBegin
  2
*Paper_Space
 70
     0
 10
0.0
 20
0.0
 30
0.0
  3
*Paper_Space
  1

  0
ENDBLK
  5
6E
330
6C
100
AcDbEntity
 67
     1
  8
0
100
AcDbBlockEnd
  0
BLOCK
  5
75
330
74
100
AcDbEntity
 67
     1
  8
0
100
AcDbBlockBegin
  2
*Paper_Space0
 70
     0
 10
0.0
 20
0.0
 30
0.0
  3
*Paper_Space0
  1

  0
ENDBLK
  5
76
330
74
100
AcDbEntity
 67
     1
  8
0
100
AcDbBlockEnd
  0
BLOCK
  5
A4
330
A2
100
AcDbEntity
  8
0
100
AcDbBlockBegin
  2
Block_0
 70
     0
 10
0.0
 20
0.0
 30
0.0
  3
Block_0
  1

  0
SPLINE
  5
A6
330
A2
100
AcDbEntity
  8
Layer 1
 62
     7
370
     9
100
AcDbSpline
210
0.0
220
0.0
230
1.0
 70
     9
 71
     3
 72
    47
 73
    43
 74
     0
 42
0.0000000001
 43
0.0000000001
 40
0.0
 40
0.0
 40
0.0
 40
0.0
 40
1.0
 40
1.0
 40
1.0
 40
2.0
 40
2.0
 40
2.0
 40
3.0
 40
3.0
 40
3.0
 40
4.0
 40
4.0
 40
4.0
 40
5.0
 40
5.0
 40
5.0
 40
6.0
 40
6.0
 40
6.0
 40
7.0
 40
7.0
 40
7.0
 40
8.0
 40
8.0
 40
8.0
 40
9.0
 40
9.0
 40
9.0
 40
10.0
 40
10.0
 40
10.0
 40
11.0
 40
11.0
 40
11.0
 40
12.0
 40
12.0
 40
12.0
 40
13.0
 40
13.0
 40
13.0
 40
14.0
 40
14.0
 40
14.0
 40
14.0
 10
953.2732407453789
 20
-79.92236947200409
 30
0.0
 10
953.2732407453789
 20
-80.73335914971556
 30
0.0
 10
952.857334392063
 20
-81.35725826719653
 30
0.0
 10
951.9631317736823
 20
-81.35725826719653
 30
0.0
 10
951.0688499802874
 20
-81.35725826719653
 30
0.0
 10
950.6529436269715
 20
-80.73335914971556
 30
0.0
 10
950.6529436269715
 20
-79.92236947200409
 30
0.0
 10
950.6529436269715
 20
-79.92236947200409
 30
0.0
 10
950.6529436269715
 20
-73.33009938066623
 30
0.0
 10
950.6529436269715
 20
-73.33009938066623
 30
0.0
 10
948.947672155865
 20
-73.1429296454213
 30
0.0
 10
947.2008338019318
 20
-71.95752132220647
 30
0.0
 10
945.8283349184881
 20
-70.35628582069112
 30
0.0
 10
945.8283349184881
 20
-70.35628582069112
 30
0.0
 10
945.8283349184881
 20
-79.92236947200409
 30
0.0
 10
945.8283349184881
 20
-79.92236947200409
 30
0.0
 10
945.8283349184881
 20
-80.73335914971556
 30
0.0
 10
945.4124285651714
 20
-81.35725826719653
 30
0.0
 10
944.5182259467918
 20
-81.35725826719653
 30
0.0
 10
943.6239441533968
 20
-81.35725826719653
 30
0.0
 10
943.2080378000799
 20
-80.73335914971556
 30
0.0
 10
943.2080378000799
 20
-79.92236947200409
 30
0.0
 10
943.2080378000799
 20
-79.92236947200409
 30
0.0
 10
943.2080378000799
 20
-68.35988781976482
 30
0.0
 10
943.2080378000799
 20
-68.35988781976482
 30
0.0
 10
943.2496838579222
 20
-67.54881896703894
 30
0.0
 10
943.7487239768927
 20
-66.92499902457239
 30
0.0
 10
944.8924862422654
 20
-66.92499902457239
 30
0.0
 10
946.930530301033
 20
-66.92499902457239
 30
0.0
 10
947.1592669191048
 20
-69.98194635020218
 30
0.0
 10
950.6529436269715
 20
-70.95936190925098
 30
0.0
 10
950.6529436269715
 20
-70.95936190925098
 30
0.0
 10
950.6529436269715
 20
-68.35988781976482
 30
0.0
 10
950.6529436269715
 20
-68.35988781976482
 30
0.0
 10
950.6529436269715
 20
-67.54881896703894
 30
0.0
 10
951.0688499802874
 20
-66.92499902457239
 30
0.0
 10
951.9631317736823
 20
-66.92499902457239
 30
0.0
 10
952.857334392063
 20
-66.92499902457239
 30
0.0
 10
953.2732407453789
 20
-67.54881896703894
 30
0.0
 10
953.2732407453789
 20
-68.35988781976482
 30
0.0
 10
953.2732407453789
 20
-68.35988781976482
 30
0.0
 10
953.2732407453789
 20
-79.92236947200409
 30
0.0
 10
953.2732407453789
 20
-79.92236947200409
 30
0.0
  0
SPLINE
  5
A7
330
A2
100
AcDbEntity
  8
Layer 1
 62
     7
370
     9
100
AcDbSpline
210
0.0
220
0.0
230
1.0
 70
     9
 71
     3
 72
    14
 73
    10
 74
     0
 42
0.0000000001
 43
0.0000000001
 40
0.0
 40
0.0
 40
0.0
 40
0.0
 40
1.0
 40
1.0
 40
1.0
 40
2.0
 40
2.0
 40
2.0
 40
3.0
 40
3.0
 40
3.0
 40
3.0
 10
962.8181054926958
 20
-74.70259826411066
 30
0.0
 10
962.5476436417674
 20
-73.45487920416224
 30
0.0
 10
961.5079173459859
 20
-72.68537723426324
 30
0.0
 10
960.5305809619506
 20
-72.68537723426324
 30
0.0
 10
959.5530070528711
 20
-72.68537723426324
 30
0.0
 10
958.5132807570888
 20
-73.45487920416224
 30
0.0
 10
958.2220750522546
 20
-74.70259826411066
 30
0.0
 10
958.2220750522546
 20
-74.70259826411066
 30
0.0
 10
962.8181054926958
 20
-74.70259826411066
 30
0.0
 10
962.8181054926958
 20
-74.70259826411066
 30
0.0
  0
SPLINE
  5
A8
330
A2
100
AcDbEntity
  8
Layer 1
 62
     7
370
     9
100
AcDbSpline
210
0.0
220
0.0
230
1.0
 70
     9
 71
     3
 72
    35
 73
    31
 74
     0
 42
0.0000000001
 43
0.0000000001
 40
0.0
 40
0.0
 40
0.0
 40
0.0
 40
1.0
 40
1.0
 40
1.0
 40
2.0
 40
2.0
 40
2.0
 40
3.0
 40
3.0
 40
3.0
 40
4.0
 40
4.0
 40
4.0
 40
5.0
 40
5.0
 40
5.0
 40
6.0
 40
6.0
 40
6.0
 40
7.0
 40
7.0
 40
7.0
 40
8.0
 40
8.0
 40
8.0
 40
9.0
 40
9.0
 40
9.0
 40
10.0
 40
10.0
 40
10.0
 40
10.0
 10
961.0919318176538
 20
-81.29486835544851
 30
0.0
 10
957.390262345622
 20
-81.29486835544851
 30
0.0
 10
955.3106514040274
 20
-79.25690347169532
 30
0.0
 10
955.3106514040274
 20
-76.15831008822421
 30
0.0
 10
955.3106514040274
 20
-73.03889367583107
 30
0.0
 10
957.3486162877797
 20
-70.60584546768315
 30
0.0
 10
960.5305809619506
 20
-70.60584546768315
 30
0.0
 10
964.003355465881
 20
-70.60584546768315
 30
0.0
 10
965.4383234360887
 20
-72.9141930273504
 30
0.0
 10
965.4383234360887
 20
-75.34724123549832
 30
0.0
 10
965.4383234360887
 20
-76.05435329364841
 30
0.0
 10
965.292799758687
 20
-76.57421644154005
 30
0.0
 10
964.4193409942131
 20
-76.57421644154005
 30
0.0
 10
964.4193409942131
 20
-76.57421644154005
 30
0.0
 10
958.0556491709163
 20
-76.57421644154005
 30
0.0
 10
958.0556491709163
 20
-76.57421644154005
 30
0.0
 10
958.2220750522546
 20
-78.52904755963854
 30
0.0
 10
959.6985307302739
 20
-79.0489107075302
 30
0.0
 10
961.4455274342361
 20
-79.0489107075302
 30
0.0
 10
961.4455274342361
 20
-79.0489107075302
 30
0.0
 10
964.128135289377
 20
-79.0489107075302
 30
0.0
 10
964.128135289377
 20
-79.0489107075302
 30
0.0
 10
964.7936804647011
 20
-79.0489107075302
 30
0.0
 10
965.3342874664984
 20
-79.40242714909803
 30
0.0
 10
965.3342874664984
 20
-80.17192911899702
 30
0.0
 10
965.3342874664984
 20
-80.94135191388069
 30
0.0
 10
964.7936804647011
 20
-81.29486835544851
 30
0.0
 10
964.128135289377
 20
-81.29486835544851
 30
0.0
 10
964.128135289377
 20
-81.29486835544851
 30
0.0
 10
961.0919318176538
 20
-81.29486835544851
 30
0.0
 10
961.0919318176538
 20
-81.29486835544851
 30
0.0
  0
SPLINE
  5
A9
330
A2
100
AcDbEntity
  8
Layer 1
 62
     7
370
     9
100
AcDbSpline
210
0.0
220
0.0
230
1.0
 70
     9
 71
     3
 72
    14
 73
    10
 74
     0
 42
0.0000000001
 43
0.0000000001
 40
0.0
 40
0.0
 40
0.0
 40
0.0
 40
1.0
 40
1.0
 40
1.0
 40
2.0
 40
2.0
 40
2.0
 40
3.0
 40
3.0
 40
3.0
 40
3.0
 10
974.3801912698604
 20
-74.70259826411066
 30
0.0
 10
974.1097294189319
 20
-73.45487920416224
 30
0.0
 10
973.0700031231505
 20
-72.68537723426324
 30
0.0
 10
972.092666739115
 20
-72.68537723426324
 30
0.0
 10
971.115172005051
 20
-72.68537723426324
 30
0.0
 10
970.0754457092676
 20
-73.45487920416224
 30
0.0
 10
969.7842400044335
 20
-74.70259826411066
 30
0.0
 10
969.7842400044335
 20
-74.70259826411066
 30
0.0
 10
974.3801912698604
 20
-74.70259826411066
 30
0.0
 10
974.3801912698604
 20
-74.70259826411066
 30
0.0
  0
SPLINE
  5
AA
330
A2
100
AcDbEntity
  8
Layer 1
 62
     7
370
     9
100
AcDbSpline
210
0.0
220
0.0
230
1.0
 70
     9
 71
     3
 72
    35
 73
    31
 74
     0
 42
0.0000000001
 43
0.0000000001
 40
0.0
 40
0.0
 40
0.0
 40
0.0
 40
1.0
 40
1.0
 40
1.0
 40
2.0
 40
2.0
 40
2.0
 40
3.0
 40
3.0
 40
3.0
 40
4.0
 40
4.0
 40
4.0
 40
5.0
 40
5.0
 40
5.0
 40
6.0
 40
6.0
 40
6.0
 40
7.0
 40
7.0
 40
7.0
 40
8.0
 40
8.0
 40
8.0
 40
9.0
 40
9.0
 40
9.0
 40
10.0
 40
10.0
 40
10.0
 40
10.0
 10
972.6540175948183
 20
-81.29486835544851
 30
0.0
 10
968.9524272978017
 20
-81.29486835544851
 30
0.0
 10
966.8728163562063
 20
-79.25690347169532
 30
0.0
 10
966.8728163562063
 20
-76.15831008822421
 30
0.0
 10
966.8728163562063
 20
-73.03889367583107
 30
0.0
 10
968.9107812399596
 20
-70.60584546768315
 30
0.0
 10
972.092666739115
 20
-70.60584546768315
 30
0.0
 10
975.5654412430455
 20
-70.60584546768315
 30
0.0
 10
977.0004092132532
 20
-72.9141930273504
 30
0.0
 10
977.0004092132532
 20
-75.34724123549832
 30
0.0
 10
977.0004092132532
 20
-76.05435329364841
 30
0.0
 10
976.8548855358513
 20
-76.57421644154005
 30
0.0
 10
975.9814267713775
 20
-76.57421644154005
 30
0.0
 10
975.9814267713775
 20
-76.57421644154005
 30
0.0
 10
969.6178141230953
 20
-76.57421644154005
 30
0.0
 10
969.6178141230953
 20
-76.57421644154005
 30
0.0
 10
969.7842400044335
 20
-78.52904755963854
 30
0.0
 10
971.2606956824528
 20
-79.0489107075302
 30
0.0
 10
973.0076132114023
 20
-79.0489107075302
 30
0.0
 10
973.0076132114023
 20
-79.0489107075302
 30
0.0
 10
975.6902210665414
 20
-79.0489107075302
 30
0.0
 10
975.6902210665414
 20
-79.0489107075302
 30
0.0
 10
976.3557662418655
 20
-79.0489107075302
 30
0.0
 10
976.8963732436629
 20
-79.40242714909803
 30
0.0
 10
976.8963732436629
 20
-80.17192911899702
 30
0.0
 10
976.8963732436629
 20
-80.94135191388069
 30
0.0
 10
976.3557662418655
 20
-81.29486835544851
 30
0.0
 10
975.6902210665414
 20
-81.29486835544851
 30
0.0
 10
975.6902210665414
 20
-81.29486835544851
 30
0.0
 10
972.6540175948183
 20
-81.29486835544851
 30
0.0
 10
972.6540175948183
 20
-81.29486835544851
 30
0.0
  0
SPLINE
  5
AB
330
A2
100
AcDbEntity
  8
Layer 1
 62
     7
370
     9
100
AcDbSpline
210
0.0
220
0.0
230
1.0
 70
     9
 71
     3
 72
    17
 73
    13
 74
     0
 42
0.0000000001
 43
0.0000000001
 40
0.0
 40
0.0
 40
0.0
 40
0.0
 40
1.0
 40
1.0
 40
1.0
 40
2.0
 40
2.0
 40
2.0
 40
3.0
 40
3.0
 40
3.0
 40
4.0
 40
4.0
 40
4.0
 40
4.0
 10
985.4846454608523
 20
-72.85180311560238
 30
0.0
 10
983.2387669879492
 20
-72.85180311560238
 30
0.0
 10
980.97198631111
 20
-74.34908182254282
 30
0.0
 10
980.97198631111
 20
-76.65742938220915
 30
0.0
 10
980.97198631111
 20
-77.96753835390558
 30
0.0
 10
981.8037990177415
 20
-79.0489107075302
 30
0.0
 10
983.2180231340418
 20
-79.0489107075302
 30
0.0
 10
983.2180231340418
 20
-79.0489107075302
 30
0.0
 10
985.4846454608523
 20
-79.0489107075302
 30
0.0
 10
985.4846454608523
 20
-79.0489107075302
 30
0.0
 10
985.4846454608523
 20
-79.0489107075302
 30
0.0
 10
985.4846454608523
 20
-72.85180311560238
 30
0.0
 10
985.4846454608523
 20
-72.85180311560238
 30
0.0
  0
SPLINE
  5
AC
330
A2
100
AcDbEntity
  8
Layer 1
 62
     7
370
     9
100
AcDbSpline
210
0.0
220
0.0
230
1.0
 70
     9
 71
     3
 72
    29
 73
    25
 74
     0
 42
0.0000000001
 43
0.0000000001
 40
0.0
 40
0.0
 40
0.0
 40
0.0
 40
1.0
 40
1.0
 40
1.0
 40
2.0
 40
2.0
 40
2.0
 40
3.0
 40
3.0
 40
3.0
 40
4.0
 40
4.0
 40
4.0
 40
5.0
 40
5.0
 40
5.0
 40
6.0
 40
6.0
 40
6.0
 40
7.0
 40
7.0
 40
7.0
 40
8.0
 40
8.0
 40
8.0
 40
8.0
 10
987.9802419307779
 20
-80.1926729729028
 30
0.0
 10
987.9802419307779
 20
-80.83739511930579
 30
0.0
 10
987.7099384298801
 20
-81.29486835544851
 30
0.0
 10
986.732443695816
 20
-81.29486835544851
 30
0.0
 10
986.732443695816
 20
-81.29486835544851
 30
0.0
 10
983.5090704888472
 20
-81.29486835544851
 30
0.0
 10
983.5090704888472
 20
-81.29486835544851
 30
0.0
 10
980.0570398388227
 20
-81.29486835544851
 30
0.0
 10
978.3517683677171
 20
-79.17369053102621
 30
0.0
 10
978.3517683677171
 20
-76.67817323611494
 30
0.0
 10
978.3517683677171
 20
-73.55883599873805
 30
0.0
 10
980.7016828102103
 20
-70.60584546768315
 30
0.0
 10
985.4846454608523
 20
-70.60584546768315
 30
0.0
 10
985.4846454608523
 20
-70.60584546768315
 30
0.0
 10
985.4846454608523
 20
-67.86076852577988
 30
0.0
 10
985.4846454608523
 20
-67.86076852577988
 30
0.0
 10
985.4846454608523
 20
-67.11208958480199
 30
0.0
 10
985.8798871352767
 20
-66.50901349624213
 30
0.0
 10
986.732443695816
 20
-66.50901349624213
 30
0.0
 10
987.5851586063824
 20
-66.50901349624213
 30
0.0
 10
987.9802419307779
 20
-67.11208958480199
 30
0.0
 10
987.9802419307779
 20
-67.86076852577988
 30
0.0
 10
987.9802419307779
 20
-67.86076852577988
 30
0.0
 10
987.9802419307779
 20
-80.1926729729028
 30
0.0
 10
987.9802419307779
 20
-80.1926729729028
 30
0.0
  0
SPLINE
  5
AD
330
A2
100
AcDbEntity
  8
Layer 1
 62
     7
370
     9
100
AcDbSpline
210
0.0
220
0.0
230
1.0
 70
     9
 71
     3
 72
    47
 73
    43
 74
     0
 42
0.0000000001
 43
0.0000000001
 40
0.0
 40
0.0
 40
0.0
 40
0.0
 40
1.0
 40
1.0
 40
1.0
 40
2.0
 40
2.0
 40
2.0
 40
3.0
 40
3.0
 40
3.0
 40
4.0
 40
4.0
 40
4.0
 40
5.0
 40
5.0
 40
5.0
 40
6.0
 40
6.0
 40
6.0
 40
7.0
 40
7.0
 40
7.0
 40
8.0
 40
8.0
 40
8.0
 40
9.0
 40
9.0
 40
9.0
 40
10.0
 40
10.0
 40
10.0
 40
11.0
 40
11.0
 40
11.0
 40
12.0
 40
12.0
 40
12.0
 40
13.0
 40
13.0
 40
13.0
 40
14.0
 40
14.0
 40
14.0
 40
14.0
 10
991.0783602641608
 20
-81.29486835544851
 30
0.0
 10
990.3920712349309
 20
-81.29486835544851
 30
0.0
 10
989.8514642331335
 20
-80.94135191388069
 30
0.0
 10
989.8514642331335
 20
-80.17192911899702
 30
0.0
 10
989.8514642331335
 20
-79.40242714909803
 30
0.0
 10
990.3920712349309
 20
-79.0489107075302
 30
0.0
 10
991.0783602641608
 20
-79.0489107075302
 30
0.0
 10
991.0783602641608
 20
-79.0489107075302
 30
0.0
 10
994.8215966190195
 20
-79.0489107075302
 30
0.0
 10
994.8215966190195
 20
-79.0489107075302
 30
0.0
 10
995.8198352069896
 20
-79.0489107075302
 30
0.0
 10
996.6101602058095
 20
-78.82017408945838
 30
0.0
 10
996.6101602058095
 20
-77.69715567799154
 30
0.0
 10
996.6101602058095
 20
-75.55523399966344
 30
0.0
 10
990.0593778222832
 20
-77.82193550148846
 30
0.0
 10
990.0593778222832
 20
-73.47562305806893
 30
0.0
 10
990.0593778222832
 20
-71.58326102673285
 30
0.0
 10
991.3071760572471
 20
-70.73062529118008
 30
0.0
 10
993.5947005879922
 20
-70.73062529118008
 30
0.0
 10
993.5947005879922
 20
-70.73062529118008
 30
0.0
 10
997.088377295859
 20
-70.73062529118008
 30
0.0
 10
997.088377295859
 20
-70.73062529118008
 30
0.0
 10
997.7539224711831
 20
-70.73062529118008
 30
0.0
 10
998.2945294729788
 20
-71.08414173274789
 30
0.0
 10
998.2945294729788
 20
-71.85356452763158
 30
0.0
 10
998.2945294729788
 20
-72.62298732251524
 30
0.0
 10
997.7539224711831
 20
-72.97658293909839
 30
0.0
 10
997.088377295859
 20
-72.97658293909839
 30
0.0
 10
997.088377295859
 20
-72.97658293909839
 30
0.0
 10
993.4491769105905
 20
-72.97658293909839
 30
0.0
 10
993.4491769105905
 20
-72.97658293909839
 30
0.0
 10
993.0748374401005
 20
-72.97658293909839
 30
0.0
 10
992.554974292209
 20
-72.99732679300418
 30
0.0
 10
992.554974292209
 20
-73.49644608699005
 30
0.0
 10
992.554974292209
 20
-74.93133488218248
 30
0.0
 10
999.1055983257064
 20
-73.33009938066623
 30
0.0
 10
999.1055983257064
 20
-77.71797870691266
 30
0.0
 10
999.1055983257064
 20
-80.23431903074502
 30
0.0
 10
997.3586807967569
 20
-81.29486835544851
 30
0.0
 10
995.0087663542635
 20
-81.29486835544851
 30
0.0
 10
995.0087663542635
 20
-81.29486835544851
 30
0.0
 10
991.0783602641608
 20
-81.29486835544851
 30
0.0
 10
991.0783602641608
 20
-81.29486835544851
 30
0.0
  0
ENDBLK
  5
A5
330
A2
100
AcDbEntity
  8
0
100
AcDbBlockEnd
  0
BLOCK
  5
B0
330
AE
100
AcDbEntity
  8
0
100
AcDbBlockBegin
  2
Block_1
 70
     0
 10
0.0
 20
0.0
 30
0.0
  3
Block_1
  1

  0
SPLINE
  5
B2
330
AE
100
AcDbEntity
  8
Layer 1
 62
     7
370
     9
100
AcDbSpline
210
0.0
220
0.0
230
1.0
 70
     9
 71
     3
 72
    35
 73
    31
 74
     0
 42
0.0000000001
 43
0.0000000001
 40
0.0
 40
0.0
 40
0.0
 40
0.0
 40
1.0
 40
1.0
 40
1.0
 40
2.0
 40
2.0
 40
2.0
 40
3.0
 40
3.0
 40
3.0
 40
4.0
 40
4.0
 40
4.0
 40
5.0
 40
5.0
 40
5.0
 40
6.0
 40
6.0
 40
6.0
 40
7.0
 40
7.0
 40
7.0
 40
8.0
 40
8.0
 40
8.0
 40
9.0
 40
9.0
 40
9.0
 40
10.0
 40
10.0
 40
10.0
 40
10.0
 10
902.6544368137541
 20
-119.7720254007757
 30
0.0
 10
901.4110723796257
 20
-119.7720254007757
 30
0.0
 10
900.9851107994164
 20
-120.5663883253564
 30
0.0
 10
900.9851107994164
 20
-121.7521925236451
 30
0.0
 10
900.9851107994164
 20
-123.2257979011283
 30
0.0
 10
902.2629955400452
 20
-124.9296442219662
 30
0.0
 10
904.6920849974478
 20
-124.9296442219662
 30
0.0
 10
905.3482875210118
 20
-124.9296442219662
 30
0.0
 10
905.6246083230432
 20
-125.229004953336
 30
0.0
 10
905.6246083230432
 20
-125.6204462270459
 30
0.0
 10
905.6246083230432
 20
-126.1730086560945
 30
0.0
 10
905.198646742834
 20
-126.3802096701109
 30
0.0
 10
904.4043629932687
 20
-126.3802096701109
 30
0.0
 10
902.1478750683677
 20
-126.3802096701109
 30
0.0
 10
899.3503050915792
 20
-124.8606036089655
 30
0.0
 10
899.3503050915792
 20
-121.660111981307
 30
0.0
 10
899.3503050915792
 20
-119.6799448584366
 30
0.0
 10
900.5821099735312
 20
-118.3905005656316
 30
0.0
 10
902.2398764356914
 20
-118.3905005656316
 30
0.0
 10
902.2398764356914
 20
-118.3905005656316
 30
0.0
 10
904.7958042669776
 20
-118.3905005656316
 30
0.0
 10
904.7958042669776
 20
-118.3905005656316
 30
0.0
 10
905.2102062950105
 20
-118.3905005656316
 30
0.0
 10
905.5440081578662
 20
-118.6092611318253
 30
0.0
 10
905.5440081578662
 20
-119.0813025707113
 30
0.0
 10
905.5440081578662
 20
-119.5533440095982
 30
0.0
 10
905.2102062950105
 20
-119.7720254007757
 30
0.0
 10
904.7958042669776
 20
-119.7720254007757
 30
0.0
 10
904.7958042669776
 20
-119.7720254007757
 30
0.0
 10
902.6544368137541
 20
-119.7720254007757
 30
0.0
 10
902.6544368137541
 20
-119.7720254007757
 30
0.0
  0
SPLINE
  5
B3
330
AE
100
AcDbEntity
  8
Layer 1
 62
     7
370
     9
100
AcDbSpline
210
0.0
220
0.0
230
1.0
 70
     9
 71
     3
 72
    17
 73
    13
 74
     0
 42
0.0000000001
 43
0.0000000001
 40
0.0
 40
0.0
 40
0.0
 40
0.0
 40
1.0
 40
1.0
 40
1.0
 40
2.0
 40
2.0
 40
2.0
 40
3.0
 40
3.0
 40
3.0
 40
4.0
 40
4.0
 40
4.0
 40
4.0
 10
909.0899403755731
 20
-121.6370720519677
 30
0.0
 10
908.1458574978002
 20
-121.6370720519677
 30
0.0
 10
907.7083363654137
 20
-122.4659552830488
 30
0.0
 10
907.7083363654137
 20
-123.3869982314824
 30
0.0
 10
907.7083363654137
 20
-124.3079620049025
 30
0.0
 10
908.1458574978002
 20
-125.1369244109979
 30
0.0
 10
909.0899403755731
 20
-125.1369244109979
 30
0.0
 10
910.0338649033153
 20
-125.1369244109979
 30
0.0
 10
910.4713860357019
 20
-124.3079620049025
 30
0.0
 10
910.4713860357019
 20
-123.3869982314824
 30
0.0
 10
910.4713860357019
 20
-122.4659552830488
 30
0.0
 10
910.0338649033153
 20
-121.6370720519677
 30
0.0
 10
909.0899403755731
 20
-121.6370720519677
 30
0.0
  0
SPLINE
  5
B4
330
AE
100
AcDbEntity
  8
Layer 1
 62
     7
370
     9
100
AcDbSpline
210
0.0
220
0.0
230
1.0
 70
     9
 71
     3
 72
    17
 73
    13
 74
     0
 42
0.0000000001
 43
0.0000000001
 40
0.0
 40
0.0
 40
0.0
 40
0.0
 40
1.0
 40
1.0
 40
1.0
 40
2.0
 40
2.0
 40
2.0
 40
3.0
 40
3.0
 40
3.0
 40
4.0
 40
4.0
 40
4.0
 40
4.0
 10
909.0899403755731
 20
-126.3802096701109
 30
0.0
 10
907.2939343373809
 20
-126.3802096701109
 30
0.0
 10
906.2578500922843
 20
-125.0678046229819
 30
0.0
 10
906.2578500922843
 20
-123.3869982314824
 30
0.0
 10
906.2578500922843
 20
-121.7061918399837
 30
0.0
 10
907.2939343373809
 20
-120.3937076178403
 30
0.0
 10
909.0899403755731
 20
-120.3937076178403
 30
0.0
 10
910.8857880637348
 20
-120.3937076178403
 30
0.0
 10
911.922030658861
 20
-121.7061918399837
 30
0.0
 10
911.922030658861
 20
-123.3869982314824
 30
0.0
 10
911.922030658861
 20
-125.0678046229819
 30
0.0
 10
910.8857880637348
 20
-126.3802096701109
 30
0.0
 10
909.0899403755731
 20
-126.3802096701109
 30
0.0
  0
SPLINE
  5
B5
330
AE
100
AcDbEntity
  8
Layer 1
 62
     7
370
     9
100
AcDbSpline
210
0.0
220
0.0
230
1.0
 70
     9
 71
     3
 72
    71
 73
    67
 74
     0
 42
0.0000000001
 43
0.0000000001
 40
0.0
 40
0.0
 40
0.0
 40
0.0
 40
1.0
 40
1.0
 40
1.0
 40
2.0
 40
2.0
 40
2.0
 40
3.0
 40
3.0
 40
3.0
 40
4.0
 40
4.0
 40
4.0
 40
5.0
 40
5.0
 40
5.0
 40
6.0
 40
6.0
 40
6.0
 40
7.0
 40
7.0
 40
7.0
 40
8.0
 40
8.0
 40
8.0
 40
9.0
 40
9.0
 40
9.0
 40
10.0
 40
10.0
 40
10.0
 40
11.0
 40
11.0
 40
11.0
 40
12.0
 40
12.0
 40
12.0
 40
13.0
 40
13.0
 40
13.0
 40
14.0
 40
14.0
 40
14.0
 40
15.0
 40
15.0
 40
15.0
 40
16.0
 40
16.0
 40
16.0
 40
17.0
 40
17.0
 40
17.0
 40
18.0
 40
18.0
 40
18.0
 40
19.0
 40
19.0
 40
19.0
 40
20.0
 40
20.0
 40
20.0
 40
21.0
 40
21.0
 40
21.0
 40
22.0
 40
22.0
 40
22.0
 40
22.0
 10
912.9696744561341
 20
-121.0614696935807
 30
0.0
 10
912.9696744561341
 20
-120.6930683492102
 30
0.0
 10
913.1653950929894
 20
-120.3937076178403
 30
0.0
 10
913.5913566731986
 20
-120.3937076178403
 30
0.0
 10
914.0173182534079
 20
-120.3937076178403
 30
0.0
 10
914.2130388902623
 20
-120.6930683492102
 30
0.0
 10
914.2130388902623
 20
-121.015389834904
 30
0.0
 10
914.6160397161485
 20
-120.6239485611951
 30
0.0
 10
915.1110419093585
 20
-120.3937076178403
 30
0.0
 10
915.6750847155691
 20
-120.3937076178403
 30
0.0
 10
916.3428467913096
 20
-120.3937076178403
 30
0.0
 10
916.7574071693721
 20
-120.6009086318567
 30
0.0
 10
917.2869296690825
 20
-121.2571903304352
 30
0.0
 10
917.7819318622923
 20
-120.7966292687112
 30
0.0
 10
918.3806533250329
 20
-120.3937076178403
 30
0.0
 10
919.1404167680982
 20
-120.3937076178403
 30
0.0
 10
920.3837812022264
 20
-120.3937076178403
 30
0.0
 10
921.1896245039682
 20
-121.2917106369355
 30
0.0
 10
921.1896245039682
 20
-122.4659552830488
 30
0.0
 10
921.1896245039682
 20
-122.4659552830488
 30
0.0
 10
921.1896245039682
 20
-125.5974062977075
 30
0.0
 10
921.1896245039682
 20
-125.5974062977075
 30
0.0
 10
921.1896245039682
 20
-126.0118083257404
 30
0.0
 10
920.9709431127897
 20
-126.3456893636106
 30
0.0
 10
920.4989016739038
 20
-126.3456893636106
 30
0.0
 10
920.0268602350169
 20
-126.3456893636106
 30
0.0
 10
919.8081788438384
 20
-126.0118083257404
 30
0.0
 10
919.8081788438384
 20
-125.5974062977075
 30
0.0
 10
919.8081788438384
 20
-125.5974062977075
 30
0.0
 10
919.8081788438384
 20
-123.0416368164502
 30
0.0
 10
919.8081788438384
 20
-123.0416368164502
 30
0.0
 10
919.8081788438384
 20
-122.2472738918704
 30
0.0
 10
919.6469785134844
 20
-121.6370720519677
 30
0.0
 10
918.8756555182429
 20
-121.6370720519677
 30
0.0
 10
918.2655328533556
 20
-121.6370720519677
 30
0.0
 10
917.7703723101158
 20
-122.1666737266933
 30
0.0
 10
917.7703723101158
 20
-123.2488378304666
 30
0.0
 10
917.7703723101158
 20
-123.2488378304666
 30
0.0
 10
917.7703723101158
 20
-125.5974062977075
 30
0.0
 10
917.7703723101158
 20
-125.5974062977075
 30
0.0
 10
917.7703723101158
 20
-126.0118083257404
 30
0.0
 10
917.5516909189376
 20
-126.3456893636106
 30
0.0
 10
917.0796494800516
 20
-126.3456893636106
 30
0.0
 10
916.6076080411647
 20
-126.3456893636106
 30
0.0
 10
916.3889266499872
 20
-126.0118083257404
 30
0.0
 10
916.3889266499872
 20
-125.5974062977075
 30
0.0
 10
916.3889266499872
 20
-125.5974062977075
 30
0.0
 10
916.3889266499872
 20
-123.0416368164502
 30
0.0
 10
916.3889266499872
 20
-123.0416368164502
 30
0.0
 10
916.3889266499872
 20
-122.2472738918704
 30
0.0
 10
916.2277263196322
 20
-121.6370720519677
 30
0.0
 10
915.4564033243907
 20
-121.6370720519677
 30
0.0
 10
914.8462806595034
 20
-121.6370720519677
 30
0.0
 10
914.3512784662934
 20
-122.1666737266933
 30
0.0
 10
914.3512784662934
 20
-123.2488378304666
 30
0.0
 10
914.3512784662934
 20
-123.2488378304666
 30
0.0
 10
914.3512784662934
 20
-125.5974062977075
 30
0.0
 10
914.3512784662934
 20
-125.5974062977075
 30
0.0
 10
914.3512784662934
 20
-126.0118083257404
 30
0.0
 10
914.1324387250852
 20
-126.3456893636106
 30
0.0
 10
913.6603972861992
 20
-126.3456893636106
 30
0.0
 10
913.1885141973421
 20
-126.3456893636106
 30
0.0
 10
912.9696744561341
 20
-126.0118083257404
 30
0.0
 10
912.9696744561341
 20
-125.5974062977075
 30
0.0
 10
912.9696744561341
 20
-125.5974062977075
 30
0.0
 10
912.9696744561341
 20
-121.0614696935807
 30
0.0
 10
912.9696744561341
 20
-121.0614696935807
 30
0.0
  0
SPLINE
  5
B6
330
AE
100
AcDbEntity
  8
Layer 1
 62
     7
370
     9
100
AcDbSpline
210
0.0
220
0.0
230
1.0
 70
    11
 71
     3
 72
    62
 73
    58
 74
     0
 42
0.0000000001
 43
0.0000000001
 40
0.0
 40
0.0
 40
0.0
 40
0.0
 40
1.0
 40
1.0
 40
1.0
 40
2.0
 40
2.0
 40
2.0
 40
3.0
 40
3.0
 40
3.0
 40
4.0
 40
4.0
 40
4.0
 40
5.0
 40
5.0
 40
5.0
 40
6.0
 40
6.0
 40
6.0
 40
7.0
 40
7.0
 40
7.0
 40
8.0
 40
8.0
 40
8.0
 40
9.0
 40
9.0
 40
9.0
 40
10.0
 40
10.0
 40
10.0
 40
11.0
 40
11.0
 40
11.0
 40
12.0
 40
12.0
 40
12.0
 40
13.0
 40
13.0
 40
13.0
 40
14.0
 40
14.0
 40
14.0
 40
15.0
 40
15.0
 40
15.0
 40
16.0
 40
16.0
 40
16.0
 40
17.0
 40
17.0
 40
17.0
 40
18.0
 40
18.0
 40
18.0
 40
19.0
 40
19.0
 40
19.0
 40
19.0
 10
922.8475493161582
 20
-121.7061918399837
 30
0.0
 10
922.8475493161582
 20
-121.7061918399837
 30
0.0
 10
922.4561080424493
 20
-121.7061918399837
 30
0.0
 10
922.4561080424493
 20
-121.7061918399837
 30
0.0
 10
922.0762263209168
 20
-121.7061918399837
 30
0.0
 10
921.7767864145315
 20
-121.5104712031292
 30
0.0
 10
921.7767864145315
 20
-121.0845096229191
 30
0.0
 10
921.7767864145315
 20
-120.6585480427099
 30
0.0
 10
922.0762263209168
 20
-120.4628274058554
 30
0.0
 10
922.4561080424493
 20
-120.4628274058554
 30
0.0
 10
922.4561080424493
 20
-120.4628274058554
 30
0.0
 10
922.8475493161582
 20
-120.4628274058554
 30
0.0
 10
922.8475493161582
 20
-120.4628274058554
 30
0.0
 10
922.8475493161582
 20
-120.4628274058554
 30
0.0
 10
922.8475493161582
 20
-119.7605450236146
 30
0.0
 10
922.8475493161582
 20
-119.7605450236146
 30
0.0
 10
922.8475493161582
 20
-118.3675398113086
 30
0.0
 10
923.756953537401
 20
-118.091219009277
 30
0.0
 10
925.0579573823834
 20
-118.091219009277
 30
0.0
 10
925.6220001885932
 20
-118.091219009277
 30
0.0
 10
926.0595213209795
 20
-118.1832995516161
 30
0.0
 10
926.0595213209795
 20
-118.7474215328411
 30
0.0
 10
926.0595213209795
 20
-119.1964230423887
 30
0.0
 10
925.7486802124477
 20
-119.4036240564051
 30
0.0
 10
925.3572389387388
 20
-119.4036240564051
 30
0.0
 10
925.3572389387388
 20
-119.4036240564051
 30
0.0
 10
924.8045973346748
 20
-119.4036240564051
 30
0.0
 10
924.8045973346748
 20
-119.4036240564051
 30
0.0
 10
924.3556750001417
 20
-119.4036240564051
 30
0.0
 10
924.2289949762879
 20
-119.5417844574209
 30
0.0
 10
924.2289949762879
 20
-119.875665495292
 30
0.0
 10
924.2289949762879
 20
-119.875665495292
 30
0.0
 10
924.2289949762879
 20
-120.4628274058554
 30
0.0
 10
924.2289949762879
 20
-120.4628274058554
 30
0.0
 10
924.2289949762879
 20
-120.4628274058554
 30
0.0
 10
925.184637406237
 20
-120.4628274058554
 30
0.0
 10
925.184637406237
 20
-120.4628274058554
 30
0.0
 10
925.5529595755932
 20
-120.4628274058554
 30
0.0
 10
925.8522411319479
 20
-120.6585480427099
 30
0.0
 10
925.8522411319479
 20
-121.0845096229191
 30
0.0
 10
925.8522411319479
 20
-121.5104712031292
 30
0.0
 10
925.5529595755932
 20
-121.7061918399837
 30
0.0
 10
925.184637406237
 20
-121.7061918399837
 30
0.0
 10
925.184637406237
 20
-121.7061918399837
 30
0.0
 10
924.2289949762879
 20
-121.7061918399837
 30
0.0
 10
924.2289949762879
 20
-121.7061918399837
 30
0.0
 10
924.2289949762879
 20
-121.7061918399837
 30
0.0
 10
924.2289949762879
 20
-125.5974062977075
 30
0.0
 10
924.2289949762879
 20
-125.5974062977075
 30
0.0
 10
924.2289949762879
 20
-126.0118083257404
 30
0.0
 10
924.0103135851095
 20
-126.3456893636106
 30
0.0
 10
923.5382721462235
 20
-126.3456893636106
 30
0.0
 10
923.0662307073366
 20
-126.3456893636106
 30
0.0
 10
922.8475493161582
 20
-126.0118083257404
 30
0.0
 10
922.8475493161582
 20
-125.5974062977075
 30
0.0
 10
922.8475493161582
 20
-125.5974062977075
 30
0.0
 10
922.8475493161582
 20
-121.7061918399837
 30
0.0
 10
922.8475493161582
 20
-121.7061918399837
 30
0.0
  0
SPLINE
  5
B7
330
AE
100
AcDbEntity
  8
Layer 1
 62
     7
370
     9
100
AcDbSpline
210
0.0
220
0.0
230
1.0
 70
     9
 71
     3
 72
    17
 73
    13
 74
     0
 42
0.0000000001
 43
0.0000000001
 40
0.0
 40
0.0
 40
0.0
 40
0.0
 40
1.0
 40
1.0
 40
1.0
 40
2.0
 40
2.0
 40
2.0
 40
3.0
 40
3.0
 40
3.0
 40
4.0
 40
4.0
 40
4.0
 40
4.0
 10
928.9145723585916
 20
-121.6370720519677
 30
0.0
 10
927.9706478308483
 20
-121.6370720519677
 30
0.0
 10
927.5331266984627
 20
-122.4659552830488
 30
0.0
 10
927.5331266984627
 20
-123.3869982314824
 30
0.0
 10
927.5331266984627
 20
-124.3079620049025
 30
0.0
 10
927.9706478308483
 20
-125.1369244109979
 30
0.0
 10
928.9145723585916
 20
-125.1369244109979
 30
0.0
 10
929.8586552363643
 20
-125.1369244109979
 30
0.0
 10
930.2961763687509
 20
-124.3079620049025
 30
0.0
 10
930.2961763687509
 20
-123.3869982314824
 30
0.0
 10
930.2961763687509
 20
-122.4659552830488
 30
0.0
 10
929.8586552363643
 20
-121.6370720519677
 30
0.0
 10
928.9145723585916
 20
-121.6370720519677
 30
0.0
  0
SPLINE
  5
B8
330
AE
100
AcDbEntity
  8
Layer 1
 62
     7
370
     9
100
AcDbSpline
210
0.0
220
0.0
230
1.0
 70
     9
 71
     3
 72
    17
 73
    13
 74
     0
 42
0.0000000001
 43
0.0000000001
 40
0.0
 40
0.0
 40
0.0
 40
0.0
 40
1.0
 40
1.0
 40
1.0
 40
2.0
 40
2.0
 40
2.0
 40
3.0
 40
3.0
 40
3.0
 40
4.0
 40
4.0
 40
4.0
 40
4.0
 10
928.9145723585916
 20
-126.3802096701109
 30
0.0
 10
927.1187246704299
 20
-126.3802096701109
 30
0.0
 10
926.0824820753027
 20
-125.0678046229819
 30
0.0
 10
926.0824820753027
 20
-123.3869982314824
 30
0.0
 10
926.0824820753027
 20
-121.7061918399837
 30
0.0
 10
927.1187246704299
 20
-120.3937076178403
 30
0.0
 10
928.9145723585916
 20
-120.3937076178403
 30
0.0
 10
930.7105783967829
 20
-120.3937076178403
 30
0.0
 10
931.7466626418804
 20
-121.7061918399837
 30
0.0
 10
931.7466626418804
 20
-123.3869982314824
 30
0.0
 10
931.7466626418804
 20
-125.0678046229819
 30
0.0
 10
930.7105783967829
 20
-126.3802096701109
 30
0.0
 10
928.9145723585916
 20
-126.3802096701109
 30
0.0
  0
SPLINE
  5
B9
330
AE
100
AcDbEntity
  8
Layer 1
 62
     7
370
     9
100
AcDbSpline
210
0.0
220
0.0
230
1.0
 70
     9
 71
     3
 72
    41
 73
    37
 74
     0
 42
0.0000000001
 43
0.0000000001
 40
0.0
 40
0.0
 40
0.0
 40
0.0
 40
1.0
 40
1.0
 40
1.0
 40
2.0
 40
2.0
 40
2.0
 40
3.0
 40
3.0
 40
3.0
 40
4.0
 40
4.0
 40
4.0
 40
5.0
 40
5.0
 40
5.0
 40
6.0
 40
6.0
 40
6.0
 40
7.0
 40
7.0
 40
7.0
 40
8.0
 40
8.0
 40
8.0
 40
9.0
 40
9.0
 40
9.0
 40
10.0
 40
10.0
 40
10.0
 40
11.0
 40
11.0
 40
11.0
 40
12.0
 40
12.0
 40
12.0
 40
12.0
 10
932.9094269108306
 20
-121.0959900000811
 30
0.0
 10
932.9094269108306
 20
-120.6239485611951
 30
0.0
 10
933.1396678541855
 20
-120.3937076178403
 30
0.0
 10
933.5426686800717
 20
-120.3937076178403
 30
0.0
 10
933.7958703777495
 20
-120.3937076178403
 30
0.0
 10
934.1182710384586
 20
-120.4282279243406
 30
0.0
 10
934.1643508971355
 20
-120.9463492219033
 30
0.0
 10
934.1643508971355
 20
-120.9463492219033
 30
0.0
 10
934.1873116514593
 20
-121.3031910140975
 30
0.0
 10
934.1873116514593
 20
-121.3031910140975
 30
0.0
 10
934.1873116514593
 20
-121.3031910140975
 30
0.0
 10
934.2104307558122
 20
-121.3031910140975
 30
0.0
 10
934.2104307558122
 20
-121.3031910140975
 30
0.0
 10
934.3024321231368
 20
-120.6700284198718
 30
0.0
 10
934.7399532555224
 20
-120.3937076178403
 30
0.0
 10
935.3845962269101
 20
-120.3937076178403
 30
0.0
 10
935.8911579722972
 20
-120.3937076178403
 30
0.0
 10
936.0984381613281
 20
-120.6700284198718
 30
0.0
 10
936.0984381613281
 20
-121.0614696935807
 30
0.0
 10
936.0984381613281
 20
-121.498911650952
 30
0.0
 10
935.7991566049728
 20
-121.7061918399837
 30
0.0
 10
935.3041544117628
 20
-121.7061918399837
 30
0.0
 10
934.624832783845
 20
-121.7061918399837
 30
0.0
 10
934.2910309209893
 20
-121.9824334670008
 30
0.0
 10
934.2910309209893
 20
-123.0416368164502
 30
0.0
 10
934.2910309209893
 20
-123.0416368164502
 30
0.0
 10
934.2910309209893
 20
-125.5628859912072
 30
0.0
 10
934.2910309209893
 20
-125.5628859912072
 30
0.0
 10
934.2910309209893
 20
-126.0118083257404
 30
0.0
 10
934.0376708732817
 20
-126.3456893636106
 30
0.0
 10
933.600149740895
 20
-126.3456893636106
 30
0.0
 10
933.1627869585391
 20
-126.3456893636106
 30
0.0
 10
932.9094269108306
 20
-126.0118083257404
 30
0.0
 10
932.9094269108306
 20
-125.5628859912072
 30
0.0
 10
932.9094269108306
 20
-125.5628859912072
 30
0.0
 10
932.9094269108306
 20
-121.0959900000811
 30
0.0
 10
932.9094269108306
 20
-121.0959900000811
 30
0.0
  0
SPLINE
  5
BA
330
AE
100
AcDbEntity
  8
Layer 1
 62
     7
370
     9
100
AcDbSpline
210
0.0
220
0.0
230
1.0
 70
    11
 71
     3
 72
    62
 73
    58
 74
     0
 42
0.0000000001
 43
0.0000000001
 40
0.0
 40
0.0
 40
0.0
 40
0.0
 40
1.0
 40
1.0
 40
1.0
 40
2.0
 40
2.0
 40
2.0
 40
3.0
 40
3.0
 40
3.0
 40
4.0
 40
4.0
 40
4.0
 40
5.0
 40
5.0
 40
5.0
 40
6.0
 40
6.0
 40
6.0
 40
7.0
 40
7.0
 40
7.0
 40
8.0
 40
8.0
 40
8.0
 40
9.0
 40
9.0
 40
9.0
 40
10.0
 40
10.0
 40
10.0
 40
11.0
 40
11.0
 40
11.0
 40
12.0
 40
12.0
 40
12.0
 40
13.0
 40
13.0
 40
13.0
 40
14.0
 40
14.0
 40
14.0
 40
15.0
 40
15.0
 40
15.0
 40
16.0
 40
16.0
 40
16.0
 40
17.0
 40
17.0
 40
17.0
 40
18.0
 40
18.0
 40
18.0
 40
19.0
 40
19.0
 40
19.0
 40
19.0
 10
938.481447760054
 20
-121.7061918399837
 30
0.0
 10
938.481447760054
 20
-121.7061918399837
 30
0.0
 10
938.481447760054
 20
-123.9856405192086
 30
0.0
 10
938.481447760054
 20
-123.9856405192086
 30
0.0
 10
938.481447760054
 20
-124.676363349273
 30
0.0
 10
938.6196873360843
 20
-124.9987640099812
 30
0.0
 10
939.1492098357945
 20
-124.9987640099812
 30
0.0
 10
939.1492098357945
 20
-124.9987640099812
 30
0.0
 10
939.8860125245365
 20
-124.9987640099812
 30
0.0
 10
939.8860125245365
 20
-124.9987640099812
 30
0.0
 10
940.2774537982454
 20
-124.9987640099812
 30
0.0
 10
940.5882949067772
 20
-125.2059650239977
 30
0.0
 10
940.5882949067772
 20
-125.6549665335462
 30
0.0
 10
940.5882949067772
 20
-126.1039680430938
 30
0.0
 10
940.2774537982454
 20
-126.3111690571103
 30
0.0
 10
939.6557715811818
 20
-126.3111690571103
 30
0.0
 10
937.905845401667
 20
-126.3111690571103
 30
0.0
 10
937.1000020999243
 20
-126.3111690571103
 30
0.0
 10
937.1000020999243
 20
-124.192841533225
 30
0.0
 10
937.1000020999243
 20
-124.192841533225
 30
0.0
 10
937.1000020999243
 20
-121.7061918399837
 30
0.0
 10
937.1000020999243
 20
-121.7061918399837
 30
0.0
 10
937.1000020999243
 20
-121.7061918399837
 30
0.0
 10
936.7085608262154
 20
-121.7061918399837
 30
0.0
 10
936.7085608262154
 20
-121.7061918399837
 30
0.0
 10
936.328679104683
 20
-121.7061918399837
 30
0.0
 10
936.0293975483275
 20
-121.5104712031292
 30
0.0
 10
936.0293975483275
 20
-121.0845096229191
 30
0.0
 10
936.0293975483275
 20
-120.6585480427099
 30
0.0
 10
936.328679104683
 20
-120.4628274058554
 30
0.0
 10
936.7085608262154
 20
-120.4628274058554
 30
0.0
 10
936.7085608262154
 20
-120.4628274058554
 30
0.0
 10
937.1000020999243
 20
-120.4628274058554
 30
0.0
 10
937.1000020999243
 20
-120.4628274058554
 30
0.0
 10
937.1000020999243
 20
-120.4628274058554
 30
0.0
 10
937.1000020999243
 20
-119.4842242215822
 30
0.0
 10
937.1000020999243
 20
-119.4842242215822
 30
0.0
 10
937.1000020999243
 20
-119.0697430185349
 30
0.0
 10
937.3186834911027
 20
-118.7359411556791
 30
0.0
 10
937.7907249299896
 20
-118.7359411556791
 30
0.0
 10
938.2627663688756
 20
-118.7359411556791
 30
0.0
 10
938.481447760054
 20
-119.0697430185349
 30
0.0
 10
938.481447760054
 20
-119.4842242215822
 30
0.0
 10
938.481447760054
 20
-119.4842242215822
 30
0.0
 10
938.481447760054
 20
-120.4628274058554
 30
0.0
 10
938.481447760054
 20
-120.4628274058554
 30
0.0
 10
938.481447760054
 20
-120.4628274058554
 30
0.0
 10
939.4945712508267
 20
-120.4628274058554
 30
0.0
 10
939.4945712508267
 20
-120.4628274058554
 30
0.0
 10
939.8630517702125
 20
-120.4628274058554
 30
0.0
 10
940.162333326568
 20
-120.6585480427099
 30
0.0
 10
940.162333326568
 20
-121.0845096229191
 30
0.0
 10
940.162333326568
 20
-121.5104712031292
 30
0.0
 10
939.8630517702125
 20
-121.7061918399837
 30
0.0
 10
939.4945712508267
 20
-121.7061918399837
 30
0.0
 10
939.4945712508267
 20
-121.7061918399837
 30
0.0
 10
938.481447760054
 20
-121.7061918399837
 30
0.0
 10
938.481447760054
 20
-121.7061918399837
 30
0.0
  0
ENDBLK
  5
B1
330
AE
100
AcDbEntity
  8
0
100
AcDbBlockEnd
  0
BLOCK
  5
BD
330
BB
100
AcDbEntity
  8
0
100
AcDbBlockBegin
  2
Block_2
 70
     0
 10
0.0
 20
0.0
 30
0.0
  3
Block_2
  1

  0
SPLINE
  5
BF
330
BB
100
AcDbEntity
  8
Layer 1
 62
     7
370
     9
100
AcDbSpline
210
0.0
220
0.0
230
1.0
 70
    11
 71
     3
 72
    53
 73
    49
 74
     0
 42
0.0000000001
 43
0.0000000001
 40
0.0
 40
0.0
 40
0.0
 40
0.0
 40
1.0
 40
1.0
 40
1.0
 40
2.0
 40
2.0
 40
2.0
 40
3.0
 40
3.0
 40
3.0
 40
4.0
 40
4.0
 40
4.0
 40
5.0
 40
5.0
 40
5.0
 40
6.0
 40
6.0
 40
6.0
 40
7.0
 40
7.0
 40
7.0
 40
8.0
 40
8.0
 40
8.0
 40
9.0
 40
9.0
 40
9.0
 40
10.0
 40
10.0
 40
10.0
 40
11.0
 40
11.0
 40
11.0
 40
12.0
 40
12.0
 40
12.0
 40
13.0
 40
13.0
 40
13.0
 40
14.0
 40
14.0
 40
14.0
 40
15.0
 40
15.0
 40
15.0
 40
16.0
 40
16.0
 40
16.0
 40
16.0
 10
906.2519911411813
 20
-92.43827665377535
 30
0.0
 10
906.2519911411813
 20
-92.43827665377535
 30
0.0
 10
906.2519911411813
 20
-90.76895063943778
 30
0.0
 10
906.2519911411813
 20
-90.76895063943778
 30
0.0
 10
906.2519911411813
 20
-90.33142950705123
 30
0.0
 10
906.482232084536
 20
-89.98606809201902
 30
0.0
 10
906.977234277746
 20
-89.98606809201902
 30
0.0
 10
907.4722364709558
 20
-89.98606809201902
 30
0.0
 10
907.7024774143106
 20
-90.33142950705123
 30
0.0
 10
907.7024774143106
 20
-90.76895063943778
 30
0.0
 10
907.7024774143106
 20
-90.76895063943778
 30
0.0
 10
907.7024774143106
 20
-97.19297382409404
 30
0.0
 10
907.7024774143106
 20
-97.19297382409404
 30
0.0
 10
907.7024774143106
 20
-97.63041578146527
 30
0.0
 10
907.4722364709558
 20
-97.97577719649746
 30
0.0
 10
906.977234277746
 20
-97.97577719649746
 30
0.0
 10
906.482232084536
 20
-97.97577719649746
 30
0.0
 10
906.2519911411813
 20
-97.63041578146527
 30
0.0
 10
906.2519911411813
 20
-97.19297382409404
 30
0.0
 10
906.2519911411813
 20
-97.19297382409404
 30
0.0
 10
906.2519911411813
 20
-93.68164108790278
 30
0.0
 10
906.2519911411813
 20
-93.68164108790278
 30
0.0
 10
906.2519911411813
 20
-93.68164108790278
 30
0.0
 10
903.5811011882465
 20
-93.68164108790278
 30
0.0
 10
903.5811011882465
 20
-93.68164108790278
 30
0.0
 10
903.5811011882465
 20
-93.68164108790278
 30
0.0
 10
903.5811011882465
 20
-97.19297382409404
 30
0.0
 10
903.5811011882465
 20
-97.19297382409404
 30
0.0
 10
903.5811011882465
 20
-97.63041578146527
 30
0.0
 10
903.3508602448916
 20
-97.97577719649746
 30
0.0
 10
902.855699701652
 20
-97.97577719649746
 30
0.0
 10
902.3606975084421
 20
-97.97577719649746
 30
0.0
 10
902.1304565650874
 20
-97.63041578146527
 30
0.0
 10
902.1304565650874
 20
-97.19297382409404
 30
0.0
 10
902.1304565650874
 20
-97.19297382409404
 30
0.0
 10
902.1304565650874
 20
-90.76895063943778
 30
0.0
 10
902.1304565650874
 20
-90.76895063943778
 30
0.0
 10
902.1304565650874
 20
-90.33142950705123
 30
0.0
 10
902.3606975084421
 20
-89.98606809201902
 30
0.0
 10
902.855699701652
 20
-89.98606809201902
 30
0.0
 10
903.3508602448916
 20
-89.98606809201902
 30
0.0
 10
903.5811011882465
 20
-90.33142950705123
 30
0.0
 10
903.5811011882465
 20
-90.76895063943778
 30
0.0
 10
903.5811011882465
 20
-90.76895063943778
 30
0.0
 10
903.5811011882465
 20
-92.43827665377535
 30
0.0
 10
903.5811011882465
 20
-92.43827665377535
 30
0.0
 10
903.5811011882465
 20
-92.43827665377535
 30
0.0
 10
906.2519911411813
 20
-92.43827665377535
 30
0.0
 10
906.2519911411813
 20
-92.43827665377535
 30
0.0
  0
SPLINE
  5
C0
330
BB
100
AcDbEntity
  8
Layer 1
 62
     7
370
     9
100
AcDbSpline
210
0.0
220
0.0
230
1.0
 70
     9
 71
     3
 72
    47
 73
    43
 74
     0
 42
0.0000000001
 43
0.0000000001
 40
0.0
 40
0.0
 40
0.0
 40
0.0
 40
1.0
 40
1.0
 40
1.0
 40
2.0
 40
2.0
 40
2.0
 40
3.0
 40
3.0
 40
3.0
 40
4.0
 40
4.0
 40
4.0
 40
5.0
 40
5.0
 40
5.0
 40
6.0
 40
6.0
 40
6.0
 40
7.0
 40
7.0
 40
7.0
 40
8.0
 40
8.0
 40
8.0
 40
9.0
 40
9.0
 40
9.0
 40
10.0
 40
10.0
 40
10.0
 40
11.0
 40
11.0
 40
11.0
 40
12.0
 40
12.0
 40
12.0
 40
13.0
 40
13.0
 40
13.0
 40
14.0
 40
14.0
 40
14.0
 40
14.0
 10
914.1265797739823
 20
-97.2620144370947
 30
0.0
 10
914.1265797739823
 20
-97.67649564014291
 30
0.0
 10
913.9077400327741
 20
-98.01029750299779
 30
0.0
 10
913.4356985938881
 20
-98.01029750299779
 30
0.0
 10
912.963815505031
 20
-98.01029750299779
 30
0.0
 10
912.7449757638228
 20
-97.67649564014291
 30
0.0
 10
912.7449757638228
 20
-97.38861528593409
 30
0.0
 10
912.2844938771132
 20
-97.82613641831972
 30
0.0
 10
911.8240119904037
 20
-98.01029750299779
 30
0.0
 10
911.1907702211636
 20
-98.01029750299779
 30
0.0
 10
909.9474057870352
 20
-98.01029750299779
 30
0.0
 10
909.1415624852935
 20
-97.11237365891697
 30
0.0
 10
909.1415624852935
 20
-95.93804983778932
 30
0.0
 10
909.1415624852935
 20
-95.93804983778932
 30
0.0
 10
909.1415624852935
 20
-92.77215769164557
 30
0.0
 10
909.1415624852935
 20
-92.77215769164557
 30
0.0
 10
909.1415624852935
 20
-92.35767648859829
 30
0.0
 10
909.360243876471
 20
-92.02379545072716
 30
0.0
 10
909.8322853153577
 20
-92.02379545072716
 30
0.0
 10
910.3043267542437
 20
-92.02379545072716
 30
0.0
 10
910.5231664954519
 20
-92.35767648859829
 30
0.0
 10
910.5231664954519
 20
-92.77215769164557
 30
0.0
 10
910.5231664954519
 20
-92.77215769164557
 30
0.0
 10
910.5231664954519
 20
-95.56964849341877
 30
0.0
 10
910.5231664954519
 20
-95.56964849341877
 30
0.0
 10
910.5231664954519
 20
-96.37557097017587
 30
0.0
 10
910.8338492539541
 20
-96.7670122438848
 30
0.0
 10
911.4555314710187
 20
-96.7670122438848
 30
0.0
 10
912.2384140184365
 20
-96.7670122438848
 30
0.0
 10
912.7449757638228
 20
-96.22585101698282
 30
0.0
 10
912.7449757638228
 20
-95.1552464653859
 30
0.0
 10
912.7449757638228
 20
-95.1552464653859
 30
0.0
 10
912.7449757638228
 20
-92.77215769164557
 30
0.0
 10
912.7449757638228
 20
-92.77215769164557
 30
0.0
 10
912.7449757638228
 20
-92.35767648859829
 30
0.0
 10
912.963815505031
 20
-92.02379545072716
 30
0.0
 10
913.4356985938881
 20
-92.02379545072716
 30
0.0
 10
913.9077400327741
 20
-92.02379545072716
 30
0.0
 10
914.1265797739823
 20
-92.35767648859829
 30
0.0
 10
914.1265797739823
 20
-92.77215769164557
 30
0.0
 10
914.1265797739823
 20
-92.77215769164557
 30
0.0
 10
914.1265797739823
 20
-97.2620144370947
 30
0.0
 10
914.1265797739823
 20
-97.2620144370947
 30
0.0
  0
SPLINE
  5
C1
330
BB
100
AcDbEntity
  8
Layer 1
 62
     7
370
     9
100
AcDbSpline
210
0.0
220
0.0
230
1.0
 70
     9
 71
     3
 72
    47
 73
    43
 74
     0
 42
0.0000000001
 43
0.0000000001
 40
0.0
 40
0.0
 40
0.0
 40
0.0
 40
1.0
 40
1.0
 40
1.0
 40
2.0
 40
2.0
 40
2.0
 40
3.0
 40
3.0
 40
3.0
 40
4.0
 40
4.0
 40
4.0
 40
5.0
 40
5.0
 40
5.0
 40
6.0
 40
6.0
 40
6.0
 40
7.0
 40
7.0
 40
7.0
 40
8.0
 40
8.0
 40
8.0
 40
9.0
 40
9.0
 40
9.0
 40
10.0
 40
10.0
 40
10.0
 40
11.0
 40
11.0
 40
11.0
 40
12.0
 40
12.0
 40
12.0
 40
13.0
 40
13.0
 40
13.0
 40
14.0
 40
14.0
 40
14.0
 40
14.0
 10
915.5427040906412
 20
-92.77215769164557
 30
0.0
 10
915.5427040906412
 20
-92.35767648859829
 30
0.0
 10
915.7613854818194
 20
-92.02379545072716
 30
0.0
 10
916.2334269207054
 20
-92.02379545072716
 30
0.0
 10
916.7054683595923
 20
-92.02379545072716
 30
0.0
 10
916.9241497507698
 20
-92.35767648859829
 30
0.0
 10
916.9241497507698
 20
-92.64547766779179
 30
0.0
 10
917.3846316374804
 20
-92.20803571042056
 30
0.0
 10
917.84511352419
 20
-92.02379545072716
 30
0.0
 10
918.4783552934302
 20
-92.02379545072716
 30
0.0
 10
919.7217197275584
 20
-92.02379545072716
 30
0.0
 10
920.5275630293002
 20
-92.9217984698233
 30
0.0
 10
920.5275630293002
 20
-94.09604311593565
 30
0.0
 10
920.5275630293002
 20
-94.09604311593565
 30
0.0
 10
920.5275630293002
 20
-97.22749413059439
 30
0.0
 10
920.5275630293002
 20
-97.22749413059439
 30
0.0
 10
920.5275630293002
 20
-97.64189615862724
 30
0.0
 10
920.3088816381226
 20
-97.97577719649746
 30
0.0
 10
919.8368401992357
 20
-97.97577719649746
 30
0.0
 10
919.3647987603497
 20
-97.97577719649746
 30
0.0
 10
919.1461173691713
 20
-97.64189615862724
 30
0.0
 10
919.1461173691713
 20
-97.22749413059439
 30
0.0
 10
919.1461173691713
 20
-97.22749413059439
 30
0.0
 10
919.1461173691713
 20
-94.4644444603071
 30
0.0
 10
919.1461173691713
 20
-94.4644444603071
 30
0.0
 10
919.1461173691713
 20
-93.6586011585644
 30
0.0
 10
918.8352762606395
 20
-93.26715988485551
 30
0.0
 10
918.2135940435758
 20
-93.26715988485551
 30
0.0
 10
917.4307114961571
 20
-93.26715988485551
 30
0.0
 10
916.9241497507698
 20
-93.80824193674214
 30
0.0
 10
916.9241497507698
 20
-94.87892566335437
 30
0.0
 10
916.9241497507698
 20
-94.87892566335437
 30
0.0
 10
916.9241497507698
 20
-97.22749413059439
 30
0.0
 10
916.9241497507698
 20
-97.22749413059439
 30
0.0
 10
916.9241497507698
 20
-97.64189615862724
 30
0.0
 10
916.7054683595923
 20
-97.97577719649746
 30
0.0
 10
916.2334269207054
 20
-97.97577719649746
 30
0.0
 10
915.7613854818194
 20
-97.97577719649746
 30
0.0
 10
915.5427040906412
 20
-97.64189615862724
 30
0.0
 10
915.5427040906412
 20
-97.22749413059439
 30
0.0
 10
915.5427040906412
 20
-97.22749413059439
 30
0.0
 10
915.5427040906412
 20
-92.77215769164557
 30
0.0
 10
915.5427040906412
 20
-92.77215769164557
 30
0.0
  0
SPLINE
  5
C2
330
BB
100
AcDbEntity
  8
Layer 1
 62
     7
370
     9
100
AcDbSpline
210
0.0
220
0.0
230
1.0
 70
     9
 71
     3
 72
    17
 73
    13
 74
     0
 42
0.0000000001
 43
0.0000000001
 40
0.0
 40
0.0
 40
0.0
 40
0.0
 40
1.0
 40
1.0
 40
1.0
 40
2.0
 40
2.0
 40
2.0
 40
3.0
 40
3.0
 40
3.0
 40
4.0
 40
4.0
 40
4.0
 40
4.0
 10
925.3513799876349
 20
-93.22108002617877
 30
0.0
 10
924.0274153883303
 20
-93.22108002617877
 30
0.0
 10
923.0144502475866
 20
-93.86580217258083
 30
0.0
 10
923.0144502475866
 20
-95.33940755006396
 30
0.0
 10
923.0144502475866
 20
-96.24889094632116
 30
0.0
 10
923.4863333364428
 20
-96.6978924558697
 30
0.0
 10
924.6951774640708
 20
-96.6978924558697
 30
0.0
 10
924.6951774640708
 20
-96.6978924558697
 30
0.0
 10
925.3513799876349
 20
-96.6978924558697
 30
0.0
 10
925.3513799876349
 20
-96.6978924558697
 30
0.0
 10
925.3513799876349
 20
-96.6978924558697
 30
0.0
 10
925.3513799876349
 20
-93.22108002617877
 30
0.0
 10
925.3513799876349
 20
-93.22108002617877
 30
0.0
  0
SPLINE
  5
C3
330
BB
100
AcDbEntity
  8
Layer 1
 62
     7
370
     9
100
AcDbSpline
210
0.0
220
0.0
230
1.0
 70
     9
 71
     3
 72
    53
 73
    49
 74
     0
 42
0.0000000001
 43
0.0000000001
 40
0.0
 40
0.0
 40
0.0
 40
0.0
 40
1.0
 40
1.0
 40
1.0
 40
2.0
 40
2.0
 40
2.0
 40
3.0
 40
3.0
 40
3.0
 40
4.0
 40
4.0
 40
4.0
 40
5.0
 40
5.0
 40
5.0
 40
6.0
 40
6.0
 40
6.0
 40
7.0
 40
7.0
 40
7.0
 40
8.0
 40
8.0
 40
8.0
 40
9.0
 40
9.0
 40
9.0
 40
10.0
 40
10.0
 40
10.0
 40
11.0
 40
11.0
 40
11.0
 40
12.0
 40
12.0
 40
12.0
 40
13.0
 40
13.0
 40
13.0
 40
14.0
 40
14.0
 40
14.0
 40
15.0
 40
15.0
 40
15.0
 40
16.0
 40
16.0
 40
16.0
 40
16.0
 10
924.2231360251848
 20
-97.94125688999713
 30
0.0
 10
922.4157287848459
 20
-97.94125688999713
 30
0.0
 10
921.6328462374272
 20
-96.65181259719297
 30
0.0
 10
921.6328462374272
 20
-95.29340686640166
 30
0.0
 10
921.6328462374272
 20
-93.3247201206942
 30
0.0
 10
923.0834908605872
 20
-92.02379545072716
 30
0.0
 10
925.2362595159574
 20
-92.02379545072716
 30
0.0
 10
925.2362595159574
 20
-92.02379545072716
 30
0.0
 10
926.1342625350536
 20
-92.02379545072716
 30
0.0
 10
926.1342625350536
 20
-92.02379545072716
 30
0.0
 10
927.1473860258263
 20
-92.08135568656587
 30
0.0
 10
927.3085863561814
 20
-92.20803571042056
 30
0.0
 10
927.3085863561814
 20
-92.59947698412949
 30
0.0
 10
927.3085863561814
 20
-93.34776005003256
 30
0.0
 10
926.7329839977943
 20
-92.86423823398461
 30
0.0
 10
926.7329839977943
 20
-93.70460184222672
 30
0.0
 10
926.7329839977943
 20
-93.70460184222672
 30
0.0
 10
926.7329839977943
 20
-96.49069144185327
 30
0.0
 10
926.7329839977943
 20
-96.49069144185327
 30
0.0
 10
926.7329839977943
 20
-97.04325387090189
 30
0.0
 10
926.905585530295
 20
-97.00873356440155
 30
0.0
 10
927.1703467801502
 20
-97.21593457841798
 30
0.0
 10
927.481187888682
 20
-97.45773507394916
 30
0.0
 10
927.6078679125367
 20
-97.88369665415842
 30
0.0
 10
927.6078679125367
 20
-98.26357837569096
 30
0.0
 10
927.6078679125367
 20
-99.84082384768951
 30
0.0
 10
926.2148627002307
 20
-100.5891069135935
 30
0.0
 10
924.0389749405068
 20
-100.5891069135935
 30
0.0
 10
923.4057331712657
 20
-100.5891069135935
 30
0.0
 10
921.5292853179271
 20
-100.3473855930767
 30
0.0
 10
921.5292853179271
 20
-99.42634264464222
 30
0.0
 10
921.5292853179271
 20
-99.06950085244806
 30
0.0
 10
921.7710858134582
 20
-98.88526059275557
 30
0.0
 10
922.0472482654599
 20
-98.88526059275557
 30
0.0
 10
922.3121678653448
 20
-98.88526059275557
 30
0.0
 10
922.5308492565233
 20
-99.00038106443297
 30
0.0
 10
922.864651119379
 20
-99.11550153611038
 30
0.0
 10
923.2792114974417
 20
-99.26522148930253
 30
0.0
 10
923.6936135254746
 20
-99.34582165447958
 30
0.0
 10
924.3152957425383
 20
-99.34582165447958
 30
0.0
 10
925.2707798224578
 20
-99.34582165447958
 30
0.0
 10
926.1572232893776
 20
-98.95438038077067
 30
0.0
 10
926.1572232893776
 20
-98.36721847020728
 30
0.0
 10
926.1572232893776
 20
-98.05637736167543
 30
0.0
 10
925.9269823460218
 20
-97.94125688999713
 30
0.0
 10
925.5125803179899
 20
-97.94125688999713
 30
0.0
 10
925.5125803179899
 20
-97.94125688999713
 30
0.0
 10
924.2231360251848
 20
-97.94125688999713
 30
0.0
 10
924.2231360251848
 20
-97.94125688999713
 30
0.0
  0
SPLINE
  5
C4
330
BB
100
AcDbEntity
  8
Layer 1
 62
     7
370
     9
100
AcDbSpline
210
0.0
220
0.0
230
1.0
 70
     9
 71
     3
 72
    14
 73
    10
 74
     0
 42
0.0000000001
 43
0.0000000001
 40
0.0
 40
0.0
 40
0.0
 40
0.0
 40
1.0
 40
1.0
 40
1.0
 40
2.0
 40
2.0
 40
2.0
 40
3.0
 40
3.0
 40
3.0
 40
3.0
 10
932.1898843753393
 20
-94.29176375279011
 30
0.0
 10
932.0402435971615
 20
-93.60104092272571
 30
0.0
 10
931.4646412387745
 20
-93.17507934251647
 30
0.0
 10
930.923559186888
 20
-93.17507934251647
 30
0.0
 10
930.3824771350013
 20
-93.17507934251647
 30
0.0
 10
929.8068747766143
 20
-93.60104092272571
 30
0.0
 10
929.6456744462592
 20
-94.29176375279011
 30
0.0
 10
929.6456744462592
 20
-94.29176375279011
 30
0.0
 10
932.1898843753393
 20
-94.29176375279011
 30
0.0
 10
932.1898843753393
 20
-94.29176375279011
 30
0.0
  0
SPLINE
  5
C5
330
BB
100
AcDbEntity
  8
Layer 1
 62
     7
370
     9
100
AcDbSpline
210
0.0
220
0.0
230
1.0
 70
     9
 71
     3
 72
    35
 73
    31
 74
     0
 42
0.0000000001
 43
0.0000000001
 40
0.0
 40
0.0
 40
0.0
 40
0.0
 40
1.0
 40
1.0
 40
1.0
 40
2.0
 40
2.0
 40
2.0
 40
3.0
 40
3.0
 40
3.0
 40
4.0
 40
4.0
 40
4.0
 40
5.0
 40
5.0
 40
5.0
 40
6.0
 40
6.0
 40
6.0
 40
7.0
 40
7.0
 40
7.0
 40
8.0
 40
8.0
 40
8.0
 40
9.0
 40
9.0
 40
9.0
 40
10.0
 40
10.0
 40
10.0
 40
10.0
 10
931.2344002954198
 20
-97.94125688999713
 30
0.0
 10
929.1851925595496
 20
-97.94125688999713
 30
0.0
 10
928.0339878427758
 20
-96.8130129275471
 30
0.0
 10
928.0339878427758
 20
-95.09768622954721
 30
0.0
 10
928.0339878427758
 20
-93.37079997937092
 30
0.0
 10
929.1622318052265
 20
-92.02379545072716
 30
0.0
 10
930.923559186888
 20
-92.02379545072716
 30
0.0
 10
932.846245248934
 20
-92.02379545072716
 30
0.0
 10
933.6405289984986
 20
-93.30168019135582
 30
0.0
 10
933.6405289984986
 20
-94.6486847199996
 30
0.0
 10
933.6405289984986
 20
-95.04012599370851
 30
0.0
 10
933.5599288333215
 20
-95.32792717290199
 30
0.0
 10
933.0764861922888
 20
-95.32792717290199
 30
0.0
 10
933.0764861922888
 20
-95.32792717290199
 30
0.0
 10
929.5535147289058
 20
-95.32792717290199
 30
0.0
 10
929.5535147289058
 20
-95.32792717290199
 30
0.0
 10
929.6456744462592
 20
-96.41009127667622
 30
0.0
 10
930.4630773001784
 20
-96.6978924558697
 30
0.0
 10
931.4301209322742
 20
-96.6978924558697
 30
0.0
 10
931.4301209322742
 20
-96.6978924558697
 30
0.0
 10
932.9152858619337
 20
-96.6978924558697
 30
0.0
 10
932.9152858619337
 20
-96.6978924558697
 30
0.0
 10
933.2836080312899
 20
-96.6978924558697
 30
0.0
 10
933.5830479376751
 20
-96.89361309272415
 30
0.0
 10
933.5830479376751
 20
-97.31957467293341
 30
0.0
 10
933.5830479376751
 20
-97.74553625314267
 30
0.0
 10
933.2836080312899
 20
-97.94125688999713
 30
0.0
 10
932.9152858619337
 20
-97.94125688999713
 30
0.0
 10
932.9152858619337
 20
-97.94125688999713
 30
0.0
 10
931.2344002954198
 20
-97.94125688999713
 30
0.0
 10
931.2344002954198
 20
-97.94125688999713
 30
0.0
  0
SPLINE
  5
C6
330
BB
100
AcDbEntity
  8
Layer 1
 62
     7
370
     9
100
AcDbSpline
210
0.0
220
0.0
230
1.0
 70
     9
 71
     3
 72
    41
 73
    37
 74
     0
 42
0.0000000001
 43
0.0000000001
 40
0.0
 40
0.0
 40
0.0
 40
0.0
 40
1.0
 40
1.0
 40
1.0
 40
2.0
 40
2.0
 40
2.0
 40
3.0
 40
3.0
 40
3.0
 40
4.0
 40
4.0
 40
4.0
 40
5.0
 40
5.0
 40
5.0
 40
6.0
 40
6.0
 40
6.0
 40
7.0
 40
7.0
 40
7.0
 40
8.0
 40
8.0
 40
8.0
 40
9.0
 40
9.0
 40
9.0
 40
10.0
 40
10.0
 40
10.0
 40
11.0
 40
11.0
 40
11.0
 40
12.0
 40
12.0
 40
12.0
 40
12.0
 10
934.8378135739501
 20
-92.72607783296884
 30
0.0
 10
934.8378135739501
 20
-92.25403639408197
 30
0.0
 10
935.0680545173048
 20
-92.02379545072716
 30
0.0
 10
935.4710553431901
 20
-92.02379545072716
 30
0.0
 10
935.7242570408688
 20
-92.02379545072716
 30
0.0
 10
936.0466577015781
 20
-92.05831575722751
 30
0.0
 10
936.0927375602548
 20
-92.57643705479111
 30
0.0
 10
936.0927375602548
 20
-92.57643705479111
 30
0.0
 10
936.1156983145779
 20
-92.93327884698527
 30
0.0
 10
936.1156983145779
 20
-92.93327884698527
 30
0.0
 10
936.1156983145779
 20
-92.93327884698527
 30
0.0
 10
936.1388174189315
 20
-92.93327884698527
 30
0.0
 10
936.1388174189315
 20
-92.93327884698527
 30
0.0
 10
936.2308187862552
 20
-92.3001162527596
 30
0.0
 10
936.6683399186417
 20
-92.02379545072716
 30
0.0
 10
937.3129828900294
 20
-92.02379545072716
 30
0.0
 10
937.8195446354158
 20
-92.02379545072716
 30
0.0
 10
938.0268248244474
 20
-92.3001162527596
 30
0.0
 10
938.0268248244474
 20
-92.69155752646851
 30
0.0
 10
938.0268248244474
 20
-93.12899948383973
 30
0.0
 10
937.7275432680921
 20
-93.33627967287059
 30
0.0
 10
937.2325410748821
 20
-93.33627967287059
 30
0.0
 10
936.5532194469645
 20
-93.33627967287059
 30
0.0
 10
936.2194175841086
 20
-93.61252129988768
 30
0.0
 10
936.2194175841086
 20
-94.67172464933794
 30
0.0
 10
936.2194175841086
 20
-94.67172464933794
 30
0.0
 10
936.2194175841086
 20
-97.19297382409404
 30
0.0
 10
936.2194175841086
 20
-97.19297382409404
 30
0.0
 10
936.2194175841086
 20
-97.64189615862724
 30
0.0
 10
935.966057536401
 20
-97.97577719649746
 30
0.0
 10
935.5285364040145
 20
-97.97577719649746
 30
0.0
 10
935.0911736216586
 20
-97.97577719649746
 30
0.0
 10
934.8378135739501
 20
-97.64189615862724
 30
0.0
 10
934.8378135739501
 20
-97.19297382409404
 30
0.0
 10
934.8378135739501
 20
-97.19297382409404
 30
0.0
 10
934.8378135739501
 20
-92.72607783296884
 30
0.0
 10
934.8378135739501
 20
-92.72607783296884
 30
0.0
  0
ENDBLK
  5
BE
330
BB
100
AcDbEntity
  8
0
100
AcDbBlockEnd
  0
BLOCK
  5
C9
330
C7
100
AcDbEntity
  8
0
100
AcDbBlockBegin
  2
Block_3
 70
     0
 10
0.0
 20
0.0
 30
0.0
  3
Block_3
  1

  0
SPLINE
  5
CB
330
C7
100
AcDbEntity
  8
Layer 1
 62
     7
370
     9
100
AcDbSpline
210
0.0
220
0.0
230
1.0
 70
    11
 71
     3
 72
    17
 73
    13
 74
     0
 42
0.0000000001
 43
0.0000000001
 40
0.0
 40
0.0
 40
0.0
 40
0.0
 40
1.0
 40
1.0
 40
1.0
 40
2.0
 40
2.0
 40
2.0
 40
3.0
 40
3.0
 40
3.0
 40
4.0
 40
4.0
 40
4.0
 40
4.0
 10
901.9808157869096
 20
-153.3686761770944
 30
0.0
 10
901.9808157869096
 20
-153.3686761770944
 30
0.0
 10
903.3967817535396
 20
-153.3686761770944
 30
0.0
 10
903.3967817535396
 20
-153.3686761770944
 30
0.0
 10
904.3638253856356
 20
-153.3686761770944
 30
0.0
 10
904.9625468483762
 20
-153.1384352337396
 30
0.0
 10
904.9625468483762
 20
-152.3669538884675
 30
0.0
 10
904.9625468483762
 20
-150.9625474740148
 30
0.0
 10
903.1435800558609
 20
-150.3293057047747
 30
0.0
 10
901.9808157869096
 20
-150.2371459874203
 30
0.0
 10
901.9808157869096
 20
-150.2371459874203
 30
0.0
 10
901.9808157869096
 20
-153.3686761770944
 30
0.0
 10
901.9808157869096
 20
-153.3686761770944
 30
0.0
  0
SPLINE
  5
CC
330
C7
100
AcDbEntity
  8
Layer 1
 62
     7
370
     9
100
AcDbSpline
210
0.0
220
0.0
230
1.0
 70
     9
 71
     3
 72
    20
 73
    16
 74
     0
 42
0.0000000001
 43
0.0000000001
 40
0.0
 40
0.0
 40
0.0
 40
0.0
 40
1.0
 40
1.0
 40
1.0
 40
2.0
 40
2.0
 40
2.0
 40
3.0
 40
3.0
 40
3.0
 40
4.0
 40
4.0
 40
4.0
 40
5.0
 40
5.0
 40
5.0
 40
5.0
 10
901.9808157869096
 20
-149.0859412706464
 30
0.0
 10
902.6254587582972
 20
-149.0859412706464
 30
0.0
 10
903.4428616122163
 20
-149.2471416010005
 30
0.0
 10
904.0414247249273
 20
-149.5003432986792
 30
0.0
 10
904.4099052443122
 20
-149.2701023553244
 30
0.0
 10
904.6285866354907
 20
-148.9937815532929
 30
0.0
 10
904.6285866354907
 20
-148.6138998317604
 30
0.0
 10
904.6285866354907
 20
-148.1879382515502
 30
0.0
 10
904.3638253856356
 20
-148.0037771668731
 30
0.0
 10
903.6040619425703
 20
-148.0037771668731
 30
0.0
 10
903.6040619425703
 20
-148.0037771668731
 30
0.0
 10
901.9808157869096
 20
-148.0037771668731
 30
0.0
 10
901.9808157869096
 20
-148.0037771668731
 30
0.0
 10
901.9808157869096
 20
-148.0037771668731
 30
0.0
 10
901.9808157869096
 20
-149.0859412706464
 30
0.0
 10
901.9808157869096
 20
-149.0859412706464
 30
0.0
  0
SPLINE
  5
CD
330
C7
100
AcDbEntity
  8
Layer 1
 62
     7
370
     9
100
AcDbSpline
210
0.0
220
0.0
230
1.0
 70
     9
 71
     3
 72
    32
 73
    28
 74
     0
 42
0.0000000001
 43
0.0000000001
 40
0.0
 40
0.0
 40
0.0
 40
0.0
 40
1.0
 40
1.0
 40
1.0
 40
2.0
 40
2.0
 40
2.0
 40
3.0
 40
3.0
 40
3.0
 40
4.0
 40
4.0
 40
4.0
 40
5.0
 40
5.0
 40
5.0
 40
6.0
 40
6.0
 40
6.0
 40
7.0
 40
7.0
 40
7.0
 40
8.0
 40
8.0
 40
8.0
 40
9.0
 40
9.0
 40
9.0
 40
9.0
 10
904.3869444899891
 20
-146.7604127327448
 30
0.0
 10
905.6993495371173
 20
-146.7604127327448
 30
0.0
 10
906.0792312586498
 20
-147.5201761758098
 30
0.0
 10
906.0792312586498
 20
-148.3606981340817
 30
0.0
 10
906.0792312586498
 20
-149.1435806815004
 30
0.0
 10
905.8029104566182
 20
-149.627023322533
 30
0.0
 10
905.2043473439074
 20
-150.0990647614199
 30
0.0
 10
905.9180309282957
 20
-150.6401468133066
 30
0.0
 10
906.482232084536
 20
-151.4920699737251
 30
0.0
 10
906.482232084536
 20
-152.4130337471452
 30
0.0
 10
906.482232084536
 20
-153.6448386290962
 30
0.0
 10
905.5381492067631
 20
-154.6810812242225
 30
0.0
 10
904.248704913958
 20
-154.6810812242225
 30
0.0
 10
904.248704913958
 20
-154.6810812242225
 30
0.0
 10
901.5317351023467
 20
-154.6810812242225
 30
0.0
 10
901.5317351023467
 20
-154.6810812242225
 30
0.0
 10
900.7719716592825
 20
-154.6810812242225
 30
0.0
 10
900.5301711637503
 20
-154.4508402808677
 30
0.0
 10
900.5301711637503
 20
-153.8981986768047
 30
0.0
 10
900.5301711637503
 20
-153.8981986768047
 30
0.0
 10
900.5301711637503
 20
-147.5432952801635
 30
0.0
 10
900.5301711637503
 20
-147.5432952801635
 30
0.0
 10
900.5301711637503
 20
-147.1057741477769
 30
0.0
 10
900.7719716592825
 20
-146.7604127327448
 30
0.0
 10
901.1634129329914
 20
-146.7604127327448
 30
0.0
 10
901.1634129329914
 20
-146.7604127327448
 30
0.0
 10
904.3869444899891
 20
-146.7604127327448
 30
0.0
 10
904.3869444899891
 20
-146.7604127327448
 30
0.0
  0
SPLINE
  5
CE
330
C7
100
AcDbEntity
  8
Layer 1
 62
     7
370
     9
100
AcDbSpline
210
0.0
220
0.0
230
1.0
 70
     9
 71
     3
 72
    23
 73
    19
 74
     0
 42
0.0000000001
 43
0.0000000001
 40
0.0
 40
0.0
 40
0.0
 40
0.0
 40
1.0
 40
1.0
 40
1.0
 40
2.0
 40
2.0
 40
2.0
 40
3.0
 40
3.0
 40
3.0
 40
4.0
 40
4.0
 40
4.0
 40
5.0
 40
5.0
 40
5.0
 40
6.0
 40
6.0
 40
6.0
 40
6.0
 10
909.1300029331161
 20
-153.9672392898044
 30
0.0
 10
909.1300029331161
 20
-154.3816413178373
 30
0.0
 10
908.9113215419386
 20
-154.7156015307228
 30
0.0
 10
908.4392801030517
 20
-154.7156015307228
 30
0.0
 10
907.9672386641659
 20
-154.7156015307228
 30
0.0
 10
907.7485572729875
 20
-154.3816413178373
 30
0.0
 10
907.7485572729875
 20
-153.9672392898044
 30
0.0
 10
907.7485572729875
 20
-153.9672392898044
 30
0.0
 10
907.7485572729875
 20
-147.244013723808
 30
0.0
 10
907.7485572729875
 20
-147.244013723808
 30
0.0
 10
907.7485572729875
 20
-146.8294533457454
 30
0.0
 10
907.9672386641659
 20
-146.4956514828896
 30
0.0
 10
908.4392801030517
 20
-146.4956514828896
 30
0.0
 10
908.9113215419386
 20
-146.4956514828896
 30
0.0
 10
909.1300029331161
 20
-146.8294533457454
 30
0.0
 10
909.1300029331161
 20
-147.244013723808
 30
0.0
 10
909.1300029331161
 20
-147.244013723808
 30
0.0
 10
909.1300029331161
 20
-153.9672392898044
 30
0.0
 10
909.1300029331161
 20
-153.9672392898044
 30
0.0
  0
SPLINE
  5
CF
330
C7
100
AcDbEntity
  8
Layer 1
 62
     7
370
     9
100
AcDbSpline
210
0.0
220
0.0
230
1.0
 70
     9
 71
     3
 72
    17
 73
    13
 74
     0
 42
0.0000000001
 43
0.0000000001
 40
0.0
 40
0.0
 40
0.0
 40
0.0
 40
1.0
 40
1.0
 40
1.0
 40
2.0
 40
2.0
 40
2.0
 40
3.0
 40
3.0
 40
3.0
 40
4.0
 40
4.0
 40
4.0
 40
4.0
 10
914.1381393261587
 20
-151.8603921430812
 30
0.0
 10
912.5378539248217
 20
-151.8603921430812
 30
0.0
 10
911.7665309295803
 20
-152.3210323798205
 30
0.0
 10
911.7665309295803
 20
-152.8621144317072
 30
0.0
 10
911.7665309295803
 20
-153.3339975205644
 30
0.0
 10
912.1348530989363
 20
-153.6448386290962
 30
0.0
 10
912.8255759290007
 20
-153.6448386290962
 30
0.0
 10
913.4703772504181
 20
-153.6448386290962
 30
0.0
 10
914.1381393261587
 20
-153.253555705417
 30
0.0
 10
914.1381393261587
 20
-152.5971948318223
 30
0.0
 10
914.1381393261587
 20
-152.5971948318223
 30
0.0
 10
914.1381393261587
 20
-151.8603921430812
 30
0.0
 10
914.1381393261587
 20
-151.8603921430812
 30
0.0
  0
SPLINE
  5
D0
330
C7
100
AcDbEntity
  8
Layer 1
 62
     7
370
     9
100
AcDbSpline
210
0.0
220
0.0
230
1.0
 70
     9
 71
     3
 72
    44
 73
    40
 74
     0
 42
0.0000000001
 43
0.0000000001
 40
0.0
 40
0.0
 40
0.0
 40
0.0
 40
1.0
 40
1.0
 40
1.0
 40
2.0
 40
2.0
 40
2.0
 40
3.0
 40
3.0
 40
3.0
 40
4.0
 40
4.0
 40
4.0
 40
5.0
 40
5.0
 40
5.0
 40
6.0
 40
6.0
 40
6.0
 40
7.0
 40
7.0
 40
7.0
 40
8.0
 40
8.0
 40
8.0
 40
9.0
 40
9.0
 40
9.0
 40
10.0
 40
10.0
 40
10.0
 40
11.0
 40
11.0
 40
11.0
 40
12.0
 40
12.0
 40
12.0
 40
13.0
 40
13.0
 40
13.0
 40
13.0
 10
915.4505443732876
 20
-153.9903583941581
 30
0.0
 10
915.4505443732876
 20
-154.4622414830153
 30
0.0
 10
915.2777844907562
 20
-154.7501218372232
 30
0.0
 10
914.77122274537
 20
-154.7501218372232
 30
0.0
 10
914.3913410238374
 20
-154.7501218372232
 30
0.0
 10
914.218581141306
 20
-154.5198808938684
 30
0.0
 10
914.1840608348056
 20
-154.0823597614818
 30
0.0
 10
913.8157386654505
 20
-154.5428416481923
 30
0.0
 10
913.1940564483858
 20
-154.7501218372232
 30
0.0
 10
912.3996143487907
 20
-154.7501218372232
 30
0.0
 10
911.2368500798403
 20
-154.7501218372232
 30
0.0
 10
910.3849269194208
 20
-154.0362799028051
 30
0.0
 10
910.3849269194208
 20
-152.9311550447079
 30
0.0
 10
910.3849269194208
 20
-151.2733885825476
 30
0.0
 10
912.2385723684663
 20
-150.8243078979846
 30
0.0
 10
913.5854977220956
 20
-150.8243078979846
 30
0.0
 10
913.5854977220956
 20
-150.8243078979846
 30
0.0
 10
914.0689403631283
 20
-150.8243078979846
 30
0.0
 10
914.0689403631283
 20
-150.8243078979846
 30
0.0
 10
914.0689403631283
 20
-150.2371459874203
 30
0.0
 10
913.9192995849514
 20
-150.076104007096
 30
0.0
 10
913.6084584764187
 20
-150.076104007096
 30
0.0
 10
913.6084584764187
 20
-150.076104007096
 30
0.0
 10
911.501769679725
 20
-150.076104007096
 30
0.0
 10
911.501769679725
 20
-150.076104007096
 30
0.0
 10
911.121729608163
 20
-150.076104007096
 30
0.0
 10
910.8224480518074
 20
-149.8803833702415
 30
0.0
 10
910.8224480518074
 20
-149.4544217900323
 30
0.0
 10
910.8224480518074
 20
-149.028460209823
 30
0.0
 10
911.121729608163
 20
-148.8327395729676
 30
0.0
 10
911.501769679725
 20
-148.8327395729676
 30
0.0
 10
911.501769679725
 20
-148.8327395729676
 30
0.0
 10
913.516457109095
 20
-148.8327395729676
 30
0.0
 10
913.516457109095
 20
-148.8327395729676
 30
0.0
 10
914.7367024388696
 20
-148.8327395729676
 30
0.0
 10
915.4505443732876
 20
-149.3738216248552
 30
0.0
 10
915.4505443732876
 20
-150.7897875914843
 30
0.0
 10
915.4505443732876
 20
-150.7897875914843
 30
0.0
 10
915.4505443732876
 20
-153.9903583941581
 30
0.0
 10
915.4505443732876
 20
-153.9903583941581
 30
0.0
  0
SPLINE
  5
D1
330
C7
100
AcDbEntity
  8
Layer 1
 62
     7
370
     9
100
AcDbSpline
210
0.0
220
0.0
230
1.0
 70
     9
 71
     3
 72
    17
 73
    13
 74
     0
 42
0.0000000001
 43
0.0000000001
 40
0.0
 40
0.0
 40
0.0
 40
0.0
 40
1.0
 40
1.0
 40
1.0
 40
2.0
 40
2.0
 40
2.0
 40
3.0
 40
3.0
 40
3.0
 40
4.0
 40
4.0
 40
4.0
 40
4.0
 10
920.7348432183319
 20
-150.0069050440655
 30
0.0
 10
919.4914787842035
 20
-150.0069050440655
 30
0.0
 10
918.2365547978989
 20
-150.835867450161
 30
0.0
 10
918.2365547978989
 20
-152.1137521907897
 30
0.0
 10
918.2365547978989
 20
-152.8389953273544
 30
0.0
 10
918.6970366846084
 20
-153.4377167900951
 30
0.0
 10
919.4799192320273
 20
-153.4377167900951
 30
0.0
 10
919.4799192320273
 20
-153.4377167900951
 30
0.0
 10
920.7348432183319
 20
-153.4377167900951
 30
0.0
 10
920.7348432183319
 20
-153.4377167900951
 30
0.0
 10
920.7348432183319
 20
-153.4377167900951
 30
0.0
 10
920.7348432183319
 20
-150.0069050440655
 30
0.0
 10
920.7348432183319
 20
-150.0069050440655
 30
0.0
  0
SPLINE
  5
D2
330
C7
100
AcDbEntity
  8
Layer 1
 62
     7
370
     9
100
AcDbSpline
210
0.0
220
0.0
230
1.0
 70
     9
 71
     3
 72
    29
 73
    25
 74
     0
 42
0.0000000001
 43
0.0000000001
 40
0.0
 40
0.0
 40
0.0
 40
0.0
 40
1.0
 40
1.0
 40
1.0
 40
2.0
 40
2.0
 40
2.0
 40
3.0
 40
3.0
 40
3.0
 40
4.0
 40
4.0
 40
4.0
 40
5.0
 40
5.0
 40
5.0
 40
6.0
 40
6.0
 40
6.0
 40
7.0
 40
7.0
 40
7.0
 40
8.0
 40
8.0
 40
8.0
 40
8.0
 10
922.1162888784608
 20
-154.0708002093055
 30
0.0
 10
922.1162888784608
 20
-154.4277211765149
 30
0.0
 10
921.966648100283
 20
-154.6810812242225
 30
0.0
 10
921.4255660483964
 20
-154.6810812242225
 30
0.0
 10
921.4255660483964
 20
-154.6810812242225
 30
0.0
 10
919.6411195623813
 20
-154.6810812242225
 30
0.0
 10
919.6411195623813
 20
-154.6810812242225
 30
0.0
 10
917.7299930525125
 20
-154.6810812242225
 30
0.0
 10
916.7859101747396
 20
-153.5067574030948
 30
0.0
 10
916.7859101747396
 20
-152.1253117429661
 30
0.0
 10
916.7859101747396
 20
-150.3983463177754
 30
0.0
 10
918.0869140197211
 20
-148.7635406099381
 30
0.0
 10
920.7348432183319
 20
-148.7635406099381
 30
0.0
 10
920.7348432183319
 20
-148.7635406099381
 30
0.0
 10
920.7348432183319
 20
-147.244013723808
 30
0.0
 10
920.7348432183319
 20
-147.244013723808
 30
0.0
 10
920.7348432183319
 20
-146.8294533457454
 30
0.0
 10
920.9535246095095
 20
-146.4956514828896
 30
0.0
 10
921.4255660483964
 20
-146.4956514828896
 30
0.0
 10
921.8976074872824
 20
-146.4956514828896
 30
0.0
 10
922.1162888784608
 20
-146.8294533457454
 30
0.0
 10
922.1162888784608
 20
-147.244013723808
 30
0.0
 10
922.1162888784608
 20
-147.244013723808
 30
0.0
 10
922.1162888784608
 20
-154.0708002093055
 30
0.0
 10
922.1162888784608
 20
-154.0708002093055
 30
0.0
  0
SPLINE
  5
D3
330
C7
100
AcDbEntity
  8
Layer 1
 62
     7
370
     9
100
AcDbSpline
210
0.0
220
0.0
230
1.0
 70
     9
 71
     3
 72
    17
 73
    13
 74
     0
 42
0.0000000001
 43
0.0000000001
 40
0.0
 40
0.0
 40
0.0
 40
0.0
 40
1.0
 40
1.0
 40
1.0
 40
2.0
 40
2.0
 40
2.0
 40
3.0
 40
3.0
 40
3.0
 40
4.0
 40
4.0
 40
4.0
 40
4.0
 10
927.1358264736498
 20
-150.0069050440655
 30
0.0
 10
925.8924620395216
 20
-150.0069050440655
 30
0.0
 10
924.6375380532168
 20
-150.835867450161
 30
0.0
 10
924.6375380532168
 20
-152.1137521907897
 30
0.0
 10
924.6375380532168
 20
-152.8389953273544
 30
0.0
 10
925.098178289957
 20
-153.4377167900951
 30
0.0
 10
925.8809024873452
 20
-153.4377167900951
 30
0.0
 10
925.8809024873452
 20
-153.4377167900951
 30
0.0
 10
927.1358264736498
 20
-153.4377167900951
 30
0.0
 10
927.1358264736498
 20
-153.4377167900951
 30
0.0
 10
927.1358264736498
 20
-153.4377167900951
 30
0.0
 10
927.1358264736498
 20
-150.0069050440655
 30
0.0
 10
927.1358264736498
 20
-150.0069050440655
 30
0.0
  0
SPLINE
  5
D4
330
C7
100
AcDbEntity
  8
Layer 1
 62
     7
370
     9
100
AcDbSpline
210
0.0
220
0.0
230
1.0
 70
     9
 71
     3
 72
    29
 73
    25
 74
     0
 42
0.0000000001
 43
0.0000000001
 40
0.0
 40
0.0
 40
0.0
 40
0.0
 40
1.0
 40
1.0
 40
1.0
 40
2.0
 40
2.0
 40
2.0
 40
3.0
 40
3.0
 40
3.0
 40
4.0
 40
4.0
 40
4.0
 40
5.0
 40
5.0
 40
5.0
 40
6.0
 40
6.0
 40
6.0
 40
7.0
 40
7.0
 40
7.0
 40
8.0
 40
8.0
 40
8.0
 40
8.0
 10
928.5172721337795
 20
-154.0708002093055
 30
0.0
 10
928.5172721337795
 20
-154.4277211765149
 30
0.0
 10
928.3676313556018
 20
-154.6810812242225
 30
0.0
 10
927.8265493037142
 20
-154.6810812242225
 30
0.0
 10
927.8265493037142
 20
-154.6810812242225
 30
0.0
 10
926.0421028176992
 20
-154.6810812242225
 30
0.0
 10
926.0421028176992
 20
-154.6810812242225
 30
0.0
 10
924.1309763078303
 20
-154.6810812242225
 30
0.0
 10
923.1870517800873
 20
-153.5067574030948
 30
0.0
 10
923.1870517800873
 20
-152.1253117429661
 30
0.0
 10
923.1870517800873
 20
-150.3983463177754
 30
0.0
 10
924.4878972750399
 20
-148.7635406099381
 30
0.0
 10
927.1358264736498
 20
-148.7635406099381
 30
0.0
 10
927.1358264736498
 20
-148.7635406099381
 30
0.0
 10
927.1358264736498
 20
-147.244013723808
 30
0.0
 10
927.1358264736498
 20
-147.244013723808
 30
0.0
 10
927.1358264736498
 20
-146.8294533457454
 30
0.0
 10
927.3545078648282
 20
-146.4956514828896
 30
0.0
 10
927.8265493037142
 20
-146.4956514828896
 30
0.0
 10
928.2985907426011
 20
-146.4956514828896
 30
0.0
 10
928.5172721337795
 20
-146.8294533457454
 30
0.0
 10
928.5172721337795
 20
-147.244013723808
 30
0.0
 10
928.5172721337795
 20
-147.244013723808
 30
0.0
 10
928.5172721337795
 20
-154.0708002093055
 30
0.0
 10
928.5172721337795
 20
-154.0708002093055
 30
0.0
  0
SPLINE
  5
D5
330
C7
100
AcDbEntity
  8
Layer 1
 62
     7
370
     9
100
AcDbSpline
210
0.0
220
0.0
230
1.0
 70
     9
 71
     3
 72
    14
 73
    10
 74
     0
 42
0.0000000001
 43
0.0000000001
 40
0.0
 40
0.0
 40
0.0
 40
0.0
 40
1.0
 40
1.0
 40
1.0
 40
2.0
 40
2.0
 40
2.0
 40
3.0
 40
3.0
 40
3.0
 40
3.0
 10
933.7901697766763
 20
-151.0315880870155
 30
0.0
 10
933.6405289984986
 20
-150.3408652569511
 30
0.0
 10
933.0649266401115
 20
-149.9149036767418
 30
0.0
 10
932.5238445882249
 20
-149.9149036767418
 30
0.0
 10
931.9827625363382
 20
-149.9149036767418
 30
0.0
 10
931.4070018279215
 20
-150.3408652569511
 30
0.0
 10
931.2459598475962
 20
-151.0315880870155
 30
0.0
 10
931.2459598475962
 20
-151.0315880870155
 30
0.0
 10
933.7901697766763
 20
-151.0315880870155
 30
0.0
 10
933.7901697766763
 20
-151.0315880870155
 30
0.0
  0
SPLINE
  5
D6
330
C7
100
AcDbEntity
  8
Layer 1
 62
     7
370
     9
100
AcDbSpline
210
0.0
220
0.0
230
1.0
 70
     9
 71
     3
 72
    35
 73
    31
 74
     0
 42
0.0000000001
 43
0.0000000001
 40
0.0
 40
0.0
 40
0.0
 40
0.0
 40
1.0
 40
1.0
 40
1.0
 40
2.0
 40
2.0
 40
2.0
 40
3.0
 40
3.0
 40
3.0
 40
4.0
 40
4.0
 40
4.0
 40
5.0
 40
5.0
 40
5.0
 40
6.0
 40
6.0
 40
6.0
 40
7.0
 40
7.0
 40
7.0
 40
8.0
 40
8.0
 40
8.0
 40
9.0
 40
9.0
 40
9.0
 40
10.0
 40
10.0
 40
10.0
 40
10.0
 10
932.8346856967568
 20
-154.6810812242225
 30
0.0
 10
930.7853196108569
 20
-154.6810812242225
 30
0.0
 10
929.6341148940829
 20
-153.5528372617725
 30
0.0
 10
929.6341148940829
 20
-151.8374313887573
 30
0.0
 10
929.6341148940829
 20
-150.1106243135963
 30
0.0
 10
930.7623588565338
 20
-148.7635406099381
 30
0.0
 10
932.5238445882249
 20
-148.7635406099381
 30
0.0
 10
934.4463723002412
 20
-148.7635406099381
 30
0.0
 10
935.2408143998355
 20
-150.0414253505659
 30
0.0
 10
935.2408143998355
 20
-151.388509054225
 30
0.0
 10
935.2408143998355
 20
-151.7799503279339
 30
0.0
 10
935.1602142346584
 20
-152.067672332112
 30
0.0
 10
934.6766132435959
 20
-152.067672332112
 30
0.0
 10
934.6766132435959
 20
-152.067672332112
 30
0.0
 10
931.1538001302427
 20
-152.067672332112
 30
0.0
 10
931.1538001302427
 20
-152.067672332112
 30
0.0
 10
931.2459598475962
 20
-153.1498364358863
 30
0.0
 10
932.0633627015153
 20
-153.4377167900951
 30
0.0
 10
933.0304063336111
 20
-153.4377167900951
 30
0.0
 10
933.0304063336111
 20
-153.4377167900951
 30
0.0
 10
934.515412913241
 20
-153.4377167900951
 30
0.0
 10
934.515412913241
 20
-153.4377167900951
 30
0.0
 10
934.8838934326268
 20
-153.4377167900951
 30
0.0
 10
935.1831749889823
 20
-153.6334374269495
 30
0.0
 10
935.1831749889823
 20
-154.0593990071588
 30
0.0
 10
935.1831749889823
 20
-154.485360587368
 30
0.0
 10
934.8838934326268
 20
-154.6810812242225
 30
0.0
 10
934.515412913241
 20
-154.6810812242225
 30
0.0
 10
934.515412913241
 20
-154.6810812242225
 30
0.0
 10
932.8346856967568
 20
-154.6810812242225
 30
0.0
 10
932.8346856967568
 20
-154.6810812242225
 30
0.0
  0
SPLINE
  5
D7
330
C7
100
AcDbEntity
  8
Layer 1
 62
     7
370
     9
100
AcDbSpline
210
0.0
220
0.0
230
1.0
 70
     9
 71
     3
 72
    41
 73
    37
 74
     0
 42
0.0000000001
 43
0.0000000001
 40
0.0
 40
0.0
 40
0.0
 40
0.0
 40
1.0
 40
1.0
 40
1.0
 40
2.0
 40
2.0
 40
2.0
 40
3.0
 40
3.0
 40
3.0
 40
4.0
 40
4.0
 40
4.0
 40
5.0
 40
5.0
 40
5.0
 40
6.0
 40
6.0
 40
6.0
 40
7.0
 40
7.0
 40
7.0
 40
8.0
 40
8.0
 40
8.0
 40
9.0
 40
9.0
 40
9.0
 40
10.0
 40
10.0
 40
10.0
 40
11.0
 40
11.0
 40
11.0
 40
12.0
 40
12.0
 40
12.0
 40
12.0
 10
936.438098975287
 20
-149.4658229921789
 30
0.0
 10
936.438098975287
 20
-148.9937815532929
 30
0.0
 10
936.6683399186417
 20
-148.7635406099381
 30
0.0
 10
937.0713407445279
 20
-148.7635406099381
 30
0.0
 10
937.3245424422059
 20
-148.7635406099381
 30
0.0
 10
937.646943102915
 20
-148.7980609164376
 30
0.0
 10
937.6930229615917
 20
-149.3161822140012
 30
0.0
 10
937.6930229615917
 20
-149.3161822140012
 30
0.0
 10
937.7159837159156
 20
-149.6731031812107
 30
0.0
 10
937.7159837159156
 20
-149.6731031812107
 30
0.0
 10
937.7159837159156
 20
-149.6731031812107
 30
0.0
 10
937.7391028202685
 20
-149.6731031812107
 30
0.0
 10
937.7391028202685
 20
-149.6731031812107
 30
0.0
 10
937.831104187593
 20
-149.0398614119697
 30
0.0
 10
938.2686253199787
 20
-148.7635406099381
 30
0.0
 10
938.9132682913665
 20
-148.7635406099381
 30
0.0
 10
939.4198300367536
 20
-148.7635406099381
 30
0.0
 10
939.6271102257845
 20
-149.0398614119697
 30
0.0
 10
939.6271102257845
 20
-149.4313026856786
 30
0.0
 10
939.6271102257845
 20
-149.8688238180651
 30
0.0
 10
939.327828669429
 20
-150.076104007096
 30
0.0
 10
938.8328264762192
 20
-150.076104007096
 30
0.0
 10
938.1535048483012
 20
-150.076104007096
 30
0.0
 10
937.8197029854455
 20
-150.3522664590977
 30
0.0
 10
937.8197029854455
 20
-151.411469808548
 30
0.0
 10
937.8197029854455
 20
-151.411469808548
 30
0.0
 10
937.8197029854455
 20
-153.932718983305
 30
0.0
 10
937.8197029854455
 20
-153.932718983305
 30
0.0
 10
937.8197029854455
 20
-154.3816413178373
 30
0.0
 10
937.5663429377381
 20
-154.7156015307228
 30
0.0
 10
937.1288218053514
 20
-154.7156015307228
 30
0.0
 10
936.6914590229955
 20
-154.7156015307228
 30
0.0
 10
936.438098975287
 20
-154.3816413178373
 30
0.0
 10
936.438098975287
 20
-153.932718983305
 30
0.0
 10
936.438098975287
 20
-153.932718983305
 30
0.0
 10
936.438098975287
 20
-149.4658229921789
 30
0.0
 10
936.438098975287
 20
-149.4658229921789
 30
0.0
  0
ENDBLK
  5
CA
330
C7
100
AcDbEntity
  8
0
100
AcDbBlockEnd
  0
BLOCK
  5
DA
330
D8
100
AcDbEntity
  8
0
100
AcDbBlockBegin
  2
Block_4
 70
     0
 10
0.0
 20
0.0
 30
0.0
  3
Block_4
  1

  0
SPLINE
  5
DC
330
D8
100
AcDbEntity
  8
Layer 1
 62
     7
370
     9
100
AcDbSpline
210
0.0
220
0.0
230
1.0
 70
    11
 71
     3
 72
    56
 73
    52
 74
     0
 42
0.0000000001
 43
0.0000000001
 40
0.0
 40
0.0
 40
0.0
 40
0.0
 40
1.0
 40
1.0
 40
1.0
 40
2.0
 40
2.0
 40
2.0
 40
3.0
 40
3.0
 40
3.0
 40
4.0
 40
4.0
 40
4.0
 40
5.0
 40
5.0
 40
5.0
 40
6.0
 40
6.0
 40
6.0
 40
7.0
 40
7.0
 40
7.0
 40
8.0
 40
8.0
 40
8.0
 40
9.0
 40
9.0
 40
9.0
 40
10.0
 40
10.0
 40
10.0
 40
11.0
 40
11.0
 40
11.0
 40
12.0
 40
12.0
 40
12.0
 40
13.0
 40
13.0
 40
13.0
 40
14.0
 40
14.0
 40
14.0
 40
15.0
 40
15.0
 40
15.0
 40
16.0
 40
16.0
 40
16.0
 40
17.0
 40
17.0
 40
17.0
 40
17.0
 10
904.4616857040633
 20
-177.43297185845
 30
0.0
 10
904.4616857040633
 20
-177.43297185845
 30
0.0
 10
907.2245770243208
 20
-177.43297185845
 30
0.0
 10
907.2245770243208
 20
-177.43297185845
 30
0.0
 10
907.6160182980297
 20
-177.43297185845
 30
0.0
 10
907.9268594065624
 20
-177.6402520474818
 30
0.0
 10
907.9268594065624
 20
-178.089174382015
 30
0.0
 10
907.9268594065624
 20
-178.5382550665779
 30
0.0
 10
907.6160182980297
 20
-178.745376905579
 30
0.0
 10
907.2245770243208
 20
-178.745376905579
 30
0.0
 10
907.2245770243208
 20
-178.745376905579
 30
0.0
 10
904.4616857040633
 20
-178.745376905579
 30
0.0
 10
904.4616857040633
 20
-178.745376905579
 30
0.0
 10
904.4616857040633
 20
-178.745376905579
 30
0.0
 10
904.4616857040633
 20
-181.738667519222
 30
0.0
 10
904.4616857040633
 20
-181.738667519222
 30
0.0
 10
904.4616857040633
 20
-181.738667519222
 30
0.0
 10
907.3396974959981
 20
-181.738667519222
 30
0.0
 10
907.3396974959981
 20
-181.738667519222
 30
0.0
 10
907.7311387697079
 20
-181.738667519222
 30
0.0
 10
908.0419798782397
 20
-181.9459477082528
 30
0.0
 10
908.0419798782397
 20
-182.394870042786
 30
0.0
 10
908.0419798782397
 20
-182.843950727349
 30
0.0
 10
907.7311387697079
 20
-183.0510725663501
 30
0.0
 10
907.3396974959981
 20
-183.0510725663501
 30
0.0
 10
907.3396974959981
 20
-183.0510725663501
 30
0.0
 10
903.9435644064996
 20
-183.0510725663501
 30
0.0
 10
903.9435644064996
 20
-183.0510725663501
 30
0.0
 10
903.1838009634345
 20
-183.0510725663501
 30
0.0
 10
902.9420004679034
 20
-182.6596312926412
 30
0.0
 10
902.9420004679034
 20
-182.0610681799302
 30
0.0
 10
902.9420004679034
 20
-182.0610681799302
 30
0.0
 10
902.9420004679034
 20
-175.9132866222901
 30
0.0
 10
902.9420004679034
 20
-175.9132866222901
 30
0.0
 10
902.9420004679034
 20
-175.4759238399342
 30
0.0
 10
903.1838009634345
 20
-175.1304040748723
 30
0.0
 10
903.5750838871136
 20
-175.1304040748723
 30
0.0
 10
903.5750838871136
 20
-175.1304040748723
 30
0.0
 10
907.3396974959981
 20
-175.1304040748723
 30
0.0
 10
907.3396974959981
 20
-175.1304040748723
 30
0.0
 10
907.7311387697079
 20
-175.1304040748723
 30
0.0
 10
908.0419798782397
 20
-175.3376842639032
 30
0.0
 10
908.0419798782397
 20
-175.7867649484661
 30
0.0
 10
908.0419798782397
 20
-176.2356872829993
 30
0.0
 10
907.7311387697079
 20
-176.4429674720302
 30
0.0
 10
907.3396974959981
 20
-176.4429674720302
 30
0.0
 10
907.3396974959981
 20
-176.4429674720302
 30
0.0
 10
904.4616857040633
 20
-176.4429674720302
 30
0.0
 10
904.4616857040633
 20
-176.4429674720302
 30
0.0
 10
904.4616857040633
 20
-176.4429674720302
 30
0.0
 10
904.4616857040633
 20
-177.43297185845
 30
0.0
 10
904.4616857040633
 20
-177.43297185845
 30
0.0
  0
SPLINE
  5
DD
330
D8
100
AcDbEntity
  8
Layer 1
 62
     7
370
     9
100
AcDbSpline
210
0.0
220
0.0
230
1.0
 70
     9
 71
     3
 72
    47
 73
    43
 74
     0
 42
0.0000000001
 43
0.0000000001
 40
0.0
 40
0.0
 40
0.0
 40
0.0
 40
1.0
 40
1.0
 40
1.0
 40
2.0
 40
2.0
 40
2.0
 40
3.0
 40
3.0
 40
3.0
 40
4.0
 40
4.0
 40
4.0
 40
5.0
 40
5.0
 40
5.0
 40
6.0
 40
6.0
 40
6.0
 40
7.0
 40
7.0
 40
7.0
 40
8.0
 40
8.0
 40
8.0
 40
9.0
 40
9.0
 40
9.0
 40
10.0
 40
10.0
 40
10.0
 40
11.0
 40
11.0
 40
11.0
 40
12.0
 40
12.0
 40
12.0
 40
13.0
 40
13.0
 40
13.0
 40
14.0
 40
14.0
 40
14.0
 40
14.0
 10
909.2509823558975
 20
-177.8820525430129
 30
0.0
 10
909.2509823558975
 20
-177.4674921649503
 30
0.0
 10
909.469663747075
 20
-177.1336903020954
 30
0.0
 10
909.9417051859619
 20
-177.1336903020954
 30
0.0
 10
910.4137466248479
 20
-177.1336903020954
 30
0.0
 10
910.6324280160263
 20
-177.4674921649503
 30
0.0
 10
910.6324280160263
 20
-177.7553725191592
 30
0.0
 10
911.0929099027359
 20
-177.3178513867726
 30
0.0
 10
911.5533917894454
 20
-177.1336903020954
 30
0.0
 10
912.1866335586865
 20
-177.1336903020954
 30
0.0
 10
913.4299979928147
 20
-177.1336903020954
 30
0.0
 10
914.2358412945567
 20
-178.0316933211907
 30
0.0
 10
914.2358412945567
 20
-179.2058587922886
 30
0.0
 10
914.2358412945567
 20
-179.2058587922886
 30
0.0
 10
914.2358412945567
 20
-182.3373889819627
 30
0.0
 10
914.2358412945567
 20
-182.3373889819627
 30
0.0
 10
914.2358412945567
 20
-182.7517910099946
 30
0.0
 10
914.0171599033783
 20
-183.0855928728504
 30
0.0
 10
913.5451184644923
 20
-183.0855928728504
 30
0.0
 10
913.0730770256054
 20
-183.0855928728504
 30
0.0
 10
912.8543956344278
 20
-182.7517910099946
 30
0.0
 10
912.8543956344278
 20
-182.3373889819627
 30
0.0
 10
912.8543956344278
 20
-182.3373889819627
 30
0.0
 10
912.8543956344278
 20
-179.5743393116745
 30
0.0
 10
912.8543956344278
 20
-179.5743393116745
 30
0.0
 10
912.8543956344278
 20
-178.7684960099327
 30
0.0
 10
912.543554525895
 20
-178.3770547362229
 30
0.0
 10
911.9218723088312
 20
-178.3770547362229
 30
0.0
 10
911.1389897614126
 20
-178.3770547362229
 30
0.0
 10
910.6324280160263
 20
-178.9181367881104
 30
0.0
 10
910.6324280160263
 20
-179.9887413397073
 30
0.0
 10
910.6324280160263
 20
-179.9887413397073
 30
0.0
 10
910.6324280160263
 20
-182.3373889819627
 30
0.0
 10
910.6324280160263
 20
-182.3373889819627
 30
0.0
 10
910.6324280160263
 20
-182.7517910099946
 30
0.0
 10
910.4137466248479
 20
-183.0855928728504
 30
0.0
 10
909.9417051859619
 20
-183.0855928728504
 30
0.0
 10
909.469663747075
 20
-183.0855928728504
 30
0.0
 10
909.2509823558975
 20
-182.7517910099946
 30
0.0
 10
909.2509823558975
 20
-182.3373889819627
 30
0.0
 10
909.2509823558975
 20
-182.3373889819627
 30
0.0
 10
909.2509823558975
 20
-177.8820525430129
 30
0.0
 10
909.2509823558975
 20
-177.8820525430129
 30
0.0
  0
SPLINE
  5
DE
330
D8
100
AcDbEntity
  8
Layer 1
 62
     7
370
     9
100
AcDbSpline
210
0.0
220
0.0
230
1.0
 70
     9
 71
     3
 72
    14
 73
    10
 74
     0
 42
0.0000000001
 43
0.0000000001
 40
0.0
 40
0.0
 40
0.0
 40
0.0
 40
1.0
 40
1.0
 40
1.0
 40
2.0
 40
2.0
 40
2.0
 40
3.0
 40
3.0
 40
3.0
 40
3.0
 10
919.4971793852769
 20
-179.401579429143
 30
0.0
 10
919.3475386070991
 20
-178.7108565990787
 30
0.0
 10
918.7719362487122
 20
-178.2848950188694
 30
0.0
 10
918.2308541968255
 20
-178.2848950188694
 30
0.0
 10
917.6897721449389
 20
-178.2848950188694
 30
0.0
 10
917.1140114365222
 20
-178.7108565990787
 30
0.0
 10
916.9529694561969
 20
-179.401579429143
 30
0.0
 10
916.9529694561969
 20
-179.401579429143
 30
0.0
 10
919.4971793852769
 20
-179.401579429143
 30
0.0
 10
919.4971793852769
 20
-179.401579429143
 30
0.0
  0
SPLINE
  5
DF
330
D8
100
AcDbEntity
  8
Layer 1
 62
     7
370
     9
100
AcDbSpline
210
0.0
220
0.0
230
1.0
 70
     9
 71
     3
 72
    35
 73
    31
 74
     0
 42
0.0000000001
 43
0.0000000001
 40
0.0
 40
0.0
 40
0.0
 40
0.0
 40
1.0
 40
1.0
 40
1.0
 40
2.0
 40
2.0
 40
2.0
 40
3.0
 40
3.0
 40
3.0
 40
4.0
 40
4.0
 40
4.0
 40
5.0
 40
5.0
 40
5.0
 40
6.0
 40
6.0
 40
6.0
 40
7.0
 40
7.0
 40
7.0
 40
8.0
 40
8.0
 40
8.0
 40
9.0
 40
9.0
 40
9.0
 40
10.0
 40
10.0
 40
10.0
 40
10.0
 10
918.5416953053573
 20
-183.0510725663501
 30
0.0
 10
916.4923292194576
 20
-183.0510725663501
 30
0.0
 10
915.3411245026836
 20
-181.9228286039001
 30
0.0
 10
915.3411245026836
 20
-180.2075810809146
 30
0.0
 10
915.3411245026836
 20
-178.4806156557239
 30
0.0
 10
916.4693684651345
 20
-177.1336903020954
 30
0.0
 10
918.2308541968255
 20
-177.1336903020954
 30
0.0
 10
920.1533819088419
 20
-177.1336903020954
 30
0.0
 10
920.9478240084361
 20
-178.4115750427232
 30
0.0
 10
920.9478240084361
 20
-179.7585003963525
 30
0.0
 10
920.9478240084361
 20
-180.1499416700615
 30
0.0
 10
920.867223843259
 20
-180.4378220242703
 30
0.0
 10
920.3836228521966
 20
-180.4378220242703
 30
0.0
 10
920.3836228521966
 20
-180.4378220242703
 30
0.0
 10
916.8608097388435
 20
-180.4378220242703
 30
0.0
 10
916.8608097388435
 20
-180.4378220242703
 30
0.0
 10
916.9529694561969
 20
-181.5199861280436
 30
0.0
 10
917.7703723101158
 20
-181.8077081322226
 30
0.0
 10
918.7374159422118
 20
-181.8077081322226
 30
0.0
 10
918.7374159422118
 20
-181.8077081322226
 30
0.0
 10
920.2224225218415
 20
-181.8077081322226
 30
0.0
 10
920.2224225218415
 20
-181.8077081322226
 30
0.0
 10
920.5909030412275
 20
-181.8077081322226
 30
0.0
 10
920.890184597583
 20
-182.0034287690771
 30
0.0
 10
920.890184597583
 20
-182.4293903492864
 30
0.0
 10
920.890184597583
 20
-182.8553519294956
 30
0.0
 10
920.5909030412275
 20
-183.0510725663501
 30
0.0
 10
920.2224225218415
 20
-183.0510725663501
 30
0.0
 10
920.2224225218415
 20
-183.0510725663501
 30
0.0
 10
918.5416953053573
 20
-183.0510725663501
 30
0.0
 10
918.5416953053573
 20
-183.0510725663501
 30
0.0
  0
SPLINE
  5
E0
330
D8
100
AcDbEntity
  8
Layer 1
 62
     7
370
     9
100
AcDbSpline
210
0.0
220
0.0
230
1.0
 70
     9
 71
     3
 72
    41
 73
    37
 74
     0
 42
0.0000000001
 43
0.0000000001
 40
0.0
 40
0.0
 40
0.0
 40
0.0
 40
1.0
 40
1.0
 40
1.0
 40
2.0
 40
2.0
 40
2.0
 40
3.0
 40
3.0
 40
3.0
 40
4.0
 40
4.0
 40
4.0
 40
5.0
 40
5.0
 40
5.0
 40
6.0
 40
6.0
 40
6.0
 40
7.0
 40
7.0
 40
7.0
 40
8.0
 40
8.0
 40
8.0
 40
9.0
 40
9.0
 40
9.0
 40
10.0
 40
10.0
 40
10.0
 40
11.0
 40
11.0
 40
11.0
 40
12.0
 40
12.0
 40
12.0
 40
12.0
 10
922.1451085838877
 20
-177.8359726843362
 30
0.0
 10
922.1451085838877
 20
-177.3639312454502
 30
0.0
 10
922.3753495272426
 20
-177.1336903020954
 30
0.0
 10
922.7781920030981
 20
-177.1336903020954
 30
0.0
 10
923.0315520508066
 20
-177.1336903020954
 30
0.0
 10
923.3539527115157
 20
-177.1682106085958
 30
0.0
 10
923.3998742201627
 20
-177.6863319061585
 30
0.0
 10
923.3998742201627
 20
-177.6863319061585
 30
0.0
 10
923.4229933245163
 20
-178.0430945233373
 30
0.0
 10
923.4229933245163
 20
-178.0430945233373
 30
0.0
 10
923.4229933245163
 20
-178.0430945233373
 30
0.0
 10
923.4459540788394
 20
-178.0430945233373
 30
0.0
 10
923.4459540788394
 20
-178.0430945233373
 30
0.0
 10
923.5381137961937
 20
-177.410011104127
 30
0.0
 10
923.9756349285794
 20
-177.1336903020954
 30
0.0
 10
924.620277899967
 20
-177.1336903020954
 30
0.0
 10
925.1268396453534
 20
-177.1336903020954
 30
0.0
 10
925.3341198343852
 20
-177.410011104127
 30
0.0
 10
925.3341198343852
 20
-177.8014523778359
 30
0.0
 10
925.3341198343852
 20
-178.2388151601927
 30
0.0
 10
925.0346799279999
 20
-178.4460953492235
 30
0.0
 10
924.5396777347901
 20
-178.4460953492235
 30
0.0
 10
923.8605144569019
 20
-178.4460953492235
 30
0.0
 10
923.5265542440163
 20
-178.7224161512551
 30
0.0
 10
923.5265542440163
 20
-179.7816195007053
 30
0.0
 10
923.5265542440163
 20
-179.7816195007053
 30
0.0
 10
923.5265542440163
 20
-182.3028686754623
 30
0.0
 10
923.5265542440163
 20
-182.3028686754623
 30
0.0
 10
923.5265542440163
 20
-182.7517910099946
 30
0.0
 10
923.2733525463386
 20
-183.0855928728504
 30
0.0
 10
922.8358314139521
 20
-183.0855928728504
 30
0.0
 10
922.3983102815664
 20
-183.0855928728504
 30
0.0
 10
922.1451085838877
 20
-182.7517910099946
 30
0.0
 10
922.1451085838877
 20
-182.3028686754623
 30
0.0
 10
922.1451085838877
 20
-182.3028686754623
 30
0.0
 10
922.1451085838877
 20
-177.8359726843362
 30
0.0
 10
922.1451085838877
 20
-177.8359726843362
 30
0.0
  0
SPLINE
  5
E1
330
D8
100
AcDbEntity
  8
Layer 1
 62
     7
370
     9
100
AcDbSpline
210
0.0
220
0.0
230
1.0
 70
     9
 71
     3
 72
    17
 73
    13
 74
     0
 42
0.0000000001
 43
0.0000000001
 40
0.0
 40
0.0
 40
0.0
 40
0.0
 40
1.0
 40
1.0
 40
1.0
 40
2.0
 40
2.0
 40
2.0
 40
3.0
 40
3.0
 40
3.0
 40
4.0
 40
4.0
 40
4.0
 40
4.0
 10
929.0871738910922
 20
-178.3309748775461
 30
0.0
 10
927.7632092917878
 20
-178.3309748775461
 30
0.0
 10
926.7502441510439
 20
-178.9756178489338
 30
0.0
 10
926.7502441510439
 20
-180.4492232264169
 30
0.0
 10
926.7502441510439
 20
-181.3587857976895
 30
0.0
 10
927.2221272399011
 20
-181.8077081322226
 30
0.0
 10
928.4309713675282
 20
-181.8077081322226
 30
0.0
 10
928.4309713675282
 20
-181.8077081322226
 30
0.0
 10
929.0871738910922
 20
-181.8077081322226
 30
0.0
 10
929.0871738910922
 20
-181.8077081322226
 30
0.0
 10
929.0871738910922
 20
-181.8077081322226
 30
0.0
 10
929.0871738910922
 20
-178.3309748775461
 30
0.0
 10
929.0871738910922
 20
-178.3309748775461
 30
0.0
  0
SPLINE
  5
E2
330
D8
100
AcDbEntity
  8
Layer 1
 62
     7
370
     9
100
AcDbSpline
210
0.0
220
0.0
230
1.0
 70
     9
 71
     3
 72
    53
 73
    49
 74
     0
 42
0.0000000001
 43
0.0000000001
 40
0.0
 40
0.0
 40
0.0
 40
0.0
 40
1.0
 40
1.0
 40
1.0
 40
2.0
 40
2.0
 40
2.0
 40
3.0
 40
3.0
 40
3.0
 40
4.0
 40
4.0
 40
4.0
 40
5.0
 40
5.0
 40
5.0
 40
6.0
 40
6.0
 40
6.0
 40
7.0
 40
7.0
 40
7.0
 40
8.0
 40
8.0
 40
8.0
 40
9.0
 40
9.0
 40
9.0
 40
10.0
 40
10.0
 40
10.0
 40
11.0
 40
11.0
 40
11.0
 40
12.0
 40
12.0
 40
12.0
 40
13.0
 40
13.0
 40
13.0
 40
14.0
 40
14.0
 40
14.0
 40
15.0
 40
15.0
 40
15.0
 40
16.0
 40
16.0
 40
16.0
 40
16.0
 10
927.9589299286422
 20
-183.0510725663501
 30
0.0
 10
926.1515226883032
 20
-183.0510725663501
 30
0.0
 10
925.3686401408854
 20
-181.761628273545
 30
0.0
 10
925.3686401408854
 20
-180.4033017177699
 30
0.0
 10
925.3686401408854
 20
-178.4345357970472
 30
0.0
 10
926.8192847640447
 20
-177.1336903020954
 30
0.0
 10
928.9720534194149
 20
-177.1336903020954
 30
0.0
 10
928.9720534194149
 20
-177.1336903020954
 30
0.0
 10
929.8700564385111
 20
-177.1336903020954
 30
0.0
 10
929.8700564385111
 20
-177.1336903020954
 30
0.0
 10
930.8831799292844
 20
-177.1911713629188
 30
0.0
 10
931.0443802596386
 20
-177.3178513867726
 30
0.0
 10
931.0443802596386
 20
-177.7092926604824
 30
0.0
 10
931.0443802596386
 20
-178.4576549013999
 30
0.0
 10
930.4687779012516
 20
-177.9740539103376
 30
0.0
 10
930.4687779012516
 20
-178.8144175185797
 30
0.0
 10
930.4687779012516
 20
-178.8144175185797
 30
0.0
 10
930.4687779012516
 20
-181.6005862932206
 30
0.0
 10
930.4687779012516
 20
-181.6005862932206
 30
0.0
 10
930.4687779012516
 20
-182.1530695472549
 30
0.0
 10
930.6413794337524
 20
-182.1185492407545
 30
0.0
 10
930.9061406836077
 20
-182.3258294297854
 30
0.0
 10
931.2169817921395
 20
-182.5676299253174
 30
0.0
 10
931.343661815994
 20
-182.9935915055267
 30
0.0
 10
931.343661815994
 20
-183.3734732270592
 30
0.0
 10
931.343661815994
 20
-184.9506395240425
 30
0.0
 10
929.950656603688
 20
-185.6990017649609
 30
0.0
 10
927.7747688439642
 20
-185.6990017649609
 30
0.0
 10
927.1415270747231
 20
-185.6990017649609
 30
0.0
 10
925.2650792213843
 20
-185.4572012694297
 30
0.0
 10
925.2650792213843
 20
-184.5362374960096
 30
0.0
 10
925.2650792213843
 20
-184.179316528801
 30
0.0
 10
925.5068797169156
 20
-183.9951554441229
 30
0.0
 10
925.7830421689183
 20
-183.9951554441229
 30
0.0
 10
926.0479617688032
 20
-183.9951554441229
 30
0.0
 10
926.2666431599807
 20
-184.1102759158004
 30
0.0
 10
926.6004450228365
 20
-184.2253963874777
 30
0.0
 10
927.0150054008992
 20
-184.3750371656555
 30
0.0
 10
927.429407428932
 20
-184.4556373308325
 30
0.0
 10
928.0510896459956
 20
-184.4556373308325
 30
0.0
 10
929.0065737259153
 20
-184.4556373308325
 30
0.0
 10
929.8930171928349
 20
-184.0641960571236
 30
0.0
 10
929.8930171928349
 20
-183.4770341465593
 30
0.0
 10
929.8930171928349
 20
-183.1661930380275
 30
0.0
 10
929.6627762494802
 20
-183.0510725663501
 30
0.0
 10
929.2483742214473
 20
-183.0510725663501
 30
0.0
 10
929.2483742214473
 20
-183.0510725663501
 30
0.0
 10
927.9589299286422
 20
-183.0510725663501
 30
0.0
 10
927.9589299286422
 20
-183.0510725663501
 30
0.0
  0
SPLINE
  5
E3
330
D8
100
AcDbEntity
  8
Layer 1
 62
     7
370
     9
100
AcDbSpline
210
0.0
220
0.0
230
1.0
 70
     9
 71
     3
 72
    44
 73
    40
 74
     0
 42
0.0000000001
 43
0.0000000001
 40
0.0
 40
0.0
 40
0.0
 40
0.0
 40
1.0
 40
1.0
 40
1.0
 40
2.0
 40
2.0
 40
2.0
 40
3.0
 40
3.0
 40
3.0
 40
4.0
 40
4.0
 40
4.0
 40
5.0
 40
5.0
 40
5.0
 40
6.0
 40
6.0
 40
6.0
 40
7.0
 40
7.0
 40
7.0
 40
8.0
 40
8.0
 40
8.0
 40
9.0
 40
9.0
 40
9.0
 40
10.0
 40
10.0
 40
10.0
 40
11.0
 40
11.0
 40
11.0
 40
12.0
 40
12.0
 40
12.0
 40
13.0
 40
13.0
 40
13.0
 40
13.0
 10
933.6923094582495
 20
-182.970472401173
 30
0.0
 10
932.6331061087993
 20
-181.5545064345439
 30
0.0
 10
931.8043020527335
 20
-179.7585003963525
 30
0.0
 10
931.8043020527335
 20
-177.9624943581603
 30
0.0
 10
931.8043020527335
 20
-177.4790517171276
 30
0.0
 10
932.000022689588
 20
-177.1336903020954
 30
0.0
 10
932.4605045762975
 20
-177.1336903020954
 30
0.0
 10
932.8288267456537
 20
-177.1336903020954
 30
0.0
 10
933.082186793362
 20
-177.352371693273
 30
0.0
 10
933.1167070998624
 20
-177.8359726843362
 30
0.0
 10
933.2202680193626
 20
-179.1599372836416
 30
0.0
 10
933.600149740895
 20
-180.6219831089474
 30
0.0
 10
934.3600715339899
 20
-181.7271079670447
 30
0.0
 10
935.0507943640542
 20
-180.5759032502707
 30
0.0
 10
935.4422356377641
 20
-178.9987369532875
 30
0.0
 10
935.6263967224421
 20
-177.6863319061585
 30
0.0
 10
935.6724765811188
 20
-177.352371693273
 30
0.0
 10
935.9372378309741
 20
-177.1336903020954
 30
0.0
 10
936.2825992460063
 20
-177.1336903020954
 30
0.0
 10
936.6279606610383
 20
-177.1336903020954
 30
0.0
 10
936.9503613217466
 20
-177.3754907976266
 30
0.0
 10
936.9503613217466
 20
-177.8704929908365
 30
0.0
 10
936.9503613217466
 20
-179.2634982031426
 30
0.0
 10
935.3845962269101
 20
-182.7633505621719
 30
0.0
 10
934.5097123121675
 20
-184.0296757506233
 30
0.0
 10
934.5097123121675
 20
-184.0296757506233
 30
0.0
 10
933.9225504016042
 20
-184.8815989110418
 30
0.0
 10
933.9225504016042
 20
-184.8815989110418
 30
0.0
 10
933.7268297647497
 20
-185.1694792652506
 30
0.0
 10
933.5197079257477
 20
-185.4917215759291
 30
0.0
 10
933.1282666520388
 20
-185.4917215759291
 30
0.0
 10
932.7482265804766
 20
-185.4917215759291
 30
0.0
 10
932.4720641284748
 20
-185.2154007738976
 30
0.0
 10
932.4720641284748
 20
-184.8586381567187
 30
0.0
 10
932.4720641284748
 20
-184.5823173546872
 30
0.0
 10
932.6101453544751
 20
-184.4440777786562
 30
0.0
 10
932.7482265804766
 20
-184.2599166939781
 30
0.0
 10
932.7482265804766
 20
-184.2599166939781
 30
0.0
 10
933.6923094582495
 20
-182.970472401173
 30
0.0
 10
933.6923094582495
 20
-182.970472401173
 30
0.0
  0
ENDBLK
  5
DB
330
D8
100
AcDbEntity
  8
0
100
AcDbBlockEnd
  0
BLOCK
  5
E6
330
E4
100
AcDbEntity
  8
0
100
AcDbBlockBegin
  2
Block_5
 70
     0
 10
0.0
 20
0.0
 30
0.0
  3
Block_5
  1

  0
SPLINE
  5
E8
330
E4
100
AcDbEntity
  8
Layer 1
 62
     7
370
     9
100
AcDbSpline
210
0.0
220
0.0
230
1.0
 70
     9
 71
     3
 72
    47
 73
    43
 74
     0
 42
0.0000000001
 43
0.0000000001
 40
0.0
 40
0.0
 40
0.0
 40
0.0
 40
1.0
 40
1.0
 40
1.0
 40
2.0
 40
2.0
 40
2.0
 40
3.0
 40
3.0
 40
3.0
 40
4.0
 40
4.0
 40
4.0
 40
5.0
 40
5.0
 40
5.0
 40
6.0
 40
6.0
 40
6.0
 40
7.0
 40
7.0
 40
7.0
 40
8.0
 40
8.0
 40
8.0
 40
9.0
 40
9.0
 40
9.0
 40
10.0
 40
10.0
 40
10.0
 40
11.0
 40
11.0
 40
11.0
 40
12.0
 40
12.0
 40
12.0
 40
13.0
 40
13.0
 40
13.0
 40
14.0
 40
14.0
 40
14.0
 40
14.0
 10
1040.791243675199
 20
-119.7720254007757
 30
0.0
 10
1040.434322707989
 20
-119.7720254007757
 30
0.0
 10
1040.238602071134
 20
-119.9332257311307
 30
0.0
 10
1040.238602071134
 20
-120.2325864625006
 30
0.0
 10
1040.238602071134
 20
-121.2801510847592
 30
0.0
 10
1044.87825794479
 20
-120.3131074526632
 30
0.0
 10
1044.87825794479
 20
-123.525158632499
 30
0.0
 10
1044.87825794479
 20
-124.9757240806429
 30
0.0
 10
1043.78453428884
 20
-126.3111690571103
 30
0.0
 10
1041.815926718147
 20
-126.3111690571103
 30
0.0
 10
1041.815926718147
 20
-126.3111690571103
 30
0.0
 10
1039.340599052039
 20
-126.3111690571103
 30
0.0
 10
1039.340599052039
 20
-126.3111690571103
 30
0.0
 10
1038.926197024006
 20
-126.3111690571103
 30
0.0
 10
1038.592395161151
 20
-126.0924084909174
 30
0.0
 10
1038.592395161151
 20
-125.6204462270459
 30
0.0
 10
1038.592395161151
 20
-125.148404788159
 30
0.0
 10
1038.926197024006
 20
-124.9296442219662
 30
0.0
 10
1039.340599052039
 20
-124.9296442219662
 30
0.0
 10
1039.340599052039
 20
-124.9296442219662
 30
0.0
 10
1041.228764807584
 20
-124.9296442219662
 30
0.0
 10
1041.228764807584
 20
-124.9296442219662
 30
0.0
 10
1042.72533093939
 20
-124.9296442219662
 30
0.0
 10
1043.358572708632
 20
-124.5612428775956
 30
0.0
 10
1043.358572708632
 20
-123.5827188683377
 30
0.0
 10
1043.358572708632
 20
-121.4758717216136
 30
0.0
 10
1038.718916834975
 20
-123.1567572881276
 30
0.0
 10
1038.718916834975
 20
-120.2555472168245
 30
0.0
 10
1038.718916834975
 20
-119.0582626413729
 30
0.0
 10
1039.628479406247
 20
-118.3905005656316
 30
0.0
 10
1041.06756447723
 20
-118.3905005656316
 30
0.0
 10
1041.06756447723
 20
-118.3905005656316
 30
0.0
 10
1043.450574075954
 20
-118.3905005656316
 30
0.0
 10
1043.450574075954
 20
-118.3905005656316
 30
0.0
 10
1043.865134454018
 20
-118.3905005656316
 30
0.0
 10
1044.198936316873
 20
-118.6092611318253
 30
0.0
 10
1044.198936316873
 20
-119.0813025707113
 30
0.0
 10
1044.198936316873
 20
-119.5533440095982
 30
0.0
 10
1043.865134454018
 20
-119.7720254007757
 30
0.0
 10
1043.450574075954
 20
-119.7720254007757
 30
0.0
 10
1043.450574075954
 20
-119.7720254007757
 30
0.0
 10
1040.791243675199
 20
-119.7720254007757
 30
0.0
 10
1040.791243675199
 20
-119.7720254007757
 30
0.0
  0
SPLINE
  5
E9
330
E4
100
AcDbEntity
  8
Layer 1
 62
     7
370
     9
100
AcDbSpline
210
0.0
220
0.0
230
1.0
 70
     9
 71
     3
 72
    17
 73
    13
 74
     0
 42
0.0000000001
 43
0.0000000001
 40
0.0
 40
0.0
 40
0.0
 40
0.0
 40
1.0
 40
1.0
 40
1.0
 40
2.0
 40
2.0
 40
2.0
 40
3.0
 40
3.0
 40
3.0
 40
4.0
 40
4.0
 40
4.0
 40
4.0
 10
1048.516191529821
 20
-121.6370720519677
 30
0.0
 10
1047.572108652049
 20
-121.6370720519677
 30
0.0
 10
1047.134587519662
 20
-122.4659552830488
 30
0.0
 10
1047.134587519662
 20
-123.3869982314824
 30
0.0
 10
1047.134587519662
 20
-124.3079620049025
 30
0.0
 10
1047.572108652049
 20
-125.1369244109979
 30
0.0
 10
1048.516191529821
 20
-125.1369244109979
 30
0.0
 10
1049.460116057564
 20
-125.1369244109979
 30
0.0
 10
1049.89763718995
 20
-124.3079620049025
 30
0.0
 10
1049.89763718995
 20
-123.3869982314824
 30
0.0
 10
1049.89763718995
 20
-122.4659552830488
 30
0.0
 10
1049.460116057564
 20
-121.6370720519677
 30
0.0
 10
1048.516191529821
 20
-121.6370720519677
 30
0.0
  0
SPLINE
  5
EA
330
E4
100
AcDbEntity
  8
Layer 1
 62
     7
370
     9
100
AcDbSpline
210
0.0
220
0.0
230
1.0
 70
     9
 71
     3
 72
    17
 73
    13
 74
     0
 42
0.0000000001
 43
0.0000000001
 40
0.0
 40
0.0
 40
0.0
 40
0.0
 40
1.0
 40
1.0
 40
1.0
 40
2.0
 40
2.0
 40
2.0
 40
3.0
 40
3.0
 40
3.0
 40
4.0
 40
4.0
 40
4.0
 40
4.0
 10
1048.516191529821
 20
-126.3802096701109
 30
0.0
 10
1046.720185491631
 20
-126.3802096701109
 30
0.0
 10
1045.684101246532
 20
-125.0678046229819
 30
0.0
 10
1045.684101246532
 20
-123.3869982314824
 30
0.0
 10
1045.684101246532
 20
-121.7061918399837
 30
0.0
 10
1046.720185491631
 20
-120.3937076178403
 30
0.0
 10
1048.516191529821
 20
-120.3937076178403
 30
0.0
 10
1050.312039217983
 20
-120.3937076178403
 30
0.0
 10
1051.34828181311
 20
-121.7061918399837
 30
0.0
 10
1051.34828181311
 20
-123.3869982314824
 30
0.0
 10
1051.34828181311
 20
-125.0678046229819
 30
0.0
 10
1050.312039217983
 20
-126.3802096701109
 30
0.0
 10
1048.516191529821
 20
-126.3802096701109
 30
0.0
  0
SPLINE
  5
EB
330
E4
100
AcDbEntity
  8
Layer 1
 62
     7
370
     9
100
AcDbSpline
210
0.0
220
0.0
230
1.0
 70
     9
 71
     3
 72
    35
 73
    31
 74
     0
 42
0.0000000001
 43
0.0000000001
 40
0.0
 40
0.0
 40
0.0
 40
0.0
 40
1.0
 40
1.0
 40
1.0
 40
2.0
 40
2.0
 40
2.0
 40
3.0
 40
3.0
 40
3.0
 40
4.0
 40
4.0
 40
4.0
 40
5.0
 40
5.0
 40
5.0
 40
6.0
 40
6.0
 40
6.0
 40
7.0
 40
7.0
 40
7.0
 40
8.0
 40
8.0
 40
8.0
 40
9.0
 40
9.0
 40
9.0
 40
10.0
 40
10.0
 40
10.0
 40
10.0
 10
1056.586500799478
 20
-120.4628274058554
 30
0.0
 10
1056.977942073186
 20
-120.4628274058554
 30
0.0
 10
1057.288783181719
 20
-120.6700284198718
 30
0.0
 10
1057.288783181719
 20
-121.1190299294194
 30
0.0
 10
1057.288783181719
 20
-121.5680314389679
 30
0.0
 10
1056.977942073186
 20
-121.7752324529844
 30
0.0
 10
1056.586500799478
 20
-121.7752324529844
 30
0.0
 10
1056.586500799478
 20
-121.7752324529844
 30
0.0
 10
1054.848134172139
 20
-121.7752324529844
 30
0.0
 10
1054.848134172139
 20
-121.7752324529844
 30
0.0
 10
1054.042290870397
 20
-121.7752324529844
 30
0.0
 10
1053.604769738012
 20
-122.3508348113714
 30
0.0
 10
1053.604769738012
 20
-122.9494770990967
 30
0.0
 10
1053.604769738012
 20
-124.3310019342408
 30
0.0
 10
1054.721454148284
 20
-124.9987640099812
 30
0.0
 10
1056.264100138768
 20
-124.9987640099812
 30
0.0
 10
1057.219742568719
 20
-124.9987640099812
 30
0.0
 10
1057.449983512073
 20
-125.148404788159
 30
0.0
 10
1057.449983512073
 20
-125.6664469107073
 30
0.0
 10
1057.449983512073
 20
-126.1154484202558
 30
0.0
 10
1057.150701955718
 20
-126.3111690571103
 30
0.0
 10
1056.068537851943
 20
-126.3111690571103
 30
0.0
 10
1053.282369077302
 20
-126.3111690571103
 30
0.0
 10
1052.085084501851
 20
-124.5382029482573
 30
0.0
 10
1052.085084501851
 20
-122.9840765806115
 30
0.0
 10
1052.085084501851
 20
-121.6140321226294
 30
0.0
 10
1053.052128133947
 20
-120.4628274058554
 30
0.0
 10
1054.571813370108
 20
-120.4628274058554
 30
0.0
 10
1054.571813370108
 20
-120.4628274058554
 30
0.0
 10
1056.586500799478
 20
-120.4628274058554
 30
0.0
 10
1056.586500799478
 20
-120.4628274058554
 30
0.0
  0
SPLINE
  5
EC
330
E4
100
AcDbEntity
  8
Layer 1
 62
     7
370
     9
100
AcDbSpline
210
0.0
220
0.0
230
1.0
 70
     9
 71
     3
 72
    23
 73
    19
 74
     0
 42
0.0000000001
 43
0.0000000001
 40
0.0
 40
0.0
 40
0.0
 40
0.0
 40
1.0
 40
1.0
 40
1.0
 40
2.0
 40
2.0
 40
2.0
 40
3.0
 40
3.0
 40
3.0
 40
4.0
 40
4.0
 40
4.0
 40
5.0
 40
5.0
 40
5.0
 40
6.0
 40
6.0
 40
6.0
 40
6.0
 10
1059.764110847827
 20
-125.5974062977075
 30
0.0
 10
1059.764110847827
 20
-126.0118083257404
 30
0.0
 10
1059.545271106619
 20
-126.3456893636106
 30
0.0
 10
1059.073229667734
 20
-126.3456893636106
 30
0.0
 10
1058.601346578876
 20
-126.3456893636106
 30
0.0
 10
1058.38250683767
 20
-126.0118083257404
 30
0.0
 10
1058.38250683767
 20
-125.5974062977075
 30
0.0
 10
1058.38250683767
 20
-125.5974062977075
 30
0.0
 10
1058.38250683767
 20
-121.1420698587578
 30
0.0
 10
1058.38250683767
 20
-121.1420698587578
 30
0.0
 10
1058.38250683767
 20
-120.7275886557105
 30
0.0
 10
1058.601346578876
 20
-120.3937076178403
 30
0.0
 10
1059.073229667734
 20
-120.3937076178403
 30
0.0
 10
1059.545271106619
 20
-120.3937076178403
 30
0.0
 10
1059.764110847827
 20
-120.7275886557105
 30
0.0
 10
1059.764110847827
 20
-121.1420698587578
 30
0.0
 10
1059.764110847827
 20
-121.1420698587578
 30
0.0
 10
1059.764110847827
 20
-125.5974062977075
 30
0.0
 10
1059.764110847827
 20
-125.5974062977075
 30
0.0
  0
SPLINE
  5
ED
330
E4
100
AcDbEntity
  8
Layer 1
 62
     7
370
     9
100
AcDbSpline
210
0.0
220
0.0
230
1.0
 70
    11
 71
     3
 72
    17
 73
    13
 74
     0
 42
0.0000000001
 43
0.0000000001
 40
0.0
 40
0.0
 40
0.0
 40
0.0
 40
1.0
 40
1.0
 40
1.0
 40
2.0
 40
2.0
 40
2.0
 40
3.0
 40
3.0
 40
3.0
 40
4.0
 40
4.0
 40
4.0
 40
4.0
 10
1059.833151460828
 20
-118.9431421696955
 30
0.0
 10
1059.833151460828
 20
-119.4957837737595
 30
0.0
 10
1059.499349597973
 20
-119.7950653301141
 30
0.0
 10
1059.073229667734
 20
-119.7950653301141
 30
0.0
 10
1058.647268087524
 20
-119.7950653301141
 30
0.0
 10
1058.313466224667
 20
-119.4957837737595
 30
0.0
 10
1058.313466224667
 20
-118.9431421696955
 30
0.0
 10
1058.313466224667
 20
-118.3905005656316
 30
0.0
 10
1058.647268087524
 20
-118.091219009277
 30
0.0
 10
1059.073229667734
 20
-118.091219009277
 30
0.0
 10
1059.499349597973
 20
-118.091219009277
 30
0.0
 10
1059.833151460828
 20
-118.3905005656316
 30
0.0
 10
1059.833151460828
 20
-118.9431421696955
 30
0.0
  0
SPLINE
  5
EE
330
E4
100
AcDbEntity
  8
Layer 1
 62
     7
370
     9
100
AcDbSpline
210
0.0
220
0.0
230
1.0
 70
     9
 71
     3
 72
    17
 73
    13
 74
     0
 42
0.0000000001
 43
0.0000000001
 40
0.0
 40
0.0
 40
0.0
 40
0.0
 40
1.0
 40
1.0
 40
1.0
 40
2.0
 40
2.0
 40
2.0
 40
3.0
 40
3.0
 40
3.0
 40
4.0
 40
4.0
 40
4.0
 40
4.0
 10
1064.77208889084
 20
-123.4905591509834
 30
0.0
 10
1063.171803489503
 20
-123.4905591509834
 30
0.0
 10
1062.400480494261
 20
-123.9511202127083
 30
0.0
 10
1062.400480494261
 20
-124.4922022645949
 30
0.0
 10
1062.400480494261
 20
-124.9641645284665
 30
0.0
 10
1062.768802663617
 20
-125.2750056369984
 30
0.0
 10
1063.459525493682
 20
-125.2750056369984
 30
0.0
 10
1064.1043268151
 20
-125.2750056369984
 30
0.0
 10
1064.77208889084
 20
-124.8836435383039
 30
0.0
 10
1064.77208889084
 20
-124.2273618397254
 30
0.0
 10
1064.77208889084
 20
-124.2273618397254
 30
0.0
 10
1064.77208889084
 20
-123.4905591509834
 30
0.0
 10
1064.77208889084
 20
-123.4905591509834
 30
0.0
  0
SPLINE
  5
EF
330
E4
100
AcDbEntity
  8
Layer 1
 62
     7
370
     9
100
AcDbSpline
210
0.0
220
0.0
230
1.0
 70
     9
 71
     3
 72
    44
 73
    40
 74
     0
 42
0.0000000001
 43
0.0000000001
 40
0.0
 40
0.0
 40
0.0
 40
0.0
 40
1.0
 40
1.0
 40
1.0
 40
2.0
 40
2.0
 40
2.0
 40
3.0
 40
3.0
 40
3.0
 40
4.0
 40
4.0
 40
4.0
 40
5.0
 40
5.0
 40
5.0
 40
6.0
 40
6.0
 40
6.0
 40
7.0
 40
7.0
 40
7.0
 40
8.0
 40
8.0
 40
8.0
 40
9.0
 40
9.0
 40
9.0
 40
10.0
 40
10.0
 40
10.0
 40
11.0
 40
11.0
 40
11.0
 40
12.0
 40
12.0
 40
12.0
 40
13.0
 40
13.0
 40
13.0
 40
13.0
 10
1066.084493937968
 20
-125.6204462270459
 30
0.0
 10
1066.084493937968
 20
-126.0924084909174
 30
0.0
 10
1065.911734055437
 20
-126.3802096701109
 30
0.0
 10
1065.405172310051
 20
-126.3802096701109
 30
0.0
 10
1065.025290588519
 20
-126.3802096701109
 30
0.0
 10
1064.852530705987
 20
-126.1499687267561
 30
0.0
 10
1064.818010399488
 20
-125.7125267693849
 30
0.0
 10
1064.449688230132
 20
-126.1730086560945
 30
0.0
 10
1063.828006013068
 20
-126.3802096701109
 30
0.0
 10
1063.033563913473
 20
-126.3802096701109
 30
0.0
 10
1061.870799644522
 20
-126.3802096701109
 30
0.0
 10
1061.018876484103
 20
-125.6664469107073
 30
0.0
 10
1061.018876484103
 20
-124.5612428775956
 30
0.0
 10
1061.018876484103
 20
-122.9034764154344
 30
0.0
 10
1062.872521933148
 20
-122.4544749058868
 30
0.0
 10
1064.219447286777
 20
-122.4544749058868
 30
0.0
 10
1064.219447286777
 20
-122.4544749058868
 30
0.0
 10
1064.702889927809
 20
-122.4544749058868
 30
0.0
 10
1064.702889927809
 20
-122.4544749058868
 30
0.0
 10
1064.702889927809
 20
-121.8673129953234
 30
0.0
 10
1064.553249149632
 20
-121.7061918399837
 30
0.0
 10
1064.242408041099
 20
-121.7061918399837
 30
0.0
 10
1064.242408041099
 20
-121.7061918399837
 30
0.0
 10
1062.135719244406
 20
-121.7061918399837
 30
0.0
 10
1062.135719244406
 20
-121.7061918399837
 30
0.0
 10
1061.755679172844
 20
-121.7061918399837
 30
0.0
 10
1061.456397616489
 20
-121.5104712031292
 30
0.0
 10
1061.456397616489
 20
-121.0845096229191
 30
0.0
 10
1061.456397616489
 20
-120.6585480427099
 30
0.0
 10
1061.755679172844
 20
-120.4628274058554
 30
0.0
 10
1062.135719244406
 20
-120.4628274058554
 30
0.0
 10
1062.135719244406
 20
-120.4628274058554
 30
0.0
 10
1064.150406673777
 20
-120.4628274058554
 30
0.0
 10
1064.150406673777
 20
-120.4628274058554
 30
0.0
 10
1065.370652003551
 20
-120.4628274058554
 30
0.0
 10
1066.084493937968
 20
-121.003909457742
 30
0.0
 10
1066.084493937968
 20
-122.4199545993865
 30
0.0
 10
1066.084493937968
 20
-122.4199545993865
 30
0.0
 10
1066.084493937968
 20
-125.6204462270459
 30
0.0
 10
1066.084493937968
 20
-125.6204462270459
 30
0.0
  0
SPLINE
  5
F0
330
E4
100
AcDbEntity
  8
Layer 1
 62
     7
370
     9
100
AcDbSpline
210
0.0
220
0.0
230
1.0
 70
     9
 71
     3
 72
    23
 73
    19
 74
     0
 42
0.0000000001
 43
0.0000000001
 40
0.0
 40
0.0
 40
0.0
 40
0.0
 40
1.0
 40
1.0
 40
1.0
 40
2.0
 40
2.0
 40
2.0
 40
3.0
 40
3.0
 40
3.0
 40
4.0
 40
4.0
 40
4.0
 40
5.0
 40
5.0
 40
5.0
 40
6.0
 40
6.0
 40
6.0
 40
6.0
 10
1069.36566490582
 20
-125.5974062977075
 30
0.0
 10
1069.36566490582
 20
-126.0118083257404
 30
0.0
 10
1069.146825164612
 20
-126.3456893636106
 30
0.0
 10
1068.674783725725
 20
-126.3456893636106
 30
0.0
 10
1068.202900636869
 20
-126.3456893636106
 30
0.0
 10
1067.984060895661
 20
-126.0118083257404
 30
0.0
 10
1067.984060895661
 20
-125.5974062977075
 30
0.0
 10
1067.984060895661
 20
-125.5974062977075
 30
0.0
 10
1067.984060895661
 20
-118.8741015566949
 30
0.0
 10
1067.984060895661
 20
-118.8741015566949
 30
0.0
 10
1067.984060895661
 20
-118.4596203536476
 30
0.0
 10
1068.202900636869
 20
-118.1257393157774
 30
0.0
 10
1068.674783725725
 20
-118.1257393157774
 30
0.0
 10
1069.146825164612
 20
-118.1257393157774
 30
0.0
 10
1069.36566490582
 20
-118.4596203536476
 30
0.0
 10
1069.36566490582
 20
-118.8741015566949
 30
0.0
 10
1069.36566490582
 20
-118.8741015566949
 30
0.0
 10
1069.36566490582
 20
-125.5974062977075
 30
0.0
 10
1069.36566490582
 20
-125.5974062977075
 30
0.0
  0
ENDBLK
  5
E7
330
E4
100
AcDbEntity
  8
0
100
AcDbBlockEnd
  0
BLOCK
  5
F3
330
F1
100
AcDbEntity
  8
0
100
AcDbBlockBegin
  2
Block_6
 70
     0
 10
0.0
 20
0.0
 30
0.0
  3
Block_6
  1

  0
SPLINE
  5
F5
330
F1
100
AcDbEntity
  8
Layer 1
 62
     7
370
     9
100
AcDbSpline
210
0.0
220
0.0
230
1.0
 70
     9
 71
     3
 72
    47
 73
    43
 74
     0
 42
0.0000000001
 43
0.0000000001
 40
0.0
 40
0.0
 40
0.0
 40
0.0
 40
1.0
 40
1.0
 40
1.0
 40
2.0
 40
2.0
 40
2.0
 40
3.0
 40
3.0
 40
3.0
 40
4.0
 40
4.0
 40
4.0
 40
5.0
 40
5.0
 40
5.0
 40
6.0
 40
6.0
 40
6.0
 40
7.0
 40
7.0
 40
7.0
 40
8.0
 40
8.0
 40
8.0
 40
9.0
 40
9.0
 40
9.0
 40
10.0
 40
10.0
 40
10.0
 40
11.0
 40
11.0
 40
11.0
 40
12.0
 40
12.0
 40
12.0
 40
13.0
 40
13.0
 40
13.0
 40
14.0
 40
14.0
 40
14.0
 40
14.0
 10
1047.313206353296
 20
-97.07785335241664
 30
0.0
 10
1047.313206353296
 20
-97.63041578146527
 30
0.0
 10
1047.117485716443
 20
-97.97577719649746
 30
0.0
 10
1046.553284560202
 20
-97.97577719649746
 30
0.0
 10
1045.989241753991
 20
-97.97577719649746
 30
0.0
 10
1045.793521117137
 20
-97.63041578146527
 30
0.0
 10
1045.793521117137
 20
-97.07785335241664
 30
0.0
 10
1045.793521117137
 20
-97.07785335241664
 30
0.0
 10
1045.793521117137
 20
-90.80347094593809
 30
0.0
 10
1045.793521117137
 20
-90.80347094593809
 30
0.0
 10
1045.793521117137
 20
-90.36602898856688
 30
0.0
 10
1046.035321612667
 20
-90.02058839851937
 30
0.0
 10
1046.426604536348
 20
-90.02058839851937
 30
0.0
 10
1046.426604536348
 20
-90.02058839851937
 30
0.0
 10
1049.938016447554
 20
-90.02058839851937
 30
0.0
 10
1049.938016447554
 20
-90.02058839851937
 30
0.0
 10
1050.329457721263
 20
-90.02058839851937
 30
0.0
 10
1050.640298829796
 20
-90.22786858755111
 30
0.0
 10
1050.640298829796
 20
-90.67687009709873
 30
0.0
 10
1050.640298829796
 20
-91.12587160664636
 30
0.0
 10
1050.329457721263
 20
-91.33307262066278
 30
0.0
 10
1049.938016447554
 20
-91.33307262066278
 30
0.0
 10
1049.938016447554
 20
-91.33307262066278
 30
0.0
 10
1047.313206353296
 20
-91.33307262066278
 30
0.0
 10
1047.313206353296
 20
-91.33307262066278
 30
0.0
 10
1047.313206353296
 20
-91.33307262066278
 30
0.0
 10
1047.313206353296
 20
-92.32315618209796
 30
0.0
 10
1047.313206353296
 20
-92.32315618209796
 30
0.0
 10
1047.313206353296
 20
-92.32315618209796
 30
0.0
 10
1049.822895975877
 20
-92.32315618209796
 30
0.0
 10
1049.822895975877
 20
-92.32315618209796
 30
0.0
 10
1050.214337249586
 20
-92.32315618209796
 30
0.0
 10
1050.525178358118
 20
-92.53035719611439
 30
0.0
 10
1050.525178358118
 20
-92.97935870566201
 30
0.0
 10
1050.525178358118
 20
-93.42836021520962
 30
0.0
 10
1050.214337249586
 20
-93.63556122922606
 30
0.0
 10
1049.822895975877
 20
-93.63556122922606
 30
0.0
 10
1049.822895975877
 20
-93.63556122922606
 30
0.0
 10
1047.313206353296
 20
-93.63556122922606
 30
0.0
 10
1047.313206353296
 20
-93.63556122922606
 30
0.0
 10
1047.313206353296
 20
-93.63556122922606
 30
0.0
 10
1047.313206353296
 20
-97.07785335241664
 30
0.0
 10
1047.313206353296
 20
-97.07785335241664
 30
0.0
  0
SPLINE
  5
F6
330
F1
100
AcDbEntity
  8
Layer 1
 62
     7
370
     9
100
AcDbSpline
210
0.0
220
0.0
230
1.0
 70
     9
 71
     3
 72
    47
 73
    43
 74
     0
 42
0.0000000001
 43
0.0000000001
 40
0.0
 40
0.0
 40
0.0
 40
0.0
 40
1.0
 40
1.0
 40
1.0
 40
2.0
 40
2.0
 40
2.0
 40
3.0
 40
3.0
 40
3.0
 40
4.0
 40
4.0
 40
4.0
 40
5.0
 40
5.0
 40
5.0
 40
6.0
 40
6.0
 40
6.0
 40
7.0
 40
7.0
 40
7.0
 40
8.0
 40
8.0
 40
8.0
 40
9.0
 40
9.0
 40
9.0
 40
10.0
 40
10.0
 40
10.0
 40
11.0
 40
11.0
 40
11.0
 40
12.0
 40
12.0
 40
12.0
 40
13.0
 40
13.0
 40
13.0
 40
14.0
 40
14.0
 40
14.0
 40
14.0
 10
1056.442718972404
 20
-97.2620144370947
 30
0.0
 10
1056.442718972404
 20
-97.67649564014291
 30
0.0
 10
1056.223879231194
 20
-98.01029750299779
 30
0.0
 10
1055.751837792309
 20
-98.01029750299779
 30
0.0
 10
1055.279954703452
 20
-98.01029750299779
 30
0.0
 10
1055.061114962244
 20
-97.67649564014291
 30
0.0
 10
1055.061114962244
 20
-97.38861528593409
 30
0.0
 10
1054.600633075535
 20
-97.82613641831972
 30
0.0
 10
1054.140151188825
 20
-98.01029750299779
 30
0.0
 10
1053.506909419584
 20
-98.01029750299779
 30
0.0
 10
1052.263544985457
 20
-98.01029750299779
 30
0.0
 10
1051.457701683713
 20
-97.11237365891697
 30
0.0
 10
1051.457701683713
 20
-95.93804983778932
 30
0.0
 10
1051.457701683713
 20
-95.93804983778932
 30
0.0
 10
1051.457701683713
 20
-92.77215769164557
 30
0.0
 10
1051.457701683713
 20
-92.77215769164557
 30
0.0
 10
1051.457701683713
 20
-92.35767648859829
 30
0.0
 10
1051.676541424921
 20
-92.02379545072716
 30
0.0
 10
1052.148424513777
 20
-92.02379545072716
 30
0.0
 10
1052.620465952664
 20
-92.02379545072716
 30
0.0
 10
1052.839305693873
 20
-92.35767648859829
 30
0.0
 10
1052.839305693873
 20
-92.77215769164557
 30
0.0
 10
1052.839305693873
 20
-92.77215769164557
 30
0.0
 10
1052.839305693873
 20
-95.56964849341877
 30
0.0
 10
1052.839305693873
 20
-95.56964849341877
 30
0.0
 10
1052.839305693873
 20
-96.37557097017587
 30
0.0
 10
1053.150146802405
 20
-96.7670122438848
 30
0.0
 10
1053.771670669438
 20
-96.7670122438848
 30
0.0
 10
1054.554553216858
 20
-96.7670122438848
 30
0.0
 10
1055.061114962244
 20
-96.22585101698282
 30
0.0
 10
1055.061114962244
 20
-95.1552464653859
 30
0.0
 10
1055.061114962244
 20
-95.1552464653859
 30
0.0
 10
1055.061114962244
 20
-92.77215769164557
 30
0.0
 10
1055.061114962244
 20
-92.77215769164557
 30
0.0
 10
1055.061114962244
 20
-92.35767648859829
 30
0.0
 10
1055.279954703452
 20
-92.02379545072716
 30
0.0
 10
1055.751837792309
 20
-92.02379545072716
 30
0.0
 10
1056.223879231194
 20
-92.02379545072716
 30
0.0
 10
1056.442718972404
 20
-92.35767648859829
 30
0.0
 10
1056.442718972404
 20
-92.77215769164557
 30
0.0
 10
1056.442718972404
 20
-92.77215769164557
 30
0.0
 10
1056.442718972404
 20
-97.2620144370947
 30
0.0
 10
1056.442718972404
 20
-97.2620144370947
 30
0.0
  0
SPLINE
  5
F7
330
F1
100
AcDbEntity
  8
Layer 1
 62
     7
370
     9
100
AcDbSpline
210
0.0
220
0.0
230
1.0
 70
     9
 71
     3
 72
    47
 73
    43
 74
     0
 42
0.0000000001
 43
0.0000000001
 40
0.0
 40
0.0
 40
0.0
 40
0.0
 40
1.0
 40
1.0
 40
1.0
 40
2.0
 40
2.0
 40
2.0
 40
3.0
 40
3.0
 40
3.0
 40
4.0
 40
4.0
 40
4.0
 40
5.0
 40
5.0
 40
5.0
 40
6.0
 40
6.0
 40
6.0
 40
7.0
 40
7.0
 40
7.0
 40
8.0
 40
8.0
 40
8.0
 40
9.0
 40
9.0
 40
9.0
 40
10.0
 40
10.0
 40
10.0
 40
11.0
 40
11.0
 40
11.0
 40
12.0
 40
12.0
 40
12.0
 40
13.0
 40
13.0
 40
13.0
 40
14.0
 40
14.0
 40
14.0
 40
14.0
 10
1057.858843289062
 20
-92.77215769164557
 30
0.0
 10
1057.858843289062
 20
-92.35767648859829
 30
0.0
 10
1058.07752468024
 20
-92.02379545072716
 30
0.0
 10
1058.549566119127
 20
-92.02379545072716
 30
0.0
 10
1059.021607558012
 20
-92.02379545072716
 30
0.0
 10
1059.240288949191
 20
-92.35767648859829
 30
0.0
 10
1059.240288949191
 20
-92.64547766779179
 30
0.0
 10
1059.700770835901
 20
-92.20803571042056
 30
0.0
 10
1060.16125272261
 20
-92.02379545072716
 30
0.0
 10
1060.794494491852
 20
-92.02379545072716
 30
0.0
 10
1062.037858925979
 20
-92.02379545072716
 30
0.0
 10
1062.843702227721
 20
-92.9217984698233
 30
0.0
 10
1062.843702227721
 20
-94.09604311593565
 30
0.0
 10
1062.843702227721
 20
-94.09604311593565
 30
0.0
 10
1062.843702227721
 20
-97.22749413059439
 30
0.0
 10
1062.843702227721
 20
-97.22749413059439
 30
0.0
 10
1062.843702227721
 20
-97.64189615862724
 30
0.0
 10
1062.625020836543
 20
-97.97577719649746
 30
0.0
 10
1062.152979397656
 20
-97.97577719649746
 30
0.0
 10
1061.680937958769
 20
-97.97577719649746
 30
0.0
 10
1061.462256567592
 20
-97.64189615862724
 30
0.0
 10
1061.462256567592
 20
-97.22749413059439
 30
0.0
 10
1061.462256567592
 20
-97.22749413059439
 30
0.0
 10
1061.462256567592
 20
-94.4644444603071
 30
0.0
 10
1061.462256567592
 20
-94.4644444603071
 30
0.0
 10
1061.462256567592
 20
-93.6586011585644
 30
0.0
 10
1061.151415459059
 20
-93.26715988485551
 30
0.0
 10
1060.529733241995
 20
-93.26715988485551
 30
0.0
 10
1059.746850694578
 20
-93.26715988485551
 30
0.0
 10
1059.240288949191
 20
-93.80824193674214
 30
0.0
 10
1059.240288949191
 20
-94.87892566335437
 30
0.0
 10
1059.240288949191
 20
-94.87892566335437
 30
0.0
 10
1059.240288949191
 20
-97.22749413059439
 30
0.0
 10
1059.240288949191
 20
-97.22749413059439
 30
0.0
 10
1059.240288949191
 20
-97.64189615862724
 30
0.0
 10
1059.021607558012
 20
-97.97577719649746
 30
0.0
 10
1058.549566119127
 20
-97.97577719649746
 30
0.0
 10
1058.07752468024
 20
-97.97577719649746
 30
0.0
 10
1057.858843289062
 20
-97.64189615862724
 30
0.0
 10
1057.858843289062
 20
-97.22749413059439
 30
0.0
 10
1057.858843289062
 20
-97.22749413059439
 30
0.0
 10
1057.858843289062
 20
-92.77215769164557
 30
0.0
 10
1057.858843289062
 20
-92.77215769164557
 30
0.0
  0
ENDBLK
  5
F4
330
F1
100
AcDbEntity
  8
0
100
AcDbBlockEnd
  0
BLOCK
  5
FA
330
F8
100
AcDbEntity
  8
0
100
AcDbBlockBegin
  2
Block_7
 70
     0
 10
0.0
 20
0.0
 30
0.0
  3
Block_7
  1

  0
SPLINE
  5
FC
330
F8
100
AcDbEntity
  8
Layer 1
 62
     7
370
     9
100
AcDbSpline
210
0.0
220
0.0
230
1.0
 70
    11
 71
     3
 72
    53
 73
    49
 74
     0
 42
0.0000000001
 43
0.0000000001
 40
0.0
 40
0.0
 40
0.0
 40
0.0
 40
1.0
 40
1.0
 40
1.0
 40
2.0
 40
2.0
 40
2.0
 40
3.0
 40
3.0
 40
3.0
 40
4.0
 40
4.0
 40
4.0
 40
5.0
 40
5.0
 40
5.0
 40
6.0
 40
6.0
 40
6.0
 40
7.0
 40
7.0
 40
7.0
 40
8.0
 40
8.0
 40
8.0
 40
9.0
 40
9.0
 40
9.0
 40
10.0
 40
10.0
 40
10.0
 40
11.0
 40
11.0
 40
11.0
 40
12.0
 40
12.0
 40
12.0
 40
13.0
 40
13.0
 40
13.0
 40
14.0
 40
14.0
 40
14.0
 40
15.0
 40
15.0
 40
15.0
 40
16.0
 40
16.0
 40
16.0
 40
16.0
 10
1038.327475561266
 20
-149.1781009880007
 30
0.0
 10
1038.327475561266
 20
-149.1781009880007
 30
0.0
 10
1038.327475561266
 20
-147.5087749736632
 30
0.0
 10
1038.327475561266
 20
-147.5087749736632
 30
0.0
 10
1038.327475561266
 20
-147.0712538412766
 30
0.0
 10
1038.557716504621
 20
-146.7258924262444
 30
0.0
 10
1039.05287704786
 20
-146.7258924262444
 30
0.0
 10
1039.547879241069
 20
-146.7258924262444
 30
0.0
 10
1039.778120184424
 20
-147.0712538412766
 30
0.0
 10
1039.778120184424
 20
-147.5087749736632
 30
0.0
 10
1039.778120184424
 20
-147.5087749736632
 30
0.0
 10
1039.778120184424
 20
-153.932718983305
 30
0.0
 10
1039.778120184424
 20
-153.932718983305
 30
0.0
 10
1039.778120184424
 20
-154.3702401156906
 30
0.0
 10
1039.547879241069
 20
-154.7156015307228
 30
0.0
 10
1039.05287704786
 20
-154.7156015307228
 30
0.0
 10
1038.557716504621
 20
-154.7156015307228
 30
0.0
 10
1038.327475561266
 20
-154.3702401156906
 30
0.0
 10
1038.327475561266
 20
-153.932718983305
 30
0.0
 10
1038.327475561266
 20
-153.932718983305
 30
0.0
 10
1038.327475561266
 20
-150.4214654221282
 30
0.0
 10
1038.327475561266
 20
-150.4214654221282
 30
0.0
 10
1038.327475561266
 20
-150.4214654221282
 30
0.0
 10
1035.656585608331
 20
-150.4214654221282
 30
0.0
 10
1035.656585608331
 20
-150.4214654221282
 30
0.0
 10
1035.656585608331
 20
-150.4214654221282
 30
0.0
 10
1035.656585608331
 20
-153.932718983305
 30
0.0
 10
1035.656585608331
 20
-153.932718983305
 30
0.0
 10
1035.656585608331
 20
-154.3702401156906
 30
0.0
 10
1035.426344664976
 20
-154.7156015307228
 30
0.0
 10
1034.931342471766
 20
-154.7156015307228
 30
0.0
 10
1034.436340278557
 20
-154.7156015307228
 30
0.0
 10
1034.206099335202
 20
-154.3702401156906
 30
0.0
 10
1034.206099335202
 20
-153.932718983305
 30
0.0
 10
1034.206099335202
 20
-153.932718983305
 30
0.0
 10
1034.206099335202
 20
-147.5087749736632
 30
0.0
 10
1034.206099335202
 20
-147.5087749736632
 30
0.0
 10
1034.206099335202
 20
-147.0712538412766
 30
0.0
 10
1034.436340278557
 20
-146.7258924262444
 30
0.0
 10
1034.931342471766
 20
-146.7258924262444
 30
0.0
 10
1035.426344664976
 20
-146.7258924262444
 30
0.0
 10
1035.656585608331
 20
-147.0712538412766
 30
0.0
 10
1035.656585608331
 20
-147.5087749736632
 30
0.0
 10
1035.656585608331
 20
-147.5087749736632
 30
0.0
 10
1035.656585608331
 20
-149.1781009880007
 30
0.0
 10
1035.656585608331
 20
-149.1781009880007
 30
0.0
 10
1035.656585608331
 20
-149.1781009880007
 30
0.0
 10
1038.327475561266
 20
-149.1781009880007
 30
0.0
 10
1038.327475561266
 20
-149.1781009880007
 30
0.0
  0
SPLINE
  5
FD
330
F8
100
AcDbEntity
  8
Layer 1
 62
     7
370
     9
100
AcDbSpline
210
0.0
220
0.0
230
1.0
 70
     9
 71
     3
 72
    44
 73
    40
 74
     0
 42
0.0000000001
 43
0.0000000001
 40
0.0
 40
0.0
 40
0.0
 40
0.0
 40
1.0
 40
1.0
 40
1.0
 40
2.0
 40
2.0
 40
2.0
 40
3.0
 40
3.0
 40
3.0
 40
4.0
 40
4.0
 40
4.0
 40
5.0
 40
5.0
 40
5.0
 40
6.0
 40
6.0
 40
6.0
 40
7.0
 40
7.0
 40
7.0
 40
8.0
 40
8.0
 40
8.0
 40
9.0
 40
9.0
 40
9.0
 40
10.0
 40
10.0
 40
10.0
 40
11.0
 40
11.0
 40
11.0
 40
12.0
 40
12.0
 40
12.0
 40
13.0
 40
13.0
 40
13.0
 40
13.0
 10
1042.828891858891
 20
-154.6004810590455
 30
0.0
 10
1041.769688509441
 20
-153.1843567423866
 30
0.0
 10
1040.940884453376
 20
-151.388509054225
 30
0.0
 10
1040.940884453376
 20
-149.5925030160327
 30
0.0
 10
1040.940884453376
 20
-149.1089020249703
 30
0.0
 10
1041.136605090231
 20
-148.7635406099381
 30
0.0
 10
1041.597086976941
 20
-148.7635406099381
 30
0.0
 10
1041.965409146297
 20
-148.7635406099381
 30
0.0
 10
1042.218769194004
 20
-148.9823803511454
 30
0.0
 10
1042.253289500504
 20
-149.4658229921789
 30
0.0
 10
1042.356850420006
 20
-150.7897875914843
 30
0.0
 10
1042.736732141537
 20
-152.2518334167901
 30
0.0
 10
1043.496653934633
 20
-153.3571166249171
 30
0.0
 10
1044.187376764697
 20
-152.2059119081432
 30
0.0
 10
1044.578818038406
 20
-150.6285872611302
 30
0.0
 10
1044.762979123084
 20
-149.3161822140012
 30
0.0
 10
1044.809058981761
 20
-148.9823803511454
 30
0.0
 10
1045.073820231615
 20
-148.7635406099381
 30
0.0
 10
1045.419181646647
 20
-148.7635406099381
 30
0.0
 10
1045.76454306168
 20
-148.7635406099381
 30
0.0
 10
1046.08694372239
 20
-149.0053411054693
 30
0.0
 10
1046.08694372239
 20
-149.5003432986792
 30
0.0
 10
1046.08694372239
 20
-150.8933485109853
 30
0.0
 10
1044.521178627552
 20
-154.3932008700146
 30
0.0
 10
1043.64629471281
 20
-155.6596844084957
 30
0.0
 10
1043.64629471281
 20
-155.6596844084957
 30
0.0
 10
1043.059132802246
 20
-156.5116075689142
 30
0.0
 10
1043.059132802246
 20
-156.5116075689142
 30
0.0
 10
1042.863412165392
 20
-156.7993295730933
 30
0.0
 10
1042.65629032639
 20
-157.1217302338015
 30
0.0
 10
1042.264849052681
 20
-157.1217302338015
 30
0.0
 10
1041.884808981119
 20
-157.1217302338015
 30
0.0
 10
1041.608646529116
 20
-156.84540943177
 30
0.0
 10
1041.608646529116
 20
-156.4884884645614
 30
0.0
 10
1041.608646529116
 20
-156.2121676625299
 30
0.0
 10
1041.746727755117
 20
-156.0740864365286
 30
0.0
 10
1041.884808981119
 20
-155.8899253518505
 30
0.0
 10
1041.884808981119
 20
-155.8899253518505
 30
0.0
 10
1042.828891858891
 20
-154.6004810590455
 30
0.0
 10
1042.828891858891
 20
-154.6004810590455
 30
0.0
  0
SPLINE
  5
FE
330
F8
100
AcDbEntity
  8
Layer 1
 62
     7
370
     9
100
AcDbSpline
210
0.0
220
0.0
230
1.0
 70
     9
 71
     3
 72
    17
 73
    13
 74
     0
 42
0.0000000001
 43
0.0000000001
 40
0.0
 40
0.0
 40
0.0
 40
0.0
 40
1.0
 40
1.0
 40
1.0
 40
2.0
 40
2.0
 40
2.0
 40
3.0
 40
3.0
 40
3.0
 40
4.0
 40
4.0
 40
4.0
 40
4.0
 10
1050.381238181014
 20
-149.9608251853888
 30
0.0
 10
1049.057273581709
 20
-149.9608251853888
 30
0.0
 10
1048.044150090934
 20
-150.6056265068062
 30
0.0
 10
1048.044150090934
 20
-152.0792318842894
 30
0.0
 10
1048.044150090934
 20
-152.9886361055322
 30
0.0
 10
1048.516191529821
 20
-153.4377167900951
 30
0.0
 10
1049.725035657449
 20
-153.4377167900951
 30
0.0
 10
1049.725035657449
 20
-153.4377167900951
 30
0.0
 10
1050.381238181014
 20
-153.4377167900951
 30
0.0
 10
1050.381238181014
 20
-153.4377167900951
 30
0.0
 10
1050.381238181014
 20
-153.4377167900951
 30
0.0
 10
1050.381238181014
 20
-149.9608251853888
 30
0.0
 10
1050.381238181014
 20
-149.9608251853888
 30
0.0
  0
SPLINE
  5
FF
330
F8
100
AcDbEntity
  8
Layer 1
 62
     7
370
     9
100
AcDbSpline
210
0.0
220
0.0
230
1.0
 70
     9
 71
     3
 72
    53
 73
    49
 74
     0
 42
0.0000000001
 43
0.0000000001
 40
0.0
 40
0.0
 40
0.0
 40
0.0
 40
1.0
 40
1.0
 40
1.0
 40
2.0
 40
2.0
 40
2.0
 40
3.0
 40
3.0
 40
3.0
 40
4.0
 40
4.0
 40
4.0
 40
5.0
 40
5.0
 40
5.0
 40
6.0
 40
6.0
 40
6.0
 40
7.0
 40
7.0
 40
7.0
 40
8.0
 40
8.0
 40
8.0
 40
9.0
 40
9.0
 40
9.0
 40
10.0
 40
10.0
 40
10.0
 40
11.0
 40
11.0
 40
11.0
 40
12.0
 40
12.0
 40
12.0
 40
13.0
 40
13.0
 40
13.0
 40
14.0
 40
14.0
 40
14.0
 40
15.0
 40
15.0
 40
15.0
 40
16.0
 40
16.0
 40
16.0
 40
16.0
 10
1049.252994218562
 20
-154.6810812242225
 30
0.0
 10
1047.445428628194
 20
-154.6810812242225
 30
0.0
 10
1046.662704430805
 20
-153.3916369314175
 30
0.0
 10
1046.662704430805
 20
-152.0331520256126
 30
0.0
 10
1046.662704430805
 20
-150.0645444549196
 30
0.0
 10
1048.113190703935
 20
-148.7635406099381
 30
0.0
 10
1050.266117709337
 20
-148.7635406099381
 30
0.0
 10
1050.266117709337
 20
-148.7635406099381
 30
0.0
 10
1051.164120728432
 20
-148.7635406099381
 30
0.0
 10
1051.164120728432
 20
-148.7635406099381
 30
0.0
 10
1052.177085869176
 20
-148.8211800207912
 30
0.0
 10
1052.33828619953
 20
-148.947860044645
 30
0.0
 10
1052.33828619953
 20
-149.3393013183549
 30
0.0
 10
1052.33828619953
 20
-150.0875052092426
 30
0.0
 10
1051.762683841143
 20
-149.60406256821
 30
0.0
 10
1051.762683841143
 20
-150.4444261764521
 30
0.0
 10
1051.762683841143
 20
-150.4444261764521
 30
0.0
 10
1051.762683841143
 20
-153.2304366010633
 30
0.0
 10
1051.762683841143
 20
-153.2304366010633
 30
0.0
 10
1051.762683841143
 20
-153.7830782051273
 30
0.0
 10
1051.935443723674
 20
-153.7485578986269
 30
0.0
 10
1052.200204973529
 20
-153.955679737628
 30
0.0
 10
1052.511046082061
 20
-154.1974802331601
 30
0.0
 10
1052.637726105914
 20
-154.6234418133694
 30
0.0
 10
1052.637726105914
 20
-155.0033235349019
 30
0.0
 10
1052.637726105914
 20
-156.5806481819149
 30
0.0
 10
1051.24472089361
 20
-157.3288520728036
 30
0.0
 10
1049.068833133884
 20
-157.3288520728036
 30
0.0
 10
1048.435591364645
 20
-157.3288520728036
 30
0.0
 10
1046.558985161275
 20
-157.0872099273021
 30
0.0
 10
1046.558985161275
 20
-156.1660878038523
 30
0.0
 10
1046.558985161275
 20
-155.8093251866734
 30
0.0
 10
1046.800785656807
 20
-155.6250057519656
 30
0.0
 10
1047.077106458838
 20
-155.6250057519656
 30
0.0
 10
1047.341867708694
 20
-155.6250057519656
 30
0.0
 10
1047.560707449902
 20
-155.740126223643
 30
0.0
 10
1047.894509312757
 20
-155.8552466953204
 30
0.0
 10
1048.30891134079
 20
-156.0050458235279
 30
0.0
 10
1048.723471718852
 20
-156.085645988705
 30
0.0
 10
1049.344995585887
 20
-156.085645988705
 30
0.0
 10
1050.300638015836
 20
-156.085645988705
 30
0.0
 10
1051.187081482756
 20
-155.694204714996
 30
0.0
 10
1051.187081482756
 20
-155.1070428044318
 30
0.0
 10
1051.187081482756
 20
-154.7962016958999
 30
0.0
 10
1050.956840539401
 20
-154.6810812242225
 30
0.0
 10
1050.542438511368
 20
-154.6810812242225
 30
0.0
 10
1050.542438511368
 20
-154.6810812242225
 30
0.0
 10
1049.252994218562
 20
-154.6810812242225
 30
0.0
 10
1049.252994218562
 20
-154.6810812242225
 30
0.0
  0
SPLINE
  5
100
330
F8
100
AcDbEntity
  8
Layer 1
 62
     7
370
     9
100
AcDbSpline
210
0.0
220
0.0
230
1.0
 70
     9
 71
     3
 72
    23
 73
    19
 74
     0
 42
0.0000000001
 43
0.0000000001
 40
0.0
 40
0.0
 40
0.0
 40
0.0
 40
1.0
 40
1.0
 40
1.0
 40
2.0
 40
2.0
 40
2.0
 40
3.0
 40
3.0
 40
3.0
 40
4.0
 40
4.0
 40
4.0
 40
5.0
 40
5.0
 40
5.0
 40
6.0
 40
6.0
 40
6.0
 40
6.0
 10
1054.963254643817
 20
-153.9672392898044
 30
0.0
 10
1054.963254643817
 20
-154.3816413178373
 30
0.0
 10
1054.744573252639
 20
-154.7156015307228
 30
0.0
 10
1054.272531813752
 20
-154.7156015307228
 30
0.0
 10
1053.800490374865
 20
-154.7156015307228
 30
0.0
 10
1053.581808983688
 20
-154.3816413178373
 30
0.0
 10
1053.581808983688
 20
-153.9672392898044
 30
0.0
 10
1053.581808983688
 20
-153.9672392898044
 30
0.0
 10
1053.581808983688
 20
-149.5119028508556
 30
0.0
 10
1053.581808983688
 20
-149.5119028508556
 30
0.0
 10
1053.581808983688
 20
-149.0975008228228
 30
0.0
 10
1053.800490374865
 20
-148.7635406099381
 30
0.0
 10
1054.272531813752
 20
-148.7635406099381
 30
0.0
 10
1054.744573252639
 20
-148.7635406099381
 30
0.0
 10
1054.963254643817
 20
-149.0975008228228
 30
0.0
 10
1054.963254643817
 20
-149.5119028508556
 30
0.0
 10
1054.963254643817
 20
-149.5119028508556
 30
0.0
 10
1054.963254643817
 20
-153.9672392898044
 30
0.0
 10
1054.963254643817
 20
-153.9672392898044
 30
0.0
  0
SPLINE
  5
101
330
F8
100
AcDbEntity
  8
Layer 1
 62
     7
370
     9
100
AcDbSpline
210
0.0
220
0.0
230
1.0
 70
     9
 71
     3
 72
    17
 73
    13
 74
     0
 42
0.0000000001
 43
0.0000000001
 40
0.0
 40
0.0
 40
0.0
 40
0.0
 40
1.0
 40
1.0
 40
1.0
 40
2.0
 40
2.0
 40
2.0
 40
3.0
 40
3.0
 40
3.0
 40
4.0
 40
4.0
 40
4.0
 40
4.0
 10
1055.032295256817
 20
-147.3130543368078
 30
0.0
 10
1055.032295256817
 20
-147.8656959408717
 30
0.0
 10
1054.698493393963
 20
-148.1649774972272
 30
0.0
 10
1054.272531813752
 20
-148.1649774972272
 30
0.0
 10
1053.846570233542
 20
-148.1649774972272
 30
0.0
 10
1053.512768370687
 20
-147.8656959408717
 30
0.0
 10
1053.512768370687
 20
-147.3130543368078
 30
0.0
 10
1053.512768370687
 20
-146.7604127327448
 30
0.0
 10
1053.846570233542
 20
-146.4611311763893
 30
0.0
 10
1054.272531813752
 20
-146.4611311763893
 30
0.0
 10
1054.698493393963
 20
-146.4611311763893
 30
0.0
 10
1055.032295256817
 20
-146.7604127327448
 30
0.0
 10
1055.032295256817
 20
-147.3130543368078
 30
0.0
  0
SPLINE
  5
102
330
F8
100
AcDbEntity
  8
Layer 1
 62
     7
370
     9
100
AcDbSpline
210
0.0
220
0.0
230
1.0
 70
     9
 71
     3
 72
    14
 73
    10
 74
     0
 42
0.0000000001
 43
0.0000000001
 40
0.0
 40
0.0
 40
0.0
 40
0.0
 40
1.0
 40
1.0
 40
1.0
 40
2.0
 40
2.0
 40
2.0
 40
3.0
 40
3.0
 40
3.0
 40
3.0
 10
1060.420155021362
 20
-151.0315880870155
 30
0.0
 10
1060.270514243185
 20
-150.3408652569511
 30
0.0
 10
1059.694911884798
 20
-149.9149036767418
 30
0.0
 10
1059.15382983291
 20
-149.9149036767418
 30
0.0
 10
1058.612747781025
 20
-149.9149036767418
 30
0.0
 10
1058.037145422636
 20
-150.3408652569511
 30
0.0
 10
1057.875945092282
 20
-151.0315880870155
 30
0.0
 10
1057.875945092282
 20
-151.0315880870155
 30
0.0
 10
1060.420155021362
 20
-151.0315880870155
 30
0.0
 10
1060.420155021362
 20
-151.0315880870155
 30
0.0
  0
SPLINE
  5
103
330
F8
100
AcDbEntity
  8
Layer 1
 62
     7
370
     9
100
AcDbSpline
210
0.0
220
0.0
230
1.0
 70
     9
 71
     3
 72
    35
 73
    31
 74
     0
 42
0.0000000001
 43
0.0000000001
 40
0.0
 40
0.0
 40
0.0
 40
0.0
 40
1.0
 40
1.0
 40
1.0
 40
2.0
 40
2.0
 40
2.0
 40
3.0
 40
3.0
 40
3.0
 40
4.0
 40
4.0
 40
4.0
 40
5.0
 40
5.0
 40
5.0
 40
6.0
 40
6.0
 40
6.0
 40
7.0
 40
7.0
 40
7.0
 40
8.0
 40
8.0
 40
8.0
 40
9.0
 40
9.0
 40
9.0
 40
10.0
 40
10.0
 40
10.0
 40
10.0
 10
1059.464670941443
 20
-154.6810812242225
 30
0.0
 10
1057.415463205572
 20
-154.6810812242225
 30
0.0
 10
1056.264258488798
 20
-153.5528372617725
 30
0.0
 10
1056.264258488798
 20
-151.8374313887573
 30
0.0
 10
1056.264258488798
 20
-150.1106243135963
 30
0.0
 10
1057.392502451248
 20
-148.7635406099381
 30
0.0
 10
1059.15382983291
 20
-148.7635406099381
 30
0.0
 10
1061.076515894955
 20
-148.7635406099381
 30
0.0
 10
1061.870799644522
 20
-150.0414253505659
 30
0.0
 10
1061.870799644522
 20
-151.388509054225
 30
0.0
 10
1061.870799644522
 20
-151.7799503279339
 30
0.0
 10
1061.790199479344
 20
-152.067672332112
 30
0.0
 10
1061.30675683831
 20
-152.067672332112
 30
0.0
 10
1061.30675683831
 20
-152.067672332112
 30
0.0
 10
1057.783785374928
 20
-152.067672332112
 30
0.0
 10
1057.783785374928
 20
-152.067672332112
 30
0.0
 10
1057.875945092282
 20
-153.1498364358863
 30
0.0
 10
1058.693347946201
 20
-153.4377167900951
 30
0.0
 10
1059.660391578297
 20
-153.4377167900951
 30
0.0
 10
1059.660391578297
 20
-153.4377167900951
 30
0.0
 10
1061.145556507956
 20
-153.4377167900951
 30
0.0
 10
1061.145556507956
 20
-153.4377167900951
 30
0.0
 10
1061.513878677312
 20
-153.4377167900951
 30
0.0
 10
1061.813318583698
 20
-153.6334374269495
 30
0.0
 10
1061.813318583698
 20
-154.0593990071588
 30
0.0
 10
1061.813318583698
 20
-154.485360587368
 30
0.0
 10
1061.513878677312
 20
-154.6810812242225
 30
0.0
 10
1061.145556507956
 20
-154.6810812242225
 30
0.0
 10
1061.145556507956
 20
-154.6810812242225
 30
0.0
 10
1059.464670941443
 20
-154.6810812242225
 30
0.0
 10
1059.464670941443
 20
-154.6810812242225
 30
0.0
  0
SPLINE
  5
104
330
F8
100
AcDbEntity
  8
Layer 1
 62
     7
370
     9
100
AcDbSpline
210
0.0
220
0.0
230
1.0
 70
     9
 71
     3
 72
    47
 73
    43
 74
     0
 42
0.0000000001
 43
0.0000000001
 40
0.0
 40
0.0
 40
0.0
 40
0.0
 40
1.0
 40
1.0
 40
1.0
 40
2.0
 40
2.0
 40
2.0
 40
3.0
 40
3.0
 40
3.0
 40
4.0
 40
4.0
 40
4.0
 40
5.0
 40
5.0
 40
5.0
 40
6.0
 40
6.0
 40
6.0
 40
7.0
 40
7.0
 40
7.0
 40
8.0
 40
8.0
 40
8.0
 40
9.0
 40
9.0
 40
9.0
 40
10.0
 40
10.0
 40
10.0
 40
11.0
 40
11.0
 40
11.0
 40
12.0
 40
12.0
 40
12.0
 40
13.0
 40
13.0
 40
13.0
 40
14.0
 40
14.0
 40
14.0
 40
14.0
 10
1062.976082852648
 20
-149.5119028508556
 30
0.0
 10
1062.976082852648
 20
-149.0975008228228
 30
0.0
 10
1063.194922593856
 20
-148.7635406099381
 30
0.0
 10
1063.666805682712
 20
-148.7635406099381
 30
0.0
 10
1064.138847121599
 20
-148.7635406099381
 30
0.0
 10
1064.357686862807
 20
-149.0975008228228
 30
0.0
 10
1064.357686862807
 20
-149.3852228270019
 30
0.0
 10
1064.818168749517
 20
-148.947860044645
 30
0.0
 10
1065.278650636227
 20
-148.7635406099381
 30
0.0
 10
1065.911734055437
 20
-148.7635406099381
 30
0.0
 10
1067.155098489566
 20
-148.7635406099381
 30
0.0
 10
1067.961100141337
 20
-149.6615436290334
 30
0.0
 10
1067.961100141337
 20
-150.835867450161
 30
0.0
 10
1067.961100141337
 20
-150.835867450161
 30
0.0
 10
1067.961100141337
 20
-153.9672392898044
 30
0.0
 10
1067.961100141337
 20
-153.9672392898044
 30
0.0
 10
1067.961100141337
 20
-154.3816413178373
 30
0.0
 10
1067.74226040013
 20
-154.7156015307228
 30
0.0
 10
1067.270218961243
 20
-154.7156015307228
 30
0.0
 10
1066.798335872387
 20
-154.7156015307228
 30
0.0
 10
1066.579496131179
 20
-154.3816413178373
 30
0.0
 10
1066.579496131179
 20
-153.9672392898044
 30
0.0
 10
1066.579496131179
 20
-153.9672392898044
 30
0.0
 10
1066.579496131179
 20
-151.2041896195172
 30
0.0
 10
1066.579496131179
 20
-151.2041896195172
 30
0.0
 10
1066.579496131179
 20
-150.3983463177754
 30
0.0
 10
1066.268655022646
 20
-150.0069050440655
 30
0.0
 10
1065.646972805583
 20
-150.0069050440655
 30
0.0
 10
1064.864090258165
 20
-150.0069050440655
 30
0.0
 10
1064.357686862807
 20
-150.5479870959531
 30
0.0
 10
1064.357686862807
 20
-151.6187499975798
 30
0.0
 10
1064.357686862807
 20
-151.6187499975798
 30
0.0
 10
1064.357686862807
 20
-153.9672392898044
 30
0.0
 10
1064.357686862807
 20
-153.9672392898044
 30
0.0
 10
1064.357686862807
 20
-154.3816413178373
 30
0.0
 10
1064.138847121599
 20
-154.7156015307228
 30
0.0
 10
1063.666805682712
 20
-154.7156015307228
 30
0.0
 10
1063.194922593856
 20
-154.7156015307228
 30
0.0
 10
1062.976082852648
 20
-154.3816413178373
 30
0.0
 10
1062.976082852648
 20
-153.9672392898044
 30
0.0
 10
1062.976082852648
 20
-153.9672392898044
 30
0.0
 10
1062.976082852648
 20
-149.5119028508556
 30
0.0
 10
1062.976082852648
 20
-149.5119028508556
 30
0.0
  0
SPLINE
  5
105
330
F8
100
AcDbEntity
  8
Layer 1
 62
     7
370
     9
100
AcDbSpline
210
0.0
220
0.0
230
1.0
 70
     9
 71
     3
 72
    14
 73
    10
 74
     0
 42
0.0000000001
 43
0.0000000001
 40
0.0
 40
0.0
 40
0.0
 40
0.0
 40
1.0
 40
1.0
 40
1.0
 40
2.0
 40
2.0
 40
2.0
 40
3.0
 40
3.0
 40
3.0
 40
3.0
 10
1073.222279882028
 20
-151.0315880870155
 30
0.0
 10
1073.072639103851
 20
-150.3408652569511
 30
0.0
 10
1072.497036745464
 20
-149.9149036767418
 30
0.0
 10
1071.955954693577
 20
-149.9149036767418
 30
0.0
 10
1071.414872641689
 20
-149.9149036767418
 30
0.0
 10
1070.839270283302
 20
-150.3408652569511
 30
0.0
 10
1070.678069952948
 20
-151.0315880870155
 30
0.0
 10
1070.678069952948
 20
-151.0315880870155
 30
0.0
 10
1073.222279882028
 20
-151.0315880870155
 30
0.0
 10
1073.222279882028
 20
-151.0315880870155
 30
0.0
  0
SPLINE
  5
106
330
F8
100
AcDbEntity
  8
Layer 1
 62
     7
370
     9
100
AcDbSpline
210
0.0
220
0.0
230
1.0
 70
     9
 71
     3
 72
    35
 73
    31
 74
     0
 42
0.0000000001
 43
0.0000000001
 40
0.0
 40
0.0
 40
0.0
 40
0.0
 40
1.0
 40
1.0
 40
1.0
 40
2.0
 40
2.0
 40
2.0
 40
3.0
 40
3.0
 40
3.0
 40
4.0
 40
4.0
 40
4.0
 40
5.0
 40
5.0
 40
5.0
 40
6.0
 40
6.0
 40
6.0
 40
7.0
 40
7.0
 40
7.0
 40
8.0
 40
8.0
 40
8.0
 40
9.0
 40
9.0
 40
9.0
 40
10.0
 40
10.0
 40
10.0
 40
10.0
 10
1072.26679580211
 20
-154.6810812242225
 30
0.0
 10
1070.217588066239
 20
-154.6810812242225
 30
0.0
 10
1069.066383349465
 20
-153.5528372617725
 30
0.0
 10
1069.066383349465
 20
-151.8374313887573
 30
0.0
 10
1069.066383349465
 20
-150.1106243135963
 30
0.0
 10
1070.194627311914
 20
-148.7635406099381
 30
0.0
 10
1071.955954693577
 20
-148.7635406099381
 30
0.0
 10
1073.878640755622
 20
-148.7635406099381
 30
0.0
 10
1074.672924505188
 20
-150.0414253505659
 30
0.0
 10
1074.672924505188
 20
-151.388509054225
 30
0.0
 10
1074.672924505188
 20
-151.7799503279339
 30
0.0
 10
1074.59232434001
 20
-152.067672332112
 30
0.0
 10
1074.108881698977
 20
-152.067672332112
 30
0.0
 10
1074.108881698977
 20
-152.067672332112
 30
0.0
 10
1070.585910235595
 20
-152.067672332112
 30
0.0
 10
1070.585910235595
 20
-152.067672332112
 30
0.0
 10
1070.678069952948
 20
-153.1498364358863
 30
0.0
 10
1071.495472806867
 20
-153.4377167900951
 30
0.0
 10
1072.462516438963
 20
-153.4377167900951
 30
0.0
 10
1072.462516438963
 20
-153.4377167900951
 30
0.0
 10
1073.947681368623
 20
-153.4377167900951
 30
0.0
 10
1073.947681368623
 20
-153.4377167900951
 30
0.0
 10
1074.316003537979
 20
-153.4377167900951
 30
0.0
 10
1074.615443444363
 20
-153.6334374269495
 30
0.0
 10
1074.615443444363
 20
-154.0593990071588
 30
0.0
 10
1074.615443444363
 20
-154.485360587368
 30
0.0
 10
1074.316003537979
 20
-154.6810812242225
 30
0.0
 10
1073.947681368623
 20
-154.6810812242225
 30
0.0
 10
1073.947681368623
 20
-154.6810812242225
 30
0.0
 10
1072.26679580211
 20
-154.6810812242225
 30
0.0
 10
1072.26679580211
 20
-154.6810812242225
 30
0.0
  0
ENDBLK
  5
FB
330
F8
100
AcDbEntity
  8
0
100
AcDbBlockEnd
  0
BLOCK
  5
109
330
107
100
AcDbEntity
  8
0
100
AcDbBlockBegin
  2
Block_8
 70
     0
 10
0.0
 20
0.0
 30
0.0
  3
Block_8
  1

  0
SPLINE
  5
10B
330
107
100
AcDbEntity
  8
Layer 1
 62
     7
370
     9
100
AcDbSpline
210
0.0
220
0.0
230
1.0
 70
    11
 71
     3
 72
    56
 73
    52
 74
     0
 42
0.0000000001
 43
0.0000000001
 40
0.0
 40
0.0
 40
0.0
 40
0.0
 40
1.0
 40
1.0
 40
1.0
 40
2.0
 40
2.0
 40
2.0
 40
3.0
 40
3.0
 40
3.0
 40
4.0
 40
4.0
 40
4.0
 40
5.0
 40
5.0
 40
5.0
 40
6.0
 40
6.0
 40
6.0
 40
7.0
 40
7.0
 40
7.0
 40
8.0
 40
8.0
 40
8.0
 40
9.0
 40
9.0
 40
9.0
 40
10.0
 40
10.0
 40
10.0
 40
11.0
 40
11.0
 40
11.0
 40
12.0
 40
12.0
 40
12.0
 40
13.0
 40
13.0
 40
13.0
 40
14.0
 40
14.0
 40
14.0
 40
15.0
 40
15.0
 40
15.0
 40
16.0
 40
16.0
 40
16.0
 40
17.0
 40
17.0
 40
17.0
 40
17.0
 10
1023.959902305821
 20
-177.43297185845
 30
0.0
 10
1023.959902305821
 20
-177.43297185845
 30
0.0
 10
1026.722793626079
 20
-177.43297185845
 30
0.0
 10
1026.722793626079
 20
-177.43297185845
 30
0.0
 10
1027.11423489979
 20
-177.43297185845
 30
0.0
 10
1027.425076008321
 20
-177.6402520474818
 30
0.0
 10
1027.425076008321
 20
-178.089174382015
 30
0.0
 10
1027.425076008321
 20
-178.5382550665779
 30
0.0
 10
1027.11423489979
 20
-178.745376905579
 30
0.0
 10
1026.722793626079
 20
-178.745376905579
 30
0.0
 10
1026.722793626079
 20
-178.745376905579
 30
0.0
 10
1023.959902305821
 20
-178.745376905579
 30
0.0
 10
1023.959902305821
 20
-178.745376905579
 30
0.0
 10
1023.959902305821
 20
-178.745376905579
 30
0.0
 10
1023.959902305821
 20
-181.738667519222
 30
0.0
 10
1023.959902305821
 20
-181.738667519222
 30
0.0
 10
1023.959902305821
 20
-181.738667519222
 30
0.0
 10
1026.837914097757
 20
-181.738667519222
 30
0.0
 10
1026.837914097757
 20
-181.738667519222
 30
0.0
 10
1027.229355371467
 20
-181.738667519222
 30
0.0
 10
1027.540196479998
 20
-181.9459477082528
 30
0.0
 10
1027.540196479998
 20
-182.394870042786
 30
0.0
 10
1027.540196479998
 20
-182.843950727349
 30
0.0
 10
1027.229355371467
 20
-183.0510725663501
 30
0.0
 10
1026.837914097757
 20
-183.0510725663501
 30
0.0
 10
1026.837914097757
 20
-183.0510725663501
 30
0.0
 10
1023.441781008258
 20
-183.0510725663501
 30
0.0
 10
1023.441781008258
 20
-183.0510725663501
 30
0.0
 10
1022.682017565193
 20
-183.0510725663501
 30
0.0
 10
1022.440217069663
 20
-182.6596312926412
 30
0.0
 10
1022.440217069663
 20
-182.0610681799302
 30
0.0
 10
1022.440217069663
 20
-182.0610681799302
 30
0.0
 10
1022.440217069663
 20
-175.9132866222901
 30
0.0
 10
1022.440217069663
 20
-175.9132866222901
 30
0.0
 10
1022.440217069663
 20
-175.4759238399342
 30
0.0
 10
1022.682017565193
 20
-175.1304040748723
 30
0.0
 10
1023.073300488873
 20
-175.1304040748723
 30
0.0
 10
1023.073300488873
 20
-175.1304040748723
 30
0.0
 10
1026.837914097757
 20
-175.1304040748723
 30
0.0
 10
1026.837914097757
 20
-175.1304040748723
 30
0.0
 10
1027.229355371467
 20
-175.1304040748723
 30
0.0
 10
1027.540196479998
 20
-175.3376842639032
 30
0.0
 10
1027.540196479998
 20
-175.7867649484661
 30
0.0
 10
1027.540196479998
 20
-176.2356872829993
 30
0.0
 10
1027.229355371467
 20
-176.4429674720302
 30
0.0
 10
1026.837914097757
 20
-176.4429674720302
 30
0.0
 10
1026.837914097757
 20
-176.4429674720302
 30
0.0
 10
1023.959902305821
 20
-176.4429674720302
 30
0.0
 10
1023.959902305821
 20
-176.4429674720302
 30
0.0
 10
1023.959902305821
 20
-176.4429674720302
 30
0.0
 10
1023.959902305821
 20
-177.43297185845
 30
0.0
 10
1023.959902305821
 20
-177.43297185845
 30
0.0
  0
SPLINE
  5
10C
330
107
100
AcDbEntity
  8
Layer 1
 62
     7
370
     9
100
AcDbSpline
210
0.0
220
0.0
230
1.0
 70
     9
 71
     3
 72
    47
 73
    43
 74
     0
 42
0.0000000001
 43
0.0000000001
 40
0.0
 40
0.0
 40
0.0
 40
0.0
 40
1.0
 40
1.0
 40
1.0
 40
2.0
 40
2.0
 40
2.0
 40
3.0
 40
3.0
 40
3.0
 40
4.0
 40
4.0
 40
4.0
 40
5.0
 40
5.0
 40
5.0
 40
6.0
 40
6.0
 40
6.0
 40
7.0
 40
7.0
 40
7.0
 40
8.0
 40
8.0
 40
8.0
 40
9.0
 40
9.0
 40
9.0
 40
10.0
 40
10.0
 40
10.0
 40
11.0
 40
11.0
 40
11.0
 40
12.0
 40
12.0
 40
12.0
 40
13.0
 40
13.0
 40
13.0
 40
14.0
 40
14.0
 40
14.0
 40
14.0
 10
1028.749198957657
 20
-177.8820525430129
 30
0.0
 10
1028.749198957657
 20
-177.4674921649503
 30
0.0
 10
1028.967880348834
 20
-177.1336903020954
 30
0.0
 10
1029.439921787721
 20
-177.1336903020954
 30
0.0
 10
1029.911963226608
 20
-177.1336903020954
 30
0.0
 10
1030.130644617786
 20
-177.4674921649503
 30
0.0
 10
1030.130644617786
 20
-177.7553725191592
 30
0.0
 10
1030.591126504495
 20
-177.3178513867726
 30
0.0
 10
1031.051608391205
 20
-177.1336903020954
 30
0.0
 10
1031.684850160446
 20
-177.1336903020954
 30
0.0
 10
1032.928214594573
 20
-177.1336903020954
 30
0.0
 10
1033.734057896315
 20
-178.0316933211907
 30
0.0
 10
1033.734057896315
 20
-179.2058587922886
 30
0.0
 10
1033.734057896315
 20
-179.2058587922886
 30
0.0
 10
1033.734057896315
 20
-182.3373889819627
 30
0.0
 10
1033.734057896315
 20
-182.3373889819627
 30
0.0
 10
1033.734057896315
 20
-182.7517910099946
 30
0.0
 10
1033.515376505137
 20
-183.0855928728504
 30
0.0
 10
1033.043335066251
 20
-183.0855928728504
 30
0.0
 10
1032.571293627364
 20
-183.0855928728504
 30
0.0
 10
1032.352612236186
 20
-182.7517910099946
 30
0.0
 10
1032.352612236186
 20
-182.3373889819627
 30
0.0
 10
1032.352612236186
 20
-182.3373889819627
 30
0.0
 10
1032.352612236186
 20
-179.5743393116745
 30
0.0
 10
1032.352612236186
 20
-179.5743393116745
 30
0.0
 10
1032.352612236186
 20
-178.7684960099327
 30
0.0
 10
1032.041771127655
 20
-178.3770547362229
 30
0.0
 10
1031.42008891059
 20
-178.3770547362229
 30
0.0
 10
1030.637206363172
 20
-178.3770547362229
 30
0.0
 10
1030.130644617786
 20
-178.9181367881104
 30
0.0
 10
1030.130644617786
 20
-179.9887413397073
 30
0.0
 10
1030.130644617786
 20
-179.9887413397073
 30
0.0
 10
1030.130644617786
 20
-182.3373889819627
 30
0.0
 10
1030.130644617786
 20
-182.3373889819627
 30
0.0
 10
1030.130644617786
 20
-182.7517910099946
 30
0.0
 10
1029.911963226608
 20
-183.0855928728504
 30
0.0
 10
1029.439921787721
 20
-183.0855928728504
 30
0.0
 10
1028.967880348834
 20
-183.0855928728504
 30
0.0
 10
1028.749198957657
 20
-182.7517910099946
 30
0.0
 10
1028.749198957657
 20
-182.3373889819627
 30
0.0
 10
1028.749198957657
 20
-182.3373889819627
 30
0.0
 10
1028.749198957657
 20
-177.8820525430129
 30
0.0
 10
1028.749198957657
 20
-177.8820525430129
 30
0.0
  0
SPLINE
  5
10D
330
107
100
AcDbEntity
  8
Layer 1
 62
     7
370
     9
100
AcDbSpline
210
0.0
220
0.0
230
1.0
 70
     9
 71
     3
 72
    35
 73
    31
 74
     0
 42
0.0000000001
 43
0.0000000001
 40
0.0
 40
0.0
 40
0.0
 40
0.0
 40
1.0
 40
1.0
 40
1.0
 40
2.0
 40
2.0
 40
2.0
 40
3.0
 40
3.0
 40
3.0
 40
4.0
 40
4.0
 40
4.0
 40
5.0
 40
5.0
 40
5.0
 40
6.0
 40
6.0
 40
6.0
 40
7.0
 40
7.0
 40
7.0
 40
8.0
 40
8.0
 40
8.0
 40
9.0
 40
9.0
 40
9.0
 40
10.0
 40
10.0
 40
10.0
 40
10.0
 10
1038.442754382972
 20
-178.2158544058687
 30
0.0
 10
1038.546473652503
 20
-177.4790517171276
 30
0.0
 10
1038.66159412418
 20
-177.1336903020954
 30
0.0
 10
1039.168155869567
 20
-177.1336903020954
 30
0.0
 10
1039.605518651923
 20
-177.1336903020954
 30
0.0
 10
1039.824358393132
 20
-177.3639312454502
 30
0.0
 10
1039.824358393132
 20
-177.7669320713355
 30
0.0
 10
1039.824358393132
 20
-179.1138574249649
 30
0.0
 10
1039.214077378215
 20
-181.0134243826573
 30
0.0
 10
1038.235632543972
 20
-182.6021502318169
 30
0.0
 10
1037.99383204844
 20
-182.9935915055267
 30
0.0
 10
1037.648470633408
 20
-183.1201131793507
 30
0.0
 10
1037.326069972698
 20
-183.1201131793507
 30
0.0
 10
1037.003669311989
 20
-183.1201131793507
 30
0.0
 10
1036.658307896957
 20
-182.9935915055267
 30
0.0
 10
1036.416507401427
 20
-182.6021502318169
 30
0.0
 10
1035.438062567183
 20
-181.0134243826573
 30
0.0
 10
1034.827781552266
 20
-179.1138574249649
 30
0.0
 10
1034.827781552266
 20
-177.7669320713355
 30
0.0
 10
1034.827781552266
 20
-177.3639312454502
 30
0.0
 10
1035.046621293474
 20
-177.1336903020954
 30
0.0
 10
1035.484142425859
 20
-177.1336903020954
 30
0.0
 10
1035.990545821217
 20
-177.1336903020954
 30
0.0
 10
1036.105824642925
 20
-177.4790517171276
 30
0.0
 10
1036.209385562425
 20
-178.2158544058687
 30
0.0
 10
1036.381987094926
 20
-179.37861867482
 30
0.0
 10
1036.715947307811
 20
-180.7486631328021
 30
0.0
 10
1037.326069972698
 20
-181.635106599721
 30
0.0
 10
1037.936192637586
 20
-180.7486631328021
 30
0.0
 10
1038.270152850472
 20
-179.37861867482
 30
0.0
 10
1038.442754382972
 20
-178.2158544058687
 30
0.0
  0
SPLINE
  5
10E
330
107
100
AcDbEntity
  8
Layer 1
 62
     7
370
     9
100
AcDbSpline
210
0.0
220
0.0
230
1.0
 70
     9
 71
     3
 72
    23
 73
    19
 74
     0
 42
0.0000000001
 43
0.0000000001
 40
0.0
 40
0.0
 40
0.0
 40
0.0
 40
1.0
 40
1.0
 40
1.0
 40
2.0
 40
2.0
 40
2.0
 40
3.0
 40
3.0
 40
3.0
 40
4.0
 40
4.0
 40
4.0
 40
5.0
 40
5.0
 40
5.0
 40
6.0
 40
6.0
 40
6.0
 40
6.0
 10
1042.495248346066
 20
-182.3373889819627
 30
0.0
 10
1042.495248346066
 20
-182.7517910099946
 30
0.0
 10
1042.276566954887
 20
-183.0855928728504
 30
0.0
 10
1041.804525516
 20
-183.0855928728504
 30
0.0
 10
1041.332484077115
 20
-183.0855928728504
 30
0.0
 10
1041.113802685936
 20
-182.7517910099946
 30
0.0
 10
1041.113802685936
 20
-182.3373889819627
 30
0.0
 10
1041.113802685936
 20
-182.3373889819627
 30
0.0
 10
1041.113802685936
 20
-177.8820525430129
 30
0.0
 10
1041.113802685936
 20
-177.8820525430129
 30
0.0
 10
1041.113802685936
 20
-177.4674921649503
 30
0.0
 10
1041.332484077115
 20
-177.1336903020954
 30
0.0
 10
1041.804525516
 20
-177.1336903020954
 30
0.0
 10
1042.276566954887
 20
-177.1336903020954
 30
0.0
 10
1042.495248346066
 20
-177.4674921649503
 30
0.0
 10
1042.495248346066
 20
-177.8820525430129
 30
0.0
 10
1042.495248346066
 20
-177.8820525430129
 30
0.0
 10
1042.495248346066
 20
-182.3373889819627
 30
0.0
 10
1042.495248346066
 20
-182.3373889819627
 30
0.0
  0
SPLINE
  5
10F
330
107
100
AcDbEntity
  8
Layer 1
 62
     7
370
     9
100
AcDbSpline
210
0.0
220
0.0
230
1.0
 70
     9
 71
     3
 72
    17
 73
    13
 74
     0
 42
0.0000000001
 43
0.0000000001
 40
0.0
 40
0.0
 40
0.0
 40
0.0
 40
1.0
 40
1.0
 40
1.0
 40
2.0
 40
2.0
 40
2.0
 40
3.0
 40
3.0
 40
3.0
 40
4.0
 40
4.0
 40
4.0
 40
4.0
 10
1042.564288959065
 20
-175.6830456789353
 30
0.0
 10
1042.564288959065
 20
-176.2356872829993
 30
0.0
 10
1042.23048709621
 20
-176.5349688393548
 30
0.0
 10
1041.804525516
 20
-176.5349688393548
 30
0.0
 10
1041.378563935792
 20
-176.5349688393548
 30
0.0
 10
1041.044762072935
 20
-176.2356872829993
 30
0.0
 10
1041.044762072935
 20
-175.6830456789353
 30
0.0
 10
1041.044762072935
 20
-175.1304040748723
 30
0.0
 10
1041.378563935792
 20
-174.8311225185169
 30
0.0
 10
1041.804525516
 20
-174.8311225185169
 30
0.0
 10
1042.23048709621
 20
-174.8311225185169
 30
0.0
 10
1042.564288959065
 20
-175.1304040748723
 30
0.0
 10
1042.564288959065
 20
-175.6830456789353
 30
0.0
  0
SPLINE
  5
110
330
107
100
AcDbEntity
  8
Layer 1
 62
     7
370
     9
100
AcDbSpline
210
0.0
220
0.0
230
1.0
 70
     9
 71
     3
 72
    41
 73
    37
 74
     0
 42
0.0000000001
 43
0.0000000001
 40
0.0
 40
0.0
 40
0.0
 40
0.0
 40
1.0
 40
1.0
 40
1.0
 40
2.0
 40
2.0
 40
2.0
 40
3.0
 40
3.0
 40
3.0
 40
4.0
 40
4.0
 40
4.0
 40
5.0
 40
5.0
 40
5.0
 40
6.0
 40
6.0
 40
6.0
 40
7.0
 40
7.0
 40
7.0
 40
8.0
 40
8.0
 40
8.0
 40
9.0
 40
9.0
 40
9.0
 40
10.0
 40
10.0
 40
10.0
 40
11.0
 40
11.0
 40
11.0
 40
12.0
 40
12.0
 40
12.0
 40
12.0
 10
1044.199094666903
 20
-177.8359726843362
 30
0.0
 10
1044.199094666903
 20
-177.3639312454502
 30
0.0
 10
1044.429335610258
 20
-177.1336903020954
 30
0.0
 10
1044.832336436145
 20
-177.1336903020954
 30
0.0
 10
1045.085538133823
 20
-177.1336903020954
 30
0.0
 10
1045.407938794531
 20
-177.1682106085958
 30
0.0
 10
1045.454018653208
 20
-177.6863319061585
 30
0.0
 10
1045.454018653208
 20
-177.6863319061585
 30
0.0
 10
1045.476979407532
 20
-178.0430945233373
 30
0.0
 10
1045.476979407532
 20
-178.0430945233373
 30
0.0
 10
1045.476979407532
 20
-178.0430945233373
 30
0.0
 10
1045.500098511885
 20
-178.0430945233373
 30
0.0
 10
1045.500098511885
 20
-178.0430945233373
 30
0.0
 10
1045.592099879209
 20
-177.410011104127
 30
0.0
 10
1046.029621011595
 20
-177.1336903020954
 30
0.0
 10
1046.674263982983
 20
-177.1336903020954
 30
0.0
 10
1047.180825728369
 20
-177.1336903020954
 30
0.0
 10
1047.3881059174
 20
-177.410011104127
 30
0.0
 10
1047.3881059174
 20
-177.8014523778359
 30
0.0
 10
1047.3881059174
 20
-178.2388151601927
 30
0.0
 10
1047.088824361045
 20
-178.4460953492235
 30
0.0
 10
1046.593822167835
 20
-178.4460953492235
 30
0.0
 10
1045.914500539918
 20
-178.4460953492235
 30
0.0
 10
1045.580698677063
 20
-178.7224161512551
 30
0.0
 10
1045.580698677063
 20
-179.7816195007053
 30
0.0
 10
1045.580698677063
 20
-179.7816195007053
 30
0.0
 10
1045.580698677063
 20
-182.3028686754623
 30
0.0
 10
1045.580698677063
 20
-182.3028686754623
 30
0.0
 10
1045.580698677063
 20
-182.7517910099946
 30
0.0
 10
1045.327338629353
 20
-183.0855928728504
 30
0.0
 10
1044.889817496968
 20
-183.0855928728504
 30
0.0
 10
1044.452454714611
 20
-183.0855928728504
 30
0.0
 10
1044.199094666903
 20
-182.7517910099946
 30
0.0
 10
1044.199094666903
 20
-182.3028686754623
 30
0.0
 10
1044.199094666903
 20
-182.3028686754623
 30
0.0
 10
1044.199094666903
 20
-177.8359726843362
 30
0.0
 10
1044.199094666903
 20
-177.8359726843362
 30
0.0
  0
SPLINE
  5
111
330
107
100
AcDbEntity
  8
Layer 1
 62
     7
370
     9
100
AcDbSpline
210
0.0
220
0.0
230
1.0
 70
     9
 71
     3
 72
    17
 73
    13
 74
     0
 42
0.0000000001
 43
0.0000000001
 40
0.0
 40
0.0
 40
0.0
 40
0.0
 40
1.0
 40
1.0
 40
1.0
 40
2.0
 40
2.0
 40
2.0
 40
3.0
 40
3.0
 40
3.0
 40
4.0
 40
4.0
 40
4.0
 40
4.0
 10
1050.438877591868
 20
-178.3770547362229
 30
0.0
 10
1049.494953064125
 20
-178.3770547362229
 30
0.0
 10
1049.057431931737
 20
-179.2058587922886
 30
0.0
 10
1049.057431931737
 20
-180.1269809157375
 30
0.0
 10
1049.057431931737
 20
-181.0479446891576
 30
0.0
 10
1049.494953064125
 20
-181.8769070952522
 30
0.0
 10
1050.438877591868
 20
-181.8769070952522
 30
0.0
 10
1051.38296046964
 20
-181.8769070952522
 30
0.0
 10
1051.820481602026
 20
-181.0479446891576
 30
0.0
 10
1051.820481602026
 20
-180.1269809157375
 30
0.0
 10
1051.820481602026
 20
-179.2058587922886
 30
0.0
 10
1051.38296046964
 20
-178.3770547362229
 30
0.0
 10
1050.438877591868
 20
-178.3770547362229
 30
0.0
  0
SPLINE
  5
112
330
107
100
AcDbEntity
  8
Layer 1
 62
     7
370
     9
100
AcDbSpline
210
0.0
220
0.0
230
1.0
 70
     9
 71
     3
 72
    17
 73
    13
 74
     0
 42
0.0000000001
 43
0.0000000001
 40
0.0
 40
0.0
 40
0.0
 40
0.0
 40
1.0
 40
1.0
 40
1.0
 40
2.0
 40
2.0
 40
2.0
 40
3.0
 40
3.0
 40
3.0
 40
4.0
 40
4.0
 40
4.0
 40
4.0
 10
1050.438877591868
 20
-183.1201131793507
 30
0.0
 10
1048.643029903705
 20
-183.1201131793507
 30
0.0
 10
1047.606787308579
 20
-181.8077081322226
 30
0.0
 10
1047.606787308579
 20
-180.1269809157375
 30
0.0
 10
1047.606787308579
 20
-178.4460953492235
 30
0.0
 10
1048.643029903705
 20
-177.1336903020954
 30
0.0
 10
1050.438877591868
 20
-177.1336903020954
 30
0.0
 10
1052.234883630059
 20
-177.1336903020954
 30
0.0
 10
1053.270967875155
 20
-178.4460953492235
 30
0.0
 10
1053.270967875155
 20
-180.1269809157375
 30
0.0
 10
1053.270967875155
 20
-181.8077081322226
 30
0.0
 10
1052.234883630059
 20
-183.1201131793507
 30
0.0
 10
1050.438877591868
 20
-183.1201131793507
 30
0.0
  0
SPLINE
  5
113
330
107
100
AcDbEntity
  8
Layer 1
 62
     7
370
     9
100
AcDbSpline
210
0.0
220
0.0
230
1.0
 70
     9
 71
     3
 72
    47
 73
    43
 74
     0
 42
0.0000000001
 43
0.0000000001
 40
0.0
 40
0.0
 40
0.0
 40
0.0
 40
1.0
 40
1.0
 40
1.0
 40
2.0
 40
2.0
 40
2.0
 40
3.0
 40
3.0
 40
3.0
 40
4.0
 40
4.0
 40
4.0
 40
5.0
 40
5.0
 40
5.0
 40
6.0
 40
6.0
 40
6.0
 40
7.0
 40
7.0
 40
7.0
 40
8.0
 40
8.0
 40
8.0
 40
9.0
 40
9.0
 40
9.0
 40
10.0
 40
10.0
 40
10.0
 40
11.0
 40
11.0
 40
11.0
 40
12.0
 40
12.0
 40
12.0
 40
13.0
 40
13.0
 40
13.0
 40
14.0
 40
14.0
 40
14.0
 40
14.0
 10
1054.341730776782
 20
-177.8820525430129
 30
0.0
 10
1054.341730776782
 20
-177.4674921649503
 30
0.0
 10
1054.56057051799
 20
-177.1336903020954
 30
0.0
 10
1055.032453606846
 20
-177.1336903020954
 30
0.0
 10
1055.504495045733
 20
-177.1336903020954
 30
0.0
 10
1055.723334786941
 20
-177.4674921649503
 30
0.0
 10
1055.723334786941
 20
-177.7553725191592
 30
0.0
 10
1056.183816673651
 20
-177.3178513867726
 30
0.0
 10
1056.64429856036
 20
-177.1336903020954
 30
0.0
 10
1057.277381979571
 20
-177.1336903020954
 30
0.0
 10
1058.5207464137
 20
-177.1336903020954
 30
0.0
 10
1059.326748065471
 20
-178.0316933211907
 30
0.0
 10
1059.326748065471
 20
-179.2058587922886
 30
0.0
 10
1059.326748065471
 20
-179.2058587922886
 30
0.0
 10
1059.326748065471
 20
-182.3373889819627
 30
0.0
 10
1059.326748065471
 20
-182.3373889819627
 30
0.0
 10
1059.326748065471
 20
-182.7517910099946
 30
0.0
 10
1059.107908324264
 20
-183.0855928728504
 30
0.0
 10
1058.635866885377
 20
-183.0855928728504
 30
0.0
 10
1058.163983796521
 20
-183.0855928728504
 30
0.0
 10
1057.945144055313
 20
-182.7517910099946
 30
0.0
 10
1057.945144055313
 20
-182.3373889819627
 30
0.0
 10
1057.945144055313
 20
-182.3373889819627
 30
0.0
 10
1057.945144055313
 20
-179.5743393116745
 30
0.0
 10
1057.945144055313
 20
-179.5743393116745
 30
0.0
 10
1057.945144055313
 20
-178.7684960099327
 30
0.0
 10
1057.63430294678
 20
-178.3770547362229
 30
0.0
 10
1057.012620729716
 20
-178.3770547362229
 30
0.0
 10
1056.229738182299
 20
-178.3770547362229
 30
0.0
 10
1055.723334786941
 20
-178.9181367881104
 30
0.0
 10
1055.723334786941
 20
-179.9887413397073
 30
0.0
 10
1055.723334786941
 20
-179.9887413397073
 30
0.0
 10
1055.723334786941
 20
-182.3373889819627
 30
0.0
 10
1055.723334786941
 20
-182.3373889819627
 30
0.0
 10
1055.723334786941
 20
-182.7517910099946
 30
0.0
 10
1055.504495045733
 20
-183.0855928728504
 30
0.0
 10
1055.032453606846
 20
-183.0855928728504
 30
0.0
 10
1054.56057051799
 20
-183.0855928728504
 30
0.0
 10
1054.341730776782
 20
-182.7517910099946
 30
0.0
 10
1054.341730776782
 20
-182.3373889819627
 30
0.0
 10
1054.341730776782
 20
-182.3373889819627
 30
0.0
 10
1054.341730776782
 20
-177.8820525430129
 30
0.0
 10
1054.341730776782
 20
-177.8820525430129
 30
0.0
  0
SPLINE
  5
114
330
107
100
AcDbEntity
  8
Layer 1
 62
     7
370
     9
100
AcDbSpline
210
0.0
220
0.0
230
1.0
 70
     9
 71
     3
 72
    71
 73
    67
 74
     0
 42
0.0000000001
 43
0.0000000001
 40
0.0
 40
0.0
 40
0.0
 40
0.0
 40
1.0
 40
1.0
 40
1.0
 40
2.0
 40
2.0
 40
2.0
 40
3.0
 40
3.0
 40
3.0
 40
4.0
 40
4.0
 40
4.0
 40
5.0
 40
5.0
 40
5.0
 40
6.0
 40
6.0
 40
6.0
 40
7.0
 40
7.0
 40
7.0
 40
8.0
 40
8.0
 40
8.0
 40
9.0
 40
9.0
 40
9.0
 40
10.0
 40
10.0
 40
10.0
 40
11.0
 40
11.0
 40
11.0
 40
12.0
 40
12.0
 40
12.0
 40
13.0
 40
13.0
 40
13.0
 40
14.0
 40
14.0
 40
14.0
 40
15.0
 40
15.0
 40
15.0
 40
16.0
 40
16.0
 40
16.0
 40
17.0
 40
17.0
 40
17.0
 40
18.0
 40
18.0
 40
18.0
 40
19.0
 40
19.0
 40
19.0
 40
20.0
 40
20.0
 40
20.0
 40
21.0
 40
21.0
 40
21.0
 40
22.0
 40
22.0
 40
22.0
 40
22.0
 10
1060.719753277777
 20
-177.8014523778359
 30
0.0
 10
1060.719753277777
 20
-177.43297185845
 30
0.0
 10
1060.915473914632
 20
-177.1336903020954
 30
0.0
 10
1061.34143549484
 20
-177.1336903020954
 30
0.0
 10
1061.76739707505
 20
-177.1336903020954
 30
0.0
 10
1061.963117711906
 20
-177.43297185845
 30
0.0
 10
1061.963117711906
 20
-177.7553725191592
 30
0.0
 10
1062.365960187761
 20
-177.3639312454502
 30
0.0
 10
1062.861120731001
 20
-177.1336903020954
 30
0.0
 10
1063.425163537211
 20
-177.1336903020954
 30
0.0
 10
1064.092925612953
 20
-177.1336903020954
 30
0.0
 10
1064.507327640984
 20
-177.3408121410966
 30
0.0
 10
1065.036850140696
 20
-177.9971730146903
 30
0.0
 10
1065.532010683936
 20
-177.536532777951
 30
0.0
 10
1066.130573796645
 20
-177.1336903020954
 30
0.0
 10
1066.890495589741
 20
-177.1336903020954
 30
0.0
 10
1068.133860023868
 20
-177.1336903020954
 30
0.0
 10
1068.93970332561
 20
-178.0316933211907
 30
0.0
 10
1068.93970332561
 20
-179.2058587922886
 30
0.0
 10
1068.93970332561
 20
-179.2058587922886
 30
0.0
 10
1068.93970332561
 20
-182.3373889819627
 30
0.0
 10
1068.93970332561
 20
-182.3373889819627
 30
0.0
 10
1068.93970332561
 20
-182.7517910099946
 30
0.0
 10
1068.720863584404
 20
-183.0855928728504
 30
0.0
 10
1068.248980495545
 20
-183.0855928728504
 30
0.0
 10
1067.776939056661
 20
-183.0855928728504
 30
0.0
 10
1067.558099315452
 20
-182.7517910099946
 30
0.0
 10
1067.558099315452
 20
-182.3373889819627
 30
0.0
 10
1067.558099315452
 20
-182.3373889819627
 30
0.0
 10
1067.558099315452
 20
-179.7816195007053
 30
0.0
 10
1067.558099315452
 20
-179.7816195007053
 30
0.0
 10
1067.558099315452
 20
-178.9871774011102
 30
0.0
 10
1067.397057335127
 20
-178.3770547362229
 30
0.0
 10
1066.625575989856
 20
-178.3770547362229
 30
0.0
 10
1066.015453324968
 20
-178.3770547362229
 30
0.0
 10
1065.520451131759
 20
-178.9065772359331
 30
0.0
 10
1065.520451131759
 20
-179.9887413397073
 30
0.0
 10
1065.520451131759
 20
-179.9887413397073
 30
0.0
 10
1065.520451131759
 20
-182.3373889819627
 30
0.0
 10
1065.520451131759
 20
-182.3373889819627
 30
0.0
 10
1065.520451131759
 20
-182.7517910099946
 30
0.0
 10
1065.301769740581
 20
-183.0855928728504
 30
0.0
 10
1064.829728301694
 20
-183.0855928728504
 30
0.0
 10
1064.357686862807
 20
-183.0855928728504
 30
0.0
 10
1064.13900547163
 20
-182.7517910099946
 30
0.0
 10
1064.13900547163
 20
-182.3373889819627
 30
0.0
 10
1064.13900547163
 20
-182.3373889819627
 30
0.0
 10
1064.13900547163
 20
-179.7816195007053
 30
0.0
 10
1064.13900547163
 20
-179.7816195007053
 30
0.0
 10
1064.13900547163
 20
-178.9871774011102
 30
0.0
 10
1063.977805141276
 20
-178.3770547362229
 30
0.0
 10
1063.206482146033
 20
-178.3770547362229
 30
0.0
 10
1062.596201131116
 20
-178.3770547362229
 30
0.0
 10
1062.101198937905
 20
-178.9065772359331
 30
0.0
 10
1062.101198937905
 20
-179.9887413397073
 30
0.0
 10
1062.101198937905
 20
-179.9887413397073
 30
0.0
 10
1062.101198937905
 20
-182.3373889819627
 30
0.0
 10
1062.101198937905
 20
-182.3373889819627
 30
0.0
 10
1062.101198937905
 20
-182.7517910099946
 30
0.0
 10
1061.882517546728
 20
-183.0855928728504
 30
0.0
 10
1061.410476107841
 20
-183.0855928728504
 30
0.0
 10
1060.938434668956
 20
-183.0855928728504
 30
0.0
 10
1060.719753277777
 20
-182.7517910099946
 30
0.0
 10
1060.719753277777
 20
-182.3373889819627
 30
0.0
 10
1060.719753277777
 20
-182.3373889819627
 30
0.0
 10
1060.719753277777
 20
-177.8014523778359
 30
0.0
 10
1060.719753277777
 20
-177.8014523778359
 30
0.0
  0
SPLINE
  5
115
330
107
100
AcDbEntity
  8
Layer 1
 62
     7
370
     9
100
AcDbSpline
210
0.0
220
0.0
230
1.0
 70
     9
 71
     3
 72
    14
 73
    10
 74
     0
 42
0.0000000001
 43
0.0000000001
 40
0.0
 40
0.0
 40
0.0
 40
0.0
 40
1.0
 40
1.0
 40
1.0
 40
2.0
 40
2.0
 40
2.0
 40
3.0
 40
3.0
 40
3.0
 40
3.0
 10
1074.177922311977
 20
-179.401579429143
 30
0.0
 10
1074.0282815338
 20
-178.7108565990787
 30
0.0
 10
1073.452679175414
 20
-178.2848950188694
 30
0.0
 10
1072.911597123526
 20
-178.2848950188694
 30
0.0
 10
1072.370515071638
 20
-178.2848950188694
 30
0.0
 10
1071.794754363223
 20
-178.7108565990787
 30
0.0
 10
1071.633712382897
 20
-179.401579429143
 30
0.0
 10
1071.633712382897
 20
-179.401579429143
 30
0.0
 10
1074.177922311977
 20
-179.401579429143
 30
0.0
 10
1074.177922311977
 20
-179.401579429143
 30
0.0
  0
SPLINE
  5
116
330
107
100
AcDbEntity
  8
Layer 1
 62
     7
370
     9
100
AcDbSpline
210
0.0
220
0.0
230
1.0
 70
     9
 71
     3
 72
    35
 73
    31
 74
     0
 42
0.0000000001
 43
0.0000000001
 40
0.0
 40
0.0
 40
0.0
 40
0.0
 40
1.0
 40
1.0
 40
1.0
 40
2.0
 40
2.0
 40
2.0
 40
3.0
 40
3.0
 40
3.0
 40
4.0
 40
4.0
 40
4.0
 40
5.0
 40
5.0
 40
5.0
 40
6.0
 40
6.0
 40
6.0
 40
7.0
 40
7.0
 40
7.0
 40
8.0
 40
8.0
 40
8.0
 40
9.0
 40
9.0
 40
9.0
 40
10.0
 40
10.0
 40
10.0
 40
10.0
 10
1073.222438232059
 20
-183.0510725663501
 30
0.0
 10
1071.173072146159
 20
-183.0510725663501
 30
0.0
 10
1070.021867429385
 20
-181.9228286039001
 30
0.0
 10
1070.021867429385
 20
-180.2075810809146
 30
0.0
 10
1070.021867429385
 20
-178.4806156557239
 30
0.0
 10
1071.150111391835
 20
-177.1336903020954
 30
0.0
 10
1072.911597123526
 20
-177.1336903020954
 30
0.0
 10
1074.834124835542
 20
-177.1336903020954
 30
0.0
 10
1075.628566935137
 20
-178.4115750427232
 30
0.0
 10
1075.628566935137
 20
-179.7585003963525
 30
0.0
 10
1075.628566935137
 20
-180.1499416700615
 30
0.0
 10
1075.547966769959
 20
-180.4378220242703
 30
0.0
 10
1075.064365778897
 20
-180.4378220242703
 30
0.0
 10
1075.064365778897
 20
-180.4378220242703
 30
0.0
 10
1071.541552665544
 20
-180.4378220242703
 30
0.0
 10
1071.541552665544
 20
-180.4378220242703
 30
0.0
 10
1071.633712382897
 20
-181.5199861280436
 30
0.0
 10
1072.451115236816
 20
-181.8077081322226
 30
0.0
 10
1073.418158868912
 20
-181.8077081322226
 30
0.0
 10
1073.418158868912
 20
-181.8077081322226
 30
0.0
 10
1074.903165448543
 20
-181.8077081322226
 30
0.0
 10
1074.903165448543
 20
-181.8077081322226
 30
0.0
 10
1075.271645967928
 20
-181.8077081322226
 30
0.0
 10
1075.570927524283
 20
-182.0034287690771
 30
0.0
 10
1075.570927524283
 20
-182.4293903492864
 30
0.0
 10
1075.570927524283
 20
-182.8553519294956
 30
0.0
 10
1075.271645967928
 20
-183.0510725663501
 30
0.0
 10
1074.903165448543
 20
-183.0510725663501
 30
0.0
 10
1074.903165448543
 20
-183.0510725663501
 30
0.0
 10
1073.222438232059
 20
-183.0510725663501
 30
0.0
 10
1073.222438232059
 20
-183.0510725663501
 30
0.0
  0
SPLINE
  5
117
330
107
100
AcDbEntity
  8
Layer 1
 62
     7
370
     9
100
AcDbSpline
210
0.0
220
0.0
230
1.0
 70
     9
 71
     3
 72
    47
 73
    43
 74
     0
 42
0.0000000001
 43
0.0000000001
 40
0.0
 40
0.0
 40
0.0
 40
0.0
 40
1.0
 40
1.0
 40
1.0
 40
2.0
 40
2.0
 40
2.0
 40
3.0
 40
3.0
 40
3.0
 40
4.0
 40
4.0
 40
4.0
 40
5.0
 40
5.0
 40
5.0
 40
6.0
 40
6.0
 40
6.0
 40
7.0
 40
7.0
 40
7.0
 40
8.0
 40
8.0
 40
8.0
 40
9.0
 40
9.0
 40
9.0
 40
10.0
 40
10.0
 40
10.0
 40
11.0
 40
11.0
 40
11.0
 40
12.0
 40
12.0
 40
12.0
 40
13.0
 40
13.0
 40
13.0
 40
14.0
 40
14.0
 40
14.0
 40
14.0
 10
1076.733850143264
 20
-177.8820525430129
 30
0.0
 10
1076.733850143264
 20
-177.4674921649503
 30
0.0
 10
1076.952531534443
 20
-177.1336903020954
 30
0.0
 10
1077.42457297333
 20
-177.1336903020954
 30
0.0
 10
1077.896614412215
 20
-177.1336903020954
 30
0.0
 10
1078.115295803394
 20
-177.4674921649503
 30
0.0
 10
1078.115295803394
 20
-177.7553725191592
 30
0.0
 10
1078.575777690104
 20
-177.3178513867726
 30
0.0
 10
1079.036259576813
 20
-177.1336903020954
 30
0.0
 10
1079.669501346054
 20
-177.1336903020954
 30
0.0
 10
1080.912865780182
 20
-177.1336903020954
 30
0.0
 10
1081.718709081924
 20
-178.0316933211907
 30
0.0
 10
1081.718709081924
 20
-179.2058587922886
 30
0.0
 10
1081.718709081924
 20
-179.2058587922886
 30
0.0
 10
1081.718709081924
 20
-182.3373889819627
 30
0.0
 10
1081.718709081924
 20
-182.3373889819627
 30
0.0
 10
1081.718709081924
 20
-182.7517910099946
 30
0.0
 10
1081.500027690746
 20
-183.0855928728504
 30
0.0
 10
1081.027986251859
 20
-183.0855928728504
 30
0.0
 10
1080.555944812972
 20
-183.0855928728504
 30
0.0
 10
1080.337263421795
 20
-182.7517910099946
 30
0.0
 10
1080.337263421795
 20
-182.3373889819627
 30
0.0
 10
1080.337263421795
 20
-182.3373889819627
 30
0.0
 10
1080.337263421795
 20
-179.5743393116745
 30
0.0
 10
1080.337263421795
 20
-179.5743393116745
 30
0.0
 10
1080.337263421795
 20
-178.7684960099327
 30
0.0
 10
1080.026422313262
 20
-178.3770547362229
 30
0.0
 10
1079.404740096198
 20
-178.3770547362229
 30
0.0
 10
1078.621857548781
 20
-178.3770547362229
 30
0.0
 10
1078.115295803394
 20
-178.9181367881104
 30
0.0
 10
1078.115295803394
 20
-179.9887413397073
 30
0.0
 10
1078.115295803394
 20
-179.9887413397073
 30
0.0
 10
1078.115295803394
 20
-182.3373889819627
 30
0.0
 10
1078.115295803394
 20
-182.3373889819627
 30
0.0
 10
1078.115295803394
 20
-182.7517910099946
 30
0.0
 10
1077.896614412215
 20
-183.0855928728504
 30
0.0
 10
1077.42457297333
 20
-183.0855928728504
 30
0.0
 10
1076.952531534443
 20
-183.0855928728504
 30
0.0
 10
1076.733850143264
 20
-182.7517910099946
 30
0.0
 10
1076.733850143264
 20
-182.3373889819627
 30
0.0
 10
1076.733850143264
 20
-182.3373889819627
 30
0.0
 10
1076.733850143264
 20
-177.8820525430129
 30
0.0
 10
1076.733850143264
 20
-177.8820525430129
 30
0.0
  0
SPLINE
  5
118
330
107
100
AcDbEntity
  8
Layer 1
 62
     7
370
     9
100
AcDbSpline
210
0.0
220
0.0
230
1.0
 70
    11
 71
     3
 72
    62
 73
    58
 74
     0
 42
0.0000000001
 43
0.0000000001
 40
0.0
 40
0.0
 40
0.0
 40
0.0
 40
1.0
 40
1.0
 40
1.0
 40
2.0
 40
2.0
 40
2.0
 40
3.0
 40
3.0
 40
3.0
 40
4.0
 40
4.0
 40
4.0
 40
5.0
 40
5.0
 40
5.0
 40
6.0
 40
6.0
 40
6.0
 40
7.0
 40
7.0
 40
7.0
 40
8.0
 40
8.0
 40
8.0
 40
9.0
 40
9.0
 40
9.0
 40
10.0
 40
10.0
 40
10.0
 40
11.0
 40
11.0
 40
11.0
 40
12.0
 40
12.0
 40
12.0
 40
13.0
 40
13.0
 40
13.0
 40
14.0
 40
14.0
 40
14.0
 40
15.0
 40
15.0
 40
15.0
 40
16.0
 40
16.0
 40
16.0
 40
17.0
 40
17.0
 40
17.0
 40
18.0
 40
18.0
 40
18.0
 40
19.0
 40
19.0
 40
19.0
 40
19.0
 10
1084.965359743274
 20
-178.4460953492235
 30
0.0
 10
1084.965359743274
 20
-178.4460953492235
 30
0.0
 10
1084.965359743274
 20
-180.7255440284484
 30
0.0
 10
1084.965359743274
 20
-180.7255440284484
 30
0.0
 10
1084.965359743274
 20
-181.4162668585128
 30
0.0
 10
1085.103440969275
 20
-181.738667519222
 30
0.0
 10
1085.633121819016
 20
-181.738667519222
 30
0.0
 10
1085.633121819016
 20
-181.738667519222
 30
0.0
 10
1086.369924507758
 20
-181.738667519222
 30
0.0
 10
1086.369924507758
 20
-181.738667519222
 30
0.0
 10
1086.761365781466
 20
-181.738667519222
 30
0.0
 10
1087.072206889999
 20
-181.9459477082528
 30
0.0
 10
1087.072206889999
 20
-182.394870042786
 30
0.0
 10
1087.072206889999
 20
-182.843950727349
 30
0.0
 10
1086.761365781466
 20
-183.0510725663501
 30
0.0
 10
1086.139683564403
 20
-183.0510725663501
 30
0.0
 10
1084.389757384887
 20
-183.0510725663501
 30
0.0
 10
1083.583914083146
 20
-183.0510725663501
 30
0.0
 10
1083.583914083146
 20
-180.9328242174802
 30
0.0
 10
1083.583914083146
 20
-180.9328242174802
 30
0.0
 10
1083.583914083146
 20
-178.4460953492235
 30
0.0
 10
1083.583914083146
 20
-178.4460953492235
 30
0.0
 10
1083.583914083146
 20
-178.4460953492235
 30
0.0
 10
1083.192472809436
 20
-178.4460953492235
 30
0.0
 10
1083.192472809436
 20
-178.4460953492235
 30
0.0
 10
1082.812432737874
 20
-178.4460953492235
 30
0.0
 10
1082.513151181519
 20
-178.2503747123691
 30
0.0
 10
1082.513151181519
 20
-177.8244131321598
 30
0.0
 10
1082.513151181519
 20
-177.3984515519506
 30
0.0
 10
1082.812432737874
 20
-177.2027309150952
 30
0.0
 10
1083.192472809436
 20
-177.2027309150952
 30
0.0
 10
1083.192472809436
 20
-177.2027309150952
 30
0.0
 10
1083.583914083146
 20
-177.2027309150952
 30
0.0
 10
1083.583914083146
 20
-177.2027309150952
 30
0.0
 10
1083.583914083146
 20
-177.2027309150952
 30
0.0
 10
1083.583914083146
 20
-176.2241277308229
 30
0.0
 10
1083.583914083146
 20
-176.2241277308229
 30
0.0
 10
1083.583914083146
 20
-175.80972570279
 30
0.0
 10
1083.802595474323
 20
-175.4759238399342
 30
0.0
 10
1084.27463691321
 20
-175.4759238399342
 30
0.0
 10
1084.746678352097
 20
-175.4759238399342
 30
0.0
 10
1084.965359743274
 20
-175.80972570279
 30
0.0
 10
1084.965359743274
 20
-176.2241277308229
 30
0.0
 10
1084.965359743274
 20
-176.2241277308229
 30
0.0
 10
1084.965359743274
 20
-177.2027309150952
 30
0.0
 10
1084.965359743274
 20
-177.2027309150952
 30
0.0
 10
1084.965359743274
 20
-177.2027309150952
 30
0.0
 10
1085.978483234049
 20
-177.2027309150952
 30
0.0
 10
1085.978483234049
 20
-177.2027309150952
 30
0.0
 10
1086.346805403403
 20
-177.2027309150952
 30
0.0
 10
1086.646245309789
 20
-177.3984515519506
 30
0.0
 10
1086.646245309789
 20
-177.8244131321598
 30
0.0
 10
1086.646245309789
 20
-178.2503747123691
 30
0.0
 10
1086.346805403403
 20
-178.4460953492235
 30
0.0
 10
1085.978483234049
 20
-178.4460953492235
 30
0.0
 10
1085.978483234049
 20
-178.4460953492235
 30
0.0
 10
1084.965359743274
 20
-178.4460953492235
 30
0.0
 10
1084.965359743274
 20
-178.4460953492235
 30
0.0
  0
ENDBLK
  5
10A
330
107
100
AcDbEntity
  8
0
100
AcDbBlockEnd
  0
BLOCK
  5
11B
330
119
100
AcDbEntity
  8
0
100
AcDbBlockBegin
  2
Block_9
 70
     0
 10
0.0
 20
0.0
 30
0.0
  3
Block_9
  1

  0
SPLINE
  5
11D
330
119
100
AcDbEntity
  8
Layer 1
 62
     7
370
     9
100
AcDbSpline
210
0.0
220
0.0
230
1.0
 70
     9
 71
     3
 72
    35
 73
    31
 74
     0
 42
0.0000000001
 43
0.0000000001
 40
0.0
 40
0.0
 40
0.0
 40
0.0
 40
1.0
 40
1.0
 40
1.0
 40
2.0
 40
2.0
 40
2.0
 40
3.0
 40
3.0
 40
3.0
 40
4.0
 40
4.0
 40
4.0
 40
5.0
 40
5.0
 40
5.0
 40
6.0
 40
6.0
 40
6.0
 40
7.0
 40
7.0
 40
7.0
 40
8.0
 40
8.0
 40
8.0
 40
9.0
 40
9.0
 40
9.0
 40
10.0
 40
10.0
 40
10.0
 40
10.0
 10
849.696811752463
 20
-59.74915050477764
 30
0.0
 10
833.779870847827
 20
-59.74915050477764
 30
0.0
 10
820.8161851403463
 20
-72.53724771114149
 30
0.0
 10
820.5991359461917
 20
-88.45270866610581
 30
0.0
 10
820.1253254242626
 20
-123.1955829311212
 30
0.0
 10
816.8720452506475
 20
-157.8448319673225
 30
0.0
 10
810.8704453062079
 20
-192.0686921632773
 30
0.0
 10
808.9648564557222
 20
-202.9352289224331
 30
0.0
 10
816.2291400266736
 20
-213.2890824631373
 30
0.0
 10
827.0956767858285
 20
-215.1946713136237
 30
0.0
 10
828.2349400091984
 20
-215.3944559685086
 30
0.0
 10
829.3894026192248
 20
-215.4949145191597
 30
0.0
 10
830.5460506211904
 20
-215.4949145191597
 30
0.0
 10
830.5460506211904
 20
-215.4949145191597
 30
0.0
 10
1071.816251873978
 20
-215.4949145191597
 30
0.0
 10
1071.816251873978
 20
-215.4949145191597
 30
0.0
 10
1085.568507781364
 20
-215.4949145191597
 30
0.0
 10
1097.332654367058
 20
-205.6142473944575
 30
0.0
 10
1099.70804402379
 20
-192.0686921632773
 30
0.0
 10
1105.709643968229
 20
-157.8448319673225
 30
0.0
 10
1108.962924141845
 20
-123.1955829311212
 30
0.0
 10
1109.436734663774
 20
-88.45270866610581
 30
0.0
 10
1109.649997499267
 20
-72.81488819560654
 30
0.0
 10
1097.145922957247
 20
-59.96504627987444
 30
0.0
 10
1081.508102486748
 20
-59.75178344438023
 30
0.0
 10
1081.379394459482
 20
-59.75002817171302
 30
0.0
 10
1081.250675959987
 20
-59.74915050477764
 30
0.0
 10
1081.121955964397
 20
-59.74915050477764
 30
0.0
 10
1081.121955964397
 20
-59.74915050477764
 30
0.0
 10
849.696811752463
 20
-59.74915050477764
 30
0.0
 10
849.696811752463
 20
-59.74915050477764
 30
0.0
  0
ENDBLK
  5
11C
330
119
100
AcDbEntity
  8
0
100
AcDbBlockEnd
  0
ENDSEC
  0
SECTION
  2
ENTITIES
  0
SPLINE
  5
79
330
70
100
AcDbEntity
  8
Layer 1
 62
     7
370
     9
100
AcDbSpline
210
0.0
220
0.0
230
1.0
 70
     9
 71
     3
 72
    44
 73
    40
 74
     0
 42
0.0000000001
 43
0.0000000001
 40
0.0
 40
0.0
 40
0.0
 40
0.0
 40
1.0
 40
1.0
 40
1.0
 40
2.0
 40
2.0
 40
2.0
 40
3.0
 40
3.0
 40
3.0
 40
4.0
 40
4.0
 40
4.0
 40
5.0
 40
5.0
 40
5.0
 40
6.0
 40
6.0
 40
6.0
 40
7.0
 40
7.0
 40
7.0
 40
8.0
 40
8.0
 40
8.0
 40
9.0
 40
9.0
 40
9.0
 40
10.0
 40
10.0
 40
10.0
 40
11.0
 40
11.0
 40
11.0
 40
12.0
 40
12.0
 40
12.0
 40
13.0
 40
13.0
 40
13.0
 40
13.0
 10
1003.258646159513
 20
-179.0769671432132
 30
0.0
 10
1003.258646159513
 20
-177.9442986328395
 30
0.0
 10
1004.177603630194
 20
-177.0253411621594
 30
0.0
 10
1005.310272140567
 20
-177.0253411621594
 30
0.0
 10
1005.310272140567
 20
-177.0253411621594
 30
0.0
 10
1009.413524102674
 20
-177.0253411621594
 30
0.0
 10
1009.413524102674
 20
-177.0253411621594
 30
0.0
 10
1010.546192613049
 20
-177.0253411621594
 30
0.0
 10
1011.465150083728
 20
-177.9442986328395
 30
0.0
 10
1011.465150083728
 20
-179.0769671432132
 30
0.0
 10
1011.465150083728
 20
-179.0769671432132
 30
0.0
 10
1011.465150083728
 20
-196.8577256456812
 30
0.0
 10
1011.465150083728
 20
-196.8577256456812
 30
0.0
 10
1011.465150083728
 20
-197.9903941560549
 30
0.0
 10
1010.546192613049
 20
-198.909351626735
 30
0.0
 10
1009.413524102674
 20
-198.909351626735
 30
0.0
 10
1009.413524102674
 20
-198.909351626735
 30
0.0
 10
1005.310272140567
 20
-198.909351626735
 30
0.0
 10
1005.310272140567
 20
-198.909351626735
 30
0.0
 10
1004.177603630194
 20
-198.909351626735
 30
0.0
 10
1003.258646159513
 20
-197.9903941560549
 30
0.0
 10
1003.258646159513
 20
-196.8577256456812
 30
0.0
 10
1003.258646159513
 20
-196.8577256456812
 30
0.0
 10
1003.258646159513
 20
-190.7028477025187
 30
0.0
 10
1003.258646159513
 20
-190.7028477025187
 30
0.0
 10
1003.258646159513
 20
-190.7028477025187
 30
0.0
 10
1003.258646159513
 20
-190.7028477025187
 30
0.0
 10
1003.258646159513
 20
-190.7028477025187
 30
0.0
 10
1004.76744557799
 20
-190.7028477025187
 30
0.0
 10
1005.994147467585
 20
-189.4761458129252
 30
0.0
 10
1005.994147467585
 20
-187.9673463944472
 30
0.0
 10
1005.994147467585
 20
-186.4585469759692
 30
0.0
 10
1004.76744557799
 20
-185.2318450863748
 30
0.0
 10
1003.258646159513
 20
-185.2318450863748
 30
0.0
 10
1003.258646159513
 20
-185.2318450863748
 30
0.0
 10
1003.258646159513
 20
-185.2318450863748
 30
0.0
 10
1003.258646159513
 20
-185.2318450863748
 30
0.0
 10
1003.258646159513
 20
-185.2318450863748
 30
0.0
 10
1003.258646159513
 20
-179.0769671432132
 30
0.0
 10
1003.258646159513
 20
-179.0769671432132
 30
0.0
  0
SPLINE
  5
7A
330
70
100
AcDbEntity
  8
Layer 1
 62
     7
370
     9
100
AcDbSpline
210
0.0
220
0.0
230
1.0
 70
     9
 71
     3
 72
    32
 73
    28
 74
     0
 42
0.0000000001
 43
0.0000000001
 40
0.0
 40
0.0
 40
0.0
 40
0.0
 40
1.0
 40
1.0
 40
1.0
 40
2.0
 40
2.0
 40
2.0
 40
3.0
 40
3.0
 40
3.0
 40
4.0
 40
4.0
 40
4.0
 40
5.0
 40
5.0
 40
5.0
 40
6.0
 40
6.0
 40
6.0
 40
7.0
 40
7.0
 40
7.0
 40
8.0
 40
8.0
 40
8.0
 40
9.0
 40
9.0
 40
9.0
 40
9.0
 10
991.5259100803607
 20
-190.3053456904456
 30
0.0
 10
991.8422024843263
 20
-191.0789799150121
 30
0.0
 10
992.3978508614307
 20
-191.7543062786871
 30
0.0
 10
993.1458395003557
 20
-192.2244705660121
 30
0.0
 10
993.1458395003557
 20
-192.2244705660121
 30
0.0
 10
993.551890475774
 20
-192.4809238136433
 30
0.0
 10
993.551890475774
 20
-192.4809238136433
 30
0.0
 10
993.551890475774
 20
-192.4809238136433
 30
0.0
 10
993.0603550844786
 20
-193.5879467383765
 30
0.0
 10
993.0603550844786
 20
-193.5879467383765
 30
0.0
 10
992.7312402137905
 20
-194.3273864139589
 30
0.0
 10
991.9960740415882
 20
-194.8060996646273
 30
0.0
 10
991.1839720907549
 20
-194.8060996646273
 30
0.0
 10
991.1839720907549
 20
-194.8060996646273
 30
0.0
 10
988.2133889651177
 20
-194.8060996646273
 30
0.0
 10
988.2133889651177
 20
-194.8060996646273
 30
0.0
 10
987.4568518519934
 20
-194.8060996646273
 30
0.0
 10
986.8456383110805
 20
-194.1948866128597
 30
0.0
 10
986.8456383110805
 20
-193.4383490105911
 30
0.0
 10
986.8456383110805
 20
-192.6818114083217
 30
0.0
 10
987.4568518927553
 20
-192.0705983565549
 30
0.0
 10
988.2133889651177
 20
-192.0705983565549
 30
0.0
 10
988.2133889651177
 20
-192.0705983565549
 30
0.0
 10
990.7437275446449
 20
-192.0705983565549
 30
0.0
 10
990.7437275446449
 20
-192.0705983565549
 30
0.0
 10
990.7437275446449
 20
-192.0705983565549
 30
0.0
 10
991.5259100803607
 20
-190.3053456904456
 30
0.0
 10
991.5259100803607
 20
-190.3053456904456
 30
0.0
  0
SPLINE
  5
7B
330
70
100
AcDbEntity
  8
Layer 1
 62
     7
370
     9
100
AcDbSpline
210
0.0
220
0.0
230
1.0
 70
     9
 71
     3
 72
    92
 73
    88
 74
     0
 42
0.0000000001
 43
0.0000000001
 40
0.0
 40
0.0
 40
0.0
 40
0.0
 40
1.0
 40
1.0
 40
1.0
 40
2.0
 40
2.0
 40
2.0
 40
3.0
 40
3.0
 40
3.0
 40
4.0
 40
4.0
 40
4.0
 40
5.0
 40
5.0
 40
5.0
 40
6.0
 40
6.0
 40
6.0
 40
7.0
 40
7.0
 40
7.0
 40
8.0
 40
8.0
 40
8.0
 40
9.0
 40
9.0
 40
9.0
 40
10.0
 40
10.0
 40
10.0
 40
11.0
 40
11.0
 40
11.0
 40
12.0
 40
12.0
 40
12.0
 40
13.0
 40
13.0
 40
13.0
 40
14.0
 40
14.0
 40
14.0
 40
15.0
 40
15.0
 40
15.0
 40
16.0
 40
16.0
 40
16.0
 40
17.0
 40
17.0
 40
17.0
 40
18.0
 40
18.0
 40
18.0
 40
19.0
 40
19.0
 40
19.0
 40
20.0
 40
20.0
 40
20.0
 40
21.0
 40
21.0
 40
21.0
 40
22.0
 40
22.0
 40
22.0
 40
23.0
 40
23.0
 40
23.0
 40
24.0
 40
24.0
 40
24.0
 40
25.0
 40
25.0
 40
25.0
 40
26.0
 40
26.0
 40
26.0
 40
27.0
 40
27.0
 40
27.0
 40
28.0
 40
28.0
 40
28.0
 40
29.0
 40
29.0
 40
29.0
 40
29.0
 10
993.8211665162256
 20
-183.8640944323395
 30
0.0
 10
993.2185011234125
 20
-183.8640944323395
 30
0.0
 10
992.6457557979134
 20
-184.1034510576728
 30
0.0
 10
992.2183337185281
 20
-184.5265986553874
 30
0.0
 10
992.2183337185281
 20
-184.5265986553874
 30
0.0
 10
991.2309887803644
 20
-185.5139439196476
 30
0.0
 10
991.2309887803644
 20
-185.5139439196476
 30
0.0
 10
990.6967111811312
 20
-186.0482215188808
 30
0.0
 10
989.8290445556357
 20
-186.0482215188808
 30
0.0
 10
989.2947667933556
 20
-185.5139439196476
 30
0.0
 10
988.7604890310736
 20
-184.9796663204153
 30
0.0
 10
988.7604891941224
 20
-184.1119993688223
 30
0.0
 10
989.2947667933556
 20
-183.5777217695891
 30
0.0
 10
989.2947667933556
 20
-183.5777217695891
 30
0.0
 10
990.2821118945659
 20
-182.5903765053298
 30
0.0
 10
990.2821118945659
 20
-182.5903765053298
 30
0.0
 10
991.2224404692159
 20
-181.6543224123509
 30
0.0
 10
992.496158070128
 20
-181.1285931242671
 30
0.0
 10
993.8211665162256
 20
-181.1285931242671
 30
0.0
 10
994.321250218668
 20
-181.1285931242671
 30
0.0
 10
994.8170600916354
 20
-181.2012547473239
 30
0.0
 10
995.291498860632
 20
-181.3508524751093
 30
0.0
 10
995.291498860632
 20
-181.3508524751093
 30
0.0
 10
997.3730442568031
 20
-181.9919855941884
 30
0.0
 10
997.3730442568031
 20
-181.9919855941884
 30
0.0
 10
998.9288610170865
 20
-182.4706981926618
 30
0.0
 10
1000.189756151276
 20
-183.6161894958559
 30
0.0
 10
1000.813791343668
 20
-185.1164406031853
 30
0.0
 10
1000.813791343668
 20
-185.1164406031853
 30
0.0
 10
1001.083066731926
 20
-185.7575737222645
 30
0.0
 10
1001.083066731926
 20
-185.7575737222645
 30
0.0
 10
1001.29677777162
 20
-186.2662057358571
 30
0.0
 10
1001.792587644585
 20
-186.5995950882169
 30
0.0
 10
1002.343961866116
 20
-186.5995950882169
 30
0.0
 10
1002.343961866116
 20
-186.5995950882169
 30
0.0
 10
1003.258646159513
 20
-186.5995950882169
 30
0.0
 10
1003.258646159513
 20
-186.5995950882169
 30
0.0
 10
1004.015183761781
 20
-186.5995950882169
 30
0.0
 10
1004.626396813548
 20
-187.2108087921778
 30
0.0
 10
1004.626396813548
 20
-187.9673457422522
 30
0.0
 10
1004.626396813548
 20
-188.7238826923276
 30
0.0
 10
1004.015183761781
 20
-189.3350970484834
 30
0.0
 10
1003.258646159513
 20
-189.3350970484834
 30
0.0
 10
1003.258646159513
 20
-189.3350970484834
 30
0.0
 10
1002.348237652175
 20
-189.3350970484834
 30
0.0
 10
1002.348237652175
 20
-189.3350970484834
 30
0.0
 10
1000.689840505913
 20
-189.3350970484834
 30
0.0
 10
999.1981364053431
 20
-188.3392041252688
 30
0.0
 10
998.5612777679357
 20
-186.8090322984329
 30
0.0
 10
998.5612777679357
 20
-186.8090322984329
 30
0.0
 10
998.3432922465704
 20
-186.2833030103482
 30
0.0
 10
998.3432922465704
 20
-186.2833030103482
 30
0.0
 10
998.3432922465704
 20
-186.2833030103482
 30
0.0
 10
997.0182838004744
 20
-189.8052613358083
 30
0.0
 10
997.0182838004744
 20
-189.8052613358083
 30
0.0
 10
997.0182838004744
 20
-189.8052613358083
 30
0.0
 10
999.4417675123491
 20
-191.3183352359572
 30
0.0
 10
999.4417675123491
 20
-191.3183352359572
 30
0.0
 10
1000.215401736916
 20
-191.8013216639083
 30
0.0
 10
1000.578710504395
 20
-192.7416502385582
 30
0.0
 10
1000.326531738434
 20
-193.6221399829715
 30
0.0
 10
1000.326531738434
 20
-193.6221399829715
 30
0.0
 10
999.1041030261225
 20
-197.9177318808031
 30
0.0
 10
999.1041030261225
 20
-197.9177318808031
 30
0.0
 10
998.8946664681005
 20
-198.6443494157602
 30
0.0
 10
998.1381288658321
 20
-199.063222531803
 30
0.0
 10
997.4115113308759
 20
-198.8580604554529
 30
0.0
 10
996.6848937959197
 20
-198.6528983791037
 30
0.0
 10
996.2660200276809
 20
-197.8920862951625
 30
0.0
 10
996.4711827562261
 20
-197.1654687602063
 30
0.0
 10
996.4711827562261
 20
-197.1654687602063
 30
0.0
 10
997.5568345769895
 20
-193.3699599126229
 30
0.0
 10
997.5568345769895
 20
-193.3699599126229
 30
0.0
 10
997.5568345769895
 20
-193.3699599126229
 30
0.0
 10
993.8724563831186
 20
-191.0661551656086
 30
0.0
 10
993.8724563831186
 20
-191.0661551656086
 30
0.0
 10
992.7996267029824
 20
-190.3951019792172
 30
0.0
 10
992.3294630678507
 20
-189.078642496463
 30
0.0
 10
992.7269650799255
 20
-187.881860674181
 30
0.0
 10
992.7269650799255
 20
-187.881860674181
 30
0.0
 10
994.0605218371718
 20
-183.8769159207707
 30
0.0
 10
994.0605218371718
 20
-183.8769159207707
 30
0.0
 10
993.9793119029646
 20
-183.8683676096222
 30
0.0
 10
993.9023757982377
 20
-183.8640931279504
 30
0.0
 10
993.8211652118376
 20
-183.8640931279504
 30
0.0
 10
993.8211652118376
 20
-183.8640931279504
 30
0.0
 10
993.8211665162256
 20
-183.8640944323395
 30
0.0
 10
993.8211665162256
 20
-183.8640944323395
 30
0.0
  0
SPLINE
  5
7C
330
70
100
AcDbEntity
  8
Layer 1
 62
     7
370
     9
100
AcDbSpline
210
0.0
220
0.0
230
1.0
 70
    11
 71
     3
 72
    17
 73
    13
 74
     0
 42
0.0000000001
 43
0.0000000001
 40
0.0
 40
0.0
 40
0.0
 40
0.0
 40
1.0
 40
1.0
 40
1.0
 40
2.0
 40
2.0
 40
2.0
 40
3.0
 40
3.0
 40
3.0
 40
4.0
 40
4.0
 40
4.0
 40
4.0
 10
998.4715188703869
 20
-177.0253411621594
 30
0.0
 10
999.6046008719684
 20
-177.0253411621594
 30
0.0
 10
1000.523144851441
 20
-177.943885386204
 30
0.0
 10
1000.523144851441
 20
-179.0769671432132
 30
0.0
 10
1000.523144851441
 20
-180.2100488186972
 30
0.0
 10
999.6046008719684
 20
-181.1285931242671
 30
0.0
 10
998.4715188703869
 20
-181.1285931242671
 30
0.0
 10
997.3384368688053
 20
-181.1285931242671
 30
0.0
 10
996.4198928893329
 20
-180.2100488186972
 30
0.0
 10
996.4198928893329
 20
-179.0769671432132
 30
0.0
 10
996.4198928893329
 20
-177.943885386204
 30
0.0
 10
997.3384368688053
 20
-177.0253411621594
 30
0.0
 10
998.4715188703869
 20
-177.0253411621594
 30
0.0
  0
SPLINE
  5
7D
330
70
100
AcDbEntity
  8
Layer 1
 62
     7
370
     9
100
AcDbSpline
210
0.0
220
0.0
230
1.0
 70
    11
 71
     3
 72
    17
 73
    13
 74
     0
 42
0.0000000001
 43
0.0000000001
 40
0.0
 40
0.0
 40
0.0
 40
0.0
 40
1.0
 40
1.0
 40
1.0
 40
2.0
 40
2.0
 40
2.0
 40
3.0
 40
3.0
 40
3.0
 40
4.0
 40
4.0
 40
4.0
 40
4.0
 10
866.0214439010795
 20
-157.8884144851963
 30
0.0
 10
866.0214439010795
 20
-157.5107202672705
 30
0.0
 10
866.3276256623673
 20
-157.2045391581786
 30
0.0
 10
866.7053192280981
 20
-157.2045391581786
 30
0.0
 10
867.0830127938288
 20
-157.2045391581786
 30
0.0
 10
867.3891945551158
 20
-157.5107202672705
 30
0.0
 10
867.3891945551158
 20
-157.8884144851963
 30
0.0
 10
867.3891945551158
 20
-158.2661087031221
 30
0.0
 10
867.0830127938288
 20
-158.5722898122139
 30
0.0
 10
866.7053192280981
 20
-158.5722898122139
 30
0.0
 10
866.3276256623673
 20
-158.5722898122139
 30
0.0
 10
866.0214439010795
 20
-158.2661087031221
 30
0.0
 10
866.0214439010795
 20
-157.8884144851963
 30
0.0
  0
SPLINE
  5
7E
330
70
100
AcDbEntity
  8
Layer 1
 62
     7
370
     9
100
AcDbSpline
210
0.0
220
0.0
230
1.0
 70
     9
 71
     3
 72
    17
 73
    13
 74
     0
 42
0.0000000001
 43
0.0000000001
 40
0.0
 40
0.0
 40
0.0
 40
0.0
 40
1.0
 40
1.0
 40
1.0
 40
2.0
 40
2.0
 40
2.0
 40
3.0
 40
3.0
 40
3.0
 40
4.0
 40
4.0
 40
4.0
 40
4.0
 10
863.9698179200257
 20
-157.2045391581786
 30
0.0
 10
864.3475121379514
 20
-157.2045391581786
 30
0.0
 10
864.6536932470441
 20
-157.5107202672705
 30
0.0
 10
864.6536932470441
 20
-157.8884144851963
 30
0.0
 10
864.6536932470441
 20
-158.2661087031221
 30
0.0
 10
864.3475121379514
 20
-158.5722898122139
 30
0.0
 10
863.9698179200257
 20
-158.5722898122139
 30
0.0
 10
863.5921237021008
 20
-158.5722898122139
 30
0.0
 10
863.285942593008
 20
-158.2661087031221
 30
0.0
 10
863.285942593008
 20
-157.8884144851963
 30
0.0
 10
863.285942593008
 20
-157.5107202672705
 30
0.0
 10
863.5921237021008
 20
-157.2045391581786
 30
0.0
 10
863.9698179200257
 20
-157.2045391581786
 30
0.0
  0
SPLINE
  5
7F
330
70
100
AcDbEntity
  8
Layer 1
 62
     7
370
     9
100
AcDbSpline
210
0.0
220
0.0
230
1.0
 70
    11
 71
     3
 72
    17
 73
    13
 74
     0
 42
0.0000000001
 43
0.0000000001
 40
0.0
 40
0.0
 40
0.0
 40
0.0
 40
1.0
 40
1.0
 40
1.0
 40
2.0
 40
2.0
 40
2.0
 40
3.0
 40
3.0
 40
3.0
 40
4.0
 40
4.0
 40
4.0
 40
4.0
 10
861.2343166119542
 20
-157.2045391581786
 30
0.0
 10
861.6120108298799
 20
-157.2045391581786
 30
0.0
 10
861.9181919389719
 20
-157.5107202672705
 30
0.0
 10
861.9181919389719
 20
-157.8884144851963
 30
0.0
 10
861.9181919389719
 20
-158.2661087031221
 30
0.0
 10
861.6120108298799
 20
-158.5722898122139
 30
0.0
 10
861.2343166119542
 20
-158.5722898122139
 30
0.0
 10
860.8566223940284
 20
-158.5722898122139
 30
0.0
 10
860.5504412849365
 20
-158.2661087031221
 30
0.0
 10
860.5504412849365
 20
-157.8884144851963
 30
0.0
 10
860.5504412849365
 20
-157.5107202672705
 30
0.0
 10
860.8566223940284
 20
-157.2045391581786
 30
0.0
 10
861.2343166119542
 20
-157.2045391581786
 30
0.0
  0
SPLINE
  5
80
330
70
100
AcDbEntity
  8
Layer 1
 62
     7
370
     9
100
AcDbSpline
210
0.0
220
0.0
230
1.0
 70
     9
 71
     3
 72
    17
 73
    13
 74
     0
 42
0.0000000001
 43
0.0000000001
 40
0.0
 40
0.0
 40
0.0
 40
0.0
 40
1.0
 40
1.0
 40
1.0
 40
2.0
 40
2.0
 40
2.0
 40
3.0
 40
3.0
 40
3.0
 40
4.0
 40
4.0
 40
4.0
 40
4.0
 10
875.9376361428413
 20
-157.2045391581786
 30
0.0
 10
875.9376361428413
 20
-158.3372076685515
 30
0.0
 10
875.4802939961425
 20
-159.2561651392325
 30
0.0
 10
874.9118231523134
 20
-159.2561651392325
 30
0.0
 10
874.3433523084862
 20
-159.2561651392325
 30
0.0
 10
873.8860101617865
 20
-158.3372076685515
 30
0.0
 10
873.8860101617865
 20
-157.2045391581786
 30
0.0
 10
873.8860101617865
 20
-156.0718706478049
 30
0.0
 10
874.3433523084862
 20
-155.1529131771248
 30
0.0
 10
874.9118231523134
 20
-155.1529131771248
 30
0.0
 10
875.4802939961425
 20
-155.1529131771248
 30
0.0
 10
875.9376361428413
 20
-156.0718706478049
 30
0.0
 10
875.9376361428413
 20
-157.2045391581786
 30
0.0
  0
SPLINE
  5
81
330
70
100
AcDbEntity
  8
Layer 1
 62
     7
370
     9
100
AcDbSpline
210
0.0
220
0.0
230
1.0
 70
     9
 71
     3
 72
    47
 73
    43
 74
     0
 42
0.0000000001
 43
0.0000000001
 40
0.0
 40
0.0
 40
0.0
 40
0.0
 40
1.0
 40
1.0
 40
1.0
 40
2.0
 40
2.0
 40
2.0
 40
3.0
 40
3.0
 40
3.0
 40
4.0
 40
4.0
 40
4.0
 40
5.0
 40
5.0
 40
5.0
 40
6.0
 40
6.0
 40
6.0
 40
7.0
 40
7.0
 40
7.0
 40
8.0
 40
8.0
 40
8.0
 40
9.0
 40
9.0
 40
9.0
 40
10.0
 40
10.0
 40
10.0
 40
11.0
 40
11.0
 40
11.0
 40
12.0
 40
12.0
 40
12.0
 40
13.0
 40
13.0
 40
13.0
 40
14.0
 40
14.0
 40
14.0
 40
14.0
 10
860.5504412849365
 20
-151.0496612150162
 30
0.0
 10
860.5461668032647
 20
-151.0496612150162
 30
0.0
 10
860.5461668032647
 20
-151.0496612150162
 30
0.0
 10
860.5376184921153
 20
-151.0496612150162
 30
0.0
 10
860.5290701809668
 20
-151.0496612150162
 30
0.0
 10
860.5205218698174
 20
-151.0539353705904
 30
0.0
 10
860.4991507658485
 20
-151.0624838447886
 30
0.0
 10
860.4606830395818
 20
-151.0795807931832
 30
0.0
 10
860.3837469348531
 20
-151.1180486824987
 30
0.0
 10
860.2768914150063
 20
-151.2078074169988
 30
0.0
 10
860.0546320641642
 20
-151.3958731971485
 30
0.0
 10
859.7682594014147
 20
-151.746359334855
 30
0.0
 10
859.4818860864702
 20
-152.3191046603541
 30
0.0
 10
858.9134145904479
 20
-153.464595963549
 30
0.0
 10
858.4988153038818
 20
-155.1871070739139
 30
0.0
 10
858.4988153038818
 20
-157.2045391581786
 30
0.0
 10
858.4988153038818
 20
-159.0125346844206
 30
0.0
 10
858.4945411483074
 20
-161.1966611187686
 30
0.0
 10
858.2466362118248
 20
-163.363691583012
 30
0.0
 10
858.0371993277063
 20
-165.1759609387316
 30
0.0
 10
857.6439711451099
 20
-167.0822636736728
 30
0.0
 10
856.8660630910656
 20
-168.8304197174841
 30
0.0
 10
856.8660630910656
 20
-168.8304197174841
 30
0.0
 10
867.9833109845853
 20
-168.8304197174841
 30
0.0
 10
867.9833109845853
 20
-168.8304197174841
 30
0.0
 10
868.0987154677749
 20
-168.8304197174841
 30
0.0
 10
868.2098441649044
 20
-168.7962264728891
 30
0.0
 10
868.2953285807814
 20
-168.744935301607
 30
0.0
 10
868.3679908560332
 20
-168.7021930936685
 30
0.0
 10
868.423555204597
 20
-168.6423542634319
 30
0.0
 10
868.457748449193
 20
-168.5525953658831
 30
0.0
 10
869.0005763161579
 20
-167.2489580237551
 30
0.0
 10
870.124695863188
 20
-163.7526459361315
 30
0.0
 10
870.124695863188
 20
-157.2045391581786
 30
0.0
 10
870.124695863188
 20
-155.2854142826122
 30
0.0
 10
870.4666335266974
 20
-153.4517731707278
 30
0.0
 10
871.1034921641047
 20
-152.0199092047843
 30
0.0
 10
871.2488154102183
 20
-151.6907943340953
 30
0.0
 10
871.4197842419725
 20
-151.3616793003584
 30
0.0
 10
871.62067314104
 20
-151.0496612150162
 30
0.0
 10
871.62067314104
 20
-151.0496612150162
 30
0.0
 10
860.5504412849365
 20
-151.0496612150162
 30
0.0
 10
860.5504412849365
 20
-151.0496612150162
 30
0.0
  0
SPLINE
  5
82
330
70
100
AcDbEntity
  8
Layer 1
 62
     7
370
     9
100
AcDbSpline
210
0.0
220
0.0
230
1.0
 70
     9
 71
     3
 72
    89
 73
    85
 74
     0
 42
0.0000000001
 43
0.0000000001
 40
0.0
 40
0.0
 40
0.0
 40
0.0
 40
1.0
 40
1.0
 40
1.0
 40
2.0
 40
2.0
 40
2.0
 40
3.0
 40
3.0
 40
3.0
 40
4.0
 40
4.0
 40
4.0
 40
5.0
 40
5.0
 40
5.0
 40
6.0
 40
6.0
 40
6.0
 40
7.0
 40
7.0
 40
7.0
 40
8.0
 40
8.0
 40
8.0
 40
9.0
 40
9.0
 40
9.0
 40
10.0
 40
10.0
 40
10.0
 40
11.0
 40
11.0
 40
11.0
 40
12.0
 40
12.0
 40
12.0
 40
13.0
 40
13.0
 40
13.0
 40
14.0
 40
14.0
 40
14.0
 40
15.0
 40
15.0
 40
15.0
 40
16.0
 40
16.0
 40
16.0
 40
17.0
 40
17.0
 40
17.0
 40
18.0
 40
18.0
 40
18.0
 40
19.0
 40
19.0
 40
19.0
 40
20.0
 40
20.0
 40
20.0
 40
21.0
 40
21.0
 40
21.0
 40
22.0
 40
22.0
 40
22.0
 40
23.0
 40
23.0
 40
23.0
 40
24.0
 40
24.0
 40
24.0
 40
25.0
 40
25.0
 40
25.0
 40
26.0
 40
26.0
 40
26.0
 40
27.0
 40
27.0
 40
27.0
 40
28.0
 40
28.0
 40
28.0
 40
28.0
 10
854.434031312614
 20
-169.8305871223704
 30
0.0
 10
854.3528211338355
 20
-169.4886494588612
 30
0.0
 10
854.404111734447
 20
-169.1253406913831
 30
0.0
 10
854.587903277498
 20
-168.8175962724697
 30
0.0
 10
854.587903277498
 20
-168.8175962724697
 30
0.0
 10
854.587903277498
 20
-168.8133217907979
 30
0.0
 10
854.587903277498
 20
-168.8133217907979
 30
0.0
 10
854.7503236350548
 20
-168.5141263352272
 30
0.0
 10
854.8999213628402
 20
-168.2063819163138
 30
0.0
 10
855.0366964608532
 20
-167.890089838446
 30
0.0
 10
856.4300923744324
 20
-164.6630544434681
 30
0.0
 10
856.4471893228279
 20
-160.5213347550936
 30
0.0
 10
856.4471893228279
 20
-157.2045391581786
 30
0.0
 10
856.4471893228279
 20
-152.6738651166845
 30
0.0
 10
858.2851042641889
 20
-148.9980352339623
 30
0.0
 10
860.5504412849365
 20
-148.9980352339623
 30
0.0
 10
860.5504412849365
 20
-148.9980352339623
 30
0.0
 10
874.7494032839028
 20
-148.9980352339623
 30
0.0
 10
874.7494032839028
 20
-148.9980352339623
 30
0.0
 10
874.7494032839028
 20
-148.9980352339623
 30
0.0
 10
874.7494032839028
 20
-149.0023094548201
 30
0.0
 10
874.7494032839028
 20
-149.0023094548201
 30
0.0
 10
874.8049676324676
 20
-148.9980352339623
 30
0.0
 10
874.8605332854205
 20
-148.9980352339623
 30
0.0
 10
874.9118231523134
 20
-148.9980352339623
 30
0.0
 10
875.9590072468101
 20
-148.9980352339623
 30
0.0
 10
876.7967534788967
 20
-149.4852963881574
 30
0.0
 10
877.3908712127546
 20
-150.045219328459
 30
0.0
 10
877.972164197209
 20
-150.600868031661
 30
0.0
 10
878.4038620626553
 20
-151.3018403070741
 30
0.0
 10
878.7201528361348
 20
-152.01563504921
 30
0.0
 10
879.3570127779313
 20
-153.4517731707278
 30
0.0
 10
879.6989504414396
 20
-155.2854142826122
 30
0.0
 10
879.6989504414396
 20
-157.2045391581786
 30
0.0
 10
879.6989504414396
 20
-159.1236640337451
 30
0.0
 10
879.3570127779313
 20
-160.9573044934344
 30
0.0
 10
878.7201528361348
 20
-162.389168459378
 30
0.0
 10
878.4038594538779
 20
-163.1029638537089
 30
0.0
 10
877.972164197209
 20
-163.8082102846963
 30
0.0
 10
877.3908712127546
 20
-164.3595845062265
 30
0.0
 10
876.7967534788967
 20
-164.9237821727721
 30
0.0
 10
875.9590072468101
 20
-165.4067686007232
 30
0.0
 10
874.9118231523134
 20
-165.4067686007232
 30
0.0
 10
874.1510123727612
 20
-165.4067686007232
 30
0.0
 10
873.5013302903396
 20
-165.150315353091
 30
0.0
 10
872.9756016544499
 20
-164.7955555489555
 30
0.0
 10
873.1038282782655
 20
-164.0133736654346
 30
0.0
 10
873.2235059387386
 20
-163.1499805433192
 30
0.0
 10
873.3132648362875
 20
-162.1968298280432
 30
0.0
 10
873.7620580196427
 20
-162.9319950219538
 30
0.0
 10
874.3134322411728
 20
-163.3594171013402
 30
0.0
 10
874.9118231523134
 20
-163.3594171013402
 30
0.0
 10
876.4206225707924
 20
-163.3594171013402
 30
0.0
 10
877.647324460386
 20
-160.6025446892989
 30
0.0
 10
877.647324460386
 20
-157.2045391581786
 30
0.0
 10
877.647324460386
 20
-153.8065336270574
 30
0.0
 10
876.4206225707924
 20
-151.0496612150162
 30
0.0
 10
874.9118231523134
 20
-151.0496612150162
 30
0.0
 10
874.8434353587343
 20
-151.0496612150162
 30
0.0
 10
874.779322046827
 20
-151.0539353705904
 30
0.0
 10
874.7152087349187
 20
-151.0667581634116
 30
0.0
 10
873.2961682139896
 20
-151.2932918328759
 30
0.0
 10
872.176321844242
 20
-153.9561313548427
 30
0.0
 10
872.176321844242
 20
-157.2045391581786
 30
0.0
 10
872.176321844242
 20
-159.7220549448856
 30
0.0
 10
872.0139019758304
 20
-161.8249720972215
 30
0.0
 10
871.7788198321679
 20
-163.5560315187359
 30
0.0
 10
871.7788198321679
 20
-163.5560315187359
 30
0.0
 10
871.7745453504962
 20
-163.5902247633309
 30
0.0
 10
871.7745453504962
 20
-163.5902247633309
 30
0.0
 10
871.3727688567514
 20
-166.5009693848292
 30
0.0
 10
870.7615545005964
 20
-168.347433289533
 30
0.0
 10
870.351230347896
 20
-169.3390517310758
 30
0.0
 10
869.9238082685097
 20
-170.3648647216036
 30
0.0
 10
868.9321885225778
 20
-170.8820456985379
 30
0.0
 10
867.9833122889736
 20
-170.8820456985379
 30
0.0
 10
867.9833122889736
 20
-170.8820456985379
 30
0.0
 10
855.7633139958102
 20
-170.8820456985379
 30
0.0
 10
855.7633139958102
 20
-170.8820456985379
 30
0.0
 10
855.2717786045155
 20
-170.8820456985379
 30
0.0
 10
854.8144369469632
 20
-170.6170434875631
 30
0.0
 10
854.5750806477263
 20
-170.1896214081767
 30
0.0
 10
854.5109673358181
 20
-170.0742169249873
 30
0.0
 10
854.463950890781
 20
-169.9545392645143
 30
0.0
 10
854.434031312614
 20
-169.8305871223704
 30
0.0
  0
SPLINE
  5
83
330
70
100
AcDbEntity
  8
Layer 1
 62
     7
370
     9
100
AcDbSpline
210
0.0
220
0.0
230
1.0
 70
     9
 71
     3
 72
    17
 73
    13
 74
     0
 42
0.0000000001
 43
0.0000000001
 40
0.0
 40
0.0
 40
0.0
 40
0.0
 40
1.0
 40
1.0
 40
1.0
 40
2.0
 40
2.0
 40
2.0
 40
3.0
 40
3.0
 40
3.0
 40
4.0
 40
4.0
 40
4.0
 40
4.0
 10
1004.626396813548
 20
-148.9972233920279
 30
0.0
 10
1005.3817852494
 20
-148.9972233920279
 30
0.0
 10
1005.994147467585
 20
-149.6095862216458
 30
0.0
 10
1005.994147467585
 20
-150.3649740460641
 30
0.0
 10
1005.994147467585
 20
-151.1203618297207
 30
0.0
 10
1005.3817852494
 20
-151.7327247001003
 30
0.0
 10
1004.626396813548
 20
-151.7327247001003
 30
0.0
 10
1003.871008377698
 20
-151.7327247001003
 30
0.0
 10
1003.258646159513
 20
-151.1203618297207
 30
0.0
 10
1003.258646159513
 20
-150.3649740460641
 30
0.0
 10
1003.258646159513
 20
-149.6095862216458
 30
0.0
 10
1003.871008377698
 20
-148.9972233920279
 30
0.0
 10
1004.626396813548
 20
-148.9972233920279
 30
0.0
  0
SPLINE
  5
84
330
70
100
AcDbEntity
  8
Layer 1
 62
     7
370
     9
100
AcDbSpline
210
0.0
220
0.0
230
1.0
 70
     9
 71
     3
 72
    17
 73
    13
 74
     0
 42
0.0000000001
 43
0.0000000001
 40
0.0
 40
0.0
 40
0.0
 40
0.0
 40
1.0
 40
1.0
 40
1.0
 40
2.0
 40
2.0
 40
2.0
 40
3.0
 40
3.0
 40
3.0
 40
4.0
 40
4.0
 40
4.0
 40
4.0
 10
1001.890895505478
 20
-153.1004753541365
 30
0.0
 10
1003.779364638521
 20
-153.1004753541365
 30
0.0
 10
1005.310272140567
 20
-154.6313822039876
 30
0.0
 10
1005.310272140567
 20
-156.5198519892266
 30
0.0
 10
1005.310272140567
 20
-158.4083217744647
 30
0.0
 10
1003.779364638521
 20
-159.9392286243167
 30
0.0
 10
1001.890895505478
 20
-159.9392286243167
 30
0.0
 10
1000.002426372433
 20
-159.9392286243167
 30
0.0
 10
998.4715188703869
 20
-158.4083217744647
 30
0.0
 10
998.4715188703869
 20
-156.5198519892266
 30
0.0
 10
998.4715188703869
 20
-154.6313822039876
 30
0.0
 10
1000.002426372433
 20
-153.1004753541365
 30
0.0
 10
1001.890895505478
 20
-153.1004753541365
 30
0.0
  0
SPLINE
  5
85
330
70
100
AcDbEntity
  8
Layer 1
 62
     7
370
     9
100
AcDbSpline
210
0.0
220
0.0
230
1.0
 70
     9
 71
     3
 72
    17
 73
    13
 74
     0
 42
0.0000000001
 43
0.0000000001
 40
0.0
 40
0.0
 40
0.0
 40
0.0
 40
1.0
 40
1.0
 40
1.0
 40
2.0
 40
2.0
 40
2.0
 40
3.0
 40
3.0
 40
3.0
 40
4.0
 40
4.0
 40
4.0
 40
4.0
 10
1001.890895505478
 20
-157.8876026432619
 30
0.0
 10
1002.646283941327
 20
-157.8876026432619
 30
0.0
 10
1003.258646159513
 20
-157.2752397728832
 30
0.0
 10
1003.258646159513
 20
-156.5198519892266
 30
0.0
 10
1003.258646159513
 20
-155.76446420557
 30
0.0
 10
1002.646283941327
 20
-155.1521013351904
 30
0.0
 10
1001.890895505478
 20
-155.1521013351904
 30
0.0
 10
1001.135507069626
 20
-155.1521013351904
 30
0.0
 10
1000.523144851441
 20
-155.76446420557
 30
0.0
 10
1000.523144851441
 20
-156.5198519892266
 30
0.0
 10
1000.523144851441
 20
-157.2752397728832
 30
0.0
 10
1001.135507069626
 20
-157.8876026432619
 30
0.0
 10
1001.890895505478
 20
-157.8876026432619
 30
0.0
  0
SPLINE
  5
86
330
70
100
AcDbEntity
  8
Layer 1
 62
     7
370
     9
100
AcDbSpline
210
0.0
220
0.0
230
1.0
 70
     9
 71
     3
 72
    23
 73
    19
 74
     0
 42
0.0000000001
 43
0.0000000001
 40
0.0
 40
0.0
 40
0.0
 40
0.0
 40
1.0
 40
1.0
 40
1.0
 40
2.0
 40
2.0
 40
2.0
 40
3.0
 40
3.0
 40
3.0
 40
4.0
 40
4.0
 40
4.0
 40
5.0
 40
5.0
 40
5.0
 40
6.0
 40
6.0
 40
6.0
 40
6.0
 10
993.6843915812607
 20
-164.0424805864244
 30
0.0
 10
993.6843915812607
 20
-164.7990181886929
 30
0.0
 10
994.2956052852224
 20
-165.4102312404605
 30
0.0
 10
995.0521422352959
 20
-165.4102312404605
 30
0.0
 10
995.0521422352959
 20
-165.4102312404605
 30
0.0
 10
1003.258646159513
 20
-165.4102312404605
 30
0.0
 10
1003.258646159513
 20
-165.4102312404605
 30
0.0
 10
1004.015183761781
 20
-165.4102312404605
 30
0.0
 10
1004.626396813548
 20
-164.7990181886929
 30
0.0
 10
1004.626396813548
 20
-164.0424805864244
 30
0.0
 10
1004.626396813548
 20
-163.2859429841549
 30
0.0
 10
1004.015183761781
 20
-162.6747299323882
 30
0.0
 10
1003.258646159513
 20
-162.6747299323882
 30
0.0
 10
1003.258646159513
 20
-162.6747299323882
 30
0.0
 10
995.0521422352959
 20
-162.6747299323882
 30
0.0
 10
995.0521422352959
 20
-162.6747299323882
 30
0.0
 10
994.2956052852224
 20
-162.6747299323882
 30
0.0
 10
993.6843915812607
 20
-163.2859429841549
 30
0.0
 10
993.6843915812607
 20
-164.0424805864244
 30
0.0
  0
SPLINE
  5
87
330
70
100
AcDbEntity
  8
Layer 1
 62
     7
370
     9
100
AcDbSpline
210
0.0
220
0.0
230
1.0
 70
    11
 71
     3
 72
    26
 73
    22
 74
     0
 42
0.0000000001
 43
0.0000000001
 40
0.0
 40
0.0
 40
0.0
 40
0.0
 40
1.0
 40
1.0
 40
1.0
 40
2.0
 40
2.0
 40
2.0
 40
3.0
 40
3.0
 40
3.0
 40
4.0
 40
4.0
 40
4.0
 40
5.0
 40
5.0
 40
5.0
 40
6.0
 40
6.0
 40
6.0
 40
7.0
 40
7.0
 40
7.0
 40
7.0
 10
1001.890895505478
 20
-161.306979278352
 30
0.0
 10
1001.890895505478
 20
-161.306979278352
 30
0.0
 10
1003.258646159513
 20
-161.306979278352
 30
0.0
 10
1003.258646159513
 20
-161.306979278352
 30
0.0
 10
1004.76744557799
 20
-161.306979278352
 30
0.0
 10
1005.994147467585
 20
-162.5336811679463
 30
0.0
 10
1005.994147467585
 20
-164.0424805864244
 30
0.0
 10
1005.994147467585
 20
-165.5512800049024
 30
0.0
 10
1004.76744557799
 20
-166.7779818944958
 30
0.0
 10
1003.258646159513
 20
-166.7779818944958
 30
0.0
 10
1003.258646159513
 20
-166.7779818944958
 30
0.0
 10
995.0521422352959
 20
-166.7779818944958
 30
0.0
 10
995.0521422352959
 20
-166.7779818944958
 30
0.0
 10
993.5433421646237
 20
-166.7779818944958
 30
0.0
 10
992.3166409272253
 20
-165.5512800049024
 30
0.0
 10
992.3166409272253
 20
-164.0424805864244
 30
0.0
 10
992.3166409272253
 20
-162.5336811679463
 30
0.0
 10
993.5433421646237
 20
-161.306979278352
 30
0.0
 10
995.0521422352959
 20
-161.306979278352
 30
0.0
 10
995.0521422352959
 20
-161.306979278352
 30
0.0
 10
1001.890895505478
 20
-161.306979278352
 30
0.0
 10
1001.890895505478
 20
-161.306979278352
 30
0.0
  0
SPLINE
  5
88
330
70
100
AcDbEntity
  8
Layer 1
 62
     7
370
     9
100
AcDbSpline
210
0.0
220
0.0
230
1.0
 70
     9
 71
     3
 72
    62
 73
    58
 74
     0
 42
0.0000000001
 43
0.0000000001
 40
0.0
 40
0.0
 40
0.0
 40
0.0
 40
1.0
 40
1.0
 40
1.0
 40
2.0
 40
2.0
 40
2.0
 40
3.0
 40
3.0
 40
3.0
 40
4.0
 40
4.0
 40
4.0
 40
5.0
 40
5.0
 40
5.0
 40
6.0
 40
6.0
 40
6.0
 40
7.0
 40
7.0
 40
7.0
 40
8.0
 40
8.0
 40
8.0
 40
9.0
 40
9.0
 40
9.0
 40
10.0
 40
10.0
 40
10.0
 40
11.0
 40
11.0
 40
11.0
 40
12.0
 40
12.0
 40
12.0
 40
13.0
 40
13.0
 40
13.0
 40
14.0
 40
14.0
 40
14.0
 40
15.0
 40
15.0
 40
15.0
 40
16.0
 40
16.0
 40
16.0
 40
17.0
 40
17.0
 40
17.0
 40
18.0
 40
18.0
 40
18.0
 40
19.0
 40
19.0
 40
19.0
 40
19.0
 10
992.3166409272253
 20
-157.2037273162442
 30
0.0
 10
992.3166409272253
 20
-157.2037273162442
 30
0.0
 10
997.150784905961
 20
-157.2037273162442
 30
0.0
 10
997.150784905961
 20
-157.2037273162442
 30
0.0
 10
997.2576404258068
 20
-157.9602642663187
 30
0.0
 10
997.5440130885573
 20
-158.6569623861575
 30
0.0
 10
997.9586123751245
 20
-159.2553532972981
 30
0.0
 10
997.9586123751245
 20
-159.2553532972981
 30
0.0
 10
992.3166409272253
 20
-159.2553532972981
 30
0.0
 10
992.3166409272253
 20
-159.2553532972981
 30
0.0
 10
991.1839724168507
 20
-159.2553532972981
 30
0.0
 10
990.2650149461715
 20
-160.1743107679791
 30
0.0
 10
990.2650149461715
 20
-161.306979278352
 30
0.0
 10
990.2650149461715
 20
-161.306979278352
 30
0.0
 10
990.2650149461715
 20
-166.7779818944958
 30
0.0
 10
990.2650149461715
 20
-166.7779818944958
 30
0.0
 10
990.2650149461715
 20
-167.9106504048696
 30
0.0
 10
991.1839724168507
 20
-168.8296078755506
 30
0.0
 10
992.3166409272253
 20
-168.8296078755506
 30
0.0
 10
992.3166409272253
 20
-168.8296078755506
 30
0.0
 10
1005.994147467585
 20
-168.8296078755506
 30
0.0
 10
1005.994147467585
 20
-168.8296078755506
 30
0.0
 10
1007.126815977958
 20
-168.8296078755506
 30
0.0
 10
1008.045773448639
 20
-167.9106504048696
 30
0.0
 10
1008.045773448639
 20
-166.7779818944958
 30
0.0
 10
1008.045773448639
 20
-166.7779818944958
 30
0.0
 10
1008.045773448639
 20
-161.306979278352
 30
0.0
 10
1008.045773448639
 20
-161.306979278352
 30
0.0
 10
1008.045773448639
 20
-160.1743107679791
 30
0.0
 10
1007.126815977958
 20
-159.2553532972981
 30
0.0
 10
1005.994147467585
 20
-159.2553532972981
 30
0.0
 10
1005.994147467585
 20
-159.2553532972981
 30
0.0
 10
1005.81890415416
 20
-159.2553532972981
 30
0.0
 10
1005.81890415416
 20
-159.2553532972981
 30
0.0
 10
1006.229229611248
 20
-158.6697851789779
 30
0.0
 10
1006.507053962848
 20
-157.990183681437
 30
0.0
 10
1006.622457141649
 20
-157.2507440058546
 30
0.0
 10
1008.588598706826
 20
-157.5542139430961
 30
0.0
 10
1010.097399429693
 20
-159.2553532972981
 30
0.0
 10
1010.097399429693
 20
-161.306979278352
 30
0.0
 10
1010.097399429693
 20
-161.306979278352
 30
0.0
 10
1010.097399429693
 20
-166.7779818944958
 30
0.0
 10
1010.097399429693
 20
-166.7779818944958
 30
0.0
 10
1010.097399429693
 20
-169.0433189152433
 30
0.0
 10
1008.259484488331
 20
-170.8812338566045
 30
0.0
 10
1005.994147467585
 20
-170.8812338566045
 30
0.0
 10
1005.994147467585
 20
-170.8812338566045
 30
0.0
 10
992.3166409272253
 20
-170.8812338566045
 30
0.0
 10
992.3166409272253
 20
-170.8812338566045
 30
0.0
 10
990.0513039064778
 20
-170.8812338566045
 30
0.0
 10
988.2133889651177
 20
-169.0433189152433
 30
0.0
 10
988.2133889651177
 20
-166.7779818944958
 30
0.0
 10
988.2133889651177
 20
-166.7779818944958
 30
0.0
 10
988.2133889651177
 20
-161.306979278352
 30
0.0
 10
988.2133889651177
 20
-161.306979278352
 30
0.0
 10
988.2133889651177
 20
-159.0416422576054
 30
0.0
 10
990.0513039064778
 20
-157.2037273162442
 30
0.0
 10
992.3166409272253
 20
-157.2037273162442
 30
0.0
  0
SPLINE
  5
89
330
70
100
AcDbEntity
  8
Layer 1
 62
     7
370
     9
100
AcDbSpline
210
0.0
220
0.0
230
1.0
 70
     9
 71
     3
 72
    17
 73
    13
 74
     0
 42
0.0000000001
 43
0.0000000001
 40
0.0
 40
0.0
 40
0.0
 40
0.0
 40
1.0
 40
1.0
 40
1.0
 40
2.0
 40
2.0
 40
2.0
 40
3.0
 40
3.0
 40
3.0
 40
4.0
 40
4.0
 40
4.0
 40
4.0
 10
997.1037682163515
 20
-148.9972233920279
 30
0.0
 10
998.2368502179332
 20
-148.9972233920279
 30
0.0
 10
999.1553941974055
 20
-149.9157676160734
 30
0.0
 10
999.1553941974055
 20
-151.0488493730827
 30
0.0
 10
999.1553941974055
 20
-152.1819310485667
 30
0.0
 10
998.2368502179332
 20
-153.1004753541365
 30
0.0
 10
997.1037682163515
 20
-153.1004753541365
 30
0.0
 10
995.9706862147683
 20
-153.1004753541365
 30
0.0
 10
995.0521422352959
 20
-152.1819310485667
 30
0.0
 10
995.0521422352959
 20
-151.0488493730827
 30
0.0
 10
995.0521422352959
 20
-149.9157676160734
 30
0.0
 10
995.9706862147683
 20
-148.9972233920279
 30
0.0
 10
997.1037682163515
 20
-148.9972233920279
 30
0.0
  0
SPLINE
  5
8A
330
70
100
AcDbEntity
  8
Layer 1
 62
     7
370
     9
100
AcDbSpline
210
0.0
220
0.0
230
1.0
 70
     9
 71
     3
 72
    20
 73
    16
 74
     0
 42
0.0000000001
 43
0.0000000001
 40
0.0
 40
0.0
 40
0.0
 40
0.0
 40
1.0
 40
1.0
 40
1.0
 40
2.0
 40
2.0
 40
2.0
 40
3.0
 40
3.0
 40
3.0
 40
4.0
 40
4.0
 40
4.0
 40
5.0
 40
5.0
 40
5.0
 40
5.0
 10
875.9382048824644
 20
-133.6215810003708
 30
0.0
 10
875.9382048824644
 20
-133.6215810003708
 30
0.0
 10
875.9382048824644
 20
-139.434521280024
 30
0.0
 10
875.9382048824644
 20
-139.434521280024
 30
0.0
 10
875.9382048824644
 20
-139.434521280024
 30
0.0
 10
873.8865789014106
 20
-139.434521280024
 30
0.0
 10
873.8865789014106
 20
-139.434521280024
 30
0.0
 10
873.8865789014106
 20
-139.434521280024
 30
0.0
 10
873.8865789014106
 20
-133.6215810003708
 30
0.0
 10
873.8865789014106
 20
-133.6215810003708
 30
0.0
 10
873.8865789014106
 20
-133.0531101565426
 30
0.0
 10
874.3439210481094
 20
-132.5957680098439
 30
0.0
 10
874.9123918919375
 20
-132.5957680098439
 30
0.0
 10
875.4808627357657
 20
-132.5957680098439
 30
0.0
 10
875.9382048824644
 20
-133.0531101565426
 30
0.0
 10
875.9382048824644
 20
-133.6215810003708
 30
0.0
  0
SPLINE
  5
8B
330
70
100
AcDbEntity
  8
Layer 1
 62
     7
370
     9
100
AcDbSpline
210
0.0
220
0.0
230
1.0
 70
    11
 71
     3
 72
    26
 73
    22
 74
     0
 42
0.0000000001
 43
0.0000000001
 40
0.0
 40
0.0
 40
0.0
 40
0.0
 40
1.0
 40
1.0
 40
1.0
 40
2.0
 40
2.0
 40
2.0
 40
3.0
 40
3.0
 40
3.0
 40
4.0
 40
4.0
 40
4.0
 40
5.0
 40
5.0
 40
5.0
 40
6.0
 40
6.0
 40
6.0
 40
7.0
 40
7.0
 40
7.0
 40
7.0
 10
860.2090723610503
 20
-138.0667706259887
 30
0.0
 10
860.2090723610503
 20
-138.0667706259887
 30
0.0
 10
860.2090723610503
 20
-139.434521280024
 30
0.0
 10
860.2090723610503
 20
-139.434521280024
 30
0.0
 10
860.2090723610503
 20
-139.434521280024
 30
0.0
 10
858.1574463799965
 20
-139.434521280024
 30
0.0
 10
858.1574463799965
 20
-139.434521280024
 30
0.0
 10
858.1574463799965
 20
-139.434521280024
 30
0.0
 10
858.1574463799965
 20
-133.6215810003708
 30
0.0
 10
858.1574463799965
 20
-133.6215810003708
 30
0.0
 10
858.1574463799965
 20
-133.0531101565426
 30
0.0
 10
858.614788037549
 20
-132.5957680098439
 30
0.0
 10
859.1832593705234
 20
-132.5957680098439
 30
0.0
 10
859.7517308665457
 20
-132.5957680098439
 30
0.0
 10
860.2090723610503
 20
-133.0531101565426
 30
0.0
 10
860.2090723610503
 20
-133.6215810003708
 30
0.0
 10
860.2090723610503
 20
-133.6215810003708
 30
0.0
 10
860.2090723610503
 20
-135.3312693179163
 30
0.0
 10
860.2090723610503
 20
-135.3312693179163
 30
0.0
 10
860.2090723610503
 20
-135.3312693179163
 30
0.0
 10
860.2090723610503
 20
-138.0667706259887
 30
0.0
 10
860.2090723610503
 20
-138.0667706259887
 30
0.0
  0
SPLINE
  5
8C
330
70
100
AcDbEntity
  8
Layer 1
 62
     7
370
     9
100
AcDbSpline
210
0.0
220
0.0
230
1.0
 70
    11
 71
     3
 72
    23
 73
    19
 74
     0
 42
0.0000000001
 43
0.0000000001
 40
0.0
 40
0.0
 40
0.0
 40
0.0
 40
1.0
 40
1.0
 40
1.0
 40
2.0
 40
2.0
 40
2.0
 40
3.0
 40
3.0
 40
3.0
 40
4.0
 40
4.0
 40
4.0
 40
5.0
 40
5.0
 40
5.0
 40
6.0
 40
6.0
 40
6.0
 40
6.0
 10
871.8349529203559
 20
-138.0667706259887
 30
0.0
 10
871.8349529203559
 20
-138.0667706259887
 30
0.0
 10
862.2606983421043
 20
-138.0667706259887
 30
0.0
 10
862.2606983421043
 20
-138.0667706259887
 30
0.0
 10
862.2606983421043
 20
-138.0667706259887
 30
0.0
 10
862.2606983421043
 20
-135.3312693179163
 30
0.0
 10
862.2606983421043
 20
-135.3312693179163
 30
0.0
 10
862.2606983421043
 20
-135.3312693179163
 30
0.0
 10
863.6284489961404
 20
-135.3312693179163
 30
0.0
 10
863.6284489961404
 20
-135.3312693179163
 30
0.0
 10
863.6284489961404
 20
-135.3312693179163
 30
0.0
 10
870.4672022663196
 20
-135.3312693179163
 30
0.0
 10
870.4672022663196
 20
-135.3312693179163
 30
0.0
 10
870.4672022663196
 20
-135.3312693179163
 30
0.0
 10
871.8349529203559
 20
-135.3312693179163
 30
0.0
 10
871.8349529203559
 20
-135.3312693179163
 30
0.0
 10
871.8349529203559
 20
-135.3312693179163
 30
0.0
 10
871.8349529203559
 20
-138.0667706259887
 30
0.0
 10
871.8349529203559
 20
-138.0667706259887
 30
0.0
  0
SPLINE
  5
8D
330
70
100
AcDbEntity
  8
Layer 1
 62
     7
370
     9
100
AcDbSpline
210
0.0
220
0.0
230
1.0
 70
     9
 71
     3
 72
    59
 73
    55
 74
     0
 42
0.0000000001
 43
0.0000000001
 40
0.0
 40
0.0
 40
0.0
 40
0.0
 40
1.0
 40
1.0
 40
1.0
 40
2.0
 40
2.0
 40
2.0
 40
3.0
 40
3.0
 40
3.0
 40
4.0
 40
4.0
 40
4.0
 40
5.0
 40
5.0
 40
5.0
 40
6.0
 40
6.0
 40
6.0
 40
7.0
 40
7.0
 40
7.0
 40
8.0
 40
8.0
 40
8.0
 40
9.0
 40
9.0
 40
9.0
 40
10.0
 40
10.0
 40
10.0
 40
11.0
 40
11.0
 40
11.0
 40
12.0
 40
12.0
 40
12.0
 40
13.0
 40
13.0
 40
13.0
 40
14.0
 40
14.0
 40
14.0
 40
15.0
 40
15.0
 40
15.0
 40
16.0
 40
16.0
 40
16.0
 40
17.0
 40
17.0
 40
17.0
 40
18.0
 40
18.0
 40
18.0
 40
18.0
 10
875.8740915705562
 20
-130.6980142382472
 30
0.0
 10
875.5706216333138
 20
-130.5997070295498
 30
0.0
 10
875.2500550737742
 20
-130.54414202879
 30
0.0
 10
874.9123918919375
 20
-130.54414202879
 30
0.0
 10
874.5063409165199
 20
-130.54414202879
 30
0.0
 10
874.1216610450731
 20
-130.6210781335186
 30
0.0
 10
873.7669012409376
 20
-130.7664013796322
 30
0.0
 10
872.7368137687388
 20
-131.1810006661983
 30
0.0
 10
871.9802774708586
 20
-132.1341526858625
 30
0.0
 10
871.8563240243256
 20
-133.2796433368625
 30
0.0
 10
871.8563240243256
 20
-133.2796433368625
 30
0.0
 10
862.2436017198063
 20
-133.2796433368625
 30
0.0
 10
862.2436017198063
 20
-133.2796433368625
 30
0.0
 10
862.1153750959907
 20
-132.1341526858625
 30
0.0
 10
861.3631123014895
 20
-131.1810006661983
 30
0.0
 10
860.3330251553884
 20
-130.7664013796322
 30
0.0
 10
859.973990217388
 20
-130.6210781335186
 30
0.0
 10
859.5893103459401
 20
-130.54414202879
 30
0.0
 10
859.1832593705234
 20
-130.54414202879
 30
0.0
 10
858.8455958625884
 20
-130.54414202879
 30
0.0
 10
858.5250293030489
 20
-130.5997070295498
 30
0.0
 10
858.221559691904
 20
-130.6980142382472
 30
0.0
 10
856.9905841358815
 20
-131.099790731992
 30
0.0
 10
856.1058203989418
 20
-132.2581048280073
 30
0.0
 10
856.1058203989418
 20
-133.6215810003708
 30
0.0
 10
856.1058203989418
 20
-133.6215810003708
 30
0.0
 10
856.1058203989418
 20
-139.434521280024
 30
0.0
 10
856.1058203989418
 20
-139.434521280024
 30
0.0
 10
856.1058203989418
 20
-140.5671897903977
 30
0.0
 10
857.0247778696227
 20
-141.4861472610779
 30
0.0
 10
858.1574463799965
 20
-141.4861472610779
 30
0.0
 10
858.1574463799965
 20
-141.4861472610779
 30
0.0
 10
860.2090723610503
 20
-141.4861472610779
 30
0.0
 10
860.2090723610503
 20
-141.4861472610779
 30
0.0
 10
861.1023845721865
 20
-141.4861472610779
 30
0.0
 10
861.8631956778362
 20
-140.9134019355779
 30
0.0
 10
862.1452945111089
 20
-140.1183966070425
 30
0.0
 10
862.1452945111089
 20
-140.1183966070425
 30
0.0
 10
871.9503574035462
 20
-140.1183966070425
 30
0.0
 10
871.9503574035462
 20
-140.1183966070425
 30
0.0
 10
872.2324562368189
 20
-140.9134019355779
 30
0.0
 10
872.9932670163702
 20
-141.4861472610779
 30
0.0
 10
873.8865789014106
 20
-141.4861472610779
 30
0.0
 10
873.8865789014106
 20
-141.4861472610779
 30
0.0
 10
875.9382048824644
 20
-141.4861472610779
 30
0.0
 10
875.9382048824644
 20
-141.4861472610779
 30
0.0
 10
877.0708733928383
 20
-141.4861472610779
 30
0.0
 10
877.9898308635184
 20
-140.5671897903977
 30
0.0
 10
877.9898308635184
 20
-139.434521280024
 30
0.0
 10
877.9898308635184
 20
-139.434521280024
 30
0.0
 10
877.9898308635184
 20
-133.6215810003708
 30
0.0
 10
877.9898308635184
 20
-133.6215810003708
 30
0.0
 10
877.9898308635184
 20
-132.2581048280073
 30
0.0
 10
877.1050666374332
 20
-131.099790731992
 30
0.0
 10
875.8740915705562
 20
-130.6980142382472
 30
0.0
  0
SPLINE
  5
8E
330
70
100
AcDbEntity
  8
Layer 1
 62
     7
370
     9
100
AcDbSpline
210
0.0
220
0.0
230
1.0
 70
     9
 71
     3
 72
    47
 73
    43
 74
     0
 42
0.0000000001
 43
0.0000000001
 40
0.0
 40
0.0
 40
0.0
 40
0.0
 40
1.0
 40
1.0
 40
1.0
 40
2.0
 40
2.0
 40
2.0
 40
3.0
 40
3.0
 40
3.0
 40
4.0
 40
4.0
 40
4.0
 40
5.0
 40
5.0
 40
5.0
 40
6.0
 40
6.0
 40
6.0
 40
7.0
 40
7.0
 40
7.0
 40
8.0
 40
8.0
 40
8.0
 40
9.0
 40
9.0
 40
9.0
 40
10.0
 40
10.0
 40
10.0
 40
11.0
 40
11.0
 40
11.0
 40
12.0
 40
12.0
 40
12.0
 40
13.0
 40
13.0
 40
13.0
 40
14.0
 40
14.0
 40
14.0
 40
14.0
 10
863.6284489961404
 20
-124.3892640856285
 30
0.0
 10
863.6284489961404
 20
-124.3892640856285
 30
0.0
 10
870.4672022663196
 20
-124.3892640856285
 30
0.0
 10
870.4672022663196
 20
-124.3892640856285
 30
0.0
 10
872.3564083789629
 20
-124.3892640856285
 30
0.0
 10
873.8865789014106
 20
-125.9194352602694
 30
0.0
 10
873.8865789014106
 20
-127.8086407207185
 30
0.0
 10
873.8865789014106
 20
-127.8086407207185
 30
0.0
 10
873.8865789014106
 20
-129.2960696874209
 30
0.0
 10
873.8865789014106
 20
-129.2960696874209
 30
0.0
 10
874.2156944242937
 20
-129.2191335826933
 30
0.0
 10
874.557632087802
 20
-129.1763913747538
 30
0.0
 10
874.9123918919375
 20
-129.1763913747538
 30
0.0
 10
875.267151696072
 20
-129.1763913747538
 30
0.0
 10
875.6090893595814
 20
-129.2191335826933
 30
0.0
 10
875.9382048824644
 20
-129.2960696874209
 30
0.0
 10
875.9382048824644
 20
-129.2960696874209
 30
0.0
 10
875.9382048824644
 20
-127.8086407207185
 30
0.0
 10
875.9382048824644
 20
-127.8086407207185
 30
0.0
 10
875.9382048824644
 20
-124.7867667498966
 30
0.0
 10
873.4890768893366
 20
-122.3376381045746
 30
0.0
 10
870.4672022663196
 20
-122.3376381045746
 30
0.0
 10
870.4672022663196
 20
-122.3376381045746
 30
0.0
 10
863.6284489961404
 20
-122.3376381045746
 30
0.0
 10
863.6284489961404
 20
-122.3376381045746
 30
0.0
 10
860.6065750253184
 20
-122.3376381045746
 30
0.0
 10
858.1574463799965
 20
-124.7867667498966
 30
0.0
 10
858.1574463799965
 20
-127.8086407207185
 30
0.0
 10
858.1574463799965
 20
-127.8086407207185
 30
0.0
 10
858.1574463799965
 20
-129.2960696874209
 30
0.0
 10
858.1574463799965
 20
-129.2960696874209
 30
0.0
 10
858.4865614137333
 20
-129.2191335826933
 30
0.0
 10
858.8284990772418
 20
-129.1763913747538
 30
0.0
 10
859.1832593705234
 20
-129.1763913747538
 30
0.0
 10
859.5380198268522
 20
-129.1763913747538
 30
0.0
 10
859.8799574903614
 20
-129.2191335826933
 30
0.0
 10
860.2090723610503
 20
-129.2960696874209
 30
0.0
 10
860.2090723610503
 20
-129.2960696874209
 30
0.0
 10
860.2090723610503
 20
-127.8086407207185
 30
0.0
 10
860.2090723610503
 20
-127.8086407207185
 30
0.0
 10
860.2090723610503
 20
-125.9194352602694
 30
0.0
 10
861.7392435356913
 20
-124.3892640856285
 30
0.0
 10
863.6284489961404
 20
-124.3892640856285
 30
0.0
  0
SPLINE
  5
8F
330
70
100
AcDbEntity
  8
Layer 1
 62
     7
370
     9
100
AcDbSpline
210
0.0
220
0.0
230
1.0
 70
    11
 71
     3
 72
    53
 73
    49
 74
     0
 42
0.0000000001
 43
0.0000000001
 40
0.0
 40
0.0
 40
0.0
 40
0.0
 40
1.0
 40
1.0
 40
1.0
 40
2.0
 40
2.0
 40
2.0
 40
3.0
 40
3.0
 40
3.0
 40
4.0
 40
4.0
 40
4.0
 40
5.0
 40
5.0
 40
5.0
 40
6.0
 40
6.0
 40
6.0
 40
7.0
 40
7.0
 40
7.0
 40
8.0
 40
8.0
 40
8.0
 40
9.0
 40
9.0
 40
9.0
 40
10.0
 40
10.0
 40
10.0
 40
11.0
 40
11.0
 40
11.0
 40
12.0
 40
12.0
 40
12.0
 40
13.0
 40
13.0
 40
13.0
 40
14.0
 40
14.0
 40
14.0
 40
15.0
 40
15.0
 40
15.0
 40
16.0
 40
16.0
 40
16.0
 40
16.0
 10
864.8076972605727
 20
-104.1053740930017
 30
0.0
 10
864.8076972605727
 20
-104.1053740930017
 30
0.0
 10
856.7892587904085
 20
-95.79628847841624
 30
0.0
 10
856.7892587904085
 20
-95.79628847841624
 30
0.0
 10
856.7892587904085
 20
-95.79628847841624
 30
0.0
 10
856.7892587904085
 20
-96.5143573761264
 30
0.0
 10
856.7892587904085
 20
-96.5143573761264
 30
0.0
 10
856.7892587904085
 20
-98.77114575962785
 30
0.0
 10
857.6825710015455
 20
-100.9381762238712
 30
0.0
 10
859.2768551619981
 20
-102.5410090215698
 30
0.0
 10
859.2768551619981
 20
-102.5410090215698
 30
0.0
 10
862.2773580288503
 20
-105.558609162915
 30
0.0
 10
862.2773580288503
 20
-105.558609162915
 30
0.0
 10
862.4739724462461
 20
-105.7594980619815
 30
0.0
 10
862.717602901057
 20
-105.8834502041263
 30
0.0
 10
862.9740561486892
 20
-105.9347400710193
 30
0.0
 10
862.9740561486892
 20
-105.9347400710193
 30
0.0
 10
861.4225138700785
 20
-107.4862816974359
 30
0.0
 10
861.4225138700785
 20
-107.4862816974359
 30
0.0
 10
861.2088028303849
 20
-107.3495061102767
 30
0.0
 10
861.0079145835124
 20
-107.1913607235369
 30
0.0
 10
860.8241229589371
 20
-107.0032952694847
 30
0.0
 10
860.8241229589371
 20
-107.0032952694847
 30
0.0
 10
857.8193459365106
 20
-103.9899696098122
 30
0.0
 10
857.8193459365106
 20
-103.9899696098122
 30
0.0
 10
855.8446559786609
 20
-102.0024569406658
 30
0.0
 10
854.7376328093546
 20
-99.31397232220369
 30
0.0
 10
854.7376328093546
 20
-96.5143573761264
 30
0.0
 10
854.7376328093546
 20
-96.5143573761264
 30
0.0
 10
854.7376328093546
 20
-94.44563460972675
 30
0.0
 10
854.7376328093546
 20
-94.44563460972675
 30
0.0
 10
854.7376328093546
 20
-93.61643575125972
 30
0.0
 10
855.4129597029376
 20
-92.94110885767672
 30
0.0
 10
856.2421585614046
 20
-92.94110885767672
 30
0.0
 10
856.6524838554443
 20
-92.94110885767672
 30
0.0
 10
857.0414378824663
 20
-93.10780347271403
 30
0.0
 10
857.3235363896415
 20
-93.402724711567
 30
0.0
 10
857.3235363896415
 20
-93.402724711567
 30
0.0
 10
864.6538250511165
 20
-100.9894667429591
 30
0.0
 10
864.6538250511165
 20
-100.9894667429591
 30
0.0
 10
864.6538250511165
 20
-101.9169725247887
 30
0.0
 10
864.8675360908091
 20
-102.8231078548426
 30
0.0
 10
865.2693125845541
 20
-103.6437574646312
 30
0.0
 10
865.2693125845541
 20
-103.6437574646312
 30
0.0
 10
864.8119710900502
 20
-104.1010996113299
 30
0.0
 10
864.8119710900502
 20
-104.1010996113299
 30
0.0
 10
864.8119710900502
 20
-104.1010996113299
 30
0.0
 10
864.8076972605727
 20
-104.1053740930017
 30
0.0
 10
864.8076972605727
 20
-104.1053740930017
 30
0.0
  0
SPLINE
  5
90
330
70
100
AcDbEntity
  8
Layer 1
 62
     7
370
     9
100
AcDbSpline
210
0.0
220
0.0
230
1.0
 70
     9
 71
     3
 72
    23
 73
    19
 74
     0
 42
0.0000000001
 43
0.0000000001
 40
0.0
 40
0.0
 40
0.0
 40
0.0
 40
1.0
 40
1.0
 40
1.0
 40
2.0
 40
2.0
 40
2.0
 40
3.0
 40
3.0
 40
3.0
 40
4.0
 40
4.0
 40
4.0
 40
5.0
 40
5.0
 40
5.0
 40
6.0
 40
6.0
 40
6.0
 40
6.0
 10
871.0737052052529
 20
-107.6401539068921
 30
0.0
 10
871.0737052052529
 20
-107.6401539068921
 30
0.0
 10
876.330996781704
 20
-113.0855109373954
 30
0.0
 10
876.330996781704
 20
-113.0855109373954
 30
0.0
 10
876.7242256164944
 20
-113.4915619128129
 30
0.0
 10
876.7114034758682
 20
-114.1412439952347
 30
0.0
 10
876.3053511960633
 20
-114.5344715256369
 30
0.0
 10
875.8992989162576
 20
-114.9276990560392
 30
0.0
 10
875.2496181382232
 20
-114.914876915413
 30
0.0
 10
874.8563906078208
 20
-114.5088259399963
 30
0.0
 10
874.8563906078208
 20
-114.5088259399963
 30
0.0
 10
868.133040516442
 20
-107.5503950093441
 30
0.0
 10
868.133040516442
 20
-107.5503950093441
 30
0.0
 10
868.133040516442
 20
-107.5503950093441
 30
0.0
 10
868.6502214933772
 20
-107.0332140324089
 30
0.0
 10
868.6502214933772
 20
-107.0332140324089
 30
0.0
 10
869.402484613975
 20
-107.396522799887
 30
0.0
 10
870.2231342237636
 20
-107.6059593579079
 30
0.0
 10
871.0737052052529
 20
-107.6401539068921
 30
0.0
  0
SPLINE
  5
91
330
70
100
AcDbEntity
  8
Layer 1
 62
     7
370
     9
100
AcDbSpline
210
0.0
220
0.0
230
1.0
 70
     9
 71
     3
 72
    26
 73
    22
 74
     0
 42
0.0000000001
 43
0.0000000001
 40
0.0
 40
0.0
 40
0.0
 40
0.0
 40
1.0
 40
1.0
 40
1.0
 40
2.0
 40
2.0
 40
2.0
 40
3.0
 40
3.0
 40
3.0
 40
4.0
 40
4.0
 40
4.0
 40
5.0
 40
5.0
 40
5.0
 40
6.0
 40
6.0
 40
6.0
 40
7.0
 40
7.0
 40
7.0
 40
7.0
 10
877.0063231453789
 20
-95.2919302943013
 30
0.0
 10
877.408100943512
 20
-95.69370711414368
 30
0.0
 10
877.408100943512
 20
-96.34338854437222
 30
0.0
 10
877.0063231453789
 20
-96.74089120864033
 30
0.0
 10
877.0063231453789
 20
-96.74089120864033
 30
0.0
 10
872.0482270244977
 20
-101.703261485095
 30
0.0
 10
872.0482270244977
 20
-101.703261485095
 30
0.0
 10
871.6464505307527
 20
-102.1050379788408
 30
0.0
 10
870.99676844833
 20
-102.1050379788408
 30
0.0
 10
870.5992664362561
 20
-101.703261485095
 30
0.0
 10
870.2017644241831
 20
-101.3014849913501
 30
0.0
 10
870.1974899425112
 20
-100.6518029089275
 30
0.0
 10
870.5992664362561
 20
-100.2543008968535
 30
0.0
 10
870.5992664362561
 20
-100.2543008968535
 30
0.0
 10
875.5530880754648
 20
-95.2919302943013
 30
0.0
 10
875.5530880754648
 20
-95.2919302943013
 30
0.0
 10
875.9548645692106
 20
-94.89015347445892
 30
0.0
 10
876.6045466516331
 20
-94.89015347445892
 30
0.0
 10
877.0020499680954
 20
-95.2919302943013
 30
0.0
 10
877.0020499680954
 20
-95.2919302943013
 30
0.0
 10
877.0063231453789
 20
-95.2919302943013
 30
0.0
 10
877.0063231453789
 20
-95.2919302943013
 30
0.0
  0
SPLINE
  5
92
330
70
100
AcDbEntity
  8
Layer 1
 62
     7
370
     9
100
AcDbSpline
210
0.0
220
0.0
230
1.0
 70
     9
 71
     3
 72
   104
 73
   100
 74
     0
 42
0.0000000001
 43
0.0000000001
 40
0.0
 40
0.0
 40
0.0
 40
0.0
 40
1.0
 40
1.0
 40
1.0
 40
2.0
 40
2.0
 40
2.0
 40
3.0
 40
3.0
 40
3.0
 40
4.0
 40
4.0
 40
4.0
 40
5.0
 40
5.0
 40
5.0
 40
6.0
 40
6.0
 40
6.0
 40
7.0
 40
7.0
 40
7.0
 40
8.0
 40
8.0
 40
8.0
 40
9.0
 40
9.0
 40
9.0
 40
10.0
 40
10.0
 40
10.0
 40
11.0
 40
11.0
 40
11.0
 40
12.0
 40
12.0
 40
12.0
 40
13.0
 40
13.0
 40
13.0
 40
14.0
 40
14.0
 40
14.0
 40
15.0
 40
15.0
 40
15.0
 40
16.0
 40
16.0
 40
16.0
 40
17.0
 40
17.0
 40
17.0
 40
18.0
 40
18.0
 40
18.0
 40
19.0
 40
19.0
 40
19.0
 40
20.0
 40
20.0
 40
20.0
 40
21.0
 40
21.0
 40
21.0
 40
22.0
 40
22.0
 40
22.0
 40
23.0
 40
23.0
 40
23.0
 40
24.0
 40
24.0
 40
24.0
 40
25.0
 40
25.0
 40
25.0
 40
26.0
 40
26.0
 40
26.0
 40
27.0
 40
27.0
 40
27.0
 40
28.0
 40
28.0
 40
28.0
 40
29.0
 40
29.0
 40
29.0
 40
30.0
 40
30.0
 40
30.0
 40
31.0
 40
31.0
 40
31.0
 40
32.0
 40
32.0
 40
32.0
 40
33.0
 40
33.0
 40
33.0
 40
33.0
 10
874.7067928800364
 20
-93.35143407019291
 30
0.0
 10
875.0487305435449
 20
-93.80450149064675
 30
0.0
 10
874.9546971643251
 20
-94.44563460972675
 30
0.0
 10
874.5016308036863
 20
-94.78757211018727
 30
0.0
 10
874.5016308036863
 20
-94.78757211018727
 30
0.0
 10
869.2571613678614
 20
-98.7198552405408
 30
0.0
 10
869.2571613678614
 20
-98.7198552405408
 30
0.0
 10
869.1460313663437
 20
-98.80533965641788
 30
0.0
 10
869.0391758464969
 20
-98.89509855396674
 30
0.0
 10
868.9408692899936
 20
-98.99340511047002
 30
0.0
 10
868.9408692899936
 20
-98.99340511047002
 30
0.0
 10
868.8596593557873
 20
-99.07461504467535
 30
0.0
 10
868.8596593557873
 20
-99.07461504467535
 30
0.0
 10
868.3553005194792
 20
-99.57897388098439
 30
0.0
 10
868.0732016862064
 20
-100.262849208002
 30
0.0
 10
868.0732016862064
 20
-100.9766439501388
 30
0.0
 10
868.0732016862064
 20
-101.6904386922747
 30
0.0
 10
868.3553005194792
 20
-102.3743140192924
 30
0.0
 10
868.8596580513991
 20
-102.8786722034073
 30
0.0
 10
868.8596580513991
 20
-102.8786722034073
 30
0.0
 10
869.1374824030001
 20
-103.1564965550083
 30
0.0
 10
869.1374824030001
 20
-103.1564965550083
 30
0.0
 10
869.1374824030001
 20
-103.1564965550083
 30
0.0
 10
869.1374824030001
 20
-103.1564965550083
 30
0.0
 10
869.1374824030001
 20
-103.1564965550083
 30
0.0
 10
869.1374824030001
 20
-103.1564965550083
 30
0.0
 10
869.1374824030001
 20
-103.1564965550083
 30
0.0
 10
869.1374824030001
 20
-103.1564965550083
 30
0.0
 10
869.1374824030001
 20
-103.1564965550083
 30
0.0
 10
869.4153067546011
 20
-103.4343209066093
 30
0.0
 10
869.4153067546011
 20
-103.4343209066093
 30
0.0
 10
869.9239387681929
 20
-103.9429529202019
 30
0.0
 10
870.6078140952104
 20
-104.2250517534738
 30
0.0
 10
871.3216094895413
 20
-104.2250517534738
 30
0.0
 10
872.0354048838714
 20
-104.2250517534738
 30
0.0
 10
872.71928021089
 20
-103.9429529202019
 30
0.0
 10
873.2236377428108
 20
-103.4385953882811
 30
0.0
 10
873.2236377428108
 20
-103.4385953882811
 30
0.0
 10
873.3048476770161
 20
-103.3573854540758
 30
0.0
 10
873.3048476770161
 20
-103.3573854540758
 30
0.0
 10
873.4031542335195
 20
-103.2590782453775
 30
0.0
 10
873.4971876127401
 20
-103.1522227255316
 30
0.0
 10
873.5783975469454
 20
-103.0410933762071
 30
0.0
 10
873.5783975469454
 20
-103.0410933762071
 30
0.0
 10
877.5106806772988
 20
-97.79662459257712
 30
0.0
 10
877.5106806772988
 20
-97.79662459257712
 30
0.0
 10
877.8526183408082
 20
-97.34355725364677
 30
0.0
 10
878.4937514598873
 20
-97.24952420052364
 30
0.0
 10
878.9468178205259
 20
-97.59146186403292
 30
0.0
 10
879.3998841811648
 20
-97.93339952754219
 30
0.0
 10
879.4939175603845
 20
-98.5745326466213
 30
0.0
 10
879.1519798968751
 20
-99.02760031164826
 30
0.0
 10
879.1519798968751
 20
-99.02760031164826
 30
0.0
 10
875.2196967665216
 20
-104.2720697474732
 30
0.0
 10
875.2196967665216
 20
-104.2720697474732
 30
0.0
 10
875.0786480020799
 20
-104.4601352015254
 30
0.0
 10
874.9205013109518
 20
-104.6396529966231
 30
0.0
 10
874.7538069608685
 20
-104.8106218283773
 30
0.0
 10
874.7538069608685
 20
-104.8106218283773
 30
0.0
 10
874.6725970266632
 20
-104.8918317625835
 30
0.0
 10
874.6725970266632
 20
-104.8918317625835
 30
0.0
 10
873.7835596232955
 20
-105.7808691659513
 30
0.0
 10
872.5782288376707
 20
-106.2809535205885
 30
0.0
 10
871.3216081851532
 20
-106.2809535205885
 30
0.0
 10
870.2744240906566
 20
-106.2809535205885
 30
0.0
 10
869.2657077224266
 20
-105.9347413754075
 30
0.0
 10
868.4450568082498
 20
-105.3064317013428
 30
0.0
 10
868.4450568082498
 20
-105.3064317013428
 30
0.0
 10
859.2255646429102
 20
-114.5259238666825
 30
0.0
 10
859.2255646429102
 20
-114.5259238666825
 30
0.0
 10
858.8237878230676
 20
-114.9277016648165
 30
0.0
 10
858.1741063928401
 20
-114.9277016648165
 30
0.0
 10
857.7766037285719
 20
-114.5259238666825
 30
0.0
 10
857.3791010643038
 20
-114.1241460685485
 30
0.0
 10
857.3748269087296
 20
-113.474465290515
 30
0.0
 10
857.7766037285719
 20
-113.076963278441
 30
0.0
 10
857.7766037285719
 20
-113.076963278441
 30
0.0
 10
866.9960975243974
 20
-103.8531946748472
 30
0.0
 10
866.9960975243974
 20
-103.8531946748472
 30
0.0
 10
866.3677878503328
 20
-103.0325444128644
 30
0.0
 10
866.0215757051517
 20
-102.0195535629637
 30
0.0
 10
866.0215757051517
 20
-100.9766439501388
 30
0.0
 10
866.0215757051517
 20
-99.72002329762124
 30
0.0
 10
866.521660059789
 20
-98.51469251199567
 30
0.0
 10
867.4106974631577
 20
-97.62565478253133
 30
0.0
 10
867.4106974631577
 20
-97.62565478253133
 30
0.0
 10
867.4919073973629
 20
-97.5444445222285
 30
0.0
 10
867.4919073973629
 20
-97.5444445222285
 30
0.0
 10
867.6586017474454
 20
-97.37774984604767
 30
0.0
 10
867.8381195425432
 20
-97.21960380711379
 30
0.0
 10
868.030459478267
 20
-97.07855439047785
 30
0.0
 10
868.030459478267
 20
-97.07855439047785
 30
0.0
 10
873.2749289140921
 20
-93.14627126012432
 30
0.0
 10
873.2749289140921
 20
-93.14627126012432
 30
0.0
 10
873.727996579119
 20
-92.80433359661506
 30
0.0
 10
874.3691296981991
 20
-92.89836644592769
 30
0.0
 10
874.7110673617074
 20
-93.35143386638151
 30
0.0
 10
874.7110673617074
 20
-93.35143386638151
 30
0.0
 10
874.7067928800364
 20
-93.35143407019291
 30
0.0
 10
874.7067928800364
 20
-93.35143407019291
 30
0.0
  0
SPLINE
  5
93
330
70
100
AcDbEntity
  8
Layer 1
 62
     7
370
     9
100
AcDbSpline
210
0.0
220
0.0
230
1.0
 70
     9
 71
     3
 72
    32
 73
    28
 74
     0
 42
0.0000000001
 43
0.0000000001
 40
0.0
 40
0.0
 40
0.0
 40
0.0
 40
1.0
 40
1.0
 40
1.0
 40
2.0
 40
2.0
 40
2.0
 40
3.0
 40
3.0
 40
3.0
 40
4.0
 40
4.0
 40
4.0
 40
5.0
 40
5.0
 40
5.0
 40
6.0
 40
6.0
 40
6.0
 40
7.0
 40
7.0
 40
7.0
 40
8.0
 40
8.0
 40
8.0
 40
9.0
 40
9.0
 40
9.0
 40
9.0
 10
861.8418252260605
 20
-187.3826201313537
 30
0.0
 10
861.5169845109466
 20
-187.0364079861736
 30
0.0
 10
860.9784327561392
 20
-187.0193113638757
 30
0.0
 10
860.6322206109592
 20
-187.344152405087
 30
0.0
 10
860.2860084657789
 20
-187.6689934462983
 30
0.0
 10
860.268911843481
 20
-188.2075448750082
 30
0.0
 10
860.5937525585948
 20
-188.5537570201893
 30
0.0
 10
861.2135145737051
 20
-189.2162612432372
 30
0.0
 10
862.0982784736927
 20
-189.5069077354644
 30
0.0
 10
862.9274770468239
 20
-189.5069077354644
 30
0.0
 10
863.7566756199561
 20
-189.5069077354644
 30
0.0
 10
864.6414398460411
 20
-189.2162612432372
 30
0.0
 10
865.2612018611504
 20
-188.5537570201893
 30
0.0
 10
865.5860429023627
 20
-188.2075448750082
 30
0.0
 10
865.564671798393
 20
-187.6689934462983
 30
0.0
 10
865.2227341348838
 20
-187.344152405087
 30
0.0
 10
864.8807964713753
 20
-187.0193113638757
 30
0.0
 10
864.3379705609937
 20
-187.0406824678454
 30
0.0
 10
864.0131295197823
 20
-187.3826201313537
 30
0.0
 10
863.77804737612
 20
-187.6305250678365
 30
0.0
 10
863.3805447118518
 20
-187.7972194179198
 30
0.0
 10
862.927477699019
 20
-187.7972194179198
 30
0.0
 10
862.4744106861861
 20
-187.7972194179198
 30
0.0
 10
862.0769080219179
 20
-187.6347988973142
 30
0.0
 10
861.8418258782556
 20
-187.3826201313537
 30
0.0
 10
861.8418258782556
 20
-187.3826201313537
 30
0.0
 10
861.8418252260605
 20
-187.3826201313537
 30
0.0
 10
861.8418252260605
 20
-187.3826201313537
 30
0.0
  0
SPLINE
  5
94
330
70
100
AcDbEntity
  8
Layer 1
 62
     7
370
     9
100
AcDbSpline
210
0.0
220
0.0
230
1.0
 70
     9
 71
     3
 72
    32
 73
    28
 74
     0
 42
0.0000000001
 43
0.0000000001
 40
0.0
 40
0.0
 40
0.0
 40
0.0
 40
1.0
 40
1.0
 40
1.0
 40
2.0
 40
2.0
 40
2.0
 40
3.0
 40
3.0
 40
3.0
 40
4.0
 40
4.0
 40
4.0
 40
5.0
 40
5.0
 40
5.0
 40
6.0
 40
6.0
 40
6.0
 40
7.0
 40
7.0
 40
7.0
 40
8.0
 40
8.0
 40
8.0
 40
9.0
 40
9.0
 40
9.0
 40
9.0
 10
871.1339809710402
 20
-187.7972194179198
 30
0.0
 10
870.6809133060133
 20
-187.7972194179198
 30
0.0
 10
870.2834112939401
 20
-187.6347988973142
 30
0.0
 10
870.0483291502768
 20
-187.3826201313537
 30
0.0
 10
869.7234881090656
 20
-187.0364079861736
 30
0.0
 10
869.1849360281615
 20
-187.0193113638757
 30
0.0
 10
868.8387251873695
 20
-187.344152405087
 30
0.0
 10
868.4925143465775
 20
-187.6689934462983
 30
0.0
 10
868.4754164198905
 20
-188.2075448750082
 30
0.0
 10
868.8002574611019
 20
-188.5537570201893
 30
0.0
 10
869.4200194762121
 20
-189.2162612432372
 30
0.0
 10
870.3047837022971
 20
-189.5069077354644
 30
0.0
 10
871.1339822754293
 20
-189.5069077354644
 30
0.0
 10
871.9631808485607
 20
-189.5069077354644
 30
0.0
 10
872.8479450746457
 20
-189.2162612432372
 30
0.0
 10
873.4677070897559
 20
-188.5537570201893
 30
0.0
 10
873.7925481309673
 20
-188.2075448750082
 30
0.0
 10
873.7711770269976
 20
-187.6689934462983
 30
0.0
 10
873.4292393634893
 20
-187.344152405087
 30
0.0
 10
873.0873016999799
 20
-187.0193113638757
 30
0.0
 10
872.5444751374041
 20
-187.0406824678454
 30
0.0
 10
872.2196354005811
 20
-187.3826201313537
 30
0.0
 10
871.9845532569186
 20
-187.6305250678365
 30
0.0
 10
871.5870512448445
 20
-187.7972194179198
 30
0.0
 10
871.1339835798176
 20
-187.7972194179198
 30
0.0
 10
871.1339835798176
 20
-187.7972194179198
 30
0.0
 10
871.1339809710402
 20
-187.7972194179198
 30
0.0
 10
871.1339809710402
 20
-187.7972194179198
 30
0.0
  0
SPLINE
  5
95
330
70
100
AcDbEntity
  8
Layer 1
 62
     7
370
     9
100
AcDbSpline
210
0.0
220
0.0
230
1.0
 70
     9
 71
     3
 72
    47
 73
    43
 74
     0
 42
0.0000000001
 43
0.0000000001
 40
0.0
 40
0.0
 40
0.0
 40
0.0
 40
1.0
 40
1.0
 40
1.0
 40
2.0
 40
2.0
 40
2.0
 40
3.0
 40
3.0
 40
3.0
 40
4.0
 40
4.0
 40
4.0
 40
5.0
 40
5.0
 40
5.0
 40
6.0
 40
6.0
 40
6.0
 40
7.0
 40
7.0
 40
7.0
 40
8.0
 40
8.0
 40
8.0
 40
9.0
 40
9.0
 40
9.0
 40
10.0
 40
10.0
 40
10.0
 40
11.0
 40
11.0
 40
11.0
 40
12.0
 40
12.0
 40
12.0
 40
13.0
 40
13.0
 40
13.0
 40
14.0
 40
14.0
 40
14.0
 40
14.0
 10
873.8865789014106
 20
-177.7100583444048
 30
0.0
 10
873.8865789014106
 20
-178.0861897416544
 30
0.0
 10
874.194323320324
 20
-178.3939336714224
 30
0.0
 10
874.5704542284283
 20
-178.3939336714224
 30
0.0
 10
874.5704542284283
 20
-178.3939336714224
 30
0.0
 10
875.6561060491916
 20
-178.3939336714224
 30
0.0
 10
875.6561060491916
 20
-178.3939336714224
 30
0.0
 10
875.6561060491916
 20
-178.3939336714224
 30
0.0
 10
874.0874678004772
 20
-179.962572572331
 30
0.0
 10
874.0874678004772
 20
-179.962572572331
 30
0.0
 10
873.8908533830816
 20
-180.1591866636292
 30
0.0
 10
873.8352890345167
 20
-180.4541079636248
 30
0.0
 10
873.9378700726918
 20
-180.7062870556827
 30
0.0
 10
874.0404511108669
 20
-180.9584661477397
 30
0.0
 10
874.2926298768272
 20
-181.1294349794939
 30
0.0
 10
874.5704542284283
 20
-181.1294349794939
 30
0.0
 10
874.5704542284283
 20
-181.1294349794939
 30
0.0
 10
877.3059555364998
 20
-181.1294349794939
 30
0.0
 10
877.3059555364998
 20
-181.1294349794939
 30
0.0
 10
877.6820864446049
 20
-181.1294349794939
 30
0.0
 10
877.9898308635184
 20
-180.8216912127746
 30
0.0
 10
877.9898308635184
 20
-180.4455596524763
 30
0.0
 10
877.9898308635184
 20
-180.0694280921779
 30
0.0
 10
877.6820864446049
 20
-179.7616843254586
 30
0.0
 10
877.3059555364998
 20
-179.7616843254586
 30
0.0
 10
877.3059555364998
 20
-179.7616843254586
 30
0.0
 10
876.2203037157373
 20
-179.7616843254586
 30
0.0
 10
876.2203037157373
 20
-179.7616843254586
 30
0.0
 10
876.2203037157373
 20
-179.7616843254586
 30
0.0
 10
877.78894326884
 20
-178.1930452615012
 30
0.0
 10
877.78894326884
 20
-178.1930452615012
 30
0.0
 10
877.9855576862347
 20
-177.9964310886787
 30
0.0
 10
878.0411220348003
 20
-177.7015098702075
 30
0.0
 10
877.9385409966254
 20
-177.4493308596739
 30
0.0
 10
877.8359599584502
 20
-177.1971518491413
 30
0.0
 10
877.5837798881017
 20
-177.0261830173862
 30
0.0
 10
877.3059555364998
 20
-177.0261830173862
 30
0.0
 10
877.3059555364998
 20
-177.0261830173862
 30
0.0
 10
874.5704542284283
 20
-177.0261830173862
 30
0.0
 10
874.5704542284283
 20
-177.0261830173862
 30
0.0
 10
874.194323320324
 20
-177.0261830173862
 30
0.0
 10
873.8865789014106
 20
-177.3339269063925
 30
0.0
 10
873.8865789014106
 20
-177.7100583444048
 30
0.0
  0
SPLINE
  5
96
330
70
100
AcDbEntity
  8
Layer 1
 62
     7
370
     9
100
AcDbSpline
210
0.0
220
0.0
230
1.0
 70
    11
 71
     3
 72
    50
 73
    46
 74
     0
 42
0.0000000001
 43
0.0000000001
 40
0.0
 40
0.0
 40
0.0
 40
0.0
 40
1.0
 40
1.0
 40
1.0
 40
2.0
 40
2.0
 40
2.0
 40
3.0
 40
3.0
 40
3.0
 40
4.0
 40
4.0
 40
4.0
 40
5.0
 40
5.0
 40
5.0
 40
6.0
 40
6.0
 40
6.0
 40
7.0
 40
7.0
 40
7.0
 40
8.0
 40
8.0
 40
8.0
 40
9.0
 40
9.0
 40
9.0
 40
10.0
 40
10.0
 40
10.0
 40
11.0
 40
11.0
 40
11.0
 40
12.0
 40
12.0
 40
12.0
 40
13.0
 40
13.0
 40
13.0
 40
14.0
 40
14.0
 40
14.0
 40
15.0
 40
15.0
 40
15.0
 40
15.0
 10
869.783326939302
 20
-182.4971856335301
 30
0.0
 10
869.783326939302
 20
-182.4971856335301
 30
0.0
 10
870.8689787600654
 20
-182.4971856335301
 30
0.0
 10
870.8689787600654
 20
-182.4971856335301
 30
0.0
 10
870.8689787600654
 20
-182.4971856335301
 30
0.0
 10
869.3003392069627
 20
-184.0658245344387
 30
0.0
 10
869.3003392069627
 20
-184.0658245344387
 30
0.0
 10
869.1037247895671
 20
-184.2624389518344
 30
0.0
 10
869.0481604410022
 20
-184.5573599257334
 30
0.0
 10
869.1507414791773
 20
-184.8095386916929
 30
0.0
 10
869.2533225173525
 20
-185.0617174576533
 30
0.0
 10
869.5055012833128
 20
-185.2326862894084
 30
0.0
 10
869.7833256349129
 20
-185.2326862894084
 30
0.0
 10
869.7833256349129
 20
-185.2326862894084
 30
0.0
 10
872.5188269429853
 20
-185.2326862894084
 30
0.0
 10
872.5188269429853
 20
-185.2326862894084
 30
0.0
 10
872.8949578510896
 20
-185.2326862894084
 30
0.0
 10
873.2027022700039
 20
-184.9249425226883
 30
0.0
 10
873.2027022700039
 20
-184.5488109623898
 30
0.0
 10
873.2027022700039
 20
-184.1726794020915
 30
0.0
 10
872.8949578510896
 20
-183.8649356353722
 30
0.0
 10
872.5188269429853
 20
-183.8649356353722
 30
0.0
 10
872.5188269429853
 20
-183.8649356353722
 30
0.0
 10
871.4331764266109
 20
-183.8649356353722
 30
0.0
 10
871.4331764266109
 20
-183.8649356353722
 30
0.0
 10
871.4331764266109
 20
-183.8649356353722
 30
0.0
 10
873.0018159797138
 20
-182.2962967344636
 30
0.0
 10
873.0018159797138
 20
-182.2962967344636
 30
0.0
 10
873.1984303971094
 20
-182.0996826431654
 30
0.0
 10
873.2539947456741
 20
-181.8047613431689
 30
0.0
 10
873.1514137074992
 20
-181.5525822511119
 30
0.0
 10
873.048832669324
 20
-181.3004031590549
 30
0.0
 10
872.7966539033637
 20
-181.1294343272998
 30
0.0
 10
872.5188295517627
 20
-181.1294343272998
 30
0.0
 10
872.5188295517627
 20
-181.1294343272998
 30
0.0
 10
869.783326939302
 20
-181.1294343272998
 30
0.0
 10
869.783326939302
 20
-181.1294343272998
 30
0.0
 10
869.4071960311976
 20
-181.1294343272998
 30
0.0
 10
869.0994516122843
 20
-181.4371780940191
 30
0.0
 10
869.0994516122843
 20
-181.8133096543183
 30
0.0
 10
869.0994516122843
 20
-182.1894412146168
 30
0.0
 10
869.4071960311976
 20
-182.497184981336
 30
0.0
 10
869.783326939302
 20
-182.497184981336
 30
0.0
 10
869.783326939302
 20
-182.497184981336
 30
0.0
 10
869.783326939302
 20
-182.4971856335301
 30
0.0
 10
869.783326939302
 20
-182.4971856335301
 30
0.0
  0
SPLINE
  5
97
330
70
100
AcDbEntity
  8
Layer 1
 62
     7
370
     9
100
AcDbSpline
210
0.0
220
0.0
230
1.0
 70
     9
 71
     3
 72
    17
 73
    13
 74
     0
 42
0.0000000001
 43
0.0000000001
 40
0.0
 40
0.0
 40
0.0
 40
0.0
 40
1.0
 40
1.0
 40
1.0
 40
2.0
 40
2.0
 40
2.0
 40
3.0
 40
3.0
 40
3.0
 40
4.0
 40
4.0
 40
4.0
 40
4.0
 10
867.0478256312305
 20
-195.1488791833634
 30
0.0
 10
867.992060849947
 20
-195.1488791833634
 30
0.0
 10
868.7575139487751
 20
-194.3834260845344
 30
0.0
 10
868.7575139487751
 20
-193.4391908658179
 30
0.0
 10
868.7575139487751
 20
-192.4949556471014
 30
0.0
 10
867.992060849947
 20
-191.7295025482733
 30
0.0
 10
867.0478256312305
 20
-191.7295025482733
 30
0.0
 10
866.1035910647081
 20
-191.7295025482733
 30
0.0
 10
865.338137313685
 20
-192.4949556471014
 30
0.0
 10
865.338137313685
 20
-193.4391908658179
 30
0.0
 10
865.338137313685
 20
-194.3834260845344
 30
0.0
 10
866.1035910647081
 20
-195.1488791833634
 30
0.0
 10
867.0478256312305
 20
-195.1488791833634
 30
0.0
  0
SPLINE
  5
98
330
70
100
AcDbEntity
  8
Layer 1
 62
     7
370
     9
100
AcDbSpline
210
0.0
220
0.0
230
1.0
 70
     9
 71
     3
 72
    47
 73
    43
 74
     0
 42
0.0000000001
 43
0.0000000001
 40
0.0
 40
0.0
 40
0.0
 40
0.0
 40
1.0
 40
1.0
 40
1.0
 40
2.0
 40
2.0
 40
2.0
 40
3.0
 40
3.0
 40
3.0
 40
4.0
 40
4.0
 40
4.0
 40
5.0
 40
5.0
 40
5.0
 40
6.0
 40
6.0
 40
6.0
 40
7.0
 40
7.0
 40
7.0
 40
8.0
 40
8.0
 40
8.0
 40
9.0
 40
9.0
 40
9.0
 40
10.0
 40
10.0
 40
10.0
 40
11.0
 40
11.0
 40
11.0
 40
12.0
 40
12.0
 40
12.0
 40
13.0
 40
13.0
 40
13.0
 40
14.0
 40
14.0
 40
14.0
 40
14.0
 10
858.1574463799965
 20
-187.968188249674
 30
0.0
 10
858.1574463799965
 20
-183.0571088184039
 30
0.0
 10
862.1367461999595
 20
-179.07780899844
 30
0.0
 10
867.0478256312305
 20
-179.07780899844
 30
0.0
 10
868.360011936701
 20
-179.07780899844
 30
0.0
 10
869.608083625876
 20
-179.3641818242392
 30
0.0
 10
870.7279299956237
 20
-179.8728140008788
 30
0.0
 10
871.245110972559
 20
-180.1078961445412
 30
0.0
 10
871.8520495426538
 20
-179.8813623120282
 30
0.0
 10
872.0871316863163
 20
-179.3641816611905
 30
0.0
 10
872.3222138299787
 20
-178.8470010103528
 30
0.0
 10
872.0956806496598
 20
-178.240061625014
 30
0.0
 10
871.5784996727236
 20
-178.0049794813516
 30
0.0
 10
870.1936523963905
 20
-177.376669114331
 30
0.0
 10
868.6592073922717
 20
-177.0261830173862
 30
0.0
 10
867.0478256312305
 20
-177.0261830173862
 30
0.0
 10
861.004077363489
 20
-177.0261830173862
 30
0.0
 10
856.1058203989418
 20
-181.9244399819335
 30
0.0
 10
856.1058203989418
 20
-187.968188249674
 30
0.0
 10
856.1058203989418
 20
-194.0119361913179
 30
0.0
 10
861.004077363489
 20
-198.9101934819627
 30
0.0
 10
867.0478256312305
 20
-198.9101934819627
 30
0.0
 10
873.0915735728743
 20
-198.9101934819627
 30
0.0
 10
877.9898308635184
 20
-194.0119361913179
 30
0.0
 10
877.9898308635184
 20
-187.968188249674
 30
0.0
 10
877.9898308635184
 20
-186.3568071408268
 30
0.0
 10
877.6393442366664
 20
-184.8223614845141
 30
0.0
 10
877.0110345626017
 20
-183.4417886898517
 30
0.0
 10
876.7759524189392
 20
-182.9246077129165
 30
0.0
 10
876.1690125444552
 20
-182.6980745325976
 30
0.0
 10
875.6518328719081
 20
-182.93315667626
 30
0.0
 10
875.134653199362
 20
-183.1682388199225
 30
0.0
 10
874.908118714654
 20
-183.7751780422115
 30
0.0
 10
875.1432008583165
 20
-184.2923590191468
 30
0.0
 10
875.6518315675199
 20
-185.4079302550285
 30
0.0
 10
875.9382048824644
 20
-186.6560025963975
 30
0.0
 10
875.9382048824644
 20
-187.968188249674
 30
0.0
 10
875.9382048824644
 20
-192.879267680945
 30
0.0
 10
871.9589050625007
 20
-196.8585675009089
 30
0.0
 10
867.0478256312305
 20
-196.8585675009089
 30
0.0
 10
862.1367461999595
 20
-196.8585675009089
 30
0.0
 10
858.1574463799965
 20
-192.879267680945
 30
0.0
 10
858.1574463799965
 20
-187.968188249674
 30
0.0
  0
SPLINE
  5
99
330
70
100
AcDbEntity
  8
Layer 1
 62
     7
370
     9
100
AcDbSpline
210
0.0
220
0.0
230
1.0
 70
     9
 71
     3
 72
    20
 73
    16
 74
     0
 42
0.0000000001
 43
0.0000000001
 40
0.0
 40
0.0
 40
0.0
 40
0.0
 40
1.0
 40
1.0
 40
1.0
 40
2.0
 40
2.0
 40
2.0
 40
3.0
 40
3.0
 40
3.0
 40
4.0
 40
4.0
 40
4.0
 40
5.0
 40
5.0
 40
5.0
 40
5.0
 10
987.8330041834292
 20
-93.46175789083684
 30
0.0
 10
987.2260649611392
 20
-94.11998791754877
 30
0.0
 10
986.6746904135114
 20
-94.83805705983206
 30
0.0
 10
986.1874292593173
 20
-95.59459400990741
 30
0.0
 10
986.1874292593173
 20
-95.59459400990741
 30
0.0
 10
985.5249250209826
 20
-93.86780890701521
 30
0.0
 10
985.5249250209826
 20
-93.86780890701521
 30
0.0
 10
985.4266179396654
 20
-93.62417828915548
 30
0.0
 10
985.4864570329459
 20
-93.34207970045584
 30
0.0
 10
985.6659743102374
 20
-93.14973978511369
 30
0.0
 10
985.8454915958072
 20
-92.95739986977066
 30
0.0
 10
986.127590143745
 20
-92.89328653238653
 30
0.0
 10
986.3797691950404
 20
-92.97449672899835
 30
0.0
 10
986.3797691950404
 20
-92.97449672899835
 30
0.0
 10
987.8330041834292
 20
-93.46175789083684
 30
0.0
 10
987.8330041834292
 20
-93.46175789083684
 30
0.0
  0
SPLINE
  5
9A
330
70
100
AcDbEntity
  8
Layer 1
 62
     7
370
     9
100
AcDbSpline
210
0.0
220
0.0
230
1.0
 70
     9
 71
     3
 72
    17
 73
    13
 74
     0
 42
0.0000000001
 43
0.0000000001
 40
0.0
 40
0.0
 40
0.0
 40
0.0
 40
1.0
 40
1.0
 40
1.0
 40
2.0
 40
2.0
 40
2.0
 40
3.0
 40
3.0
 40
3.0
 40
4.0
 40
4.0
 40
4.0
 40
4.0
 10
987.6705838258724
 20
-99.44566687995809
 30
0.0
 10
987.6705838258724
 20
-99.44566687995809
 30
0.0
 10
986.8157396670996
 20
-97.22307206714916
 30
0.0
 10
986.8157396670996
 20
-97.22307206714916
 30
0.0
 10
987.4696954159501
 20
-96.00919362257009
 30
0.0
 10
988.2988943151799
 20
-94.90644452731459
 30
0.0
 10
989.2734167866189
 20
-93.94047061159639
 30
0.0
 10
989.2734167866189
 20
-93.94047061159639
 30
0.0
 10
991.1198800391293
 20
-94.55595838960803
 30
0.0
 10
991.1198800391293
 20
-94.55595838960803
 30
0.0
 10
989.6025316573069
 20
-95.86814420593416
 30
0.0
 10
988.4057498350259
 20
-97.54363862668871
 30
0.0
 10
987.6705838258724
 20
-99.44566687995809
 30
0.0
  0
SPLINE
  5
9B
330
70
100
AcDbEntity
  8
Layer 1
 62
     7
370
     9
100
AcDbSpline
210
0.0
220
0.0
230
1.0
 70
     9
 71
     3
 72
   227
 73
   223
 74
     0
 42
0.0000000001
 43
0.0000000001
 40
0.0
 40
0.0
 40
0.0
 40
0.0
 40
1.0
 40
1.0
 40
1.0
 40
2.0
 40
2.0
 40
2.0
 40
3.0
 40
3.0
 40
3.0
 40
4.0
 40
4.0
 40
4.0
 40
5.0
 40
5.0
 40
5.0
 40
6.0
 40
6.0
 40
6.0
 40
7.0
 40
7.0
 40
7.0
 40
8.0
 40
8.0
 40
8.0
 40
9.0
 40
9.0
 40
9.0
 40
10.0
 40
10.0
 40
10.0
 40
11.0
 40
11.0
 40
11.0
 40
12.0
 40
12.0
 40
12.0
 40
13.0
 40
13.0
 40
13.0
 40
14.0
 40
14.0
 40
14.0
 40
15.0
 40
15.0
 40
15.0
 40
16.0
 40
16.0
 40
16.0
 40
17.0
 40
17.0
 40
17.0
 40
18.0
 40
18.0
 40
18.0
 40
19.0
 40
19.0
 40
19.0
 40
20.0
 40
20.0
 40
20.0
 40
21.0
 40
21.0
 40
21.0
 40
22.0
 40
22.0
 40
22.0
 40
23.0
 40
23.0
 40
23.0
 40
24.0
 40
24.0
 40
24.0
 40
25.0
 40
25.0
 40
25.0
 40
26.0
 40
26.0
 40
26.0
 40
27.0
 40
27.0
 40
27.0
 40
28.0
 40
28.0
 40
28.0
 40
29.0
 40
29.0
 40
29.0
 40
30.0
 40
30.0
 40
30.0
 40
31.0
 40
31.0
 40
31.0
 40
32.0
 40
32.0
 40
32.0
 40
33.0
 40
33.0
 40
33.0
 40
34.0
 40
34.0
 40
34.0
 40
35.0
 40
35.0
 40
35.0
 40
36.0
 40
36.0
 40
36.0
 40
37.0
 40
37.0
 40
37.0
 40
38.0
 40
38.0
 40
38.0
 40
39.0
 40
39.0
 40
39.0
 40
40.0
 40
40.0
 40
40.0
 40
41.0
 40
41.0
 40
41.0
 40
42.0
 40
42.0
 40
42.0
 40
43.0
 40
43.0
 40
43.0
 40
44.0
 40
44.0
 40
44.0
 40
45.0
 40
45.0
 40
45.0
 40
46.0
 40
46.0
 40
46.0
 40
47.0
 40
47.0
 40
47.0
 40
48.0
 40
48.0
 40
48.0
 40
49.0
 40
49.0
 40
49.0
 40
50.0
 40
50.0
 40
50.0
 40
51.0
 40
51.0
 40
51.0
 40
52.0
 40
52.0
 40
52.0
 40
53.0
 40
53.0
 40
53.0
 40
54.0
 40
54.0
 40
54.0
 40
55.0
 40
55.0
 40
55.0
 40
56.0
 40
56.0
 40
56.0
 40
57.0
 40
57.0
 40
57.0
 40
58.0
 40
58.0
 40
58.0
 40
59.0
 40
59.0
 40
59.0
 40
60.0
 40
60.0
 40
60.0
 40
61.0
 40
61.0
 40
61.0
 40
62.0
 40
62.0
 40
62.0
 40
63.0
 40
63.0
 40
63.0
 40
64.0
 40
64.0
 40
64.0
 40
65.0
 40
65.0
 40
65.0
 40
66.0
 40
66.0
 40
66.0
 40
67.0
 40
67.0
 40
67.0
 40
68.0
 40
68.0
 40
68.0
 40
69.0
 40
69.0
 40
69.0
 40
70.0
 40
70.0
 40
70.0
 40
71.0
 40
71.0
 40
71.0
 40
72.0
 40
72.0
 40
72.0
 40
73.0
 40
73.0
 40
73.0
 40
74.0
 40
74.0
 40
74.0
 40
74.0
 10
1003.258667093698
 20
-106.4468406707438
 30
0.0
 10
1003.258667093698
 20
-106.7417616446419
 30
0.0
 10
1003.126165988212
 20
-107.0110383372885
 30
0.0
 10
1002.946649497502
 20
-107.2290225542648
 30
0.0
 10
1002.925278393533
 20
-107.2546681399054
 30
0.0
 10
1002.903907289563
 20
-107.2760392438751
 30
0.0
 10
1002.882536185594
 20
-107.3016848295157
 30
0.0
 10
1002.882536185594
 20
-107.3016848295157
 30
0.0
 10
1010.781295690897
 20
-107.3016848295157
 30
0.0
 10
1010.781295690897
 20
-107.3016848295157
 30
0.0
 10
1011.157426599001
 20
-107.3016848295157
 30
0.0
 10
1011.465171017915
 20
-106.9939404106023
 30
0.0
 10
1011.465171017915
 20
-106.617809502498
 30
0.0
 10
1011.465171017915
 20
-106.617809502498
 30
0.0
 10
1011.465171017915
 20
-103.8823081944256
 30
0.0
 10
1011.465171017915
 20
-103.8823081944256
 30
0.0
 10
1011.465171017915
 20
-103.5061766341272
 30
0.0
 10
1011.157426599001
 20
-103.198432867408
 30
0.0
 10
1010.781295690897
 20
-103.198432867408
 30
0.0
 10
1010.781295690897
 20
-103.198432867408
 30
0.0
 10
1009.41354503686
 20
-103.198432867408
 30
0.0
 10
1009.41354503686
 20
-103.198432867408
 30
0.0
 10
1009.037414128755
 20
-103.198432867408
 30
0.0
 10
1008.729669709843
 20
-103.5061766341272
 30
0.0
 10
1008.729669709843
 20
-103.8823081944256
 30
0.0
 10
1008.729669709843
 20
-104.2584391025299
 30
0.0
 10
1009.037414128755
 20
-104.5661835214442
 30
0.0
 10
1009.41354503686
 20
-104.5661835214442
 30
0.0
 10
1009.41354503686
 20
-104.5661835214442
 30
0.0
 10
1010.097420363878
 20
-104.5661835214442
 30
0.0
 10
1010.097420363878
 20
-104.5661835214442
 30
0.0
 10
1010.473551271982
 20
-104.5661835214442
 30
0.0
 10
1010.781295690897
 20
-104.8739279403575
 30
0.0
 10
1010.781295690897
 20
-105.2500588484618
 30
0.0
 10
1010.781295690897
 20
-105.6261897565661
 30
0.0
 10
1010.473551271982
 20
-105.9339341754795
 30
0.0
 10
1010.097420363878
 20
-105.9339341754795
 30
0.0
 10
1010.097420363878
 20
-105.9339341754795
 30
0.0
 10
1009.41354503686
 20
-105.9339341754795
 30
0.0
 10
1009.41354503686
 20
-105.9339341754795
 30
0.0
 10
1008.280876526487
 20
-105.9339341754795
 30
0.0
 10
1007.361919055806
 20
-105.0149767047994
 30
0.0
 10
1007.361919055806
 20
-103.8823081944256
 30
0.0
 10
1007.361919055806
 20
-102.7496396840519
 30
0.0
 10
1008.280876526487
 20
-101.8306822133718
 30
0.0
 10
1009.41354503686
 20
-101.8306822133718
 30
0.0
 10
1009.41354503686
 20
-101.8306822133718
 30
0.0
 10
1010.781295690897
 20
-101.8306822133718
 30
0.0
 10
1010.781295690897
 20
-101.8306822133718
 30
0.0
 10
1011.913964201269
 20
-101.8306822133718
 30
0.0
 10
1012.832921671951
 20
-102.7496396840519
 30
0.0
 10
1012.832921671951
 20
-103.8823081944256
 30
0.0
 10
1012.832921671951
 20
-103.8823081944256
 30
0.0
 10
1012.832921671951
 20
-106.617809502498
 30
0.0
 10
1012.832921671951
 20
-106.617809502498
 30
0.0
 10
1012.832921671951
 20
-107.7504780128718
 30
0.0
 10
1011.913964201269
 20
-108.6694354835519
 30
0.0
 10
1010.781295690897
 20
-108.6694354835519
 30
0.0
 10
1010.781295690897
 20
-108.6694354835519
 30
0.0
 10
1002.882536185594
 20
-108.6694354835519
 30
0.0
 10
1002.882536185594
 20
-108.6694354835519
 30
0.0
 10
1002.903907289563
 20
-108.6950810691925
 30
0.0
 10
1002.925278393533
 20
-108.7164521731622
 30
0.0
 10
1002.946649497502
 20
-108.7420977588028
 30
0.0
 10
1003.130440469883
 20
-108.9600832801682
 30
0.0
 10
1003.258667093698
 20
-109.2293586684257
 30
0.0
 10
1003.258667093698
 20
-109.5242796423246
 30
0.0
 10
1003.258667093698
 20
-109.8192006162236
 30
0.0
 10
1003.126165988212
 20
-110.0884773088693
 30
0.0
 10
1002.946649497502
 20
-110.3064615258456
 30
0.0
 10
1002.762858525121
 20
-110.5287215288818
 30
0.0
 10
1002.514952936445
 20
-110.7210614646057
 30
0.0
 10
1002.232854103171
 20
-110.8792068513455
 30
0.0
 10
1001.664383259344
 20
-111.1955002336024
 30
0.0
 10
1000.924942279373
 20
-111.4049367916243
 30
0.0
 10
1000.181228122117
 20
-111.4049367916243
 30
0.0
 10
1000.02735591266
 20
-111.4049367916243
 30
0.0
 10
999.8905816298902
 20
-111.2980812717775
 30
0.0
 10
999.8521125992345
 20
-111.1484835439921
 30
0.0
 10
999.8136435685784
 20
-110.9988858162067
 30
0.0
 10
999.877758184875
 20
-110.8407391250787
 30
0.0
 10
1000.014532467645
 20
-110.7638036725443
 30
0.0
 10
1000.014532467645
 20
-110.7638036725443
 30
0.0
 10
1000.014532467645
 20
-110.7638036725443
 30
0.0
 10
1000.014532467645
 20
-110.7638036725443
 30
0.0
 10
1000.014532467645
 20
-110.7638036725443
 30
0.0
 10
1000.014532467645
 20
-110.7638036725443
 30
0.0
 10
1000.014532467645
 20
-110.7638036725443
 30
0.0
 10
1000.014532467645
 20
-110.7638036725443
 30
0.0
 10
1000.014532467645
 20
-110.7638036725443
 30
0.0
 10
1000.014532467645
 20
-110.7638036725443
 30
0.0
 10
1000.014532467645
 20
-110.7638036725443
 30
0.0
 10
1000.014532467645
 20
-110.7638036725443
 30
0.0
 10
1000.014532467645
 20
-110.7638036725443
 30
0.0
 10
1000.014532467645
 20
-110.7638036725443
 30
0.0
 10
1000.023081430988
 20
-110.7595291908725
 30
0.0
 10
1000.023081430988
 20
-110.7595291908725
 30
0.0
 10
1000.031630394332
 20
-110.7552547092017
 30
0.0
 10
1000.044452534959
 20
-110.7467070502463
 30
0.0
 10
1000.061549157256
 20
-110.7381580869037
 30
0.0
 10
1000.095742401852
 20
-110.716786982934
 30
0.0
 10
1000.147033573133
 20
-110.6868669156216
 30
0.0
 10
1000.20687240337
 20
-110.6483991893548
 30
0.0
 10
1000.326550063843
 20
-110.5671892551486
 30
0.0
 10
1000.484696754972
 20
-110.4560592536309
 30
0.0
 10
1000.642843446099
 20
-110.3235581481435
 30
0.0
 10
1000.800990137228
 20
-110.1910570426561
 30
0.0
 10
1000.950587865013
 20
-110.0414593148707
 30
0.0
 10
1001.053168903187
 20
-109.8918615870854
 30
0.0
 10
1001.160024423035
 20
-109.7422638593
 30
0.0
 10
1001.202766630973
 20
-109.6183117171561
 30
0.0
 10
1001.202766630973
 20
-109.5242783379355
 30
0.0
 10
1001.202766630973
 20
-109.4302449587149
 30
0.0
 10
1001.160024423035
 20
-109.3105672982428
 30
0.0
 10
1001.053168903187
 20
-109.1566950887856
 30
0.0
 10
1000.946313383341
 20
-109.0070973610003
 30
0.0
 10
1000.800990137228
 20
-108.8617741148867
 30
0.0
 10
1000.642843446099
 20
-108.7249985277284
 30
0.0
 10
1000.484696754972
 20
-108.5924974222401
 30
0.0
 10
1000.326551368231
 20
-108.4813674207224
 30
0.0
 10
1000.20687240337
 20
-108.4001574865171
 30
0.0
 10
1000.147033573133
 20
-108.3616897602494
 30
0.0
 10
1000.095742401852
 20
-108.331769692937
 30
0.0
 10
1000.061549157256
 20
-108.3103985889673
 30
0.0
 10
1000.044452534959
 20
-108.3018496256247
 30
0.0
 10
1000.031629089944
 20
-108.2933019666703
 30
0.0
 10
1000.023081430988
 20
-108.2890274849985
 30
0.0
 10
1000.023081430988
 20
-108.2890274849985
 30
0.0
 10
1000.014532467645
 20
-108.2847530033267
 30
0.0
 10
1000.014532467645
 20
-108.2847530033267
 30
0.0
 10
1000.014532467645
 20
-108.2847530033267
 30
0.0
 10
1000.014532467645
 20
-108.2847530033267
 30
0.0
 10
1000.014532467645
 20
-108.2847530033267
 30
0.0
 10
1000.014532467645
 20
-108.2847530033267
 30
0.0
 10
1000.014532467645
 20
-108.2847530033267
 30
0.0
 10
1000.014532467645
 20
-108.2847530033267
 30
0.0
 10
1000.014532467645
 20
-108.2847530033267
 30
0.0
 10
1000.014532467645
 20
-108.2847530033267
 30
0.0
 10
1000.014532467645
 20
-108.2847530033267
 30
0.0
 10
999.9076769477992
 20
-108.2249141730902
 30
0.0
 10
999.8392891542192
 20
-108.1095096899008
 30
0.0
 10
999.8392891542192
 20
-107.9855575477569
 30
0.0
 10
999.8392891542192
 20
-107.8616054056121
 30
0.0
 10
999.9076769477992
 20
-107.7462009224227
 30
0.0
 10
1000.014532467645
 20
-107.6863620921862
 30
0.0
 10
1000.014532467645
 20
-107.6863620921862
 30
0.0
 10
1000.014532467645
 20
-107.6863620921862
 30
0.0
 10
1000.014532467645
 20
-107.6863620921862
 30
0.0
 10
1000.014532467645
 20
-107.6863620921862
 30
0.0
 10
1000.014532467645
 20
-107.6863620921862
 30
0.0
 10
1000.014532467645
 20
-107.6863620921862
 30
0.0
 10
1000.014532467645
 20
-107.6863620921862
 30
0.0
 10
1000.014532467645
 20
-107.6863620921862
 30
0.0
 10
1000.014532467645
 20
-107.6863620921862
 30
0.0
 10
1000.014532467645
 20
-107.6863620921862
 30
0.0
 10
1000.014532467645
 20
-107.6863620921862
 30
0.0
 10
1000.014532467645
 20
-107.6863620921862
 30
0.0
 10
1000.014532467645
 20
-107.6863620921862
 30
0.0
 10
1000.014532467645
 20
-107.6863620921862
 30
0.0
 10
1000.014532467645
 20
-107.6863620921862
 30
0.0
 10
1000.014532467645
 20
-107.6863620921862
 30
0.0
 10
1000.023081430988
 20
-107.6820876105144
 30
0.0
 10
1000.023081430988
 20
-107.6820876105144
 30
0.0
 10
1000.031630394332
 20
-107.6778131288427
 30
0.0
 10
1000.044452534959
 20
-107.6692654698882
 30
0.0
 10
1000.061549157256
 20
-107.6607165065456
 30
0.0
 10
1000.095742401852
 20
-107.6393454025759
 30
0.0
 10
1000.147033573133
 20
-107.6094253352635
 30
0.0
 10
1000.20687240337
 20
-107.5709576089967
 30
0.0
 10
1000.326550063843
 20
-107.4897476747905
 30
0.0
 10
1000.484696754972
 20
-107.3786176732728
 30
0.0
 10
1000.642843446099
 20
-107.2461165677854
 30
0.0
 10
1000.800990137228
 20
-107.113615462298
 30
0.0
 10
1000.950587865013
 20
-106.9640177345126
 30
0.0
 10
1001.053168903187
 20
-106.8144200067273
 30
0.0
 10
1001.160024423035
 20
-106.6648222789419
 30
0.0
 10
1001.202766630973
 20
-106.540870136798
 30
0.0
 10
1001.202766630973
 20
-106.4468367575774
 30
0.0
 10
1001.202766630973
 20
-106.3528033783568
 30
0.0
 10
1001.160024423035
 20
-106.2331257178847
 30
0.0
 10
1001.053168903187
 20
-106.0792535084275
 30
0.0
 10
1000.946313383341
 20
-105.9296557806422
 30
0.0
 10
1000.800990137228
 20
-105.7843325345286
 30
0.0
 10
1000.642843446099
 20
-105.6475569473694
 30
0.0
 10
1000.484696754972
 20
-105.515055841882
 30
0.0
 10
1000.326551368231
 20
-105.4039258403643
 30
0.0
 10
1000.20687240337
 20
-105.3227159061581
 30
0.0
 10
1000.147033573133
 20
-105.2842481798913
 30
0.0
 10
1000.095742401852
 20
-105.2543281125789
 30
0.0
 10
1000.061549157256
 20
-105.2329570086092
 30
0.0
 10
1000.044452534959
 20
-105.2244080452666
 30
0.0
 10
1000.031629089944
 20
-105.2158603863122
 30
0.0
 10
1000.023081430988
 20
-105.2115859046404
 30
0.0
 10
1000.023081430988
 20
-105.2115859046404
 30
0.0
 10
1000.014532467645
 20
-105.2073114229686
 30
0.0
 10
1000.014532467645
 20
-105.2073114229686
 30
0.0
 10
1000.014532467645
 20
-105.2073114229686
 30
0.0
 10
1000.014532467645
 20
-105.2073114229686
 30
0.0
 10
1000.014532467645
 20
-105.2073114229686
 30
0.0
 10
1000.014532467645
 20
-105.2073114229686
 30
0.0
 10
1000.014532467645
 20
-105.2073114229686
 30
0.0
 10
1000.014532467645
 20
-105.2073114229686
 30
0.0
 10
1000.014532467645
 20
-105.2073114229686
 30
0.0
 10
1000.014532467645
 20
-105.2073114229686
 30
0.0
 10
1000.014532467645
 20
-105.2073114229686
 30
0.0
 10
999.8777568804868
 20
-105.1303759704342
 30
0.0
 10
999.8136435685784
 20
-104.9722292793062
 30
0.0
 10
999.8521125992345
 20
-104.8226315515208
 30
0.0
 10
999.8905816298902
 20
-104.6730338237354
 30
0.0
 10
1000.02735591266
 20
-104.5661783038895
 30
0.0
 10
1000.181228122117
 20
-104.5661783038895
 30
0.0
 10
1000.924942279373
 20
-104.5661783038895
 30
0.0
 10
1001.664383259344
 20
-104.7756148619105
 30
0.0
 10
1002.228579621499
 20
-105.0919069397792
 30
0.0
 10
1002.510678454773
 20
-105.2500536309072
 30
0.0
 10
1002.762857220733
 20
-105.4423935666311
 30
0.0
 10
1002.94237501583
 20
-105.6646522652783
 30
0.0
 10
1003.126165988212
 20
-105.8826377866437
 30
0.0
 10
1003.254392612026
 20
-106.1519131749011
 30
0.0
 10
1003.254392612026
 20
-106.4468341488001
 30
0.0
 10
1003.254392612026
 20
-106.4468341488001
 30
0.0
 10
1003.258667093698
 20
-106.4468406707438
 30
0.0
 10
1003.258667093698
 20
-106.4468406707438
 30
0.0
  0
SPLINE
  5
9C
330
70
100
AcDbEntity
  8
Layer 1
 62
     7
370
     9
100
AcDbSpline
210
0.0
220
0.0
230
1.0
 70
     9
 71
     3
 72
    23
 73
    19
 74
     0
 42
0.0000000001
 43
0.0000000001
 40
0.0
 40
0.0
 40
0.0
 40
0.0
 40
1.0
 40
1.0
 40
1.0
 40
2.0
 40
2.0
 40
2.0
 40
3.0
 40
3.0
 40
3.0
 40
4.0
 40
4.0
 40
4.0
 40
5.0
 40
5.0
 40
5.0
 40
6.0
 40
6.0
 40
6.0
 40
6.0
 10
1001.070265525486
 20
-102.9248829974787
 30
0.0
 10
1000.843732345165
 20
-103.2283529347203
 30
0.0
 10
1000.41631026578
 20
-103.2881917649568
 30
0.0
 10
1000.112840328537
 20
-103.0616579324429
 30
0.0
 10
999.8093703912969
 20
-102.8351240999299
 30
0.0
 10
999.7495315610603
 20
-102.4077020205435
 30
0.0
 10
999.9760647413792
 20
-102.104232735496
 30
0.0
 10
1001.275427601834
 20
-100.3731733139817
 30
0.0
 10
1003.874153322748
 20
-100.3731733139817
 30
0.0
 10
1005.173517487594
 20
-102.104232735496
 30
0.0
 10
1005.400050667913
 20
-102.4077026727376
 30
0.0
 10
1005.340211837676
 20
-102.835124752124
 30
0.0
 10
1005.036741900434
 20
-103.0616579324429
 30
0.0
 10
1004.733271963193
 20
-103.2881911127627
 30
0.0
 10
1004.305849883806
 20
-103.2283522825262
 30
0.0
 10
1004.079316703487
 20
-102.9248829974787
 30
0.0
 10
1003.32705358289
 20
-101.9204411109206
 30
0.0
 10
1001.822528646083
 20
-101.9204411109206
 30
0.0
 10
1001.070265525486
 20
-102.9248829974787
 30
0.0
  0
SPLINE
  5
9D
330
70
100
AcDbEntity
  8
Layer 1
 62
     7
370
     9
100
AcDbSpline
210
0.0
220
0.0
230
1.0
 70
     9
 71
     3
 72
    26
 73
    22
 74
     0
 42
0.0000000001
 43
0.0000000001
 40
0.0
 40
0.0
 40
0.0
 40
0.0
 40
1.0
 40
1.0
 40
1.0
 40
2.0
 40
2.0
 40
2.0
 40
3.0
 40
3.0
 40
3.0
 40
4.0
 40
4.0
 40
4.0
 40
5.0
 40
5.0
 40
5.0
 40
6.0
 40
6.0
 40
6.0
 40
7.0
 40
7.0
 40
7.0
 40
7.0
 10
994.2315129074993
 20
-102.9248829974787
 30
0.0
 10
994.0049790749853
 20
-103.2283529347203
 30
0.0
 10
993.5775569956
 20
-103.2881917649568
 30
0.0
 10
993.2740877105525
 20
-103.0616579324429
 30
0.0
 10
992.9706184255049
 20
-102.8351240999299
 30
0.0
 10
992.9107789430734
 20
-102.4077020205435
 30
0.0
 10
993.1373127755874
 20
-102.104232735496
 30
0.0
 10
994.4366756360443
 20
-100.3731733139817
 30
0.0
 10
997.0354026613467
 20
-100.3731733139817
 30
0.0
 10
998.334765521802
 20
-102.104232735496
 30
0.0
 10
998.5612987021209
 20
-102.4077026727376
 30
0.0
 10
998.5014598718844
 20
-102.835124752124
 30
0.0
 10
998.1979899346438
 20
-103.0616579324429
 30
0.0
 10
997.8945199974013
 20
-103.2881911127627
 30
0.0
 10
997.4670979180157
 20
-103.2283522825262
 30
0.0
 10
997.240564737695
 20
-102.9248829974787
 30
0.0
 10
996.4883016170983
 20
-101.9204411109206
 30
0.0
 10
994.9837760280978
 20
-101.9204411109206
 30
0.0
 10
994.2315135596944
 20
-102.9248829974787
 30
0.0
 10
994.2315135596944
 20
-102.9248829974787
 30
0.0
 10
994.2315129074993
 20
-102.9248829974787
 30
0.0
 10
994.2315129074993
 20
-102.9248829974787
 30
0.0
  0
SPLINE
  5
9E
330
70
100
AcDbEntity
  8
Layer 1
 62
     7
370
     9
100
AcDbSpline
210
0.0
220
0.0
230
1.0
 70
     9
 71
     3
 72
    38
 73
    34
 74
     0
 42
0.0000000001
 43
0.0000000001
 40
0.0
 40
0.0
 40
0.0
 40
0.0
 40
1.0
 40
1.0
 40
1.0
 40
2.0
 40
2.0
 40
2.0
 40
3.0
 40
3.0
 40
3.0
 40
4.0
 40
4.0
 40
4.0
 40
5.0
 40
5.0
 40
5.0
 40
6.0
 40
6.0
 40
6.0
 40
7.0
 40
7.0
 40
7.0
 40
8.0
 40
8.0
 40
8.0
 40
9.0
 40
9.0
 40
9.0
 40
10.0
 40
10.0
 40
10.0
 40
11.0
 40
11.0
 40
11.0
 40
11.0
 10
999.1554151315906
 20
-112.7726874456596
 30
0.0
 10
1001.677205399969
 20
-112.7726874456596
 30
0.0
 10
1003.95109138406
 20
-111.7212288694921
 30
0.0
 10
1005.571020804055
 20
-110.0371861375881
 30
0.0
 10
1005.571020804055
 20
-110.0371861375881
 30
0.0
 10
1008.203941073953
 20
-110.0371861375881
 30
0.0
 10
1008.203941073953
 20
-110.0371861375881
 30
0.0
 10
1006.233525027105
 20
-112.9265596551167
 30
0.0
 10
1002.91672943019
 20
-114.8243134267134
 30
0.0
 10
999.1554151315906
 20
-114.8243134267134
 30
0.0
 10
993.1116671899467
 20
-114.8243134267134
 30
0.0
 10
988.2134098993029
 20
-109.9260561360695
 30
0.0
 10
988.2134098993029
 20
-103.8823081944256
 30
0.0
 10
988.2134098993029
 20
-97.83856025278177
 30
0.0
 10
993.1116671899467
 20
-92.94030296213783
 30
0.0
 10
999.1554151315906
 20
-92.94030296213783
 30
0.0
 10
1004.002381250953
 20
-92.94030296213783
 30
0.0
 10
1008.118456658076
 20
-96.09467803844717
 30
0.0
 10
1009.554593801303
 20
-100.4629315593356
 30
0.0
 10
1009.554593801303
 20
-100.4629315593356
 30
0.0
 10
1009.41354503686
 20
-100.4629315593356
 30
0.0
 10
1009.41354503686
 20
-100.4629315593356
 30
0.0
 10
1008.733942887125
 20
-100.4629315593356
 30
0.0
 10
1008.101358731389
 20
-100.6595459767312
 30
0.0
 10
1007.567081132156
 20
-101.0014836402405
 30
0.0
 10
1006.374573791547
 20
-97.50517090042194
 30
0.0
 10
1003.057778194632
 20
-94.99192894319168
 30
0.0
 10
999.1554151315906
 20
-94.99192894319168
 30
0.0
 10
994.2443357003195
 20
-94.99192894319168
 30
0.0
 10
990.2650358803567
 20
-98.97122876315552
 30
0.0
 10
990.2650358803567
 20
-103.8823081944256
 30
0.0
 10
990.2650358803567
 20
-108.7933876256967
 30
0.0
 10
994.2443357003195
 20
-112.7726874456596
 30
0.0
 10
999.1554151315906
 20
-112.7726874456596
 30
0.0
  0
SPLINE
  5
9F
330
70
100
AcDbEntity
  8
Layer 1
 62
     7
370
     9
100
AcDbSpline
210
0.0
220
0.0
230
1.0
 70
     9
 71
     3
 72
    74
 73
    70
 74
     0
 42
0.0000000001
 43
0.0000000001
 40
0.0
 40
0.0
 40
0.0
 40
0.0
 40
1.0
 40
1.0
 40
1.0
 40
2.0
 40
2.0
 40
2.0
 40
3.0
 40
3.0
 40
3.0
 40
4.0
 40
4.0
 40
4.0
 40
5.0
 40
5.0
 40
5.0
 40
6.0
 40
6.0
 40
6.0
 40
7.0
 40
7.0
 40
7.0
 40
8.0
 40
8.0
 40
8.0
 40
9.0
 40
9.0
 40
9.0
 40
10.0
 40
10.0
 40
10.0
 40
11.0
 40
11.0
 40
11.0
 40
12.0
 40
12.0
 40
12.0
 40
13.0
 40
13.0
 40
13.0
 40
14.0
 40
14.0
 40
14.0
 40
15.0
 40
15.0
 40
15.0
 40
16.0
 40
16.0
 40
16.0
 40
17.0
 40
17.0
 40
17.0
 40
18.0
 40
18.0
 40
18.0
 40
19.0
 40
19.0
 40
19.0
 40
20.0
 40
20.0
 40
20.0
 40
21.0
 40
21.0
 40
21.0
 40
22.0
 40
22.0
 40
22.0
 40
23.0
 40
23.0
 40
23.0
 40
23.0
 10
1003.942991312761
 20
-141.4849666589088
 30
0.0
 10
1004.635415603122
 20
-141.4849666589088
 30
0.0
 10
1005.306467485124
 20
-141.4165788653297
 30
0.0
 10
1005.956149567549
 20
-141.2926267231849
 30
0.0
 10
1006.152763984943
 20
-141.3909332796881
 30
0.0
 10
1006.357926061293
 20
-141.4892411405805
 30
0.0
 10
1006.563089442032
 20
-141.5832732154121
 30
0.0
 10
1008.110356586777
 20
-142.2842464691168
 30
0.0
 10
1009.969642632107
 20
-142.852717312945
 30
0.0
 10
1011.807557573467
 20
-142.852717312945
 30
0.0
 10
1012.217881726168
 20
-142.852717312945
 30
0.0
 10
1012.585466279707
 20
-142.609086205939
 30
0.0
 10
1012.747886148118
 20
-142.2329552978347
 30
0.0
 10
1012.910306016528
 20
-141.8568243897304
 30
0.0
 10
1012.833370563995
 20
-141.4208533470014
 30
0.0
 10
1012.551273035111
 20
-141.1259323731024
 30
0.0
 10
1011.944333160626
 20
-140.4591536683819
 30
0.0
 10
1011.431426665363
 20
-139.6855194438153
 30
0.0
 10
1010.986909268067
 20
-138.8990630786217
 30
0.0
 10
1010.948440237411
 20
-138.8264008033708
 30
0.0
 10
1010.905698029474
 20
-138.7537398325081
 30
0.0
 10
1010.867231607596
 20
-138.6810775572572
 30
0.0
 10
1012.098204065695
 20
-137.3859891784728
 30
0.0
 10
1012.833370563995
 20
-135.7489618317901
 30
0.0
 10
1012.833370563995
 20
-133.962338061711
 30
0.0
 10
1012.833370563995
 20
-129.9274738931825
 30
0.0
 10
1009.076329442679
 20
-126.6320494002363
 30
0.0
 10
1004.361864428804
 20
-126.4482577756618
 30
0.0
 10
1004.53710774223
 20
-127.0979392058903
 30
0.0
 10
1004.626866639779
 20
-127.781814532908
 30
0.0
 10
1004.626866639779
 20
-128.4913354455671
 30
0.0
 10
1004.626866639779
 20
-128.4913354455671
 30
0.0
 10
1004.626866639779
 20
-128.5169810312077
 30
0.0
 10
1004.626866639779
 20
-128.5169810312077
 30
0.0
 10
1008.353987693783
 20
-128.8033536939572
 30
0.0
 10
1010.781744582941
 20
-131.4020800670646
 30
0.0
 10
1010.781744582941
 20
-133.962338061711
 30
0.0
 10
1010.781744582941
 20
-135.1591198839921
 30
0.0
 10
1010.294482368929
 20
-136.3088850166638
 30
0.0
 10
1009.384073861593
 20
-137.2620370363281
 30
0.0
 10
1008.772860809824
 20
-137.9031701554081
 30
0.0
 10
1008.64463418601
 20
-138.8691443156985
 30
0.0
 10
1009.063507302052
 20
-139.6470517175476
 30
0.0
 10
1009.110522687275
 20
-139.7325361334248
 30
0.0
 10
1009.157540681272
 20
-139.8180205493028
 30
0.0
 10
1009.200282889212
 20
-139.8992304835081
 30
0.0
 10
1009.307138409058
 20
-140.091570419232
 30
0.0
 10
1009.422542892247
 20
-140.2839103549559
 30
0.0
 10
1009.537947375438
 20
-140.4805247723516
 30
0.0
 10
1008.81132984048
 20
-140.2881848366277
 30
0.0
 10
1008.088985482808
 20
-140.0231826256519
 30
0.0
 10
1007.405110155789
 20
-139.7111650294559
 30
0.0
 10
1007.221319183408
 20
-139.6299550952506
 30
0.0
 10
1007.04180138831
 20
-139.5444706793726
 30
0.0
 10
1006.866558074884
 20
-139.4547117818237
 30
0.0
 10
1006.460507099468
 20
-139.2495497054736
 30
0.0
 10
1005.998891775486
 20
-139.1897095708489
 30
0.0
 10
1005.554371769414
 20
-139.275193986726
 30
0.0
 10
1005.037190792479
 20
-139.3777750249011
 30
0.0
 10
1004.498638711574
 20
-139.4290661961832
 30
0.0
 10
1003.938716831089
 20
-139.4290661961832
 30
0.0
 10
1001.30152207952
 20
-139.4290661961832
 30
0.0
 10
999.2370739578397
 20
-138.2963976858094
 30
0.0
 10
998.0915820024517
 20
-136.7662271633625
 30
0.0
 10
997.4077066754349
 20
-136.9970348253533
 30
0.0
 10
996.6896381038205
 20
-137.1680036571074
 30
0.0
 10
995.9544716055207
 20
-137.2705846952825
 30
0.0
 10
997.4034334981514
 20
-139.7667293780207
 30
0.0
 10
1000.438130261793
 20
-141.4849666589088
 30
0.0
 10
1003.942991312761
 20
-141.4849666589088
 30
0.0
  0
SPLINE
  5
A0
330
70
100
AcDbEntity
  8
Layer 1
 62
     7
370
     9
100
AcDbSpline
210
0.0
220
0.0
230
1.0
 70
     9
 71
     3
 72
    38
 73
    34
 74
     0
 42
0.0000000001
 43
0.0000000001
 40
0.0
 40
0.0
 40
0.0
 40
0.0
 40
1.0
 40
1.0
 40
1.0
 40
2.0
 40
2.0
 40
2.0
 40
3.0
 40
3.0
 40
3.0
 40
4.0
 40
4.0
 40
4.0
 40
5.0
 40
5.0
 40
5.0
 40
6.0
 40
6.0
 40
6.0
 40
7.0
 40
7.0
 40
7.0
 40
8.0
 40
8.0
 40
8.0
 40
9.0
 40
9.0
 40
9.0
 40
10.0
 40
10.0
 40
10.0
 40
11.0
 40
11.0
 40
11.0
 40
11.0
 10
985.4783574832742
 20
-128.4913354455671
 30
0.0
 10
985.4783574832742
 20
-130.2779598678402
 30
0.0
 10
986.2135234924277
 20
-131.914986562328
 30
0.0
 10
987.4402248928769
 20
-133.2058004594415
 30
0.0
 10
987.4017568405134
 20
-133.2784627346925
 30
0.0
 10
987.3590146325739
 20
-133.3553981872269
 30
0.0
 10
987.3205467432594
 20
-133.4237859808061
 30
0.0
 10
986.8803020341005
 20
-134.2102423459997
 30
0.0
 10
986.3673955388362
 20
-134.9838765705662
 30
0.0
 10
985.7561819979249
 20
-135.6506552752868
 30
0.0
 10
985.4740834296052
 20
-135.9498507308566
 30
0.0
 10
985.4014216638814
 20
-136.3858217735865
 30
0.0
 10
985.5595678454823
 20
-136.757678200019
 30
0.0
 10
985.7262622974719
 20
-137.1380835897951
 30
0.0
 10
986.0938452612868
 20
-137.3817146968011
 30
0.0
 10
986.5041704738011
 20
-137.3817146968011
 30
0.0
 10
988.3420854151633
 20
-137.3817146968011
 30
0.0
 10
990.2013714604922
 20
-136.8132438529729
 30
0.0
 10
991.7486392574319
 20
-136.1122705992682
 30
0.0
 10
991.9538019859771
 20
-136.0182372200475
 30
0.0
 10
992.1589647145205
 20
-135.9199306635443
 30
0.0
 10
992.3555784797221
 20
-135.8216241070409
 30
0.0
 10
993.000986080473
 20
-135.9498507308566
 30
0.0
 10
993.676312444148
 20
-136.0139640427649
 30
0.0
 10
994.3687367345082
 20
-136.0139640427649
 30
0.0
 10
999.2798161657793
 20
-136.0139640427649
 30
0.0
 10
1003.259115985742
 20
-132.6458785789569
 30
0.0
 10
1003.259115985742
 20
-128.4913354455671
 30
0.0
 10
1003.259115985742
 20
-124.3367923121773
 30
0.0
 10
999.2798161657793
 20
-120.9687068483684
 30
0.0
 10
994.3687367345082
 20
-120.9687068483684
 30
0.0
 10
989.457657303239
 20
-120.9687068483684
 30
0.0
 10
985.4783574832742
 20
-124.3367929643714
 30
0.0
 10
985.4783574832742
 20
-128.4913354455671
 30
0.0
  0
SPLINE
  5
A1
330
70
100
AcDbEntity
  8
Layer 1
 62
     7
370
     9
100
AcDbSpline
210
0.0
220
0.0
230
1.0
 70
     9
 71
     3
 72
    41
 73
    37
 74
     0
 42
0.0000000001
 43
0.0000000001
 40
0.0
 40
0.0
 40
0.0
 40
0.0
 40
1.0
 40
1.0
 40
1.0
 40
2.0
 40
2.0
 40
2.0
 40
3.0
 40
3.0
 40
3.0
 40
4.0
 40
4.0
 40
4.0
 40
5.0
 40
5.0
 40
5.0
 40
6.0
 40
6.0
 40
6.0
 40
7.0
 40
7.0
 40
7.0
 40
8.0
 40
8.0
 40
8.0
 40
9.0
 40
9.0
 40
9.0
 40
10.0
 40
10.0
 40
10.0
 40
11.0
 40
11.0
 40
11.0
 40
12.0
 40
12.0
 40
12.0
 40
12.0
 10
989.2482200930221
 20
-134.1803235830755
 30
0.0
 10
989.667093861261
 20
-133.3981416995537
 30
0.0
 10
989.5388672374444
 20
-132.436442020935
 30
0.0
 10
988.9276535334825
 20
-131.7953082496609
 30
0.0
 10
988.0172447000475
 20
-130.8378824005199
 30
0.0
 10
987.529983464328
 20
-129.6881172678482
 30
0.0
 10
987.529983464328
 20
-128.4913354455671
 30
0.0
 10
987.529983464328
 20
-125.7772052414644
 30
0.0
 10
990.2569364612521
 20
-123.0203328294232
 30
0.0
 10
994.3687367345082
 20
-123.0203328294232
 30
0.0
 10
998.4805376599595
 20
-123.0203328294232
 30
0.0
 10
1001.207490004688
 20
-125.7772052414644
 30
0.0
 10
1001.207490004688
 20
-128.4913354455671
 30
0.0
 10
1001.207490004688
 20
-131.2054656496698
 30
0.0
 10
998.4805376599595
 20
-133.962338061711
 30
0.0
 10
994.3687367345082
 20
-133.962338061711
 30
0.0
 10
993.8088135496345
 20
-133.962338061711
 30
0.0
 10
993.2659876392527
 20
-133.9067737131463
 30
0.0
 10
992.7530811439902
 20
-133.8084658522539
 30
0.0
 10
992.3085624423059
 20
-133.7229814363768
 30
0.0
 10
991.8469464661294
 20
-133.7828202666133
 30
0.0
 10
991.4408954907129
 20
-133.9879836473516
 30
0.0
 10
991.265652177287
 20
-134.0777425449005
 30
0.0
 10
991.0861350343841
 20
-134.1632269607776
 30
0.0
 10
990.9023437359055
 20
-134.2444368949838
 30
0.0
 10
990.2184684088886
 20
-134.5521813138971
 30
0.0
 10
989.4961250295049
 20
-134.8214567021546
 30
0.0
 10
988.7695074945487
 20
-135.0137966378785
 30
0.0
 10
988.8891858072168
 20
-134.8171822204828
 30
0.0
 10
989.0003154826368
 20
-134.6248422847598
 30
0.0
 10
989.1071710024828
 20
-134.4325023490359
 30
0.0
 10
989.1541873659965
 20
-134.3512924148297
 30
0.0
 10
989.2012037295101
 20
-134.2658079989526
 30
0.0
 10
989.2439459374479
 20
-134.1803235830755
 30
0.0
 10
989.2439459374479
 20
-134.1803235830755
 30
0.0
 10
989.2482200930221
 20
-134.1803235830755
 30
0.0
 10
989.2482200930221
 20
-134.1803235830755
 30
0.0
  0
INSERT
  5
A3
330
70
100
AcDbEntity
  8
Layer 1
100
AcDbBlockReference
  2
Block_0
 10
0.0
 20
0.0
 30
0.0
  0
INSERT
  5
AF
330
70
100
AcDbEntity
  8
Layer 1
100
AcDbBlockReference
  2
Block_1
 10
0.0
 20
0.0
 30
0.0
  0
INSERT
  5
BC
330
70
100
AcDbEntity
  8
Layer 1
100
AcDbBlockReference
  2
Block_2
 10
0.0
 20
0.0
 30
0.0
  0
INSERT
  5
C8
330
70
100
AcDbEntity
  8
Layer 1
100
AcDbBlockReference
  2
Block_3
 10
0.0
 20
0.0
 30
0.0
  0
INSERT
  5
D9
330
70
100
AcDbEntity
  8
Layer 1
100
AcDbBlockReference
  2
Block_4
 10
0.0
 20
0.0
 30
0.0
  0
INSERT
  5
E5
330
70
100
AcDbEntity
  8
Layer 1
100
AcDbBlockReference
  2
Block_5
 10
0.0
 20
0.0
 30
0.0
  0
INSERT
  5
F2
330
70
100
AcDbEntity
  8
Layer 1
100
AcDbBlockReference
  2
Block_6
 10
0.0
 20
0.0
 30
0.0
  0
INSERT
  5
F9
330
70
100
AcDbEntity
  8
Layer 1
100
AcDbBlockReference
  2
Block_7
 10
0.0
 20
0.0
 30
0.0
  0
INSERT
  5
108
330
70
100
AcDbEntity
  8
Layer 1
100
AcDbBlockReference
  2
Block_8
 10
0.0
 20
0.0
 30
0.0
  0
INSERT
  5
11A
330
70
100
AcDbEntity
  8
Layer 1
100
AcDbBlockReference
  2
Block_9
 10
0.0
 20
0.0
 30
0.0
  0
ENDSEC
  0
SECTION
  2
OBJECTS
  0
DICTIONARY
  5
C
330
0
100
AcDbDictionary
281
     1
  3
ACAD_COLOR
350
63
  3
ACAD_DETAILVIEWSTYLE
350
6A
  3
ACAD_GROUP
350
D
  3
ACAD_LAYOUT
350
62
  3
ACAD_MATERIAL
350
10
  3
ACAD_MLEADERSTYLE
350
66
  3
ACAD_MLINESTYLE
350
5F
  3
ACAD_PLOTSETTINGS
350
61
  3
ACAD_PLOTSTYLENAME
350
E
  3
ACAD_SCALELIST
350
42
  3
ACAD_SECTIONVIEWSTYLE
350
68
  3
ACAD_TABLESTYLE
350
64
  3
ACAD_VISUALSTYLE
350
29
  3
ACDB_RECOMPOSE_DATA
350
12F
  3
AcDbVariableDictionary
350
11E
  0
DICTIONARY
  5
63
102
{ACAD_REACTORS
330
C
102
}
330
C
100
AcDbDictionary
281
     1
  0
DICTIONARY
  5
6A
102
{ACAD_REACTORS
330
C
102
}
330
C
100
AcDbDictionary
281
     1
  3
Imperial24
350
6B
  0
DICTIONARY
  5
D
102
{ACAD_REACTORS
330
C
102
}
330
C
100
AcDbDictionary
281
     1
  0
DICTIONARY
  5
62
102
{ACAD_REACTORS
330
C
102
}
330
C
100
AcDbDictionary
281
     1
  3
Layout1
350
6F
  3
Layout2
350
77
  3
Model
350
73
  0
DICTIONARY
  5
10
102
{ACAD_REACTORS
330
C
102
}
330
C
100
AcDbDictionary
281
     1
  3
ByBlock
350
19
  3
ByLayer
350
11
  3
Global
350
21
  0
DICTIONARY
  5
66
102
{ACAD_REACTORS
330
C
102
}
330
C
100
AcDbDictionary
281
     1
  3
Standard
350
67
  0
DICTIONARY
  5
5F
102
{ACAD_REACTORS
330
C
102
}
330
C
100
AcDbDictionary
281
     1
  3
Standard
350
60
  0
DICTIONARY
  5
61
102
{ACAD_REACTORS
330
C
102
}
330
C
100
AcDbDictionary
281
     1
  0
ACDBDICTIONARYWDFLT
  5
E
102
{ACAD_REACTORS
330
C
102
}
330
C
100
AcDbDictionary
281
     1
  3
Normal
350
F
100
AcDbDictionaryWithDefault
340
F
  0
DICTIONARY
  5
42
102
{ACAD_REACTORS
330
C
102
}
330
C
100
AcDbDictionary
281
     1
  3
A0
350
43
  3
A1
350
44
  3
A2
350
45
  3
A3
350
46
  3
A4
350
47
  3
A5
350
48
  3
A6
350
49
  3
A7
350
4A
  3
A8
350
4B
  3
A9
350
4C
  3
B0
350
4D
  3
B1
350
4E
  3
B2
350
4F
  3
B3
350
50
  3
B4
350
51
  3
B5
350
52
  3
B6
350
53
  0
DICTIONARY
  5
68
102
{ACAD_REACTORS
330
C
102
}
330
C
100
AcDbDictionary
281
     1
  3
Imperial24
350
69
  0
DICTIONARY
  5
64
102
{ACAD_REACTORS
330
C
102
}
330
C
100
AcDbDictionary
281
     1
  3
Standard
350
65
  0
DICTIONARY
  5
29
102
{ACAD_REACTORS
330
C
102
}
330
C
100
AcDbDictionary
281
     1
  3
2dWireframe
350
2F
  3
Basic
350
2E
  3
Brighten
350
35
  3
ColorChange
350
39
  3
Conceptual
350
32
  3
Dim
350
34
  3
EdgeColorOff
350
41
  3
Facepattern
350
38
  3
Flat
350
2A
  3
FlatWithEdges
350
2B
  3
Gouraud
350
2C
  3
GouraudWithEdges
350
2D
  3
Hidden
350
31
  3
JitterOff
350
3F
  3
Linepattern
350
37
  3
OverhangOff
350
40
  3
Realistic
350
33
  3
Shaded
350
3E
  3
Shaded with edges
350
3D
  3
Shades of Gray
350
3A
  3
Sketchy
350
3B
  3
Thicken
350
36
  3
Wireframe
350
30
  3
X-Ray
350
3C
  0
XRECORD
  5
12F
102
{ACAD_REACTORS
330
C
102
}
330
C
100
AcDbXrecord
280
     1
 90
        1
330
65
  0
DICTIONARY
  5
11E
102
{ACAD_REACTORS
330
C
102
}
330
C
100
AcDbDictionary
281
     1
  3
CANNOSCALE
350
124
  3
CMLEADERSTYLE
350
120
  3
CTABLESTYLE
350
11F
  3
CVIEWDETAILSTYLE
350
121
  3
CVIEWSECTIONSTYLE
350
122
  3
DIMASSOC
350
12B
  3
HIDETEXT
350
12A
  3
INDEXCTL
350
129
  3
LAYEREVAL
350
126
  3
LAYERNOTIFY
350
127
  3
LIGHTINGUNITS
350
125
  3
MSLTSCALE
350
123
  3
SORTENTS
350
128
  3
XCLIPFRAME
350
12C
  0
ACDBDETAILVIEWSTYLE
  5
6B
102
{ACAD_XDICTIONARY
360
169
102
}
102
{ACAD_REACTORS
330
6A
102
}
330
6A
100
AcDbModelDocViewStyle
 70
     0
  3
Imperial24
290
     0
100
AcDbDetailViewStyle
 70
     0
 71
     0
 90
        3
 71
     1
340
55
 40
0.24
340
0
 40
0.24
300

 40
0.36
280
     3
 71
     2
340
5D
 90
       25
 71
     3
340
55
 40
0.24
 90
        1
 40
0.75
 90
        1
300
%<\AcVar ViewType \f "%tc1">% %<\AcVar ViewDetailId>%\PSCALE %<\AcVar ViewScale \f "%sn">%
 71
     4
340
5D
 90
       25
340
5D
 90
       25
280
     0
  0
LAYOUT
  5
6F
102
{ACAD_XDICTIONARY
360
16B
102
}
102
{ACAD_REACTORS
330
62
102
}
330
62
100
AcDbPlotSettings
  1

  2

  4

  6

 40
0.0
 41
0.0
 42
0.0
 43
0.0
 44
0.0
 45
0.0
 46
0.0
 47
0.0
 48
0.0
 49
0.0
140
0.0
141
0.0
142
1.0
143
1.0
 70
   688
 72
     0
 73
     0
 74
     5
  7

 75
    16
147
1.0
148
0.0
149
0.0
100
AcDbLayout
  1
Layout1
 70
     1
 71
     1
 10
0.0
 20
0.0
 11
12.0
 21
9.0
 12
0.0
 22
0.0
 32
0.0
 14
0.0
 24
0.0
 34
0.0
 15
0.0
 25
0.0
 35
0.0
146
0.0
 13
0.0
 23
0.0
 33
0.0
 16
1.0
 26
0.0
 36
0.0
 17
0.0
 27
1.0
 37
0.0
 76
     0
330
6C
  0
LAYOUT
  5
77
102
{ACAD_XDICTIONARY
360
16F
102
}
102
{ACAD_REACTORS
330
62
102
}
330
62
100
AcDbPlotSettings
  1

  2

  4

  6

 40
0.0
 41
0.0
 42
0.0
 43
0.0
 44
0.0
 45
0.0
 46
0.0
 47
0.0
 48
0.0
 49
0.0
140
0.0
141
0.0
142
1.0
143
1.0
 70
   688
 72
     0
 73
     0
 74
     5
  7

 75
    16
147
1.0
148
0.0
149
0.0
100
AcDbLayout
  1
Layout2
 70
     1
 71
     2
 10
0.0
 20
0.0
 11
12.0
 21
9.0
 12
0.0
 22
0.0
 32
0.0
 14
0.0
 24
0.0
 34
0.0
 15
0.0
 25
0.0
 35
0.0
146
0.0
 13
0.0
 23
0.0
 33
0.0
 16
1.0
 26
0.0
 36
0.0
 17
0.0
 27
1.0
 37
0.0
 76
     0
330
74
  0
LAYOUT
  5
73
102
{ACAD_XDICTIONARY
360
16D
102
}
102
{ACAD_REACTORS
330
62
102
}
330
62
100
AcDbPlotSettings
  1

  2

  4

  6

 40
0.0
 41
0.0
 42
0.0
 43
0.0
 44
0.0
 45
0.0
 46
0.0
 47
0.0
 48
0.0
 49
0.0
140
0.0
141
0.0
142
1.0
143
1.0
 70
  1712
 72
     0
 73
     0
 74
     0
  7

 75
     0
147
1.0
148
0.0
149
0.0
100
AcDbLayout
  1
Model
 70
     1
 71
     0
 10
0.0
 20
0.0
 11
12.0
 21
9.0
 12
0.0
 22
0.0
 32
0.0
 14
0.0
 24
0.0
 34
0.0
 15
0.0
 25
0.0
 35
0.0
146
0.0
 13
0.0
 23
0.0
 33
0.0
 16
1.0
 26
0.0
 36
0.0
 17
0.0
 27
1.0
 37
0.0
 76
     0
330
70
  0
MATERIAL
  5
19
102
{ACAD_XDICTIONARY
360
1A
102
}
102
{ACAD_REACTORS
330
10
102
}
330
10
100
AcDbMaterial
  1
ByBlock
 72
     0
 43
0.0208333333333333
 43
0.0
 43
0.0
 43
0.0
 43
0.0
 43
0.0208333333333333
 43
0.0
 43
0.0
 43
0.0
 43
0.0
 43
1.0
 43
0.0
 43
0.0
 43
0.0
 43
0.0
 43
1.0
 77
     0
 47
0.0208333333333333
 47
0.0
 47
0.0
 47
0.0
 47
0.0
 47
0.0208333333333333
 47
0.0
 47
0.0
 47
0.0
 47
0.0
 47
1.0
 47
0.0
 47
0.0
 47
0.0
 47
0.0
 47
1.0
171
     0
 49
0.0208333333333333
 49
0.0
 49
0.0
 49
0.0
 49
0.0
 49
0.0208333333333333
 49
0.0
 49
0.0
 49
0.0
 49
0.0
 49
1.0
 49
0.0
 49
0.0
 49
0.0
 49
0.0
 49
1.0
175
     0
142
0.0208333333333333
142
0.0
142
0.0
142
0.0
142
0.0
142
0.0208333333333333
142
0.0
142
0.0
142
0.0
142
0.0
142
1.0
142
0.0
142
0.0
142
0.0
142
0.0
142
1.0
179
     0
144
0.0208333333333333
144
0.0
144
0.0
144
0.0
144
0.0
144
0.0208333333333333
144
0.0
144
0.0
144
0.0
144
0.0
144
1.0
144
0.0
144
0.0
144
0.0
144
0.0
144
1.0
147
0.0208333333333333
147
0.0
147
0.0
147
0.0
147
0.0
147
0.0208333333333333
147
0.0
147
0.0
147
0.0
147
0.0
147
1.0
147
0.0
147
0.0
147
0.0
147
0.0
147
1.0
  0
MATERIAL
  5
11
102
{ACAD_XDICTIONARY
360
12
102
}
102
{ACAD_REACTORS
330
10
102
}
330
10
100
AcDbMaterial
  1
ByLayer
 72
     0
 43
0.0208333333333333
 43
0.0
 43
0.0
 43
0.0
 43
0.0
 43
0.0208333333333333
 43
0.0
 43
0.0
 43
0.0
 43
0.0
 43
1.0
 43
0.0
 43
0.0
 43
0.0
 43
0.0
 43
1.0
 77
     0
 47
0.0208333333333333
 47
0.0
 47
0.0
 47
0.0
 47
0.0
 47
0.0208333333333333
 47
0.0
 47
0.0
 47
0.0
 47
0.0
 47
1.0
 47
0.0
 47
0.0
 47
0.0
 47
0.0
 47
1.0
171
     0
 49
0.0208333333333333
 49
0.0
 49
0.0
 49
0.0
 49
0.0
 49
0.0208333333333333
 49
0.0
 49
0.0
 49
0.0
 49
0.0
 49
1.0
 49
0.0
 49
0.0
 49
0.0
 49
0.0
 49
1.0
175
     0
142
0.0208333333333333
142
0.0
142
0.0
142
0.0
142
0.0
142
0.0208333333333333
142
0.0
142
0.0
142
0.0
142
0.0
142
1.0
142
0.0
142
0.0
142
0.0
142
0.0
142
1.0
179
     0
144
0.0208333333333333
144
0.0
144
0.0
144
0.0
144
0.0
144
0.0208333333333333
144
0.0
144
0.0
144
0.0
144
0.0
144
1.0
144
0.0
144
0.0
144
0.0
144
0.0
144
1.0
147
0.0208333333333333
147
0.0
147
0.0
147
0.0
147
0.0
147
0.0208333333333333
147
0.0
147
0.0
147
0.0
147
0.0
147
1.0
147
0.0
147
0.0
147
0.0
147
0.0
147
1.0
  0
MATERIAL
  5
21
102
{ACAD_XDICTIONARY
360
22
102
}
102
{ACAD_REACTORS
330
10
102
}
330
10
100
AcDbMaterial
  1
Global
 72
     0
 43
0.0208333333333333
 43
0.0
 43
0.0
 43
0.0
 43
0.0
 43
0.0208333333333333
 43
0.0
 43
0.0
 43
0.0
 43
0.0
 43
1.0
 43
0.0
 43
0.0
 43
0.0
 43
0.0
 43
1.0
 77
     0
 47
0.0208333333333333
 47
0.0
 47
0.0
 47
0.0
 47
0.0
 47
0.0208333333333333
 47
0.0
 47
0.0
 47
0.0
 47
0.0
 47
1.0
 47
0.0
 47
0.0
 47
0.0
 47
0.0
 47
1.0
171
     0
 49
0.0208333333333333
 49
0.0
 49
0.0
 49
0.0
 49
0.0
 49
0.0208333333333333
 49
0.0
 49
0.0
 49
0.0
 49
0.0
 49
1.0
 49
0.0
 49
0.0
 49
0.0
 49
0.0
 49
1.0
175
     0
142
0.0208333333333333
142
0.0
142
0.0
142
0.0
142
0.0
142
0.0208333333333333
142
0.0
142
0.0
142
0.0
142
0.0
142
1.0
142
0.0
142
0.0
142
0.0
142
0.0
142
1.0
179
     0
144
0.0208333333333333
144
0.0
144
0.0
144
0.0
144
0.0
144
0.0208333333333333
144
0.0
144
0.0
144
0.0
144
0.0
144
1.0
144
0.0
144
0.0
144
0.0
144
0.0
144
1.0
147
0.0208333333333333
147
0.0
147
0.0
147
0.0
147
0.0
147
0.0208333333333333
147
0.0
147
0.0
147
0.0
147
0.0
147
1.0
147
0.0
147
0.0
147
0.0
147
0.0
147
1.0
  0
MLEADERSTYLE
  5
67
102
{ACAD_XDICTIONARY
360
165
102
}
102
{ACAD_REACTORS
330
66
102
}
330
66
100
AcDbMLeaderStyle
170
     2
171
     1
172
     0
 90
        2
 40
0.0
 41
0.0
173
     1
 91
-1056964608
340
5B
 92
       -2
290
     1
 42
0.09
291
     1
 43
0.36
  3
Standard
 44
0.18
300

342
55
174
     1
178
     6
175
     1
176
     0
 93
-1056964608
 45
0.18
292
     0
297
     0
 46
0.18
 94
-1056964608
 47
1.0
 49
1.0
140
1.0
293
     1
141
0.0
294
     1
177
     0
142
1.0
295
     0
296
     0
143
0.125
1001
ACAD_MLEADERVER
1070
     2
  0
MLINESTYLE
  5
60
102
{ACAD_REACTORS
330
5F
102
}
330
5F
100
AcDbMlineStyle
  2
STANDARD
 70
     0
  3

 62
   256
 51
90.0
 52
90.0
 71
     2
 49
0.5
 62
   256
  6
BYLAYER
 49
-0.5
 62
   256
  6
BYLAYER
  0
ACDBPLACEHOLDER
  5
F
102
{ACAD_REACTORS
330
E
102
}
330
E
  0
SCALE
  5
43
102
{ACAD_REACTORS
330
42
102
}
330
42
100
AcDbScale
 70
     0
300
1:1
140
1.0
141
1.0
290
     1
  0
SCALE
  5
44
102
{ACAD_REACTORS
330
42
102
}
330
42
100
AcDbScale
 70
     0
300
1/128" = 1'-0"
140
0.0078125
141
12.0
290
     0
  0
SCALE
  5
45
102
{ACAD_REACTORS
330
42
102
}
330
42
100
AcDbScale
 70
     0
300
1/64" = 1'-0"
140
0.015625
141
12.0
290
     0
  0
SCALE
  5
46
102
{ACAD_REACTORS
330
42
102
}
330
42
100
AcDbScale
 70
     0
300
1/32" = 1'-0"
140
0.03125
141
12.0
290
     0
  0
SCALE
  5
47
102
{ACAD_REACTORS
330
42
102
}
330
42
100
AcDbScale
 70
     0
300
1/16" = 1'-0"
140
0.0625
141
12.0
290
     0
  0
SCALE
  5
48
102
{ACAD_REACTORS
330
42
102
}
330
42
100
AcDbScale
 70
     0
300
3/32" = 1'-0"
140
0.09375
141
12.0
290
     0
  0
SCALE
  5
49
102
{ACAD_REACTORS
330
42
102
}
330
42
100
AcDbScale
 70
     0
300
1/8" = 1'-0"
140
0.125
141
12.0
290
     0
  0
SCALE
  5
4A
102
{ACAD_REACTORS
330
42
102
}
330
42
100
AcDbScale
 70
     0
300
3/16" = 1'-0"
140
0.1875
141
12.0
290
     0
  0
SCALE
  5
4B
102
{ACAD_REACTORS
330
42
102
}
330
42
100
AcDbScale
 70
     0
300
1/4" = 1'-0"
140
0.25
141
12.0
290
     0
  0
SCALE
  5
4C
102
{ACAD_REACTORS
330
42
102
}
330
42
100
AcDbScale
 70
     0
300
3/8" = 1'-0"
140
0.375
141
12.0
290
     0
  0
SCALE
  5
4D
102
{ACAD_REACTORS
330
42
102
}
330
42
100
AcDbScale
 70
     0
300
1/2" = 1'-0"
140
0.5
141
12.0
290
     0
  0
SCALE
  5
4E
102
{ACAD_REACTORS
330
42
102
}
330
42
100
AcDbScale
 70
     0
300
3/4" = 1'-0"
140
0.75
141
12.0
290
     0
  0
SCALE
  5
4F
102
{ACAD_REACTORS
330
42
102
}
330
42
100
AcDbScale
 70
     0
300
1" = 1'-0"
140
1.0
141
12.0
290
     0
  0
SCALE
  5
50
102
{ACAD_REACTORS
330
42
102
}
330
42
100
AcDbScale
 70
     0
300
1-1/2" = 1'-0"
140
1.5
141
12.0
290
     0
  0
SCALE
  5
51
102
{ACAD_REACTORS
330
42
102
}
330
42
100
AcDbScale
 70
     0
300
3" = 1'-0"
140
3.0
141
12.0
290
     0
  0
SCALE
  5
52
102
{ACAD_REACTORS
330
42
102
}
330
42
100
AcDbScale
 70
     0
300
6" = 1'-0"
140
6.0
141
12.0
290
     0
  0
SCALE
  5
53
102
{ACAD_REACTORS
330
42
102
}
330
42
100
AcDbScale
 70
     0
300
1'-0" = 1'-0"
140
12.0
141
12.0
290
     0
  0
ACDBSECTIONVIEWSTYLE
  5
69
102
{ACAD_XDICTIONARY
360
167
102
}
102
{ACAD_REACTORS
330
68
102
}
330
68
100
AcDbModelDocViewStyle
 70
     0
  3
Imperial24
290
     0
100
AcDbSectionViewStyle
 70
     0
 71
     0
 90
       78
 71
     1
340
55
 40
0.24
340
0
340
0
 40
0.24
300
I, O, Q, S, X, Z
 40
0.48
 90
        3
 40
0.18
 90
        1
 71
     2
340
5D
 90
       25
340
5D
 90
       50
 40
0.24
 40
0.0
 40
0.24
 71
     3
340
55
 40
0.24
 90
        1
 40
0.75
 90
        1
300
%<\AcVar ViewType \f "%tc1">% %<\AcVar ViewSectionStartId>%-%<\AcVar ViewSectionEndId>%\PSCALE %<\AcVar ViewScale \f "%sn">%
 71
     4
300
ANSI31
 40
1.0
 90
        0
290
     0
290
     0
 90
        6
 40
0.0
 40
1.570796326794896
 40
0.2617993877991494
 40
1.308996938995747
 40
-0.2617993877991494
 40
1.832595714594046
  0
TABLESTYLE
  5
65
102
{ACAD_XDICTIONARY
360
12D
102
}
102
{ACAD_REACTORS
330
64
102
}
330
64
100
AcDbTableStyle
  3
Standard
 70
     0
 71
     0
 40
0.06
 41
0.06
280
     0
281
     0
  7
Standard
140
0.18
170
     2
 62
     0
 63
     7
283
     0
274
    -2
284
     1
 64
     0
275
    -2
285
     1
 65
     0
276
    -2
286
     1
 66
     0
277
    -2
287
     1
 67
     0
278
    -2
288
     1
 68
     0
279
    -2
289
     1
 69
     0
  7
Standard
140
0.25
170
     5
 62
     0
 63
     7
283
     0
274
    -2
284
     1
 64
     0
275
    -2
285
     1
 65
     0
276
    -2
286
     1
 66
     0
277
    -2
287
     1
 67
     0
278
    -2
288
     1
 68
     0
279
    -2
289
     1
 69
     0
  7
Standard
140
0.18
170
     5
 62
     0
 63
     7
283
     0
274
    -2
284
     1
 64
     0
275
    -2
285
     1
 65
     0
276
    -2
286
     1
 66
     0
277
    -2
287
     1
 67
     0
278
    -2
288
     1
 68
     0
279
    -2
289
     1
 69
     0
  0
VISUALSTYLE
  5
2F
102
{ACAD_XDICTIONARY
360
13D
102
}
102
{ACAD_REACTORS
330
29
102
}
330
29
100
AcDbVisualStyle
  2
2dWireframe
 70
     4
 71
     0
 72
     2
 73
     0
 90
        0
 40
-0.6
 41
-30.0
 62
     5
 63
     7
 74
     1
 91
        4
 64
     7
 65
   257
 75
     1
175
     1
 42
1.0
 92
        0
 66
   257
 43
1.0
 76
     1
 77
     6
 78
     2
 67
     7
 79
     5
170
     0
171
     0
290
     0
174
     0
 93
        1
 44
0.0
173
     0
291
     0
 45
0.0
1001
ACAD
1000
AcDbSavedByObjectVersion
1070
     0
  0
VISUALSTYLE
  5
2E
102
{ACAD_XDICTIONARY
360
13B
102
}
102
{ACAD_REACTORS
330
29
102
}
330
29
100
AcDbVisualStyle
  2
Basic
 70
     7
 71
     1
 72
     0
 73
     1
 90
        0
 40
-0.6
 41
-30.0
 62
     5
 63
     7
 74
     0
 91
        4
 64
     7
 65
   257
 75
     1
175
     1
 42
1.0
 92
        8
 66
     7
 43
1.0
 76
     1
 77
     6
 78
     2
 67
     7
 79
     5
170
     0
171
     0
290
     0
174
     0
 93
        1
 44
0.0
173
     0
291
     1
 45
0.0
1001
ACAD
1000
AcDbSavedByObjectVersion
1070
     0
  0
VISUALSTYLE
  5
35
102
{ACAD_XDICTIONARY
360
149
102
}
102
{ACAD_REACTORS
330
29
102
}
330
29
100
AcDbVisualStyle
  2
Brighten
 70
    12
 71
     2
 72
     2
 73
     0
 90
        0
 40
-0.6
 41
-30.0
 62
     5
 63
     7
 74
     1
 91
        4
 64
     7
 65
   257
 75
     1
175
     1
 42
1.0
 92
        8
 66
     7
 43
1.0
 76
     1
 77
     6
 78
     2
 67
     7
 79
     5
170
     0
171
     0
290
     0
174
     0
 93
        1
 44
50.0
173
     0
291
     1
 45
0.0
1001
ACAD
1000
AcDbSavedByObjectVersion
1070
     0
  0
VISUALSTYLE
  5
39
102
{ACAD_XDICTIONARY
360
151
102
}
102
{ACAD_REACTORS
330
29
102
}
330
29
100
AcDbVisualStyle
  2
ColorChange
 70
    16
 71
     2
 72
     2
 73
     3
 90
        0
 40
-0.6
 41
-30.0
 62
     5
 63
     8
 74
     1
 91
        4
 64
     7
 65
   257
 75
     1
175
     1
 42
1.0
 92
        8
 66
     8
 43
1.0
 76
     1
 77
     6
 78
     2
 67
     7
 79
     5
170
     0
171
     0
290
     0
174
     0
 93
        1
 44
0.0
173
     0
291
     1
 45
0.0
1001
ACAD
1000
AcDbSavedByObjectVersion
1070
     0
  0
VISUALSTYLE
  5
32
102
{ACAD_XDICTIONARY
360
143
102
}
102
{ACAD_REACTORS
330
29
102
}
330
29
100
AcDbVisualStyle
  2
Conceptual
 70
     9
 71
     3
 72
     2
 73
     0
 90
        0
 40
-0.6
 41
-30.0
 62
     5
 63
     7
 74
     2
 91
        2
 64
     7
 65
   257
 75
     1
175
     1
 42
179.0
 92
        8
 66
     7
 43
1.0
 76
     1
 77
     6
 78
     2
 67
     7
 79
     3
170
     0
171
     0
290
     0
174
     0
 93
        1
 44
0.0
173
     0
291
     0
 45
0.0
1001
ACAD
1000
AcDbSavedByObjectVersion
1070
     0
  0
VISUALSTYLE
  5
34
102
{ACAD_XDICTIONARY
360
147
102
}
102
{ACAD_REACTORS
330
29
102
}
330
29
100
AcDbVisualStyle
  2
Dim
 70
    11
 71
     2
 72
     2
 73
     0
 90
        0
 40
-0.6
 41
-30.0
 62
     5
 63
     7
 74
     1
 91
        4
 64
     7
 65
   257
 75
     1
175
     1
 42
1.0
 92
        8
 66
     7
 43
1.0
 76
     1
 77
     6
 78
     2
 67
     7
 79
     5
170
     0
171
     0
290
     0
174
     0
 93
        1
 44
-50.0
173
     0
291
     1
 45
0.0
1001
ACAD
1000
AcDbSavedByObjectVersion
1070
     0
  0
VISUALSTYLE
  5
41
102
{ACAD_XDICTIONARY
360
161
102
}
102
{ACAD_REACTORS
330
29
102
}
330
29
100
AcDbVisualStyle
  2
EdgeColorOff
 70
    22
 71
     2
 72
     2
 73
     0
 90
        0
 40
-0.6
 41
-30.0
 62
     5
 63
     7
 74
     1
 91
        4
 64
     7
 65
   257
 75
     1
175
     1
 42
1.0
 92
        8
 66
     7
 43
1.0
 76
     1
 77
     6
 78
     2
 67
     7
 79
     5
170
     0
171
     0
290
     0
174
     0
 93
        1
 44
0.0
173
     0
291
     1
 45
0.0
1001
ACAD
1000
AcDbSavedByObjectVersion
1070
     0
  0
VISUALSTYLE
  5
38
102
{ACAD_XDICTIONARY
360
14F
102
}
102
{ACAD_REACTORS
330
29
102
}
330
29
100
AcDbVisualStyle
  2
Facepattern
 70
    15
 71
     2
 72
     2
 73
     0
 90
        0
 40
-0.6
 41
-30.0
 62
     5
 63
     7
 74
     1
 91
        4
 64
     7
 65
   257
 75
     1
175
     1
 42
1.0
 92
        8
 66
     7
 43
1.0
 76
     1
 77
     6
 78
     2
 67
     7
 79
     5
170
     0
171
     0
290
     0
174
     0
 93
        1
 44
0.0
173
     0
291
     1
 45
0.0
1001
ACAD
1000
AcDbSavedByObjectVersion
1070
     0
  0
VISUALSTYLE
  5
2A
102
{ACAD_XDICTIONARY
360
133
102
}
102
{ACAD_REACTORS
330
29
102
}
330
29
100
AcDbVisualStyle
  2
Flat
 70
     0
 71
     2
 72
     1
 73
     1
 90
        2
 40
-0.6
 41
30.0
 62
     5
 63
     7
 74
     0
 91
        0
 64
     7
 65
   257
 75
     1
175
     1
 42
1.0
 92
        8
 66
     7
 43
1.0
 76
     1
 77
     6
 78
     2
 67
     7
 79
     5
170
     0
171
     0
290
     0
174
     0
 93
       13
 44
0.0
173
     0
291
     1
 45
0.0
1001
ACAD
1000
AcDbSavedByObjectVersion
1070
     0
  0
VISUALSTYLE
  5
2B
102
{ACAD_XDICTIONARY
360
135
102
}
102
{ACAD_REACTORS
330
29
102
}
330
29
100
AcDbVisualStyle
  2
FlatWithEdges
 70
     1
 71
     2
 72
     1
 73
     1
 90
        2
 40
-0.6
 41
30.0
 62
     5
 63
     7
 74
     1
 91
        0
 64
     7
 65
   257
 75
     1
175
     1
 42
1.0
 92
        0
 66
   257
 43
1.0
 76
     1
 77
     6
 78
     2
 67
     7
 79
     5
170
     0
171
     0
290
     0
174
     0
 93
       13
 44
0.0
173
     0
291
     1
 45
0.0
1001
ACAD
1000
AcDbSavedByObjectVersion
1070
     0
  0
VISUALSTYLE
  5
2C
102
{ACAD_XDICTIONARY
360
137
102
}
102
{ACAD_REACTORS
330
29
102
}
330
29
100
AcDbVisualStyle
  2
Gouraud
 70
     2
 71
     2
 72
     2
 73
     1
 90
        2
 40
-0.6
 41
30.0
 62
     5
 63
     7
 74
     0
 91
        0
 64
     7
 65
   257
 75
     1
175
     1
 42
1.0
 92
        0
 66
     7
 43
1.0
 76
     1
 77
     6
 78
     2
 67
     7
 79
     5
170
     0
171
     0
290
     0
174
     0
 93
       13
 44
0.0
173
     0
291
     1
 45
0.0
1001
ACAD
1000
AcDbSavedByObjectVersion
1070
     0
  0
VISUALSTYLE
  5
2D
102
{ACAD_XDICTIONARY
360
139
102
}
102
{ACAD_REACTORS
330
29
102
}
330
29
100
AcDbVisualStyle
  2
GouraudWithEdges
 70
     3
 71
     2
 72
     2
 73
     1
 90
        2
 40
-0.6
 41
30.0
 62
     5
 63
     7
 74
     1
 91
        0
 64
     7
 65
   257
 75
     1
175
     1
 42
1.0
 92
        0
 66
   257
 43
1.0
 76
     1
 77
     6
 78
     2
 67
     7
 79
     5
170
     0
171
     0
290
     0
174
     0
 93
       13
 44
0.0
173
     0
291
     1
 45
0.0
1001
ACAD
1000
AcDbSavedByObjectVersion
1070
     0
  0
VISUALSTYLE
  5
31
102
{ACAD_XDICTIONARY
360
141
102
}
102
{ACAD_REACTORS
330
29
102
}
330
29
100
AcDbVisualStyle
  2
Hidden
 70
     6
 71
     1
 72
     2
 73
     2
 90
        0
 40
-0.6
 41
-30.0
 62
     5
 63
     7
 74
     2
 91
        2
 64
     7
 65
   257
 75
     2
175
     1
 42
40.0
 92
        0
 66
   257
 43
1.0
 76
     1
 77
     6
 78
     2
 67
     7
 79
     3
170
     0
171
     0
290
     0
174
     0
 93
        1
 44
0.0
173
     0
291
     0
 45
0.0
1001
ACAD
1000
AcDbSavedByObjectVersion
1070
     0
  0
VISUALSTYLE
  5
3F
102
{ACAD_XDICTIONARY
360
15D
102
}
102
{ACAD_REACTORS
330
29
102
}
330
29
100
AcDbVisualStyle
  2
JitterOff
 70
    20
 71
     2
 72
     2
 73
     0
 90
        0
 40
-0.6
 41
-30.0
 62
     5
 63
     7
 74
     1
 91
        4
 64
     7
 65
   257
 75
     1
175
     1
 42
1.0
 92
       10
 66
     7
 43
1.0
 76
     1
 77
     6
 78
     2
 67
     7
 79
     5
170
     0
171
     0
290
     0
174
     0
 93
        1
 44
0.0
173
     0
291
     1
 45
0.0
1001
ACAD
1000
AcDbSavedByObjectVersion
1070
     0
  0
VISUALSTYLE
  5
37
102
{ACAD_XDICTIONARY
360
14D
102
}
102
{ACAD_REACTORS
330
29
102
}
330
29
100
AcDbVisualStyle
  2
Linepattern
 70
    14
 71
     2
 72
     2
 73
     0
 90
        0
 40
-0.6
 41
-30.0
 62
     5
 63
     7
 74
     1
 91
        4
 64
     7
 65
   257
 75
     7
175
     7
 42
1.0
 92
        8
 66
     7
 43
1.0
 76
     1
 77
     6
 78
     2
 67
     7
 79
     5
170
     0
171
     0
290
     0
174
     0
 93
        1
 44
0.0
173
     0
291
     1
 45
0.0
1001
ACAD
1000
AcDbSavedByObjectVersion
1070
     0
  0
VISUALSTYLE
  5
40
102
{ACAD_XDICTIONARY
360
15F
102
}
102
{ACAD_REACTORS
330
29
102
}
330
29
100
AcDbVisualStyle
  2
OverhangOff
 70
    21
 71
     2
 72
     2
 73
     0
 90
        0
 40
-0.6
 41
-30.0
 62
     5
 63
     7
 74
     1
 91
        4
 64
     7
 65
   257
 75
     1
175
     1
 42
1.0
 92
        9
 66
     7
 43
1.0
 76
     1
 77
     6
 78
     2
 67
     7
 79
     5
170
     0
171
     0
290
     0
174
     0
 93
        1
 44
0.0
173
     0
291
     1
 45
0.0
1001
ACAD
1000
AcDbSavedByObjectVersion
1070
     0
  0
VISUALSTYLE
  5
33
102
{ACAD_XDICTIONARY
360
145
102
}
102
{ACAD_REACTORS
330
29
102
}
330
29
100
AcDbVisualStyle
  2
Realistic
 70
     8
 71
     2
 72
     3
 73
     0
 90
        2
 40
-0.6
 41
30.0
 62
     5
 63
     7
 74
     0
 91
        0
 64
     7
 65
   257
 75
     1
175
     1
 42
1.0
 92
        8
 66
   257
 43
1.0
 76
     1
 77
     6
 78
     2
 67
     7
 79
     3
170
     0
171
     0
290
     0
174
     0
 93
       13
 44
0.0
173
     0
291
     0
 45
0.0
1001
ACAD
1000
AcDbSavedByObjectVersion
1070
     0
  0
VISUALSTYLE
  5
3E
102
{ACAD_XDICTIONARY
360
15B
102
}
102
{ACAD_REACTORS
330
29
102
}
330
29
100
AcDbVisualStyle
  2
Shaded
 70
    27
 71
     2
 72
     2
 73
     1
 90
        2
 40
-0.6
 41
30.0
 62
     5
 63
     7
 74
     0
 91
        4
 64
     7
 65
   257
 75
     1
175
     1
 42
1.0
 92
        8
 66
   257
 43
1.0
 76
     1
 77
     6
 78
     2
 67
     8
 79
     3
170
     0
171
     0
290
     0
174
     0
 93
        5
 44
0.0
173
     0
291
     0
 45
0.0
1001
ACAD
1000
AcDbSavedByObjectVersion
1070
     0
  0
VISUALSTYLE
  5
3D
102
{ACAD_XDICTIONARY
360
159
102
}
102
{ACAD_REACTORS
330
29
102
}
330
29
100
AcDbVisualStyle
  2
Shaded with edges
 70
    26
 71
     2
 72
     2
 73
     1
 90
        2
 40
-0.6
 41
30.0
 62
     5
 63
     7
 74
     1
 91
        2
 64
     7
 65
   257
 75
     2
175
     1
 42
1.0
 92
        8
 66
   257
 43
1.0
 76
     1
 77
     6
 78
     2
 67
     7
 79
     3
170
     0
171
     0
290
     0
174
     0
 93
        5
 44
0.0
173
     0
291
     0
 45
0.0
1001
ACAD
1000
AcDbSavedByObjectVersion
1070
     0
  0
VISUALSTYLE
  5
3A
102
{ACAD_XDICTIONARY
360
153
102
}
102
{ACAD_REACTORS
330
29
102
}
330
29
100
AcDbVisualStyle
  2
Shades of Gray
 70
    23
 71
     2
 72
     2
 73
     3
 90
        0
 40
-0.6
 41
-30.0
 62
     5
 63
     7
 74
     2
 91
        2
 64
     7
 65
     7
 75
     1
175
     1
 42
40.0
 92
        8
 66
     7
 43
1.0
 76
     1
 77
     6
 78
     2
 67
     7
 79
     3
170
     0
171
     0
290
     0
174
     0
 93
        1
 44
0.0
173
     0
291
     0
 45
0.0
1001
ACAD
1000
AcDbSavedByObjectVersion
1070
     0
  0
VISUALSTYLE
  5
3B
102
{ACAD_XDICTIONARY
360
155
102
}
102
{ACAD_REACTORS
330
29
102
}
330
29
100
AcDbVisualStyle
  2
Sketchy
 70
    24
 71
     1
 72
     2
 73
     2
 90
        0
 40
-0.6
 41
-30.0
 62
     5
 63
     7
 74
     2
 91
        2
 64
     7
 65
     7
 75
     1
175
     1
 42
40.0
 92
       11
 66
     7
 43
1.0
 76
     1
 77
     6
 78
     2
 67
     7
 79
     6
170
     0
171
     0
290
     0
174
     0
 93
        1
 44
0.0
173
     0
291
     0
 45
0.0
1001
ACAD
1000
AcDbSavedByObjectVersion
1070
     0
  0
VISUALSTYLE
  5
36
102
{ACAD_XDICTIONARY
360
14B
102
}
102
{ACAD_REACTORS
330
29
102
}
330
29
100
AcDbVisualStyle
  2
Thicken
 70
    13
 71
     2
 72
     2
 73
     0
 90
        0
 40
-0.6
 41
-30.0
 62
     5
 63
     7
 74
     1
 91
        4
 64
     7
 65
   257
 75
     1
175
     1
 42
1.0
 92
       12
 66
     7
 43
1.0
 76
     1
 77
     6
 78
     2
 67
     7
 79
     5
170
     0
171
     0
290
     0
174
     0
 93
        1
 44
0.0
173
     0
291
     1
 45
0.0
1001
ACAD
1000
AcDbSavedByObjectVersion
1070
     0
  0
VISUALSTYLE
  5
30
102
{ACAD_XDICTIONARY
360
13F
102
}
102
{ACAD_REACTORS
330
29
102
}
330
29
100
AcDbVisualStyle
  2
Wireframe
 70
     5
 71
     0
 72
     2
 73
     0
 90
        0
 40
-0.6
 41
-30.0
 62
     5
 63
     7
 74
     1
 91
        4
 64
     7
 65
   257
 75
     1
175
     1
 42
1.0
 92
        0
 66
   257
 43
1.0
 76
     1
 77
     6
 78
     2
 67
     7
 79
     3
170
     0
171
     0
290
     0
174
     0
 93
        1
 44
0.0
173
     0
291
     0
 45
0.0
1001
ACAD
1000
AcDbSavedByObjectVersion
1070
     0
  0
VISUALSTYLE
  5
3C
102
{ACAD_XDICTIONARY
360
157
102
}
102
{ACAD_REACTORS
330
29
102
}
330
29
100
AcDbVisualStyle
  2
X-Ray
 70
    25
 71
     2
 72
     2
 73
     1
 90
        1
 40
0.5
 41
-30.0
 62
     5
 63
     7
 74
     1
 91
        0
 64
     7
 65
   257
 75
     1
175
     1
 42
1.0
 92
        8
 66
     7
 43
1.0
 76
     1
 77
     6
 78
     2
 67
     7
 79
     3
170
     0
171
     0
290
     0
174
     0
 93
       13
 44
0.0
173
     0
291
     0
 45
0.0
1001
ACAD
1000
AcDbSavedByObjectVersion
1070
     0
  0
DICTIONARYVAR
  5
124
102
{ACAD_REACTORS
330
11E
102
}
330
11E
100
DictionaryVariables
280
     0
  1
1:1
  0
DICTIONARYVAR
  5
120
102
{ACAD_REACTORS
330
11E
102
}
330
11E
100
DictionaryVariables
280
     0
  1
STANDARD
  0
DICTIONARYVAR
  5
11F
102
{ACAD_REACTORS
330
11E
102
}
330
11E
100
DictionaryVariables
280
     0
  1
STANDARD
  0
DICTIONARYVAR
  5
121
102
{ACAD_REACTORS
330
11E
102
}
330
11E
100
DictionaryVariables
280
     0
  1
Imperial24
  0
DICTIONARYVAR
  5
122
102
{ACAD_REACTORS
330
11E
102
}
330
11E
100
DictionaryVariables
280
     0
  1
Imperial24
  0
DICTIONARYVAR
  5
12B
102
{ACAD_REACTORS
330
11E
102
}
330
11E
100
DictionaryVariables
280
     0
  1
2
  0
DICTIONARYVAR
  5
12A
102
{ACAD_REACTORS
330
11E
102
}
330
11E
100
DictionaryVariables
280
     0
  1
1
  0
DICTIONARYVAR
  5
129
102
{ACAD_REACTORS
330
11E
102
}
330
11E
100
DictionaryVariables
280
     0
  1
0
  0
DICTIONARYVAR
  5
126
102
{ACAD_REACTORS
330
11E
102
}
330
11E
100
DictionaryVariables
280
     0
  1
0
  0
DICTIONARYVAR
  5
127
102
{ACAD_REACTORS
330
11E
102
}
330
11E
100
DictionaryVariables
280
     0
  1
0
  0
DICTIONARYVAR
  5
125
102
{ACAD_REACTORS
330
11E
102
}
330
11E
100
DictionaryVariables
280
     0
  1
2
  0
DICTIONARYVAR
  5
123
102
{ACAD_REACTORS
330
11E
102
}
330
11E
100
DictionaryVariables
280
     0
  1
1
  0
DICTIONARYVAR
  5
128
102
{ACAD_REACTORS
330
11E
102
}
330
11E
100
DictionaryVariables
280
     0
  1
127
  0
DICTIONARYVAR
  5
12C
102
{ACAD_REACTORS
330
11E
102
}
330
11E
100
DictionaryVariables
280
     0
  1
2
  0
DICTIONARY
  5
169
330
6B
100
AcDbDictionary
280
     1
281
     1
  3
ACAD_XREC_ROUNDTRIP
360
16A
  0
DICTIONARY
  5
16B
330
6F
100
AcDbDictionary
280
     1
281
     1
  3
ACAD_XREC_ROUNDTRIP
360
16C
  0
DICTIONARY
  5
16F
330
77
100
AcDbDictionary
280
     1
281
     1
  3
ACAD_XREC_ROUNDTRIP
360
170
  0
DICTIONARY
  5
16D
330
73
100
AcDbDictionary
280
     1
281
     1
  3
ACAD_XREC_ROUNDTRIP
360
16E
  0
DICTIONARY
  5
1A
330
19
100
AcDbDictionary
280
     1
281
     1
  3
ACAD_XREC_ROUNDTRIP
360
131
  3
BUMPTILE
360
1C
  3
DIFFUSETILE
360
1B
  3
OPACITYTILE
360
1F
  3
REFLECTIONTILE
360
1E
  3
REFRACTIONTILE
360
20
  3
SPECULARTILE
360
1D
  0
DICTIONARY
  5
12
330
11
100
AcDbDictionary
280
     1
281
     1
  3
ACAD_XREC_ROUNDTRIP
360
130
  3
BUMPTILE
360
14
  3
DIFFUSETILE
360
13
  3
OPACITYTILE
360
17
  3
REFLECTIONTILE
360
16
  3
REFRACTIONTILE
360
18
  3
SPECULARTILE
360
15
  0
DICTIONARY
  5
22
330
21
100
AcDbDictionary
280
     1
281
     1
  3
ACAD_XREC_ROUNDTRIP
360
132
  3
BUMPTILE
360
24
  3
DIFFUSETILE
360
23
  3
OPACITYTILE
360
27
  3
REFLECTIONTILE
360
26
  3
REFRACTIONTILE
360
28
  3
SPECULARTILE
360
25
  0
DICTIONARY
  5
165
330
67
100
AcDbDictionary
280
     1
281
     1
  3
ACAD_XREC_ROUNDTRIP
360
166
  0
DICTIONARY
  5
167
330
69
100
AcDbDictionary
280
     1
281
     1
  3
ACAD_XREC_ROUNDTRIP
360
168
  0
DICTIONARY
  5
12D
330
65
100
AcDbDictionary
280
     1
281
     1
  3
ACAD_ROUNDTRIP_2008_TABLESTYLE_CELLSTYLEMAP
360
12E
  3
ACAD_XREC_ROUNDTRIP
360
163
  0
DICTIONARY
  5
13D
330
2F
100
AcDbDictionary
280
     1
281
     1
  3
ACAD_XREC_ROUNDTRIP
360
13E
  0
DICTIONARY
  5
13B
330
2E
100
AcDbDictionary
280
     1
281
     1
  3
ACAD_XREC_ROUNDTRIP
360
13C
  0
DICTIONARY
  5
149
330
35
100
AcDbDictionary
280
     1
281
     1
  3
ACAD_XREC_ROUNDTRIP
360
14A
  0
DICTIONARY
  5
151
330
39
100
AcDbDictionary
280
     1
281
     1
  3
ACAD_XREC_ROUNDTRIP
360
152
  0
DICTIONARY
  5
143
330
32
100
AcDbDictionary
280
     1
281
     1
  3
ACAD_XREC_ROUNDTRIP
360
144
  0
DICTIONARY
  5
147
330
34
100
AcDbDictionary
280
     1
281
     1
  3
ACAD_XREC_ROUNDTRIP
360
148
  0
DICTIONARY
  5
161
330
41
100
AcDbDictionary
280
     1
281
     1
  3
ACAD_XREC_ROUNDTRIP
360
162
  0
DICTIONARY
  5
14F
330
38
100
AcDbDictionary
280
     1
281
     1
  3
ACAD_XREC_ROUNDTRIP
360
150
  0
DICTIONARY
  5
133
330
2A
100
AcDbDictionary
280
     1
281
     1
  3
ACAD_XREC_ROUNDTRIP
360
134
  0
DICTIONARY
  5
135
330
2B
100
AcDbDictionary
280
     1
281
     1
  3
ACAD_XREC_ROUNDTRIP
360
136
  0
DICTIONARY
  5
137
330
2C
100
AcDbDictionary
280
     1
281
     1
  3
ACAD_XREC_ROUNDTRIP
360
138
  0
DICTIONARY
  5
139
330
2D
100
AcDbDictionary
280
     1
281
     1
  3
ACAD_XREC_ROUNDTRIP
360
13A
  0
DICTIONARY
  5
141
330
31
100
AcDbDictionary
280
     1
281
     1
  3
ACAD_XREC_ROUNDTRIP
360
142
  0
DICTIONARY
  5
15D
330
3F
100
AcDbDictionary
280
     1
281
     1
  3
ACAD_XREC_ROUNDTRIP
360
15E
  0
DICTIONARY
  5
14D
330
37
100
AcDbDictionary
280
     1
281
     1
  3
ACAD_XREC_ROUNDTRIP
360
14E
  0
DICTIONARY
  5
15F
330
40
100
AcDbDictionary
280
     1
281
     1
  3
ACAD_XREC_ROUNDTRIP
360
160
  0
DICTIONARY
  5
145
330
33
100
AcDbDictionary
280
     1
281
     1
  3
ACAD_XREC_ROUNDTRIP
360
146
  0
DICTIONARY
  5
15B
330
3E
100
AcDbDictionary
280
     1
281
     1
  3
ACAD_XREC_ROUNDTRIP
360
15C
  0
DICTIONARY
  5
159
330
3D
100
AcDbDictionary
280
     1
281
     1
  3
ACAD_XREC_ROUNDTRIP
360
15A
  0
DICTIONARY
  5
153
330
3A
100
AcDbDictionary
280
     1
281
     1
  3
ACAD_XREC_ROUNDTRIP
360
154
  0
DICTIONARY
  5
155
330
3B
100
AcDbDictionary
280
     1
281
     1
  3
ACAD_XREC_ROUNDTRIP
360
156
  0
DICTIONARY
  5
14B
330
36
100
AcDbDictionary
280
     1
281
     1
  3
ACAD_XREC_ROUNDTRIP
360
14C
  0
DICTIONARY
  5
13F
330
30
100
AcDbDictionary
280
     1
281
     1
  3
ACAD_XREC_ROUNDTRIP
360
140
  0
DICTIONARY
  5
157
330
3C
100
AcDbDictionary
280
     1
281
     1
  3
ACAD_XREC_ROUNDTRIP
360
158
  0
XRECORD
  5
16A
102
{ACAD_REACTORS
330
169
102
}
330
169
100
AcDbXrecord
280
     1
102
DISPLAYNAME
  1
Imperial24
102
FLAGS
 90
        0
  0
XRECORD
  5
16C
102
{ACAD_REACTORS
330
16B
102
}
330
16B
100
AcDbXrecord
280
     1
102
SHADEPLOT
 70
     0
102
SHADEPLOTRESLEVEL
 70
     2
102
SHADEPLOTCUSTOMDPI
 70
   300
  0
XRECORD
  5
170
102
{ACAD_REACTORS
330
16F
102
}
330
16F
100
AcDbXrecord
280
     1
102
SHADEPLOT
 70
     0
102
SHADEPLOTRESLEVEL
 70
     2
102
SHADEPLOTCUSTOMDPI
 70
   300
  0
XRECORD
  5
16E
102
{ACAD_REACTORS
330
16D
102
}
330
16D
100
AcDbXrecord
280
     1
102
SHADEPLOT
 70
     0
102
SHADEPLOTRESLEVEL
 70
     2
102
SHADEPLOTCUSTOMDPI
 70
   300
  0
XRECORD
  5
131
102
{ACAD_REACTORS
330
1A
102
}
330
1A
100
AcDbXrecord
280
     1
102
MATERIAL
148
0.0
149
0.0
149
0.0
 93
        0
 94
      127
282
     0
 72
     0
 77
     0
171
     0
175
     0
179
     0
273
     0
  0
XRECORD
  5
1C
102
{ACAD_REACTORS
330
1A
102
}
330
1A
100
AcDbXrecord
280
     1
270
     1
271
     1
  0
XRECORD
  5
1B
102
{ACAD_REACTORS
330
1A
102
}
330
1A
100
AcDbXrecord
280
     1
270
     1
271
     1
  0
XRECORD
  5
1F
102
{ACAD_REACTORS
330
1A
102
}
330
1A
100
AcDbXrecord
280
     1
270
     1
271
     1
  0
XRECORD
  5
1E
102
{ACAD_REACTORS
330
1A
102
}
330
1A
100
AcDbXrecord
280
     1
270
     1
271
     1
  0
XRECORD
  5
20
102
{ACAD_REACTORS
330
1A
102
}
330
1A
100
AcDbXrecord
280
     1
270
     1
271
     1
  0
XRECORD
  5
1D
102
{ACAD_REACTORS
330
1A
102
}
330
1A
100
AcDbXrecord
280
     1
270
     1
271
     1
  0
XRECORD
  5
130
102
{ACAD_REACTORS
330
12
102
}
330
12
100
AcDbXrecord
280
     1
102
MATERIAL
148
0.0
149
0.0
149
0.0
 93
        0
 94
      127
282
     0
 72
     0
 77
     0
171
     0
175
     0
179
     0
273
     0
  0
XRECORD
  5
14
102
{ACAD_REACTORS
330
12
102
}
330
12
100
AcDbXrecord
280
     1
270
     1
271
     1
  0
XRECORD
  5
13
102
{ACAD_REACTORS
330
12
102
}
330
12
100
AcDbXrecord
280
     1
270
     1
271
     1
  0
XRECORD
  5
17
102
{ACAD_REACTORS
330
12
102
}
330
12
100
AcDbXrecord
280
     1
270
     1
271
     1
  0
XRECORD
  5
16
102
{ACAD_REACTORS
330
12
102
}
330
12
100
AcDbXrecord
280
     1
270
     1
271
     1
  0
XRECORD
  5
18
102
{ACAD_REACTORS
330
12
102
}
330
12
100
AcDbXrecord
280
     1
270
     1
271
     1
  0
XRECORD
  5
15
102
{ACAD_REACTORS
330
12
102
}
330
12
100
AcDbXrecord
280
     1
270
     1
271
     1
  0
XRECORD
  5
132
102
{ACAD_REACTORS
330
22
102
}
330
22
100
AcDbXrecord
280
     1
102
MATERIAL
148
0.0
149
0.0
149
0.0
 93
        0
 94
      127
282
     0
 72
     0
 77
     0
171
     0
175
     0
179
     0
273
     0
  0
XRECORD
  5
24
102
{ACAD_REACTORS
330
22
102
}
330
22
100
AcDbXrecord
280
     1
270
     1
271
     1
  0
XRECORD
  5
23
102
{ACAD_REACTORS
330
22
102
}
330
22
100
AcDbXrecord
280
     1
270
     1
271
     1
  0
XRECORD
  5
27
102
{ACAD_REACTORS
330
22
102
}
330
22
100
AcDbXrecord
280
     1
270
     1
271
     1
  0
XRECORD
  5
26
102
{ACAD_REACTORS
330
22
102
}
330
22
100
AcDbXrecord
280
     1
270
     1
271
     1
  0
XRECORD
  5
28
102
{ACAD_REACTORS
330
22
102
}
330
22
100
AcDbXrecord
280
     1
270
     1
271
     1
  0
XRECORD
  5
25
102
{ACAD_REACTORS
330
22
102
}
330
22
100
AcDbXrecord
280
     1
270
     1
271
     1
  0
XRECORD
  5
166
102
{ACAD_REACTORS
330
165
102
}
330
165
100
AcDbXrecord
280
     1
102
ACAD_ROUNDTRIP_2012_MLEADER_STYLE
298
     1
  0
XRECORD
  5
168
102
{ACAD_REACTORS
330
167
102
}
330
167
100
AcDbXrecord
280
     1
102
DISPLAYNAME
  1
Imperial24
102
FLAGS
 90
        0
  0
CELLSTYLEMAP
  5
12E
102
{ACAD_REACTORS
330
12D
102
}
330
12D
100
AcDbCellStyleMap
 90
        3
300
CELLSTYLE
  1
TABLEFORMAT_BEGIN
 90
        5
170
     1
 91
        0
 92
    32768
 62
   257
 93
        1
300
CONTENTFORMAT
  1
CONTENTFORMAT_BEGIN
 90
        0
 91
        0
 92
      512
 93
        0
300

 40
0.0
140
1.0
 94
        5
 62
     0
340
55
144
0.25
309
CONTENTFORMAT_END
171
     0
 94
        0
309
TABLEFORMAT_END
  1
CELLSTYLE_BEGIN
 90
        1
 91
        1
300
_TITLE
309
CELLSTYLE_END
300
CELLSTYLE
  1
TABLEFORMAT_BEGIN
 90
        5
170
     1
 91
        0
 92
        0
 62
   257
 93
        1
300
CONTENTFORMAT
  1
CONTENTFORMAT_BEGIN
 90
        0
 91
        0
 92
      512
 93
        0
300

 40
0.0
140
1.0
 94
        5
 62
     0
340
55
144
0.18
309
CONTENTFORMAT_END
171
     0
 94
        0
309
TABLEFORMAT_END
  1
CELLSTYLE_BEGIN
 90
        2
 91
        1
300
_HEADER
309
CELLSTYLE_END
300
CELLSTYLE
  1
TABLEFORMAT_BEGIN
 90
        5
170
     1
 91
        0
 92
        0
 62
   257
 93
        1
300
CONTENTFORMAT
  1
CONTENTFORMAT_BEGIN
 90
        0
 91
        0
 92
      512
 93
        0
300

 40
0.0
140
1.0
 94
        2
 62
     0
340
55
144
0.18
309
CONTENTFORMAT_END
171
     0
 94
        0
309
TABLEFORMAT_END
  1
CELLSTYLE_BEGIN
 90
        3
 91
        2
300
_DATA
309
CELLSTYLE_END
  0
XRECORD
  5
163
102
{ACAD_REACTORS
330
12D
102
}
330
12D
100
AcDbXrecord
280
     1
102
ACAD_ROUNDTRIP_PRE2007_TABLESTYLE
 90
      512
 91
        0
  1

 92
      512
 93
        0
  2

 94
      512
 95
        0
  3

  0
XRECORD
  5
13E
102
{ACAD_REACTORS
330
13D
102
}
330
13D
100
AcDbXrecord
280
     1
102
RTVSPost2010Prop28
280
     1
102
RTVSPost2010PropOp28
 70
     1
102
RTVSPost2010Prop29
280
     1
102
RTVSPost2010PropOp29
 70
     1
102
RTVSPost2010Prop30
280
     0
102
RTVSPost2010PropOp30
 70
     1
102
RTVSPost2010Prop31
280
     0
102
RTVSPost2010PropOp31
 70
     1
102
RTVSPost2010Prop32
280
     0
102
RTVSPost2010PropOp32
 70
     1
102
RTVSPost2010Prop33
280
     0
102
RTVSPost2010PropOp33
 70
     1
102
RTVSPost2010Prop34
280
     0
102
RTVSPost2010PropOp34
 70
     1
102
RTVSPost2010Prop35
280
     0
102
RTVSPost2010PropOp35
 70
     1
102
RTVSPost2010Prop36
280
     0
102
RTVSPost2010PropOp36
 70
     1
102
RTVSPost2010Prop37
 90
       50
102
RTVSPost2010PropOp37
 70
     1
102
RTVSPost2010Prop38
140
0.0
102
RTVSPost2010PropOp38
 70
     1
102
RTVSPost2010Prop39
140
1.0
102
RTVSPost2010PropOp39
 70
     1
102
RTVSPost2010Prop40
 90
        0
102
RTVSPost2010PropOp40
 70
     1
102
RTVSPost2010Prop41ColorIndex
 90
       18
102
RTVSPost2010Prop41ColorRGB
 90
        0
102
RTVSPost2010PropOp41
 70
     1
102
RTVSPost2010Prop42
 90
       50
102
RTVSPost2010PropOp42
 70
     1
102
RTVSPost2010Prop43
 90
        3
102
RTVSPost2010PropOp43
 70
     1
102
RTVSPost2010Prop44ColorIndex
 90
        5
102
RTVSPost2010Prop44ColorRGB
 90
      255
102
RTVSPost2010PropOp44
 70
     1
102
RTVSPost2010Prop45
280
     0
102
RTVSPost2010PropOp45
 70
     1
102
RTVSPost2010Prop46
 90
       50
102
RTVSPost2010PropOp46
 70
     1
102
RTVSPost2010Prop47
 90
       50
102
RTVSPost2010PropOp47
 70
     1
102
RTVSPost2010Prop48
 90
       50
102
RTVSPost2010PropOp48
 70
     1
102
RTVSPost2010Prop49
280
     0
102
RTVSPost2010PropOp49
 70
     1
102
RTVSPost2010Prop50
 90
       50
102
RTVSPost2010PropOp50
 70
     1
102
RTVSPost2010Prop51ColorIndex
 90
      256
102
RTVSPost2010Prop51ColorRGB
 90
-16777216
102
RTVSPost2010PropOp51
 70
     0
102
RTVSPost2010Prop52
140
1.0
102
RTVSPost2010PropOp52
 70
     0
102
RTVSPost2010Prop53
 90
        2
102
RTVSPost2010PropOp53
 70
     1
102
RTVSPost2010Prop54
  1
strokes_ogs.tif
102
RTVSPost2010PropOp54
 70
     1
102
RTVSPost2010Prop55
280
     0
102
RTVSPost2010PropOp55
 70
     1
102
RTVSPost2010Prop56
140
1.0
102
RTVSPost2010PropOp56
 70
     1
102
RTVSPost2010Prop57
140
1.0
102
RTVSPost2010PropOp57
 70
     1
102
RTVSPropertyOp0
 70
     1
102
RTVSPropertyOp1
 70
     1
102
RTVSPropertyOp2
 70
     1
102
RTVSPropertyOp3
 70
     1
102
RTVSPropertyOp4
 70
     1
102
RTVSPropertyOp5
 70
     1
102
RTVSPropertyOp6
 70
     1
102
RTVSPropertyOp7
 70
     1
102
RTVSPropertyOp8
 70
     1
102
RTVSPropertyOp9
 70
     1
102
RTVSPropertyOp10
 70
     1
102
RTVSPropertyOp11
 70
     1
102
RTVSPropertyOp12
 70
     1
102
RTVSPropertyOp13
 70
     1
102
RTVSPropertyOp14
 70
     1
102
RTVSPropertyOp15
 70
     1
102
RTVSPropertyOp16
 70
     1
102
RTVSPropertyOp17
 70
     1
102
RTVSPropertyOp18
 70
     1
102
RTVSPropertyOp19
 70
     1
102
RTVSPropertyOp20
 70
     1
102
RTVSPropertyOp21
 70
     1
102
RTVSPropertyOp22
 70
     1
102
RTVSPropertyOp23
 70
     1
102
RTVSPropertyOp24
 70
     1
102
RTVSPropertyOp25
 70
     1
102
RTVSPropertyOp26
 70
     1
102
RTVSPropertyOp27
 70
     1
102
RTVSPropertyOp28
 70
     1
102
RTVSPropertyOp29
 70
     1
102
RTVSPropertyOp30
 70
     1
102
RTVSPropertyOp31
 70
     1
102
RTVSPropertyOp32
 70
     1
102
RTVSPropertyOp33
 70
     1
102
RTVSPropertyOp34
 70
     1
102
RTVSPropertyOp35
 70
     1
102
RTVSPropertyOp36
 70
     1
102
RTVSPropertyOp37
 70
     1
102
RTVSPropertyOp38
 70
     1
102
RTVSPropertyOp39
 70
     1
102
RTVSPropertyOp40
 70
     1
102
RTVSPropertyOp41
 70
     1
102
RTVSPropertyOp42
 70
     1
102
RTVSPropertyOp43
 70
     1
102
RTVSPropertyOp44
 70
     1
102
RTVSPropertyOp45
 70
     1
102
RTVSPropertyOp46
 70
     1
102
RTVSPropertyOp47
 70
     1
102
RTVSPropertyOp48
 70
     1
102
RTVSPropertyOp49
 70
     1
102
RTVSPropertyOp50
 70
     1
102
RTVSPropertyOp51
 70
     0
102
RTVSPropertyOp52
 70
     0
102
RTVSPropertyOp53
 70
     1
102
RTVSPropertyOp54
 70
     1
102
RTVSPropertyOp55
 70
     1
102
RTVSPropertyOp56
 70
     1
102
RTVSPropertyOp57
 70
     1
102
RTVSPropertyOp58
 70
     1
102
RTVSPropertyOp59
 70
     1
102
RTVSPropertyOp60
 70
     1
102
RTVSPropertyOp61
 70
     1
102
RTVSPropertyOp62
 70
     1
  0
XRECORD
  5
13C
102
{ACAD_REACTORS
330
13B
102
}
330
13B
100
AcDbXrecord
280
     1
102
RTVSPost2010Prop28
280
     0
102
RTVSPost2010PropOp28
 70
     1
102
RTVSPost2010Prop29
280
     1
102
RTVSPost2010PropOp29
 70
     1
102
RTVSPost2010Prop30
280
     1
102
RTVSPost2010PropOp30
 70
     1
102
RTVSPost2010Prop31
280
     0
102
RTVSPost2010PropOp31
 70
     1
102
RTVSPost2010Prop32
280
     0
102
RTVSPost2010PropOp32
 70
     1
102
RTVSPost2010Prop33
280
     0
102
RTVSPost2010PropOp33
 70
     1
102
RTVSPost2010Prop34
280
     0
102
RTVSPost2010PropOp34
 70
     1
102
RTVSPost2010Prop35
280
     0
102
RTVSPost2010PropOp35
 70
     1
102
RTVSPost2010Prop36
280
     0
102
RTVSPost2010PropOp36
 70
     1
102
RTVSPost2010Prop37
 90
       50
102
RTVSPost2010PropOp37
 70
     1
102
RTVSPost2010Prop38
140
0.0
102
RTVSPost2010PropOp38
 70
     1
102
RTVSPost2010Prop39
140
1.0
102
RTVSPost2010PropOp39
 70
     1
102
RTVSPost2010Prop40
 90
        0
102
RTVSPost2010PropOp40
 70
     1
102
RTVSPost2010Prop41ColorIndex
 90
       18
102
RTVSPost2010Prop41ColorRGB
 90
        0
102
RTVSPost2010PropOp41
 70
     1
102
RTVSPost2010Prop42
 90
       50
102
RTVSPost2010PropOp42
 70
     1
102
RTVSPost2010Prop43
 90
        3
102
RTVSPost2010PropOp43
 70
     1
102
RTVSPost2010Prop44ColorIndex
 90
        5
102
RTVSPost2010Prop44ColorRGB
 90
      255
102
RTVSPost2010PropOp44
 70
     1
102
RTVSPost2010Prop45
280
     0
102
RTVSPost2010PropOp45
 70
     1
102
RTVSPost2010Prop46
 90
       50
102
RTVSPost2010PropOp46
 70
     1
102
RTVSPost2010Prop47
 90
       50
102
RTVSPost2010PropOp47
 70
     1
102
RTVSPost2010Prop48
 90
       50
102
RTVSPost2010PropOp48
 70
     1
102
RTVSPost2010Prop49
280
     0
102
RTVSPost2010PropOp49
 70
     1
102
RTVSPost2010Prop50
 90
       50
102
RTVSPost2010PropOp50
 70
     1
102
RTVSPost2010Prop51ColorIndex
 90
      256
102
RTVSPost2010Prop51ColorRGB
 90
-16777216
102
RTVSPost2010PropOp51
 70
     0
102
RTVSPost2010Prop52
140
1.0
102
RTVSPost2010PropOp52
 70
     0
102
RTVSPost2010Prop53
 90
        2
102
RTVSPost2010PropOp53
 70
     1
102
RTVSPost2010Prop54
  1
strokes_ogs.tif
102
RTVSPost2010PropOp54
 70
     1
102
RTVSPost2010Prop55
280
     0
102
RTVSPost2010PropOp55
 70
     1
102
RTVSPost2010Prop56
140
1.0
102
RTVSPost2010PropOp56
 70
     1
102
RTVSPost2010Prop57
140
1.0
102
RTVSPost2010PropOp57
 70
     1
102
RTVSPropertyOp0
 70
     1
102
RTVSPropertyOp1
 70
     1
102
RTVSPropertyOp2
 70
     1
102
RTVSPropertyOp3
 70
     1
102
RTVSPropertyOp4
 70
     1
102
RTVSPropertyOp5
 70
     1
102
RTVSPropertyOp6
 70
     1
102
RTVSPropertyOp7
 70
     1
102
RTVSPropertyOp8
 70
     1
102
RTVSPropertyOp9
 70
     1
102
RTVSPropertyOp10
 70
     1
102
RTVSPropertyOp11
 70
     1
102
RTVSPropertyOp12
 70
     1
102
RTVSPropertyOp13
 70
     1
102
RTVSPropertyOp14
 70
     1
102
RTVSPropertyOp15
 70
     1
102
RTVSPropertyOp16
 70
     1
102
RTVSPropertyOp17
 70
     1
102
RTVSPropertyOp18
 70
     1
102
RTVSPropertyOp19
 70
     1
102
RTVSPropertyOp20
 70
     1
102
RTVSPropertyOp21
 70
     1
102
RTVSPropertyOp22
 70
     1
102
RTVSPropertyOp23
 70
     1
102
RTVSPropertyOp24
 70
     1
102
RTVSPropertyOp25
 70
     1
102
RTVSPropertyOp26
 70
     1
102
RTVSPropertyOp27
 70
     1
102
RTVSPropertyOp28
 70
     1
102
RTVSPropertyOp29
 70
     1
102
RTVSPropertyOp30
 70
     1
102
RTVSPropertyOp31
 70
     1
102
RTVSPropertyOp32
 70
     1
102
RTVSPropertyOp33
 70
     1
102
RTVSPropertyOp34
 70
     1
102
RTVSPropertyOp35
 70
     1
102
RTVSPropertyOp36
 70
     1
102
RTVSPropertyOp37
 70
     1
102
RTVSPropertyOp38
 70
     1
102
RTVSPropertyOp39
 70
     1
102
RTVSPropertyOp40
 70
     1
102
RTVSPropertyOp41
 70
     1
102
RTVSPropertyOp42
 70
     1
102
RTVSPropertyOp43
 70
     1
102
RTVSPropertyOp44
 70
     1
102
RTVSPropertyOp45
 70
     1
102
RTVSPropertyOp46
 70
     1
102
RTVSPropertyOp47
 70
     1
102
RTVSPropertyOp48
 70
     1
102
RTVSPropertyOp49
 70
     1
102
RTVSPropertyOp50
 70
     1
102
RTVSPropertyOp51
 70
     0
102
RTVSPropertyOp52
 70
     0
102
RTVSPropertyOp53
 70
     1
102
RTVSPropertyOp54
 70
     1
102
RTVSPropertyOp55
 70
     1
102
RTVSPropertyOp56
 70
     1
102
RTVSPropertyOp57
 70
     1
102
RTVSPropertyOp58
 70
     1
102
RTVSPropertyOp59
 70
     1
102
RTVSPropertyOp60
 70
     1
102
RTVSPropertyOp61
 70
     1
102
RTVSPropertyOp62
 70
     1
  0
XRECORD
  5
14A
102
{ACAD_REACTORS
330
149
102
}
330
149
100
AcDbXrecord
280
     1
102
RTVSPost2010Prop28
280
     0
102
RTVSPost2010PropOp28
 70
     1
102
RTVSPost2010Prop29
280
     1
102
RTVSPost2010PropOp29
 70
     1
102
RTVSPost2010Prop30
280
     1
102
RTVSPost2010PropOp30
 70
     1
102
RTVSPost2010Prop31
280
     0
102
RTVSPost2010PropOp31
 70
     1
102
RTVSPost2010Prop32
280
     0
102
RTVSPost2010PropOp32
 70
     1
102
RTVSPost2010Prop33
280
     0
102
RTVSPost2010PropOp33
 70
     1
102
RTVSPost2010Prop34
280
     0
102
RTVSPost2010PropOp34
 70
     1
102
RTVSPost2010Prop35
280
     0
102
RTVSPost2010PropOp35
 70
     1
102
RTVSPost2010Prop36
280
     0
102
RTVSPost2010PropOp36
 70
     1
102
RTVSPost2010Prop37
 90
       50
102
RTVSPost2010PropOp37
 70
     1
102
RTVSPost2010Prop38
140
0.0
102
RTVSPost2010PropOp38
 70
     1
102
RTVSPost2010Prop39
140
1.0
102
RTVSPost2010PropOp39
 70
     1
102
RTVSPost2010Prop40
 90
        0
102
RTVSPost2010PropOp40
 70
     1
102
RTVSPost2010Prop41ColorIndex
 90
       18
102
RTVSPost2010Prop41ColorRGB
 90
        0
102
RTVSPost2010PropOp41
 70
     1
102
RTVSPost2010Prop42
 90
       50
102
RTVSPost2010PropOp42
 70
     1
102
RTVSPost2010Prop43
 90
        3
102
RTVSPost2010PropOp43
 70
     1
102
RTVSPost2010Prop44ColorIndex
 90
        5
102
RTVSPost2010Prop44ColorRGB
 90
      255
102
RTVSPost2010PropOp44
 70
     1
102
RTVSPost2010Prop45
280
     0
102
RTVSPost2010PropOp45
 70
     1
102
RTVSPost2010Prop46
 90
       50
102
RTVSPost2010PropOp46
 70
     1
102
RTVSPost2010Prop47
 90
       50
102
RTVSPost2010PropOp47
 70
     1
102
RTVSPost2010Prop48
 90
       50
102
RTVSPost2010PropOp48
 70
     1
102
RTVSPost2010Prop49
280
     0
102
RTVSPost2010PropOp49
 70
     1
102
RTVSPost2010Prop50
 90
       50
102
RTVSPost2010PropOp50
 70
     1
102
RTVSPost2010Prop51ColorIndex
 90
      256
102
RTVSPost2010Prop51ColorRGB
 90
-16777216
102
RTVSPost2010PropOp51
 70
     0
102
RTVSPost2010Prop52
140
1.0
102
RTVSPost2010PropOp52
 70
     0
102
RTVSPost2010Prop53
 90
        2
102
RTVSPost2010PropOp53
 70
     1
102
RTVSPost2010Prop54
  1
strokes_ogs.tif
102
RTVSPost2010PropOp54
 70
     1
102
RTVSPost2010Prop55
280
     0
102
RTVSPost2010PropOp55
 70
     1
102
RTVSPost2010Prop56
140
1.0
102
RTVSPost2010PropOp56
 70
     1
102
RTVSPost2010Prop57
140
1.0
102
RTVSPost2010PropOp57
 70
     1
102
RTVSPropertyOp0
 70
     1
102
RTVSPropertyOp1
 70
     1
102
RTVSPropertyOp2
 70
     1
102
RTVSPropertyOp3
 70
     1
102
RTVSPropertyOp4
 70
     1
102
RTVSPropertyOp5
 70
     1
102
RTVSPropertyOp6
 70
     1
102
RTVSPropertyOp7
 70
     1
102
RTVSPropertyOp8
 70
     1
102
RTVSPropertyOp9
 70
     1
102
RTVSPropertyOp10
 70
     1
102
RTVSPropertyOp11
 70
     1
102
RTVSPropertyOp12
 70
     1
102
RTVSPropertyOp13
 70
     1
102
RTVSPropertyOp14
 70
     1
102
RTVSPropertyOp15
 70
     1
102
RTVSPropertyOp16
 70
     1
102
RTVSPropertyOp17
 70
     1
102
RTVSPropertyOp18
 70
     1
102
RTVSPropertyOp19
 70
     1
102
RTVSPropertyOp20
 70
     1
102
RTVSPropertyOp21
 70
     1
102
RTVSPropertyOp22
 70
     1
102
RTVSPropertyOp23
 70
     1
102
RTVSPropertyOp24
 70
     1
102
RTVSPropertyOp25
 70
     1
102
RTVSPropertyOp26
 70
     1
102
RTVSPropertyOp27
 70
     1
102
RTVSPropertyOp28
 70
     1
102
RTVSPropertyOp29
 70
     1
102
RTVSPropertyOp30
 70
     1
102
RTVSPropertyOp31
 70
     1
102
RTVSPropertyOp32
 70
     1
102
RTVSPropertyOp33
 70
     1
102
RTVSPropertyOp34
 70
     1
102
RTVSPropertyOp35
 70
     1
102
RTVSPropertyOp36
 70
     1
102
RTVSPropertyOp37
 70
     1
102
RTVSPropertyOp38
 70
     1
102
RTVSPropertyOp39
 70
     1
102
RTVSPropertyOp40
 70
     1
102
RTVSPropertyOp41
 70
     1
102
RTVSPropertyOp42
 70
     1
102
RTVSPropertyOp43
 70
     1
102
RTVSPropertyOp44
 70
     1
102
RTVSPropertyOp45
 70
     1
102
RTVSPropertyOp46
 70
     1
102
RTVSPropertyOp47
 70
     1
102
RTVSPropertyOp48
 70
     1
102
RTVSPropertyOp49
 70
     1
102
RTVSPropertyOp50
 70
     1
102
RTVSPropertyOp51
 70
     0
102
RTVSPropertyOp52
 70
     0
102
RTVSPropertyOp53
 70
     1
102
RTVSPropertyOp54
 70
     1
102
RTVSPropertyOp55
 70
     1
102
RTVSPropertyOp56
 70
     1
102
RTVSPropertyOp57
 70
     1
102
RTVSPropertyOp58
 70
     1
102
RTVSPropertyOp59
 70
     1
102
RTVSPropertyOp60
 70
     1
102
RTVSPropertyOp61
 70
     1
102
RTVSPropertyOp62
 70
     1
  0
XRECORD
  5
152
102
{ACAD_REACTORS
330
151
102
}
330
151
100
AcDbXrecord
280
     1
102
RTVSPost2010Prop28
280
     0
102
RTVSPost2010PropOp28
 70
     1
102
RTVSPost2010Prop29
280
     1
102
RTVSPost2010PropOp29
 70
     1
102
RTVSPost2010Prop30
280
     1
102
RTVSPost2010PropOp30
 70
     1
102
RTVSPost2010Prop31
280
     0
102
RTVSPost2010PropOp31
 70
     1
102
RTVSPost2010Prop32
280
     0
102
RTVSPost2010PropOp32
 70
     1
102
RTVSPost2010Prop33
280
     0
102
RTVSPost2010PropOp33
 70
     1
102
RTVSPost2010Prop34
280
     0
102
RTVSPost2010PropOp34
 70
     1
102
RTVSPost2010Prop35
280
     0
102
RTVSPost2010PropOp35
 70
     1
102
RTVSPost2010Prop36
280
     0
102
RTVSPost2010PropOp36
 70
     1
102
RTVSPost2010Prop37
 90
       50
102
RTVSPost2010PropOp37
 70
     1
102
RTVSPost2010Prop38
140
0.0
102
RTVSPost2010PropOp38
 70
     1
102
RTVSPost2010Prop39
140
1.0
102
RTVSPost2010PropOp39
 70
     1
102
RTVSPost2010Prop40
 90
        0
102
RTVSPost2010PropOp40
 70
     1
102
RTVSPost2010Prop41ColorIndex
 90
       18
102
RTVSPost2010Prop41ColorRGB
 90
        0
102
RTVSPost2010PropOp41
 70
     1
102
RTVSPost2010Prop42
 90
       50
102
RTVSPost2010PropOp42
 70
     1
102
RTVSPost2010Prop43
 90
        3
102
RTVSPost2010PropOp43
 70
     1
102
RTVSPost2010Prop44ColorIndex
 90
        5
102
RTVSPost2010Prop44ColorRGB
 90
      255
102
RTVSPost2010PropOp44
 70
     1
102
RTVSPost2010Prop45
280
     0
102
RTVSPost2010PropOp45
 70
     1
102
RTVSPost2010Prop46
 90
       50
102
RTVSPost2010PropOp46
 70
     1
102
RTVSPost2010Prop47
 90
       50
102
RTVSPost2010PropOp47
 70
     1
102
RTVSPost2010Prop48
 90
       50
102
RTVSPost2010PropOp48
 70
     1
102
RTVSPost2010Prop49
280
     0
102
RTVSPost2010PropOp49
 70
     1
102
RTVSPost2010Prop50
 90
       50
102
RTVSPost2010PropOp50
 70
     1
102
RTVSPost2010Prop51ColorIndex
 90
      256
102
RTVSPost2010Prop51ColorRGB
 90
-16777216
102
RTVSPost2010PropOp51
 70
     0
102
RTVSPost2010Prop52
140
1.0
102
RTVSPost2010PropOp52
 70
     0
102
RTVSPost2010Prop53
 90
        2
102
RTVSPost2010PropOp53
 70
     1
102
RTVSPost2010Prop54
  1
strokes_ogs.tif
102
RTVSPost2010PropOp54
 70
     1
102
RTVSPost2010Prop55
280
     0
102
RTVSPost2010PropOp55
 70
     1
102
RTVSPost2010Prop56
140
1.0
102
RTVSPost2010PropOp56
 70
     1
102
RTVSPost2010Prop57
140
1.0
102
RTVSPost2010PropOp57
 70
     1
102
RTVSPropertyOp0
 70
     1
102
RTVSPropertyOp1
 70
     1
102
RTVSPropertyOp2
 70
     1
102
RTVSPropertyOp3
 70
     1
102
RTVSPropertyOp4
 70
     1
102
RTVSPropertyOp5
 70
     1
102
RTVSPropertyOp6
 70
     1
102
RTVSPropertyOp7
 70
     1
102
RTVSPropertyOp8
 70
     1
102
RTVSPropertyOp9
 70
     1
102
RTVSPropertyOp10
 70
     1
102
RTVSPropertyOp11
 70
     1
102
RTVSPropertyOp12
 70
     1
102
RTVSPropertyOp13
 70
     1
102
RTVSPropertyOp14
 70
     1
102
RTVSPropertyOp15
 70
     1
102
RTVSPropertyOp16
 70
     1
102
RTVSPropertyOp17
 70
     1
102
RTVSPropertyOp18
 70
     1
102
RTVSPropertyOp19
 70
     1
102
RTVSPropertyOp20
 70
     1
102
RTVSPropertyOp21
 70
     1
102
RTVSPropertyOp22
 70
     1
102
RTVSPropertyOp23
 70
     1
102
RTVSPropertyOp24
 70
     1
102
RTVSPropertyOp25
 70
     1
102
RTVSPropertyOp26
 70
     1
102
RTVSPropertyOp27
 70
     1
102
RTVSPropertyOp28
 70
     1
102
RTVSPropertyOp29
 70
     1
102
RTVSPropertyOp30
 70
     1
102
RTVSPropertyOp31
 70
     1
102
RTVSPropertyOp32
 70
     1
102
RTVSPropertyOp33
 70
     1
102
RTVSPropertyOp34
 70
     1
102
RTVSPropertyOp35
 70
     1
102
RTVSPropertyOp36
 70
     1
102
RTVSPropertyOp37
 70
     1
102
RTVSPropertyOp38
 70
     1
102
RTVSPropertyOp39
 70
     1
102
RTVSPropertyOp40
 70
     1
102
RTVSPropertyOp41
 70
     1
102
RTVSPropertyOp42
 70
     1
102
RTVSPropertyOp43
 70
     1
102
RTVSPropertyOp44
 70
     1
102
RTVSPropertyOp45
 70
     1
102
RTVSPropertyOp46
 70
     1
102
RTVSPropertyOp47
 70
     1
102
RTVSPropertyOp48
 70
     1
102
RTVSPropertyOp49
 70
     1
102
RTVSPropertyOp50
 70
     1
102
RTVSPropertyOp51
 70
     0
102
RTVSPropertyOp52
 70
     0
102
RTVSPropertyOp53
 70
     1
102
RTVSPropertyOp54
 70
     1
102
RTVSPropertyOp55
 70
     1
102
RTVSPropertyOp56
 70
     1
102
RTVSPropertyOp57
 70
     1
102
RTVSPropertyOp58
 70
     1
102
RTVSPropertyOp59
 70
     1
102
RTVSPropertyOp60
 70
     1
102
RTVSPropertyOp61
 70
     1
102
RTVSPropertyOp62
 70
     1
  0
XRECORD
  5
144
102
{ACAD_REACTORS
330
143
102
}
330
143
100
AcDbXrecord
280
     1
102
RTVSPost2010Prop28
280
     0
102
RTVSPost2010PropOp28
 70
     1
102
RTVSPost2010Prop29
280
     1
102
RTVSPost2010PropOp29
 70
     1
102
RTVSPost2010Prop30
280
     1
102
RTVSPost2010PropOp30
 70
     1
102
RTVSPost2010Prop31
280
     0
102
RTVSPost2010PropOp31
 70
     1
102
RTVSPost2010Prop32
280
     0
102
RTVSPost2010PropOp32
 70
     1
102
RTVSPost2010Prop33
280
     0
102
RTVSPost2010PropOp33
 70
     1
102
RTVSPost2010Prop34
280
     0
102
RTVSPost2010PropOp34
 70
     1
102
RTVSPost2010Prop35
280
     0
102
RTVSPost2010PropOp35
 70
     1
102
RTVSPost2010Prop36
280
     0
102
RTVSPost2010PropOp36
 70
     1
102
RTVSPost2010Prop37
 90
       50
102
RTVSPost2010PropOp37
 70
     1
102
RTVSPost2010Prop38
140
0.0
102
RTVSPost2010PropOp38
 70
     1
102
RTVSPost2010Prop39
140
1.0
102
RTVSPost2010PropOp39
 70
     1
102
RTVSPost2010Prop40
 90
        0
102
RTVSPost2010PropOp40
 70
     1
102
RTVSPost2010Prop41ColorIndex
 90
       18
102
RTVSPost2010Prop41ColorRGB
 90
        0
102
RTVSPost2010PropOp41
 70
     1
102
RTVSPost2010Prop42
 90
       50
102
RTVSPost2010PropOp42
 70
     1
102
RTVSPost2010Prop43
 90
        3
102
RTVSPost2010PropOp43
 70
     1
102
RTVSPost2010Prop44ColorIndex
 90
        5
102
RTVSPost2010Prop44ColorRGB
 90
      255
102
RTVSPost2010PropOp44
 70
     1
102
RTVSPost2010Prop45
280
     0
102
RTVSPost2010PropOp45
 70
     1
102
RTVSPost2010Prop46
 90
       50
102
RTVSPost2010PropOp46
 70
     1
102
RTVSPost2010Prop47
 90
       50
102
RTVSPost2010PropOp47
 70
     1
102
RTVSPost2010Prop48
 90
       50
102
RTVSPost2010PropOp48
 70
     1
102
RTVSPost2010Prop49
280
     0
102
RTVSPost2010PropOp49
 70
     1
102
RTVSPost2010Prop50
 90
       50
102
RTVSPost2010PropOp50
 70
     1
102
RTVSPost2010Prop51ColorIndex
 90
      256
102
RTVSPost2010Prop51ColorRGB
 90
-16777216
102
RTVSPost2010PropOp51
 70
     0
102
RTVSPost2010Prop52
140
1.0
102
RTVSPost2010PropOp52
 70
     0
102
RTVSPost2010Prop53
 90
        2
102
RTVSPost2010PropOp53
 70
     1
102
RTVSPost2010Prop54
  1
strokes_ogs.tif
102
RTVSPost2010PropOp54
 70
     1
102
RTVSPost2010Prop55
280
     0
102
RTVSPost2010PropOp55
 70
     1
102
RTVSPost2010Prop56
140
1.0
102
RTVSPost2010PropOp56
 70
     1
102
RTVSPost2010Prop57
140
1.0
102
RTVSPost2010PropOp57
 70
     1
102
RTVSPropertyOp0
 70
     1
102
RTVSPropertyOp1
 70
     1
102
RTVSPropertyOp2
 70
     1
102
RTVSPropertyOp3
 70
     1
102
RTVSPropertyOp4
 70
     1
102
RTVSPropertyOp5
 70
     1
102
RTVSPropertyOp6
 70
     1
102
RTVSPropertyOp7
 70
     1
102
RTVSPropertyOp8
 70
     1
102
RTVSPropertyOp9
 70
     1
102
RTVSPropertyOp10
 70
     1
102
RTVSPropertyOp11
 70
     1
102
RTVSPropertyOp12
 70
     1
102
RTVSPropertyOp13
 70
     1
102
RTVSPropertyOp14
 70
     1
102
RTVSPropertyOp15
 70
     1
102
RTVSPropertyOp16
 70
     1
102
RTVSPropertyOp17
 70
     1
102
RTVSPropertyOp18
 70
     1
102
RTVSPropertyOp19
 70
     1
102
RTVSPropertyOp20
 70
     1
102
RTVSPropertyOp21
 70
     1
102
RTVSPropertyOp22
 70
     1
102
RTVSPropertyOp23
 70
     1
102
RTVSPropertyOp24
 70
     1
102
RTVSPropertyOp25
 70
     1
102
RTVSPropertyOp26
 70
     1
102
RTVSPropertyOp27
 70
     1
102
RTVSPropertyOp28
 70
     1
102
RTVSPropertyOp29
 70
     1
102
RTVSPropertyOp30
 70
     1
102
RTVSPropertyOp31
 70
     1
102
RTVSPropertyOp32
 70
     1
102
RTVSPropertyOp33
 70
     1
102
RTVSPropertyOp34
 70
     1
102
RTVSPropertyOp35
 70
     1
102
RTVSPropertyOp36
 70
     1
102
RTVSPropertyOp37
 70
     1
102
RTVSPropertyOp38
 70
     1
102
RTVSPropertyOp39
 70
     1
102
RTVSPropertyOp40
 70
     1
102
RTVSPropertyOp41
 70
     1
102
RTVSPropertyOp42
 70
     1
102
RTVSPropertyOp43
 70
     1
102
RTVSPropertyOp44
 70
     1
102
RTVSPropertyOp45
 70
     1
102
RTVSPropertyOp46
 70
     1
102
RTVSPropertyOp47
 70
     1
102
RTVSPropertyOp48
 70
     1
102
RTVSPropertyOp49
 70
     1
102
RTVSPropertyOp50
 70
     1
102
RTVSPropertyOp51
 70
     0
102
RTVSPropertyOp52
 70
     0
102
RTVSPropertyOp53
 70
     1
102
RTVSPropertyOp54
 70
     1
102
RTVSPropertyOp55
 70
     1
102
RTVSPropertyOp56
 70
     1
102
RTVSPropertyOp57
 70
     1
102
RTVSPropertyOp58
 70
     1
102
RTVSPropertyOp59
 70
     1
102
RTVSPropertyOp60
 70
     1
102
RTVSPropertyOp61
 70
     1
102
RTVSPropertyOp62
 70
     1
  0
XRECORD
  5
148
102
{ACAD_REACTORS
330
147
102
}
330
147
100
AcDbXrecord
280
     1
102
RTVSPost2010Prop28
280
     0
102
RTVSPost2010PropOp28
 70
     1
102
RTVSPost2010Prop29
280
     1
102
RTVSPost2010PropOp29
 70
     1
102
RTVSPost2010Prop30
280
     1
102
RTVSPost2010PropOp30
 70
     1
102
RTVSPost2010Prop31
280
     0
102
RTVSPost2010PropOp31
 70
     1
102
RTVSPost2010Prop32
280
     0
102
RTVSPost2010PropOp32
 70
     1
102
RTVSPost2010Prop33
280
     0
102
RTVSPost2010PropOp33
 70
     1
102
RTVSPost2010Prop34
280
     0
102
RTVSPost2010PropOp34
 70
     1
102
RTVSPost2010Prop35
280
     0
102
RTVSPost2010PropOp35
 70
     1
102
RTVSPost2010Prop36
280
     0
102
RTVSPost2010PropOp36
 70
     1
102
RTVSPost2010Prop37
 90
       50
102
RTVSPost2010PropOp37
 70
     1
102
RTVSPost2010Prop38
140
0.0
102
RTVSPost2010PropOp38
 70
     1
102
RTVSPost2010Prop39
140
1.0
102
RTVSPost2010PropOp39
 70
     1
102
RTVSPost2010Prop40
 90
        0
102
RTVSPost2010PropOp40
 70
     1
102
RTVSPost2010Prop41ColorIndex
 90
       18
102
RTVSPost2010Prop41ColorRGB
 90
        0
102
RTVSPost2010PropOp41
 70
     1
102
RTVSPost2010Prop42
 90
       50
102
RTVSPost2010PropOp42
 70
     1
102
RTVSPost2010Prop43
 90
        3
102
RTVSPost2010PropOp43
 70
     1
102
RTVSPost2010Prop44ColorIndex
 90
        5
102
RTVSPost2010Prop44ColorRGB
 90
      255
102
RTVSPost2010PropOp44
 70
     1
102
RTVSPost2010Prop45
280
     0
102
RTVSPost2010PropOp45
 70
     1
102
RTVSPost2010Prop46
 90
       50
102
RTVSPost2010PropOp46
 70
     1
102
RTVSPost2010Prop47
 90
       50
102
RTVSPost2010PropOp47
 70
     1
102
RTVSPost2010Prop48
 90
       50
102
RTVSPost2010PropOp48
 70
     1
102
RTVSPost2010Prop49
280
     0
102
RTVSPost2010PropOp49
 70
     1
102
RTVSPost2010Prop50
 90
       50
102
RTVSPost2010PropOp50
 70
     1
102
RTVSPost2010Prop51ColorIndex
 90
      256
102
RTVSPost2010Prop51ColorRGB
 90
-16777216
102
RTVSPost2010PropOp51
 70
     0
102
RTVSPost2010Prop52
140
1.0
102
RTVSPost2010PropOp52
 70
     0
102
RTVSPost2010Prop53
 90
        2
102
RTVSPost2010PropOp53
 70
     1
102
RTVSPost2010Prop54
  1
strokes_ogs.tif
102
RTVSPost2010PropOp54
 70
     1
102
RTVSPost2010Prop55
280
     0
102
RTVSPost2010PropOp55
 70
     1
102
RTVSPost2010Prop56
140
1.0
102
RTVSPost2010PropOp56
 70
     1
102
RTVSPost2010Prop57
140
1.0
102
RTVSPost2010PropOp57
 70
     1
102
RTVSPropertyOp0
 70
     1
102
RTVSPropertyOp1
 70
     1
102
RTVSPropertyOp2
 70
     1
102
RTVSPropertyOp3
 70
     1
102
RTVSPropertyOp4
 70
     1
102
RTVSPropertyOp5
 70
     1
102
RTVSPropertyOp6
 70
     1
102
RTVSPropertyOp7
 70
     1
102
RTVSPropertyOp8
 70
     1
102
RTVSPropertyOp9
 70
     1
102
RTVSPropertyOp10
 70
     1
102
RTVSPropertyOp11
 70
     1
102
RTVSPropertyOp12
 70
     1
102
RTVSPropertyOp13
 70
     1
102
RTVSPropertyOp14
 70
     1
102
RTVSPropertyOp15
 70
     1
102
RTVSPropertyOp16
 70
     1
102
RTVSPropertyOp17
 70
     1
102
RTVSPropertyOp18
 70
     1
102
RTVSPropertyOp19
 70
     1
102
RTVSPropertyOp20
 70
     1
102
RTVSPropertyOp21
 70
     1
102
RTVSPropertyOp22
 70
     1
102
RTVSPropertyOp23
 70
     1
102
RTVSPropertyOp24
 70
     1
102
RTVSPropertyOp25
 70
     1
102
RTVSPropertyOp26
 70
     1
102
RTVSPropertyOp27
 70
     1
102
RTVSPropertyOp28
 70
     1
102
RTVSPropertyOp29
 70
     1
102
RTVSPropertyOp30
 70
     1
102
RTVSPropertyOp31
 70
     1
102
RTVSPropertyOp32
 70
     1
102
RTVSPropertyOp33
 70
     1
102
RTVSPropertyOp34
 70
     1
102
RTVSPropertyOp35
 70
     1
102
RTVSPropertyOp36
 70
     1
102
RTVSPropertyOp37
 70
     1
102
RTVSPropertyOp38
 70
     1
102
RTVSPropertyOp39
 70
     1
102
RTVSPropertyOp40
 70
     1
102
RTVSPropertyOp41
 70
     1
102
RTVSPropertyOp42
 70
     1
102
RTVSPropertyOp43
 70
     1
102
RTVSPropertyOp44
 70
     1
102
RTVSPropertyOp45
 70
     1
102
RTVSPropertyOp46
 70
     1
102
RTVSPropertyOp47
 70
     1
102
RTVSPropertyOp48
 70
     1
102
RTVSPropertyOp49
 70
     1
102
RTVSPropertyOp50
 70
     1
102
RTVSPropertyOp51
 70
     0
102
RTVSPropertyOp52
 70
     0
102
RTVSPropertyOp53
 70
     1
102
RTVSPropertyOp54
 70
     1
102
RTVSPropertyOp55
 70
     1
102
RTVSPropertyOp56
 70
     1
102
RTVSPropertyOp57
 70
     1
102
RTVSPropertyOp58
 70
     1
102
RTVSPropertyOp59
 70
     1
102
RTVSPropertyOp60
 70
     1
102
RTVSPropertyOp61
 70
     1
102
RTVSPropertyOp62
 70
     1
  0
XRECORD
  5
162
102
{ACAD_REACTORS
330
161
102
}
330
161
100
AcDbXrecord
280
     1
102
RTVSPost2010Prop28
280
     0
102
RTVSPost2010PropOp28
 70
     0
102
RTVSPost2010Prop29
280
     1
102
RTVSPost2010PropOp29
 70
     0
102
RTVSPost2010Prop30
280
     1
102
RTVSPost2010PropOp30
 70
     0
102
RTVSPost2010Prop31
280
     0
102
RTVSPost2010PropOp31
 70
     0
102
RTVSPost2010Prop32
280
     0
102
RTVSPost2010PropOp32
 70
     0
102
RTVSPost2010Prop33
280
     0
102
RTVSPost2010PropOp33
 70
     0
102
RTVSPost2010Prop34
280
     0
102
RTVSPost2010PropOp34
 70
     0
102
RTVSPost2010Prop35
280
     0
102
RTVSPost2010PropOp35
 70
     0
102
RTVSPost2010Prop36
280
     0
102
RTVSPost2010PropOp36
 70
     0
102
RTVSPost2010Prop37
 90
       50
102
RTVSPost2010PropOp37
 70
     0
102
RTVSPost2010Prop38
140
0.0
102
RTVSPost2010PropOp38
 70
     0
102
RTVSPost2010Prop39
140
1.0
102
RTVSPost2010PropOp39
 70
     0
102
RTVSPost2010Prop40
 90
        0
102
RTVSPost2010PropOp40
 70
     0
102
RTVSPost2010Prop41ColorIndex
 90
       18
102
RTVSPost2010Prop41ColorRGB
 90
        0
102
RTVSPost2010PropOp41
 70
     0
102
RTVSPost2010Prop42
 90
       50
102
RTVSPost2010PropOp42
 70
     0
102
RTVSPost2010Prop43
 90
        3
102
RTVSPost2010PropOp43
 70
     0
102
RTVSPost2010Prop44ColorIndex
 90
        5
102
RTVSPost2010Prop44ColorRGB
 90
      255
102
RTVSPost2010PropOp44
 70
     0
102
RTVSPost2010Prop45
280
     0
102
RTVSPost2010PropOp45
 70
     0
102
RTVSPost2010Prop46
 90
       50
102
RTVSPost2010PropOp46
 70
     0
102
RTVSPost2010Prop47
 90
       50
102
RTVSPost2010PropOp47
 70
     0
102
RTVSPost2010Prop48
 90
       50
102
RTVSPost2010PropOp48
 70
     0
102
RTVSPost2010Prop49
280
     0
102
RTVSPost2010PropOp49
 70
     0
102
RTVSPost2010Prop50
 90
       50
102
RTVSPost2010PropOp50
 70
     0
102
RTVSPost2010Prop51ColorIndex
 90
      256
102
RTVSPost2010Prop51ColorRGB
 90
-16777216
102
RTVSPost2010PropOp51
 70
     0
102
RTVSPost2010Prop52
140
1.0
102
RTVSPost2010PropOp52
 70
     0
102
RTVSPost2010Prop53
 90
        2
102
RTVSPost2010PropOp53
 70
     0
102
RTVSPost2010Prop54
  1
strokes_ogs.tif
102
RTVSPost2010PropOp54
 70
     0
102
RTVSPost2010Prop55
280
     0
102
RTVSPost2010PropOp55
 70
     0
102
RTVSPost2010Prop56
140
1.0
102
RTVSPost2010PropOp56
 70
     0
102
RTVSPost2010Prop57
140
1.0
102
RTVSPost2010PropOp57
 70
     0
102
RTVSPropertyOp0
 70
     0
102
RTVSPropertyOp1
 70
     0
102
RTVSPropertyOp2
 70
     0
102
RTVSPropertyOp3
 70
     0
102
RTVSPropertyOp4
 70
     0
102
RTVSPropertyOp5
 70
     0
102
RTVSPropertyOp6
 70
     0
102
RTVSPropertyOp7
 70
     0
102
RTVSPropertyOp8
 70
     0
102
RTVSPropertyOp9
 70
     0
102
RTVSPropertyOp10
 70
     0
102
RTVSPropertyOp11
 70
     0
102
RTVSPropertyOp12
 70
     0
102
RTVSPropertyOp13
 70
     0
102
RTVSPropertyOp14
 70
     2
102
RTVSPropertyOp15
 70
     0
102
RTVSPropertyOp16
 70
     0
102
RTVSPropertyOp17
 70
     0
102
RTVSPropertyOp18
 70
     0
102
RTVSPropertyOp19
 70
     0
102
RTVSPropertyOp20
 70
     0
102
RTVSPropertyOp21
 70
     0
102
RTVSPropertyOp22
 70
     0
102
RTVSPropertyOp23
 70
     0
102
RTVSPropertyOp24
 70
     0
102
RTVSPropertyOp25
 70
     0
102
RTVSPropertyOp26
 70
     0
102
RTVSPropertyOp27
 70
     0
102
RTVSPropertyOp28
 70
     0
102
RTVSPropertyOp29
 70
     0
102
RTVSPropertyOp30
 70
     0
102
RTVSPropertyOp31
 70
     0
102
RTVSPropertyOp32
 70
     0
102
RTVSPropertyOp33
 70
     0
102
RTVSPropertyOp34
 70
     0
102
RTVSPropertyOp35
 70
     0
102
RTVSPropertyOp36
 70
     0
102
RTVSPropertyOp37
 70
     0
102
RTVSPropertyOp38
 70
     0
102
RTVSPropertyOp39
 70
     0
102
RTVSPropertyOp40
 70
     0
102
RTVSPropertyOp41
 70
     0
102
RTVSPropertyOp42
 70
     0
102
RTVSPropertyOp43
 70
     0
102
RTVSPropertyOp44
 70
     0
102
RTVSPropertyOp45
 70
     0
102
RTVSPropertyOp46
 70
     0
102
RTVSPropertyOp47
 70
     0
102
RTVSPropertyOp48
 70
     0
102
RTVSPropertyOp49
 70
     0
102
RTVSPropertyOp50
 70
     0
102
RTVSPropertyOp51
 70
     0
102
RTVSPropertyOp52
 70
     0
102
RTVSPropertyOp53
 70
     0
102
RTVSPropertyOp54
 70
     0
102
RTVSPropertyOp55
 70
     0
102
RTVSPropertyOp56
 70
     0
102
RTVSPropertyOp57
 70
     0
102
RTVSPropertyOp58
 70
     0
102
RTVSPropertyOp59
 70
     0
102
RTVSPropertyOp60
 70
     0
102
RTVSPropertyOp61
 70
     0
102
RTVSPropertyOp62
 70
     0
  0
XRECORD
  5
150
102
{ACAD_REACTORS
330
14F
102
}
330
14F
100
AcDbXrecord
280
     1
102
RTVSPost2010Prop28
280
     0
102
RTVSPost2010PropOp28
 70
     1
102
RTVSPost2010Prop29
280
     1
102
RTVSPost2010PropOp29
 70
     1
102
RTVSPost2010Prop30
280
     1
102
RTVSPost2010PropOp30
 70
     1
102
RTVSPost2010Prop31
280
     0
102
RTVSPost2010PropOp31
 70
     1
102
RTVSPost2010Prop32
280
     0
102
RTVSPost2010PropOp32
 70
     1
102
RTVSPost2010Prop33
280
     0
102
RTVSPost2010PropOp33
 70
     1
102
RTVSPost2010Prop34
280
     0
102
RTVSPost2010PropOp34
 70
     1
102
RTVSPost2010Prop35
280
     0
102
RTVSPost2010PropOp35
 70
     1
102
RTVSPost2010Prop36
280
     0
102
RTVSPost2010PropOp36
 70
     1
102
RTVSPost2010Prop37
 90
       50
102
RTVSPost2010PropOp37
 70
     1
102
RTVSPost2010Prop38
140
0.0
102
RTVSPost2010PropOp38
 70
     1
102
RTVSPost2010Prop39
140
1.0
102
RTVSPost2010PropOp39
 70
     1
102
RTVSPost2010Prop40
 90
        0
102
RTVSPost2010PropOp40
 70
     1
102
RTVSPost2010Prop41ColorIndex
 90
       18
102
RTVSPost2010Prop41ColorRGB
 90
        0
102
RTVSPost2010PropOp41
 70
     1
102
RTVSPost2010Prop42
 90
       50
102
RTVSPost2010PropOp42
 70
     1
102
RTVSPost2010Prop43
 90
        3
102
RTVSPost2010PropOp43
 70
     1
102
RTVSPost2010Prop44ColorIndex
 90
        5
102
RTVSPost2010Prop44ColorRGB
 90
      255
102
RTVSPost2010PropOp44
 70
     1
102
RTVSPost2010Prop45
280
     0
102
RTVSPost2010PropOp45
 70
     1
102
RTVSPost2010Prop46
 90
       50
102
RTVSPost2010PropOp46
 70
     1
102
RTVSPost2010Prop47
 90
       50
102
RTVSPost2010PropOp47
 70
     1
102
RTVSPost2010Prop48
 90
       50
102
RTVSPost2010PropOp48
 70
     1
102
RTVSPost2010Prop49
280
     0
102
RTVSPost2010PropOp49
 70
     1
102
RTVSPost2010Prop50
 90
       50
102
RTVSPost2010PropOp50
 70
     1
102
RTVSPost2010Prop51ColorIndex
 90
      256
102
RTVSPost2010Prop51ColorRGB
 90
-16777216
102
RTVSPost2010PropOp51
 70
     0
102
RTVSPost2010Prop52
140
1.0
102
RTVSPost2010PropOp52
 70
     0
102
RTVSPost2010Prop53
 90
        2
102
RTVSPost2010PropOp53
 70
     1
102
RTVSPost2010Prop54
  1
strokes_ogs.tif
102
RTVSPost2010PropOp54
 70
     1
102
RTVSPost2010Prop55
280
     0
102
RTVSPost2010PropOp55
 70
     1
102
RTVSPost2010Prop56
140
1.0
102
RTVSPost2010PropOp56
 70
     1
102
RTVSPost2010Prop57
140
1.0
102
RTVSPost2010PropOp57
 70
     1
102
RTVSPropertyOp0
 70
     1
102
RTVSPropertyOp1
 70
     1
102
RTVSPropertyOp2
 70
     1
102
RTVSPropertyOp3
 70
     1
102
RTVSPropertyOp4
 70
     1
102
RTVSPropertyOp5
 70
     1
102
RTVSPropertyOp6
 70
     1
102
RTVSPropertyOp7
 70
     1
102
RTVSPropertyOp8
 70
     1
102
RTVSPropertyOp9
 70
     1
102
RTVSPropertyOp10
 70
     1
102
RTVSPropertyOp11
 70
     1
102
RTVSPropertyOp12
 70
     1
102
RTVSPropertyOp13
 70
     1
102
RTVSPropertyOp14
 70
     1
102
RTVSPropertyOp15
 70
     1
102
RTVSPropertyOp16
 70
     1
102
RTVSPropertyOp17
 70
     1
102
RTVSPropertyOp18
 70
     1
102
RTVSPropertyOp19
 70
     1
102
RTVSPropertyOp20
 70
     1
102
RTVSPropertyOp21
 70
     1
102
RTVSPropertyOp22
 70
     1
102
RTVSPropertyOp23
 70
     1
102
RTVSPropertyOp24
 70
     1
102
RTVSPropertyOp25
 70
     1
102
RTVSPropertyOp26
 70
     1
102
RTVSPropertyOp27
 70
     1
102
RTVSPropertyOp28
 70
     1
102
RTVSPropertyOp29
 70
     1
102
RTVSPropertyOp30
 70
     1
102
RTVSPropertyOp31
 70
     1
102
RTVSPropertyOp32
 70
     1
102
RTVSPropertyOp33
 70
     1
102
RTVSPropertyOp34
 70
     1
102
RTVSPropertyOp35
 70
     1
102
RTVSPropertyOp36
 70
     1
102
RTVSPropertyOp37
 70
     1
102
RTVSPropertyOp38
 70
     1
102
RTVSPropertyOp39
 70
     1
102
RTVSPropertyOp40
 70
     1
102
RTVSPropertyOp41
 70
     1
102
RTVSPropertyOp42
 70
     1
102
RTVSPropertyOp43
 70
     1
102
RTVSPropertyOp44
 70
     1
102
RTVSPropertyOp45
 70
     1
102
RTVSPropertyOp46
 70
     1
102
RTVSPropertyOp47
 70
     1
102
RTVSPropertyOp48
 70
     1
102
RTVSPropertyOp49
 70
     1
102
RTVSPropertyOp50
 70
     1
102
RTVSPropertyOp51
 70
     0
102
RTVSPropertyOp52
 70
     0
102
RTVSPropertyOp53
 70
     1
102
RTVSPropertyOp54
 70
     1
102
RTVSPropertyOp55
 70
     1
102
RTVSPropertyOp56
 70
     1
102
RTVSPropertyOp57
 70
     1
102
RTVSPropertyOp58
 70
     1
102
RTVSPropertyOp59
 70
     1
102
RTVSPropertyOp60
 70
     1
102
RTVSPropertyOp61
 70
     1
102
RTVSPropertyOp62
 70
     1
  0
XRECORD
  5
134
102
{ACAD_REACTORS
330
133
102
}
330
133
100
AcDbXrecord
280
     1
102
RTVSPost2010Prop28
280
     0
102
RTVSPost2010PropOp28
 70
     1
102
RTVSPost2010Prop29
280
     1
102
RTVSPost2010PropOp29
 70
     1
102
RTVSPost2010Prop30
280
     1
102
RTVSPost2010PropOp30
 70
     1
102
RTVSPost2010Prop31
280
     0
102
RTVSPost2010PropOp31
 70
     1
102
RTVSPost2010Prop32
280
     0
102
RTVSPost2010PropOp32
 70
     1
102
RTVSPost2010Prop33
280
     0
102
RTVSPost2010PropOp33
 70
     1
102
RTVSPost2010Prop34
280
     0
102
RTVSPost2010PropOp34
 70
     1
102
RTVSPost2010Prop35
280
     0
102
RTVSPost2010PropOp35
 70
     1
102
RTVSPost2010Prop36
280
     0
102
RTVSPost2010PropOp36
 70
     1
102
RTVSPost2010Prop37
 90
       50
102
RTVSPost2010PropOp37
 70
     1
102
RTVSPost2010Prop38
140
0.0
102
RTVSPost2010PropOp38
 70
     1
102
RTVSPost2010Prop39
140
1.0
102
RTVSPost2010PropOp39
 70
     1
102
RTVSPost2010Prop40
 90
        0
102
RTVSPost2010PropOp40
 70
     1
102
RTVSPost2010Prop41ColorIndex
 90
       18
102
RTVSPost2010Prop41ColorRGB
 90
        0
102
RTVSPost2010PropOp41
 70
     1
102
RTVSPost2010Prop42
 90
       50
102
RTVSPost2010PropOp42
 70
     1
102
RTVSPost2010Prop43
 90
        3
102
RTVSPost2010PropOp43
 70
     1
102
RTVSPost2010Prop44ColorIndex
 90
        5
102
RTVSPost2010Prop44ColorRGB
 90
      255
102
RTVSPost2010PropOp44
 70
     1
102
RTVSPost2010Prop45
280
     0
102
RTVSPost2010PropOp45
 70
     1
102
RTVSPost2010Prop46
 90
       50
102
RTVSPost2010PropOp46
 70
     1
102
RTVSPost2010Prop47
 90
       50
102
RTVSPost2010PropOp47
 70
     1
102
RTVSPost2010Prop48
 90
       50
102
RTVSPost2010PropOp48
 70
     1
102
RTVSPost2010Prop49
280
     0
102
RTVSPost2010PropOp49
 70
     1
102
RTVSPost2010Prop50
 90
       50
102
RTVSPost2010PropOp50
 70
     1
102
RTVSPost2010Prop51ColorIndex
 90
      256
102
RTVSPost2010Prop51ColorRGB
 90
-16777216
102
RTVSPost2010PropOp51
 70
     0
102
RTVSPost2010Prop52
140
1.0
102
RTVSPost2010PropOp52
 70
     0
102
RTVSPost2010Prop53
 90
        2
102
RTVSPost2010PropOp53
 70
     1
102
RTVSPost2010Prop54
  1
strokes_ogs.tif
102
RTVSPost2010PropOp54
 70
     1
102
RTVSPost2010Prop55
280
     0
102
RTVSPost2010PropOp55
 70
     1
102
RTVSPost2010Prop56
140
1.0
102
RTVSPost2010PropOp56
 70
     1
102
RTVSPost2010Prop57
140
1.0
102
RTVSPost2010PropOp57
 70
     1
102
RTVSPropertyOp0
 70
     1
102
RTVSPropertyOp1
 70
     1
102
RTVSPropertyOp2
 70
     1
102
RTVSPropertyOp3
 70
     1
102
RTVSPropertyOp4
 70
     1
102
RTVSPropertyOp5
 70
     1
102
RTVSPropertyOp6
 70
     1
102
RTVSPropertyOp7
 70
     1
102
RTVSPropertyOp8
 70
     1
102
RTVSPropertyOp9
 70
     1
102
RTVSPropertyOp10
 70
     1
102
RTVSPropertyOp11
 70
     1
102
RTVSPropertyOp12
 70
     1
102
RTVSPropertyOp13
 70
     1
102
RTVSPropertyOp14
 70
     1
102
RTVSPropertyOp15
 70
     1
102
RTVSPropertyOp16
 70
     1
102
RTVSPropertyOp17
 70
     1
102
RTVSPropertyOp18
 70
     1
102
RTVSPropertyOp19
 70
     1
102
RTVSPropertyOp20
 70
     1
102
RTVSPropertyOp21
 70
     1
102
RTVSPropertyOp22
 70
     1
102
RTVSPropertyOp23
 70
     1
102
RTVSPropertyOp24
 70
     1
102
RTVSPropertyOp25
 70
     1
102
RTVSPropertyOp26
 70
     1
102
RTVSPropertyOp27
 70
     1
102
RTVSPropertyOp28
 70
     1
102
RTVSPropertyOp29
 70
     1
102
RTVSPropertyOp30
 70
     1
102
RTVSPropertyOp31
 70
     1
102
RTVSPropertyOp32
 70
     1
102
RTVSPropertyOp33
 70
     1
102
RTVSPropertyOp34
 70
     1
102
RTVSPropertyOp35
 70
     1
102
RTVSPropertyOp36
 70
     1
102
RTVSPropertyOp37
 70
     1
102
RTVSPropertyOp38
 70
     1
102
RTVSPropertyOp39
 70
     1
102
RTVSPropertyOp40
 70
     1
102
RTVSPropertyOp41
 70
     1
102
RTVSPropertyOp42
 70
     1
102
RTVSPropertyOp43
 70
     1
102
RTVSPropertyOp44
 70
     1
102
RTVSPropertyOp45
 70
     1
102
RTVSPropertyOp46
 70
     1
102
RTVSPropertyOp47
 70
     1
102
RTVSPropertyOp48
 70
     1
102
RTVSPropertyOp49
 70
     1
102
RTVSPropertyOp50
 70
     1
102
RTVSPropertyOp51
 70
     0
102
RTVSPropertyOp52
 70
     0
102
RTVSPropertyOp53
 70
     1
102
RTVSPropertyOp54
 70
     1
102
RTVSPropertyOp55
 70
     1
102
RTVSPropertyOp56
 70
     1
102
RTVSPropertyOp57
 70
     1
102
RTVSPropertyOp58
 70
     1
102
RTVSPropertyOp59
 70
     1
102
RTVSPropertyOp60
 70
     1
102
RTVSPropertyOp61
 70
     1
102
RTVSPropertyOp62
 70
     1
  0
XRECORD
  5
136
102
{ACAD_REACTORS
330
135
102
}
330
135
100
AcDbXrecord
280
     1
102
RTVSPost2010Prop28
280
     0
102
RTVSPost2010PropOp28
 70
     1
102
RTVSPost2010Prop29
280
     1
102
RTVSPost2010PropOp29
 70
     1
102
RTVSPost2010Prop30
280
     1
102
RTVSPost2010PropOp30
 70
     1
102
RTVSPost2010Prop31
280
     0
102
RTVSPost2010PropOp31
 70
     1
102
RTVSPost2010Prop32
280
     0
102
RTVSPost2010PropOp32
 70
     1
102
RTVSPost2010Prop33
280
     0
102
RTVSPost2010PropOp33
 70
     1
102
RTVSPost2010Prop34
280
     0
102
RTVSPost2010PropOp34
 70
     1
102
RTVSPost2010Prop35
280
     0
102
RTVSPost2010PropOp35
 70
     1
102
RTVSPost2010Prop36
280
     0
102
RTVSPost2010PropOp36
 70
     1
102
RTVSPost2010Prop37
 90
       50
102
RTVSPost2010PropOp37
 70
     1
102
RTVSPost2010Prop38
140
0.0
102
RTVSPost2010PropOp38
 70
     1
102
RTVSPost2010Prop39
140
1.0
102
RTVSPost2010PropOp39
 70
     1
102
RTVSPost2010Prop40
 90
        0
102
RTVSPost2010PropOp40
 70
     1
102
RTVSPost2010Prop41ColorIndex
 90
       18
102
RTVSPost2010Prop41ColorRGB
 90
        0
102
RTVSPost2010PropOp41
 70
     1
102
RTVSPost2010Prop42
 90
       50
102
RTVSPost2010PropOp42
 70
     1
102
RTVSPost2010Prop43
 90
        3
102
RTVSPost2010PropOp43
 70
     1
102
RTVSPost2010Prop44ColorIndex
 90
        5
102
RTVSPost2010Prop44ColorRGB
 90
      255
102
RTVSPost2010PropOp44
 70
     1
102
RTVSPost2010Prop45
280
     0
102
RTVSPost2010PropOp45
 70
     1
102
RTVSPost2010Prop46
 90
       50
102
RTVSPost2010PropOp46
 70
     1
102
RTVSPost2010Prop47
 90
       50
102
RTVSPost2010PropOp47
 70
     1
102
RTVSPost2010Prop48
 90
       50
102
RTVSPost2010PropOp48
 70
     1
102
RTVSPost2010Prop49
280
     0
102
RTVSPost2010PropOp49
 70
     1
102
RTVSPost2010Prop50
 90
       50
102
RTVSPost2010PropOp50
 70
     1
102
RTVSPost2010Prop51ColorIndex
 90
      256
102
RTVSPost2010Prop51ColorRGB
 90
-16777216
102
RTVSPost2010PropOp51
 70
     0
102
RTVSPost2010Prop52
140
1.0
102
RTVSPost2010PropOp52
 70
     0
102
RTVSPost2010Prop53
 90
        2
102
RTVSPost2010PropOp53
 70
     1
102
RTVSPost2010Prop54
  1
strokes_ogs.tif
102
RTVSPost2010PropOp54
 70
     1
102
RTVSPost2010Prop55
280
     0
102
RTVSPost2010PropOp55
 70
     1
102
RTVSPost2010Prop56
140
1.0
102
RTVSPost2010PropOp56
 70
     1
102
RTVSPost2010Prop57
140
1.0
102
RTVSPost2010PropOp57
 70
     1
102
RTVSPropertyOp0
 70
     1
102
RTVSPropertyOp1
 70
     1
102
RTVSPropertyOp2
 70
     1
102
RTVSPropertyOp3
 70
     1
102
RTVSPropertyOp4
 70
     1
102
RTVSPropertyOp5
 70
     1
102
RTVSPropertyOp6
 70
     1
102
RTVSPropertyOp7
 70
     1
102
RTVSPropertyOp8
 70
     1
102
RTVSPropertyOp9
 70
     1
102
RTVSPropertyOp10
 70
     1
102
RTVSPropertyOp11
 70
     1
102
RTVSPropertyOp12
 70
     1
102
RTVSPropertyOp13
 70
     1
102
RTVSPropertyOp14
 70
     1
102
RTVSPropertyOp15
 70
     1
102
RTVSPropertyOp16
 70
     1
102
RTVSPropertyOp17
 70
     1
102
RTVSPropertyOp18
 70
     1
102
RTVSPropertyOp19
 70
     1
102
RTVSPropertyOp20
 70
     1
102
RTVSPropertyOp21
 70
     1
102
RTVSPropertyOp22
 70
     1
102
RTVSPropertyOp23
 70
     1
102
RTVSPropertyOp24
 70
     1
102
RTVSPropertyOp25
 70
     1
102
RTVSPropertyOp26
 70
     1
102
RTVSPropertyOp27
 70
     1
102
RTVSPropertyOp28
 70
     1
102
RTVSPropertyOp29
 70
     1
102
RTVSPropertyOp30
 70
     1
102
RTVSPropertyOp31
 70
     1
102
RTVSPropertyOp32
 70
     1
102
RTVSPropertyOp33
 70
     1
102
RTVSPropertyOp34
 70
     1
102
RTVSPropertyOp35
 70
     1
102
RTVSPropertyOp36
 70
     1
102
RTVSPropertyOp37
 70
     1
102
RTVSPropertyOp38
 70
     1
102
RTVSPropertyOp39
 70
     1
102
RTVSPropertyOp40
 70
     1
102
RTVSPropertyOp41
 70
     1
102
RTVSPropertyOp42
 70
     1
102
RTVSPropertyOp43
 70
     1
102
RTVSPropertyOp44
 70
     1
102
RTVSPropertyOp45
 70
     1
102
RTVSPropertyOp46
 70
     1
102
RTVSPropertyOp47
 70
     1
102
RTVSPropertyOp48
 70
     1
102
RTVSPropertyOp49
 70
     1
102
RTVSPropertyOp50
 70
     1
102
RTVSPropertyOp51
 70
     0
102
RTVSPropertyOp52
 70
     0
102
RTVSPropertyOp53
 70
     1
102
RTVSPropertyOp54
 70
     1
102
RTVSPropertyOp55
 70
     1
102
RTVSPropertyOp56
 70
     1
102
RTVSPropertyOp57
 70
     1
102
RTVSPropertyOp58
 70
     1
102
RTVSPropertyOp59
 70
     1
102
RTVSPropertyOp60
 70
     1
102
RTVSPropertyOp61
 70
     1
102
RTVSPropertyOp62
 70
     1
  0
XRECORD
  5
138
102
{ACAD_REACTORS
330
137
102
}
330
137
100
AcDbXrecord
280
     1
102
RTVSPost2010Prop28
280
     0
102
RTVSPost2010PropOp28
 70
     1
102
RTVSPost2010Prop29
280
     1
102
RTVSPost2010PropOp29
 70
     1
102
RTVSPost2010Prop30
280
     1
102
RTVSPost2010PropOp30
 70
     1
102
RTVSPost2010Prop31
280
     0
102
RTVSPost2010PropOp31
 70
     1
102
RTVSPost2010Prop32
280
     0
102
RTVSPost2010PropOp32
 70
     1
102
RTVSPost2010Prop33
280
     0
102
RTVSPost2010PropOp33
 70
     1
102
RTVSPost2010Prop34
280
     0
102
RTVSPost2010PropOp34
 70
     1
102
RTVSPost2010Prop35
280
     0
102
RTVSPost2010PropOp35
 70
     1
102
RTVSPost2010Prop36
280
     0
102
RTVSPost2010PropOp36
 70
     1
102
RTVSPost2010Prop37
 90
       50
102
RTVSPost2010PropOp37
 70
     1
102
RTVSPost2010Prop38
140
0.0
102
RTVSPost2010PropOp38
 70
     1
102
RTVSPost2010Prop39
140
1.0
102
RTVSPost2010PropOp39
 70
     1
102
RTVSPost2010Prop40
 90
        0
102
RTVSPost2010PropOp40
 70
     1
102
RTVSPost2010Prop41ColorIndex
 90
       18
102
RTVSPost2010Prop41ColorRGB
 90
        0
102
RTVSPost2010PropOp41
 70
     1
102
RTVSPost2010Prop42
 90
       50
102
RTVSPost2010PropOp42
 70
     1
102
RTVSPost2010Prop43
 90
        3
102
RTVSPost2010PropOp43
 70
     1
102
RTVSPost2010Prop44ColorIndex
 90
        5
102
RTVSPost2010Prop44ColorRGB
 90
      255
102
RTVSPost2010PropOp44
 70
     1
102
RTVSPost2010Prop45
280
     0
102
RTVSPost2010PropOp45
 70
     1
102
RTVSPost2010Prop46
 90
       50
102
RTVSPost2010PropOp46
 70
     1
102
RTVSPost2010Prop47
 90
       50
102
RTVSPost2010PropOp47
 70
     1
102
RTVSPost2010Prop48
 90
       50
102
RTVSPost2010PropOp48
 70
     1
102
RTVSPost2010Prop49
280
     0
102
RTVSPost2010PropOp49
 70
     1
102
RTVSPost2010Prop50
 90
       50
102
RTVSPost2010PropOp50
 70
     1
102
RTVSPost2010Prop51ColorIndex
 90
      256
102
RTVSPost2010Prop51ColorRGB
 90
-16777216
102
RTVSPost2010PropOp51
 70
     0
102
RTVSPost2010Prop52
140
1.0
102
RTVSPost2010PropOp52
 70
     0
102
RTVSPost2010Prop53
 90
        2
102
RTVSPost2010PropOp53
 70
     1
102
RTVSPost2010Prop54
  1
strokes_ogs.tif
102
RTVSPost2010PropOp54
 70
     1
102
RTVSPost2010Prop55
280
     0
102
RTVSPost2010PropOp55
 70
     1
102
RTVSPost2010Prop56
140
1.0
102
RTVSPost2010PropOp56
 70
     1
102
RTVSPost2010Prop57
140
1.0
102
RTVSPost2010PropOp57
 70
     1
102
RTVSPropertyOp0
 70
     1
102
RTVSPropertyOp1
 70
     1
102
RTVSPropertyOp2
 70
     1
102
RTVSPropertyOp3
 70
     1
102
RTVSPropertyOp4
 70
     1
102
RTVSPropertyOp5
 70
     1
102
RTVSPropertyOp6
 70
     1
102
RTVSPropertyOp7
 70
     1
102
RTVSPropertyOp8
 70
     1
102
RTVSPropertyOp9
 70
     1
102
RTVSPropertyOp10
 70
     1
102
RTVSPropertyOp11
 70
     1
102
RTVSPropertyOp12
 70
     1
102
RTVSPropertyOp13
 70
     1
102
RTVSPropertyOp14
 70
     1
102
RTVSPropertyOp15
 70
     1
102
RTVSPropertyOp16
 70
     1
102
RTVSPropertyOp17
 70
     1
102
RTVSPropertyOp18
 70
     1
102
RTVSPropertyOp19
 70
     1
102
RTVSPropertyOp20
 70
     1
102
RTVSPropertyOp21
 70
     1
102
RTVSPropertyOp22
 70
     1
102
RTVSPropertyOp23
 70
     1
102
RTVSPropertyOp24
 70
     1
102
RTVSPropertyOp25
 70
     1
102
RTVSPropertyOp26
 70
     1
102
RTVSPropertyOp27
 70
     1
102
RTVSPropertyOp28
 70
     1
102
RTVSPropertyOp29
 70
     1
102
RTVSPropertyOp30
 70
     1
102
RTVSPropertyOp31
 70
     1
102
RTVSPropertyOp32
 70
     1
102
RTVSPropertyOp33
 70
     1
102
RTVSPropertyOp34
 70
     1
102
RTVSPropertyOp35
 70
     1
102
RTVSPropertyOp36
 70
     1
102
RTVSPropertyOp37
 70
     1
102
RTVSPropertyOp38
 70
     1
102
RTVSPropertyOp39
 70
     1
102
RTVSPropertyOp40
 70
     1
102
RTVSPropertyOp41
 70
     1
102
RTVSPropertyOp42
 70
     1
102
RTVSPropertyOp43
 70
     1
102
RTVSPropertyOp44
 70
     1
102
RTVSPropertyOp45
 70
     1
102
RTVSPropertyOp46
 70
     1
102
RTVSPropertyOp47
 70
     1
102
RTVSPropertyOp48
 70
     1
102
RTVSPropertyOp49
 70
     1
102
RTVSPropertyOp50
 70
     1
102
RTVSPropertyOp51
 70
     0
102
RTVSPropertyOp52
 70
     0
102
RTVSPropertyOp53
 70
     1
102
RTVSPropertyOp54
 70
     1
102
RTVSPropertyOp55
 70
     1
102
RTVSPropertyOp56
 70
     1
102
RTVSPropertyOp57
 70
     1
102
RTVSPropertyOp58
 70
     1
102
RTVSPropertyOp59
 70
     1
102
RTVSPropertyOp60
 70
     1
102
RTVSPropertyOp61
 70
     1
102
RTVSPropertyOp62
 70
     1
  0
XRECORD
  5
13A
102
{ACAD_REACTORS
330
139
102
}
330
139
100
AcDbXrecord
280
     1
102
RTVSPost2010Prop28
280
     0
102
RTVSPost2010PropOp28
 70
     1
102
RTVSPost2010Prop29
280
     1
102
RTVSPost2010PropOp29
 70
     1
102
RTVSPost2010Prop30
280
     1
102
RTVSPost2010PropOp30
 70
     1
102
RTVSPost2010Prop31
280
     0
102
RTVSPost2010PropOp31
 70
     1
102
RTVSPost2010Prop32
280
     0
102
RTVSPost2010PropOp32
 70
     1
102
RTVSPost2010Prop33
280
     0
102
RTVSPost2010PropOp33
 70
     1
102
RTVSPost2010Prop34
280
     0
102
RTVSPost2010PropOp34
 70
     1
102
RTVSPost2010Prop35
280
     0
102
RTVSPost2010PropOp35
 70
     1
102
RTVSPost2010Prop36
280
     0
102
RTVSPost2010PropOp36
 70
     1
102
RTVSPost2010Prop37
 90
       50
102
RTVSPost2010PropOp37
 70
     1
102
RTVSPost2010Prop38
140
0.0
102
RTVSPost2010PropOp38
 70
     1
102
RTVSPost2010Prop39
140
1.0
102
RTVSPost2010PropOp39
 70
     1
102
RTVSPost2010Prop40
 90
        0
102
RTVSPost2010PropOp40
 70
     1
102
RTVSPost2010Prop41ColorIndex
 90
       18
102
RTVSPost2010Prop41ColorRGB
 90
        0
102
RTVSPost2010PropOp41
 70
     1
102
RTVSPost2010Prop42
 90
       50
102
RTVSPost2010PropOp42
 70
     1
102
RTVSPost2010Prop43
 90
        3
102
RTVSPost2010PropOp43
 70
     1
102
RTVSPost2010Prop44ColorIndex
 90
        5
102
RTVSPost2010Prop44ColorRGB
 90
      255
102
RTVSPost2010PropOp44
 70
     1
102
RTVSPost2010Prop45
280
     0
102
RTVSPost2010PropOp45
 70
     1
102
RTVSPost2010Prop46
 90
       50
102
RTVSPost2010PropOp46
 70
     1
102
RTVSPost2010Prop47
 90
       50
102
RTVSPost2010PropOp47
 70
     1
102
RTVSPost2010Prop48
 90
       50
102
RTVSPost2010PropOp48
 70
     1
102
RTVSPost2010Prop49
280
     0
102
RTVSPost2010PropOp49
 70
     1
102
RTVSPost2010Prop50
 90
       50
102
RTVSPost2010PropOp50
 70
     1
102
RTVSPost2010Prop51ColorIndex
 90
      256
102
RTVSPost2010Prop51ColorRGB
 90
-16777216
102
RTVSPost2010PropOp51
 70
     0
102
RTVSPost2010Prop52
140
1.0
102
RTVSPost2010PropOp52
 70
     0
102
RTVSPost2010Prop53
 90
        2
102
RTVSPost2010PropOp53
 70
     1
102
RTVSPost2010Prop54
  1
strokes_ogs.tif
102
RTVSPost2010PropOp54
 70
     1
102
RTVSPost2010Prop55
280
     0
102
RTVSPost2010PropOp55
 70
     1
102
RTVSPost2010Prop56
140
1.0
102
RTVSPost2010PropOp56
 70
     1
102
RTVSPost2010Prop57
140
1.0
102
RTVSPost2010PropOp57
 70
     1
102
RTVSPropertyOp0
 70
     1
102
RTVSPropertyOp1
 70
     1
102
RTVSPropertyOp2
 70
     1
102
RTVSPropertyOp3
 70
     1
102
RTVSPropertyOp4
 70
     1
102
RTVSPropertyOp5
 70
     1
102
RTVSPropertyOp6
 70
     1
102
RTVSPropertyOp7
 70
     1
102
RTVSPropertyOp8
 70
     1
102
RTVSPropertyOp9
 70
     1
102
RTVSPropertyOp10
 70
     1
102
RTVSPropertyOp11
 70
     1
102
RTVSPropertyOp12
 70
     1
102
RTVSPropertyOp13
 70
     1
102
RTVSPropertyOp14
 70
     1
102
RTVSPropertyOp15
 70
     1
102
RTVSPropertyOp16
 70
     1
102
RTVSPropertyOp17
 70
     1
102
RTVSPropertyOp18
 70
     1
102
RTVSPropertyOp19
 70
     1
102
RTVSPropertyOp20
 70
     1
102
RTVSPropertyOp21
 70
     1
102
RTVSPropertyOp22
 70
     1
102
RTVSPropertyOp23
 70
     1
102
RTVSPropertyOp24
 70
     1
102
RTVSPropertyOp25
 70
     1
102
RTVSPropertyOp26
 70
     1
102
RTVSPropertyOp27
 70
     1
102
RTVSPropertyOp28
 70
     1
102
RTVSPropertyOp29
 70
     1
102
RTVSPropertyOp30
 70
     1
102
RTVSPropertyOp31
 70
     1
102
RTVSPropertyOp32
 70
     1
102
RTVSPropertyOp33
 70
     1
102
RTVSPropertyOp34
 70
     1
102
RTVSPropertyOp35
 70
     1
102
RTVSPropertyOp36
 70
     1
102
RTVSPropertyOp37
 70
     1
102
RTVSPropertyOp38
 70
     1
102
RTVSPropertyOp39
 70
     1
102
RTVSPropertyOp40
 70
     1
102
RTVSPropertyOp41
 70
     1
102
RTVSPropertyOp42
 70
     1
102
RTVSPropertyOp43
 70
     1
102
RTVSPropertyOp44
 70
     1
102
RTVSPropertyOp45
 70
     1
102
RTVSPropertyOp46
 70
     1
102
RTVSPropertyOp47
 70
     1
102
RTVSPropertyOp48
 70
     1
102
RTVSPropertyOp49
 70
     1
102
RTVSPropertyOp50
 70
     1
102
RTVSPropertyOp51
 70
     0
102
RTVSPropertyOp52
 70
     0
102
RTVSPropertyOp53
 70
     1
102
RTVSPropertyOp54
 70
     1
102
RTVSPropertyOp55
 70
     1
102
RTVSPropertyOp56
 70
     1
102
RTVSPropertyOp57
 70
     1
102
RTVSPropertyOp58
 70
     1
102
RTVSPropertyOp59
 70
     1
102
RTVSPropertyOp60
 70
     1
102
RTVSPropertyOp61
 70
     1
102
RTVSPropertyOp62
 70
     1
  0
XRECORD
  5
142
102
{ACAD_REACTORS
330
141
102
}
330
141
100
AcDbXrecord
280
     1
102
RTVSPost2010Prop28
280
     0
102
RTVSPost2010PropOp28
 70
     1
102
RTVSPost2010Prop29
280
     1
102
RTVSPost2010PropOp29
 70
     1
102
RTVSPost2010Prop30
280
     1
102
RTVSPost2010PropOp30
 70
     1
102
RTVSPost2010Prop31
280
     0
102
RTVSPost2010PropOp31
 70
     1
102
RTVSPost2010Prop32
280
     0
102
RTVSPost2010PropOp32
 70
     1
102
RTVSPost2010Prop33
280
     0
102
RTVSPost2010PropOp33
 70
     1
102
RTVSPost2010Prop34
280
     0
102
RTVSPost2010PropOp34
 70
     1
102
RTVSPost2010Prop35
280
     0
102
RTVSPost2010PropOp35
 70
     1
102
RTVSPost2010Prop36
280
     0
102
RTVSPost2010PropOp36
 70
     1
102
RTVSPost2010Prop37
 90
       50
102
RTVSPost2010PropOp37
 70
     1
102
RTVSPost2010Prop38
140
0.0
102
RTVSPost2010PropOp38
 70
     1
102
RTVSPost2010Prop39
140
1.0
102
RTVSPost2010PropOp39
 70
     1
102
RTVSPost2010Prop40
 90
        0
102
RTVSPost2010PropOp40
 70
     1
102
RTVSPost2010Prop41ColorIndex
 90
       18
102
RTVSPost2010Prop41ColorRGB
 90
        0
102
RTVSPost2010PropOp41
 70
     1
102
RTVSPost2010Prop42
 90
       50
102
RTVSPost2010PropOp42
 70
     1
102
RTVSPost2010Prop43
 90
        3
102
RTVSPost2010PropOp43
 70
     1
102
RTVSPost2010Prop44ColorIndex
 90
        5
102
RTVSPost2010Prop44ColorRGB
 90
      255
102
RTVSPost2010PropOp44
 70
     1
102
RTVSPost2010Prop45
280
     0
102
RTVSPost2010PropOp45
 70
     1
102
RTVSPost2010Prop46
 90
       50
102
RTVSPost2010PropOp46
 70
     1
102
RTVSPost2010Prop47
 90
       50
102
RTVSPost2010PropOp47
 70
     1
102
RTVSPost2010Prop48
 90
       50
102
RTVSPost2010PropOp48
 70
     1
102
RTVSPost2010Prop49
280
     0
102
RTVSPost2010PropOp49
 70
     1
102
RTVSPost2010Prop50
 90
       50
102
RTVSPost2010PropOp50
 70
     1
102
RTVSPost2010Prop51ColorIndex
 90
      256
102
RTVSPost2010Prop51ColorRGB
 90
-16777216
102
RTVSPost2010PropOp51
 70
     0
102
RTVSPost2010Prop52
140
1.0
102
RTVSPost2010PropOp52
 70
     0
102
RTVSPost2010Prop53
 90
        2
102
RTVSPost2010PropOp53
 70
     1
102
RTVSPost2010Prop54
  1
strokes_ogs.tif
102
RTVSPost2010PropOp54
 70
     1
102
RTVSPost2010Prop55
280
     0
102
RTVSPost2010PropOp55
 70
     1
102
RTVSPost2010Prop56
140
1.0
102
RTVSPost2010PropOp56
 70
     1
102
RTVSPost2010Prop57
140
1.0
102
RTVSPost2010PropOp57
 70
     1
102
RTVSPropertyOp0
 70
     1
102
RTVSPropertyOp1
 70
     1
102
RTVSPropertyOp2
 70
     1
102
RTVSPropertyOp3
 70
     1
102
RTVSPropertyOp4
 70
     1
102
RTVSPropertyOp5
 70
     1
102
RTVSPropertyOp6
 70
     1
102
RTVSPropertyOp7
 70
     1
102
RTVSPropertyOp8
 70
     1
102
RTVSPropertyOp9
 70
     1
102
RTVSPropertyOp10
 70
     1
102
RTVSPropertyOp11
 70
     1
102
RTVSPropertyOp12
 70
     1
102
RTVSPropertyOp13
 70
     1
102
RTVSPropertyOp14
 70
     1
102
RTVSPropertyOp15
 70
     1
102
RTVSPropertyOp16
 70
     1
102
RTVSPropertyOp17
 70
     1
102
RTVSPropertyOp18
 70
     1
102
RTVSPropertyOp19
 70
     1
102
RTVSPropertyOp20
 70
     1
102
RTVSPropertyOp21
 70
     1
102
RTVSPropertyOp22
 70
     1
102
RTVSPropertyOp23
 70
     1
102
RTVSPropertyOp24
 70
     1
102
RTVSPropertyOp25
 70
     1
102
RTVSPropertyOp26
 70
     1
102
RTVSPropertyOp27
 70
     1
102
RTVSPropertyOp28
 70
     1
102
RTVSPropertyOp29
 70
     1
102
RTVSPropertyOp30
 70
     1
102
RTVSPropertyOp31
 70
     1
102
RTVSPropertyOp32
 70
     1
102
RTVSPropertyOp33
 70
     1
102
RTVSPropertyOp34
 70
     1
102
RTVSPropertyOp35
 70
     1
102
RTVSPropertyOp36
 70
     1
102
RTVSPropertyOp37
 70
     1
102
RTVSPropertyOp38
 70
     1
102
RTVSPropertyOp39
 70
     1
102
RTVSPropertyOp40
 70
     1
102
RTVSPropertyOp41
 70
     1
102
RTVSPropertyOp42
 70
     1
102
RTVSPropertyOp43
 70
     1
102
RTVSPropertyOp44
 70
     1
102
RTVSPropertyOp45
 70
     1
102
RTVSPropertyOp46
 70
     1
102
RTVSPropertyOp47
 70
     1
102
RTVSPropertyOp48
 70
     1
102
RTVSPropertyOp49
 70
     1
102
RTVSPropertyOp50
 70
     1
102
RTVSPropertyOp51
 70
     0
102
RTVSPropertyOp52
 70
     0
102
RTVSPropertyOp53
 70
     1
102
RTVSPropertyOp54
 70
     1
102
RTVSPropertyOp55
 70
     1
102
RTVSPropertyOp56
 70
     1
102
RTVSPropertyOp57
 70
     1
102
RTVSPropertyOp58
 70
     1
102
RTVSPropertyOp59
 70
     1
102
RTVSPropertyOp60
 70
     1
102
RTVSPropertyOp61
 70
     1
102
RTVSPropertyOp62
 70
     1
  0
XRECORD
  5
15E
102
{ACAD_REACTORS
330
15D
102
}
330
15D
100
AcDbXrecord
280
     1
102
RTVSPost2010Prop28
280
     0
102
RTVSPost2010PropOp28
 70
     0
102
RTVSPost2010Prop29
280
     1
102
RTVSPost2010PropOp29
 70
     0
102
RTVSPost2010Prop30
280
     1
102
RTVSPost2010PropOp30
 70
     0
102
RTVSPost2010Prop31
280
     0
102
RTVSPost2010PropOp31
 70
     0
102
RTVSPost2010Prop32
280
     0
102
RTVSPost2010PropOp32
 70
     0
102
RTVSPost2010Prop33
280
     0
102
RTVSPost2010PropOp33
 70
     0
102
RTVSPost2010Prop34
280
     0
102
RTVSPost2010PropOp34
 70
     0
102
RTVSPost2010Prop35
280
     0
102
RTVSPost2010PropOp35
 70
     0
102
RTVSPost2010Prop36
280
     0
102
RTVSPost2010PropOp36
 70
     0
102
RTVSPost2010Prop37
 90
       50
102
RTVSPost2010PropOp37
 70
     0
102
RTVSPost2010Prop38
140
0.0
102
RTVSPost2010PropOp38
 70
     0
102
RTVSPost2010Prop39
140
1.0
102
RTVSPost2010PropOp39
 70
     0
102
RTVSPost2010Prop40
 90
        0
102
RTVSPost2010PropOp40
 70
     0
102
RTVSPost2010Prop41ColorIndex
 90
       18
102
RTVSPost2010Prop41ColorRGB
 90
        0
102
RTVSPost2010PropOp41
 70
     0
102
RTVSPost2010Prop42
 90
       50
102
RTVSPost2010PropOp42
 70
     0
102
RTVSPost2010Prop43
 90
        3
102
RTVSPost2010PropOp43
 70
     0
102
RTVSPost2010Prop44ColorIndex
 90
        5
102
RTVSPost2010Prop44ColorRGB
 90
      255
102
RTVSPost2010PropOp44
 70
     0
102
RTVSPost2010Prop45
280
     0
102
RTVSPost2010PropOp45
 70
     0
102
RTVSPost2010Prop46
 90
       50
102
RTVSPost2010PropOp46
 70
     0
102
RTVSPost2010Prop47
 90
       50
102
RTVSPost2010PropOp47
 70
     0
102
RTVSPost2010Prop48
 90
       50
102
RTVSPost2010PropOp48
 70
     0
102
RTVSPost2010Prop49
280
     0
102
RTVSPost2010PropOp49
 70
     0
102
RTVSPost2010Prop50
 90
       50
102
RTVSPost2010PropOp50
 70
     0
102
RTVSPost2010Prop51ColorIndex
 90
      256
102
RTVSPost2010Prop51ColorRGB
 90
-16777216
102
RTVSPost2010PropOp51
 70
     0
102
RTVSPost2010Prop52
140
1.0
102
RTVSPost2010PropOp52
 70
     0
102
RTVSPost2010Prop53
 90
        2
102
RTVSPost2010PropOp53
 70
     0
102
RTVSPost2010Prop54
  1
strokes_ogs.tif
102
RTVSPost2010PropOp54
 70
     0
102
RTVSPost2010Prop55
280
     0
102
RTVSPost2010PropOp55
 70
     0
102
RTVSPost2010Prop56
140
1.0
102
RTVSPost2010PropOp56
 70
     0
102
RTVSPost2010Prop57
140
1.0
102
RTVSPost2010PropOp57
 70
     0
102
RTVSPropertyOp0
 70
     0
102
RTVSPropertyOp1
 70
     0
102
RTVSPropertyOp2
 70
     0
102
RTVSPropertyOp3
 70
     0
102
RTVSPropertyOp4
 70
     0
102
RTVSPropertyOp5
 70
     0
102
RTVSPropertyOp6
 70
     0
102
RTVSPropertyOp7
 70
     0
102
RTVSPropertyOp8
 70
     0
102
RTVSPropertyOp9
 70
     0
102
RTVSPropertyOp10
 70
     0
102
RTVSPropertyOp11
 70
     0
102
RTVSPropertyOp12
 70
     0
102
RTVSPropertyOp13
 70
     0
102
RTVSPropertyOp14
 70
     2
102
RTVSPropertyOp15
 70
     0
102
RTVSPropertyOp16
 70
     0
102
RTVSPropertyOp17
 70
     0
102
RTVSPropertyOp18
 70
     0
102
RTVSPropertyOp19
 70
     0
102
RTVSPropertyOp20
 70
     0
102
RTVSPropertyOp21
 70
     0
102
RTVSPropertyOp22
 70
     0
102
RTVSPropertyOp23
 70
     0
102
RTVSPropertyOp24
 70
     0
102
RTVSPropertyOp25
 70
     0
102
RTVSPropertyOp26
 70
     0
102
RTVSPropertyOp27
 70
     0
102
RTVSPropertyOp28
 70
     0
102
RTVSPropertyOp29
 70
     0
102
RTVSPropertyOp30
 70
     0
102
RTVSPropertyOp31
 70
     0
102
RTVSPropertyOp32
 70
     0
102
RTVSPropertyOp33
 70
     0
102
RTVSPropertyOp34
 70
     0
102
RTVSPropertyOp35
 70
     0
102
RTVSPropertyOp36
 70
     0
102
RTVSPropertyOp37
 70
     0
102
RTVSPropertyOp38
 70
     0
102
RTVSPropertyOp39
 70
     0
102
RTVSPropertyOp40
 70
     0
102
RTVSPropertyOp41
 70
     0
102
RTVSPropertyOp42
 70
     0
102
RTVSPropertyOp43
 70
     0
102
RTVSPropertyOp44
 70
     0
102
RTVSPropertyOp45
 70
     0
102
RTVSPropertyOp46
 70
     0
102
RTVSPropertyOp47
 70
     0
102
RTVSPropertyOp48
 70
     0
102
RTVSPropertyOp49
 70
     0
102
RTVSPropertyOp50
 70
     0
102
RTVSPropertyOp51
 70
     0
102
RTVSPropertyOp52
 70
     0
102
RTVSPropertyOp53
 70
     0
102
RTVSPropertyOp54
 70
     0
102
RTVSPropertyOp55
 70
     0
102
RTVSPropertyOp56
 70
     0
102
RTVSPropertyOp57
 70
     0
102
RTVSPropertyOp58
 70
     0
102
RTVSPropertyOp59
 70
     0
102
RTVSPropertyOp60
 70
     0
102
RTVSPropertyOp61
 70
     0
102
RTVSPropertyOp62
 70
     0
  0
XRECORD
  5
14E
102
{ACAD_REACTORS
330
14D
102
}
330
14D
100
AcDbXrecord
280
     1
102
RTVSPost2010Prop28
280
     0
102
RTVSPost2010PropOp28
 70
     1
102
RTVSPost2010Prop29
280
     1
102
RTVSPost2010PropOp29
 70
     1
102
RTVSPost2010Prop30
280
     1
102
RTVSPost2010PropOp30
 70
     1
102
RTVSPost2010Prop31
280
     0
102
RTVSPost2010PropOp31
 70
     1
102
RTVSPost2010Prop32
280
     0
102
RTVSPost2010PropOp32
 70
     1
102
RTVSPost2010Prop33
280
     0
102
RTVSPost2010PropOp33
 70
     1
102
RTVSPost2010Prop34
280
     0
102
RTVSPost2010PropOp34
 70
     1
102
RTVSPost2010Prop35
280
     0
102
RTVSPost2010PropOp35
 70
     1
102
RTVSPost2010Prop36
280
     0
102
RTVSPost2010PropOp36
 70
     1
102
RTVSPost2010Prop37
 90
       50
102
RTVSPost2010PropOp37
 70
     1
102
RTVSPost2010Prop38
140
0.0
102
RTVSPost2010PropOp38
 70
     1
102
RTVSPost2010Prop39
140
1.0
102
RTVSPost2010PropOp39
 70
     1
102
RTVSPost2010Prop40
 90
        0
102
RTVSPost2010PropOp40
 70
     1
102
RTVSPost2010Prop41ColorIndex
 90
       18
102
RTVSPost2010Prop41ColorRGB
 90
        0
102
RTVSPost2010PropOp41
 70
     1
102
RTVSPost2010Prop42
 90
       50
102
RTVSPost2010PropOp42
 70
     1
102
RTVSPost2010Prop43
 90
        3
102
RTVSPost2010PropOp43
 70
     1
102
RTVSPost2010Prop44ColorIndex
 90
        5
102
RTVSPost2010Prop44ColorRGB
 90
      255
102
RTVSPost2010PropOp44
 70
     1
102
RTVSPost2010Prop45
280
     0
102
RTVSPost2010PropOp45
 70
     1
102
RTVSPost2010Prop46
 90
       50
102
RTVSPost2010PropOp46
 70
     1
102
RTVSPost2010Prop47
 90
       50
102
RTVSPost2010PropOp47
 70
     1
102
RTVSPost2010Prop48
 90
       50
102
RTVSPost2010PropOp48
 70
     1
102
RTVSPost2010Prop49
280
     0
102
RTVSPost2010PropOp49
 70
     1
102
RTVSPost2010Prop50
 90
       50
102
RTVSPost2010PropOp50
 70
     1
102
RTVSPost2010Prop51ColorIndex
 90
      256
102
RTVSPost2010Prop51ColorRGB
 90
-16777216
102
RTVSPost2010PropOp51
 70
     0
102
RTVSPost2010Prop52
140
1.0
102
RTVSPost2010PropOp52
 70
     0
102
RTVSPost2010Prop53
 90
        2
102
RTVSPost2010PropOp53
 70
     1
102
RTVSPost2010Prop54
  1
strokes_ogs.tif
102
RTVSPost2010PropOp54
 70
     1
102
RTVSPost2010Prop55
280
     0
102
RTVSPost2010PropOp55
 70
     1
102
RTVSPost2010Prop56
140
1.0
102
RTVSPost2010PropOp56
 70
     1
102
RTVSPost2010Prop57
140
1.0
102
RTVSPost2010PropOp57
 70
     1
102
RTVSPropertyOp0
 70
     1
102
RTVSPropertyOp1
 70
     1
102
RTVSPropertyOp2
 70
     1
102
RTVSPropertyOp3
 70
     1
102
RTVSPropertyOp4
 70
     1
102
RTVSPropertyOp5
 70
     1
102
RTVSPropertyOp6
 70
     1
102
RTVSPropertyOp7
 70
     1
102
RTVSPropertyOp8
 70
     1
102
RTVSPropertyOp9
 70
     1
102
RTVSPropertyOp10
 70
     1
102
RTVSPropertyOp11
 70
     1
102
RTVSPropertyOp12
 70
     1
102
RTVSPropertyOp13
 70
     1
102
RTVSPropertyOp14
 70
     1
102
RTVSPropertyOp15
 70
     1
102
RTVSPropertyOp16
 70
     1
102
RTVSPropertyOp17
 70
     1
102
RTVSPropertyOp18
 70
     1
102
RTVSPropertyOp19
 70
     1
102
RTVSPropertyOp20
 70
     1
102
RTVSPropertyOp21
 70
     1
102
RTVSPropertyOp22
 70
     1
102
RTVSPropertyOp23
 70
     1
102
RTVSPropertyOp24
 70
     1
102
RTVSPropertyOp25
 70
     1
102
RTVSPropertyOp26
 70
     1
102
RTVSPropertyOp27
 70
     1
102
RTVSPropertyOp28
 70
     1
102
RTVSPropertyOp29
 70
     1
102
RTVSPropertyOp30
 70
     1
102
RTVSPropertyOp31
 70
     1
102
RTVSPropertyOp32
 70
     1
102
RTVSPropertyOp33
 70
     1
102
RTVSPropertyOp34
 70
     1
102
RTVSPropertyOp35
 70
     1
102
RTVSPropertyOp36
 70
     1
102
RTVSPropertyOp37
 70
     1
102
RTVSPropertyOp38
 70
     1
102
RTVSPropertyOp39
 70
     1
102
RTVSPropertyOp40
 70
     1
102
RTVSPropertyOp41
 70
     1
102
RTVSPropertyOp42
 70
     1
102
RTVSPropertyOp43
 70
     1
102
RTVSPropertyOp44
 70
     1
102
RTVSPropertyOp45
 70
     1
102
RTVSPropertyOp46
 70
     1
102
RTVSPropertyOp47
 70
     1
102
RTVSPropertyOp48
 70
     1
102
RTVSPropertyOp49
 70
     1
102
RTVSPropertyOp50
 70
     1
102
RTVSPropertyOp51
 70
     0
102
RTVSPropertyOp52
 70
     0
102
RTVSPropertyOp53
 70
     1
102
RTVSPropertyOp54
 70
     1
102
RTVSPropertyOp55
 70
     1
102
RTVSPropertyOp56
 70
     1
102
RTVSPropertyOp57
 70
     1
102
RTVSPropertyOp58
 70
     1
102
RTVSPropertyOp59
 70
     1
102
RTVSPropertyOp60
 70
     1
102
RTVSPropertyOp61
 70
     1
102
RTVSPropertyOp62
 70
     1
  0
XRECORD
  5
160
102
{ACAD_REACTORS
330
15F
102
}
330
15F
100
AcDbXrecord
280
     1
102
RTVSPost2010Prop28
280
     0
102
RTVSPost2010PropOp28
 70
     0
102
RTVSPost2010Prop29
280
     1
102
RTVSPost2010PropOp29
 70
     0
102
RTVSPost2010Prop30
280
     1
102
RTVSPost2010PropOp30
 70
     0
102
RTVSPost2010Prop31
280
     0
102
RTVSPost2010PropOp31
 70
     0
102
RTVSPost2010Prop32
280
     0
102
RTVSPost2010PropOp32
 70
     0
102
RTVSPost2010Prop33
280
     0
102
RTVSPost2010PropOp33
 70
     0
102
RTVSPost2010Prop34
280
     0
102
RTVSPost2010PropOp34
 70
     0
102
RTVSPost2010Prop35
280
     0
102
RTVSPost2010PropOp35
 70
     0
102
RTVSPost2010Prop36
280
     0
102
RTVSPost2010PropOp36
 70
     0
102
RTVSPost2010Prop37
 90
       50
102
RTVSPost2010PropOp37
 70
     0
102
RTVSPost2010Prop38
140
0.0
102
RTVSPost2010PropOp38
 70
     0
102
RTVSPost2010Prop39
140
1.0
102
RTVSPost2010PropOp39
 70
     0
102
RTVSPost2010Prop40
 90
        0
102
RTVSPost2010PropOp40
 70
     0
102
RTVSPost2010Prop41ColorIndex
 90
       18
102
RTVSPost2010Prop41ColorRGB
 90
        0
102
RTVSPost2010PropOp41
 70
     0
102
RTVSPost2010Prop42
 90
       50
102
RTVSPost2010PropOp42
 70
     0
102
RTVSPost2010Prop43
 90
        3
102
RTVSPost2010PropOp43
 70
     0
102
RTVSPost2010Prop44ColorIndex
 90
        5
102
RTVSPost2010Prop44ColorRGB
 90
      255
102
RTVSPost2010PropOp44
 70
     0
102
RTVSPost2010Prop45
280
     0
102
RTVSPost2010PropOp45
 70
     0
102
RTVSPost2010Prop46
 90
       50
102
RTVSPost2010PropOp46
 70
     0
102
RTVSPost2010Prop47
 90
       50
102
RTVSPost2010PropOp47
 70
     0
102
RTVSPost2010Prop48
 90
       50
102
RTVSPost2010PropOp48
 70
     0
102
RTVSPost2010Prop49
280
     0
102
RTVSPost2010PropOp49
 70
     0
102
RTVSPost2010Prop50
 90
       50
102
RTVSPost2010PropOp50
 70
     0
102
RTVSPost2010Prop51ColorIndex
 90
      256
102
RTVSPost2010Prop51ColorRGB
 90
-16777216
102
RTVSPost2010PropOp51
 70
     0
102
RTVSPost2010Prop52
140
1.0
102
RTVSPost2010PropOp52
 70
     0
102
RTVSPost2010Prop53
 90
        2
102
RTVSPost2010PropOp53
 70
     0
102
RTVSPost2010Prop54
  1
strokes_ogs.tif
102
RTVSPost2010PropOp54
 70
     0
102
RTVSPost2010Prop55
280
     0
102
RTVSPost2010PropOp55
 70
     0
102
RTVSPost2010Prop56
140
1.0
102
RTVSPost2010PropOp56
 70
     0
102
RTVSPost2010Prop57
140
1.0
102
RTVSPost2010PropOp57
 70
     0
102
RTVSPropertyOp0
 70
     0
102
RTVSPropertyOp1
 70
     0
102
RTVSPropertyOp2
 70
     0
102
RTVSPropertyOp3
 70
     0
102
RTVSPropertyOp4
 70
     0
102
RTVSPropertyOp5
 70
     0
102
RTVSPropertyOp6
 70
     0
102
RTVSPropertyOp7
 70
     0
102
RTVSPropertyOp8
 70
     0
102
RTVSPropertyOp9
 70
     0
102
RTVSPropertyOp10
 70
     0
102
RTVSPropertyOp11
 70
     0
102
RTVSPropertyOp12
 70
     0
102
RTVSPropertyOp13
 70
     0
102
RTVSPropertyOp14
 70
     2
102
RTVSPropertyOp15
 70
     0
102
RTVSPropertyOp16
 70
     0
102
RTVSPropertyOp17
 70
     0
102
RTVSPropertyOp18
 70
     0
102
RTVSPropertyOp19
 70
     0
102
RTVSPropertyOp20
 70
     0
102
RTVSPropertyOp21
 70
     0
102
RTVSPropertyOp22
 70
     0
102
RTVSPropertyOp23
 70
     0
102
RTVSPropertyOp24
 70
     0
102
RTVSPropertyOp25
 70
     0
102
RTVSPropertyOp26
 70
     0
102
RTVSPropertyOp27
 70
     0
102
RTVSPropertyOp28
 70
     0
102
RTVSPropertyOp29
 70
     0
102
RTVSPropertyOp30
 70
     0
102
RTVSPropertyOp31
 70
     0
102
RTVSPropertyOp32
 70
     0
102
RTVSPropertyOp33
 70
     0
102
RTVSPropertyOp34
 70
     0
102
RTVSPropertyOp35
 70
     0
102
RTVSPropertyOp36
 70
     0
102
RTVSPropertyOp37
 70
     0
102
RTVSPropertyOp38
 70
     0
102
RTVSPropertyOp39
 70
     0
102
RTVSPropertyOp40
 70
     0
102
RTVSPropertyOp41
 70
     0
102
RTVSPropertyOp42
 70
     0
102
RTVSPropertyOp43
 70
     0
102
RTVSPropertyOp44
 70
     0
102
RTVSPropertyOp45
 70
     0
102
RTVSPropertyOp46
 70
     0
102
RTVSPropertyOp47
 70
     0
102
RTVSPropertyOp48
 70
     0
102
RTVSPropertyOp49
 70
     0
102
RTVSPropertyOp50
 70
     0
102
RTVSPropertyOp51
 70
     0
102
RTVSPropertyOp52
 70
     0
102
RTVSPropertyOp53
 70
     0
102
RTVSPropertyOp54
 70
     0
102
RTVSPropertyOp55
 70
     0
102
RTVSPropertyOp56
 70
     0
102
RTVSPropertyOp57
 70
     0
102
RTVSPropertyOp58
 70
     0
102
RTVSPropertyOp59
 70
     0
102
RTVSPropertyOp60
 70
     0
102
RTVSPropertyOp61
 70
     0
102
RTVSPropertyOp62
 70
     0
  0
XRECORD
  5
146
102
{ACAD_REACTORS
330
145
102
}
330
145
100
AcDbXrecord
280
     1
102
RTVSPost2010Prop28
280
     0
102
RTVSPost2010PropOp28
 70
     1
102
RTVSPost2010Prop29
280
     1
102
RTVSPost2010PropOp29
 70
     1
102
RTVSPost2010Prop30
280
     1
102
RTVSPost2010PropOp30
 70
     1
102
RTVSPost2010Prop31
280
     0
102
RTVSPost2010PropOp31
 70
     1
102
RTVSPost2010Prop32
280
     0
102
RTVSPost2010PropOp32
 70
     1
102
RTVSPost2010Prop33
280
     0
102
RTVSPost2010PropOp33
 70
     1
102
RTVSPost2010Prop34
280
     0
102
RTVSPost2010PropOp34
 70
     1
102
RTVSPost2010Prop35
280
     0
102
RTVSPost2010PropOp35
 70
     1
102
RTVSPost2010Prop36
280
     0
102
RTVSPost2010PropOp36
 70
     1
102
RTVSPost2010Prop37
 90
       50
102
RTVSPost2010PropOp37
 70
     1
102
RTVSPost2010Prop38
140
0.0
102
RTVSPost2010PropOp38
 70
     1
102
RTVSPost2010Prop39
140
1.0
102
RTVSPost2010PropOp39
 70
     1
102
RTVSPost2010Prop40
 90
        0
102
RTVSPost2010PropOp40
 70
     1
102
RTVSPost2010Prop41ColorIndex
 90
       18
102
RTVSPost2010Prop41ColorRGB
 90
        0
102
RTVSPost2010PropOp41
 70
     1
102
RTVSPost2010Prop42
 90
       50
102
RTVSPost2010PropOp42
 70
     1
102
RTVSPost2010Prop43
 90
        3
102
RTVSPost2010PropOp43
 70
     1
102
RTVSPost2010Prop44ColorIndex
 90
        5
102
RTVSPost2010Prop44ColorRGB
 90
      255
102
RTVSPost2010PropOp44
 70
     1
102
RTVSPost2010Prop45
280
     0
102
RTVSPost2010PropOp45
 70
     1
102
RTVSPost2010Prop46
 90
       50
102
RTVSPost2010PropOp46
 70
     1
102
RTVSPost2010Prop47
 90
       50
102
RTVSPost2010PropOp47
 70
     1
102
RTVSPost2010Prop48
 90
       50
102
RTVSPost2010PropOp48
 70
     1
102
RTVSPost2010Prop49
280
     0
102
RTVSPost2010PropOp49
 70
     1
102
RTVSPost2010Prop50
 90
       50
102
RTVSPost2010PropOp50
 70
     1
102
RTVSPost2010Prop51ColorIndex
 90
      256
102
RTVSPost2010Prop51ColorRGB
 90
-16777216
102
RTVSPost2010PropOp51
 70
     0
102
RTVSPost2010Prop52
140
1.0
102
RTVSPost2010PropOp52
 70
     0
102
RTVSPost2010Prop53
 90
        2
102
RTVSPost2010PropOp53
 70
     1
102
RTVSPost2010Prop54
  1
strokes_ogs.tif
102
RTVSPost2010PropOp54
 70
     1
102
RTVSPost2010Prop55
280
     0
102
RTVSPost2010PropOp55
 70
     1
102
RTVSPost2010Prop56
140
1.0
102
RTVSPost2010PropOp56
 70
     1
102
RTVSPost2010Prop57
140
1.0
102
RTVSPost2010PropOp57
 70
     1
102
RTVSPropertyOp0
 70
     1
102
RTVSPropertyOp1
 70
     1
102
RTVSPropertyOp2
 70
     1
102
RTVSPropertyOp3
 70
     1
102
RTVSPropertyOp4
 70
     1
102
RTVSPropertyOp5
 70
     1
102
RTVSPropertyOp6
 70
     1
102
RTVSPropertyOp7
 70
     1
102
RTVSPropertyOp8
 70
     1
102
RTVSPropertyOp9
 70
     1
102
RTVSPropertyOp10
 70
     1
102
RTVSPropertyOp11
 70
     1
102
RTVSPropertyOp12
 70
     1
102
RTVSPropertyOp13
 70
     1
102
RTVSPropertyOp14
 70
     1
102
RTVSPropertyOp15
 70
     1
102
RTVSPropertyOp16
 70
     1
102
RTVSPropertyOp17
 70
     1
102
RTVSPropertyOp18
 70
     1
102
RTVSPropertyOp19
 70
     1
102
RTVSPropertyOp20
 70
     1
102
RTVSPropertyOp21
 70
     1
102
RTVSPropertyOp22
 70
     1
102
RTVSPropertyOp23
 70
     1
102
RTVSPropertyOp24
 70
     1
102
RTVSPropertyOp25
 70
     1
102
RTVSPropertyOp26
 70
     1
102
RTVSPropertyOp27
 70
     1
102
RTVSPropertyOp28
 70
     1
102
RTVSPropertyOp29
 70
     1
102
RTVSPropertyOp30
 70
     1
102
RTVSPropertyOp31
 70
     1
102
RTVSPropertyOp32
 70
     1
102
RTVSPropertyOp33
 70
     1
102
RTVSPropertyOp34
 70
     1
102
RTVSPropertyOp35
 70
     1
102
RTVSPropertyOp36
 70
     1
102
RTVSPropertyOp37
 70
     1
102
RTVSPropertyOp38
 70
     1
102
RTVSPropertyOp39
 70
     1
102
RTVSPropertyOp40
 70
     1
102
RTVSPropertyOp41
 70
     1
102
RTVSPropertyOp42
 70
     1
102
RTVSPropertyOp43
 70
     1
102
RTVSPropertyOp44
 70
     1
102
RTVSPropertyOp45
 70
     1
102
RTVSPropertyOp46
 70
     1
102
RTVSPropertyOp47
 70
     1
102
RTVSPropertyOp48
 70
     1
102
RTVSPropertyOp49
 70
     1
102
RTVSPropertyOp50
 70
     1
102
RTVSPropertyOp51
 70
     0
102
RTVSPropertyOp52
 70
     0
102
RTVSPropertyOp53
 70
     1
102
RTVSPropertyOp54
 70
     1
102
RTVSPropertyOp55
 70
     1
102
RTVSPropertyOp56
 70
     1
102
RTVSPropertyOp57
 70
     1
102
RTVSPropertyOp58
 70
     1
102
RTVSPropertyOp59
 70
     1
102
RTVSPropertyOp60
 70
     1
102
RTVSPropertyOp61
 70
     1
102
RTVSPropertyOp62
 70
     1
  0
XRECORD
  5
15C
102
{ACAD_REACTORS
330
15B
102
}
330
15B
100
AcDbXrecord
280
     1
102
RTVSPost2010Prop28
280
     0
102
RTVSPost2010PropOp28
 70
     1
102
RTVSPost2010Prop29
280
     1
102
RTVSPost2010PropOp29
 70
     1
102
RTVSPost2010Prop30
280
     1
102
RTVSPost2010PropOp30
 70
     1
102
RTVSPost2010Prop31
280
     0
102
RTVSPost2010PropOp31
 70
     1
102
RTVSPost2010Prop32
280
     0
102
RTVSPost2010PropOp32
 70
     1
102
RTVSPost2010Prop33
280
     0
102
RTVSPost2010PropOp33
 70
     1
102
RTVSPost2010Prop34
280
     0
102
RTVSPost2010PropOp34
 70
     1
102
RTVSPost2010Prop35
280
     0
102
RTVSPost2010PropOp35
 70
     1
102
RTVSPost2010Prop36
280
     0
102
RTVSPost2010PropOp36
 70
     1
102
RTVSPost2010Prop37
 90
       50
102
RTVSPost2010PropOp37
 70
     1
102
RTVSPost2010Prop38
140
0.0
102
RTVSPost2010PropOp38
 70
     1
102
RTVSPost2010Prop39
140
1.0
102
RTVSPost2010PropOp39
 70
     1
102
RTVSPost2010Prop40
 90
        0
102
RTVSPost2010PropOp40
 70
     1
102
RTVSPost2010Prop41ColorIndex
 90
       18
102
RTVSPost2010Prop41ColorRGB
 90
        0
102
RTVSPost2010PropOp41
 70
     1
102
RTVSPost2010Prop42
 90
       50
102
RTVSPost2010PropOp42
 70
     1
102
RTVSPost2010Prop43
 90
        3
102
RTVSPost2010PropOp43
 70
     1
102
RTVSPost2010Prop44ColorIndex
 90
        5
102
RTVSPost2010Prop44ColorRGB
 90
      255
102
RTVSPost2010PropOp44
 70
     1
102
RTVSPost2010Prop45
280
     0
102
RTVSPost2010PropOp45
 70
     1
102
RTVSPost2010Prop46
 90
       50
102
RTVSPost2010PropOp46
 70
     1
102
RTVSPost2010Prop47
 90
       50
102
RTVSPost2010PropOp47
 70
     1
102
RTVSPost2010Prop48
 90
       50
102
RTVSPost2010PropOp48
 70
     1
102
RTVSPost2010Prop49
280
     0
102
RTVSPost2010PropOp49
 70
     1
102
RTVSPost2010Prop50
 90
       50
102
RTVSPost2010PropOp50
 70
     1
102
RTVSPost2010Prop51ColorIndex
 90
      256
102
RTVSPost2010Prop51ColorRGB
 90
-16777216
102
RTVSPost2010PropOp51
 70
     0
102
RTVSPost2010Prop52
140
1.0
102
RTVSPost2010PropOp52
 70
     0
102
RTVSPost2010Prop53
 90
        2
102
RTVSPost2010PropOp53
 70
     1
102
RTVSPost2010Prop54
  1
strokes_ogs.tif
102
RTVSPost2010PropOp54
 70
     1
102
RTVSPost2010Prop55
280
     0
102
RTVSPost2010PropOp55
 70
     1
102
RTVSPost2010Prop56
140
1.0
102
RTVSPost2010PropOp56
 70
     1
102
RTVSPost2010Prop57
140
1.0
102
RTVSPost2010PropOp57
 70
     1
102
RTVSPropertyOp0
 70
     1
102
RTVSPropertyOp1
 70
     1
102
RTVSPropertyOp2
 70
     1
102
RTVSPropertyOp3
 70
     1
102
RTVSPropertyOp4
 70
     1
102
RTVSPropertyOp5
 70
     1
102
RTVSPropertyOp6
 70
     1
102
RTVSPropertyOp7
 70
     1
102
RTVSPropertyOp8
 70
     1
102
RTVSPropertyOp9
 70
     1
102
RTVSPropertyOp10
 70
     1
102
RTVSPropertyOp11
 70
     1
102
RTVSPropertyOp12
 70
     1
102
RTVSPropertyOp13
 70
     1
102
RTVSPropertyOp14
 70
     1
102
RTVSPropertyOp15
 70
     1
102
RTVSPropertyOp16
 70
     1
102
RTVSPropertyOp17
 70
     1
102
RTVSPropertyOp18
 70
     1
102
RTVSPropertyOp19
 70
     1
102
RTVSPropertyOp20
 70
     1
102
RTVSPropertyOp21
 70
     1
102
RTVSPropertyOp22
 70
     1
102
RTVSPropertyOp23
 70
     1
102
RTVSPropertyOp24
 70
     1
102
RTVSPropertyOp25
 70
     1
102
RTVSPropertyOp26
 70
     1
102
RTVSPropertyOp27
 70
     1
102
RTVSPropertyOp28
 70
     1
102
RTVSPropertyOp29
 70
     1
102
RTVSPropertyOp30
 70
     1
102
RTVSPropertyOp31
 70
     1
102
RTVSPropertyOp32
 70
     1
102
RTVSPropertyOp33
 70
     1
102
RTVSPropertyOp34
 70
     1
102
RTVSPropertyOp35
 70
     1
102
RTVSPropertyOp36
 70
     1
102
RTVSPropertyOp37
 70
     1
102
RTVSPropertyOp38
 70
     1
102
RTVSPropertyOp39
 70
     1
102
RTVSPropertyOp40
 70
     1
102
RTVSPropertyOp41
 70
     1
102
RTVSPropertyOp42
 70
     1
102
RTVSPropertyOp43
 70
     1
102
RTVSPropertyOp44
 70
     1
102
RTVSPropertyOp45
 70
     1
102
RTVSPropertyOp46
 70
     1
102
RTVSPropertyOp47
 70
     1
102
RTVSPropertyOp48
 70
     1
102
RTVSPropertyOp49
 70
     1
102
RTVSPropertyOp50
 70
     1
102
RTVSPropertyOp51
 70
     0
102
RTVSPropertyOp52
 70
     0
102
RTVSPropertyOp53
 70
     1
102
RTVSPropertyOp54
 70
     1
102
RTVSPropertyOp55
 70
     1
102
RTVSPropertyOp56
 70
     1
102
RTVSPropertyOp57
 70
     1
102
RTVSPropertyOp58
 70
     1
102
RTVSPropertyOp59
 70
     1
102
RTVSPropertyOp60
 70
     1
102
RTVSPropertyOp61
 70
     1
102
RTVSPropertyOp62
 70
     1
  0
XRECORD
  5
15A
102
{ACAD_REACTORS
330
159
102
}
330
159
100
AcDbXrecord
280
     1
102
RTVSPost2010Prop28
280
     0
102
RTVSPost2010PropOp28
 70
     1
102
RTVSPost2010Prop29
280
     1
102
RTVSPost2010PropOp29
 70
     1
102
RTVSPost2010Prop30
280
     1
102
RTVSPost2010PropOp30
 70
     1
102
RTVSPost2010Prop31
280
     0
102
RTVSPost2010PropOp31
 70
     1
102
RTVSPost2010Prop32
280
     0
102
RTVSPost2010PropOp32
 70
     1
102
RTVSPost2010Prop33
280
     0
102
RTVSPost2010PropOp33
 70
     1
102
RTVSPost2010Prop34
280
     0
102
RTVSPost2010PropOp34
 70
     1
102
RTVSPost2010Prop35
280
     0
102
RTVSPost2010PropOp35
 70
     1
102
RTVSPost2010Prop36
280
     0
102
RTVSPost2010PropOp36
 70
     1
102
RTVSPost2010Prop37
 90
       50
102
RTVSPost2010PropOp37
 70
     1
102
RTVSPost2010Prop38
140
0.0
102
RTVSPost2010PropOp38
 70
     1
102
RTVSPost2010Prop39
140
1.0
102
RTVSPost2010PropOp39
 70
     1
102
RTVSPost2010Prop40
 90
        0
102
RTVSPost2010PropOp40
 70
     1
102
RTVSPost2010Prop41ColorIndex
 90
       18
102
RTVSPost2010Prop41ColorRGB
 90
        0
102
RTVSPost2010PropOp41
 70
     1
102
RTVSPost2010Prop42
 90
       50
102
RTVSPost2010PropOp42
 70
     1
102
RTVSPost2010Prop43
 90
        3
102
RTVSPost2010PropOp43
 70
     1
102
RTVSPost2010Prop44ColorIndex
 90
        5
102
RTVSPost2010Prop44ColorRGB
 90
      255
102
RTVSPost2010PropOp44
 70
     1
102
RTVSPost2010Prop45
280
     0
102
RTVSPost2010PropOp45
 70
     1
102
RTVSPost2010Prop46
 90
       50
102
RTVSPost2010PropOp46
 70
     1
102
RTVSPost2010Prop47
 90
       50
102
RTVSPost2010PropOp47
 70
     1
102
RTVSPost2010Prop48
 90
       50
102
RTVSPost2010PropOp48
 70
     1
102
RTVSPost2010Prop49
280
     0
102
RTVSPost2010PropOp49
 70
     1
102
RTVSPost2010Prop50
 90
       50
102
RTVSPost2010PropOp50
 70
     1
102
RTVSPost2010Prop51ColorIndex
 90
      256
102
RTVSPost2010Prop51ColorRGB
 90
-16777216
102
RTVSPost2010PropOp51
 70
     0
102
RTVSPost2010Prop52
140
1.0
102
RTVSPost2010PropOp52
 70
     0
102
RTVSPost2010Prop53
 90
        2
102
RTVSPost2010PropOp53
 70
     1
102
RTVSPost2010Prop54
  1
strokes_ogs.tif
102
RTVSPost2010PropOp54
 70
     1
102
RTVSPost2010Prop55
280
     0
102
RTVSPost2010PropOp55
 70
     1
102
RTVSPost2010Prop56
140
1.0
102
RTVSPost2010PropOp56
 70
     1
102
RTVSPost2010Prop57
140
1.0
102
RTVSPost2010PropOp57
 70
     1
102
RTVSPropertyOp0
 70
     1
102
RTVSPropertyOp1
 70
     1
102
RTVSPropertyOp2
 70
     1
102
RTVSPropertyOp3
 70
     1
102
RTVSPropertyOp4
 70
     1
102
RTVSPropertyOp5
 70
     1
102
RTVSPropertyOp6
 70
     1
102
RTVSPropertyOp7
 70
     1
102
RTVSPropertyOp8
 70
     1
102
RTVSPropertyOp9
 70
     1
102
RTVSPropertyOp10
 70
     1
102
RTVSPropertyOp11
 70
     1
102
RTVSPropertyOp12
 70
     1
102
RTVSPropertyOp13
 70
     1
102
RTVSPropertyOp14
 70
     1
102
RTVSPropertyOp15
 70
     1
102
RTVSPropertyOp16
 70
     1
102
RTVSPropertyOp17
 70
     1
102
RTVSPropertyOp18
 70
     1
102
RTVSPropertyOp19
 70
     1
102
RTVSPropertyOp20
 70
     1
102
RTVSPropertyOp21
 70
     1
102
RTVSPropertyOp22
 70
     1
102
RTVSPropertyOp23
 70
     1
102
RTVSPropertyOp24
 70
     1
102
RTVSPropertyOp25
 70
     1
102
RTVSPropertyOp26
 70
     1
102
RTVSPropertyOp27
 70
     1
102
RTVSPropertyOp28
 70
     1
102
RTVSPropertyOp29
 70
     1
102
RTVSPropertyOp30
 70
     1
102
RTVSPropertyOp31
 70
     1
102
RTVSPropertyOp32
 70
     1
102
RTVSPropertyOp33
 70
     1
102
RTVSPropertyOp34
 70
     1
102
RTVSPropertyOp35
 70
     1
102
RTVSPropertyOp36
 70
     1
102
RTVSPropertyOp37
 70
     1
102
RTVSPropertyOp38
 70
     1
102
RTVSPropertyOp39
 70
     1
102
RTVSPropertyOp40
 70
     1
102
RTVSPropertyOp41
 70
     1
102
RTVSPropertyOp42
 70
     1
102
RTVSPropertyOp43
 70
     1
102
RTVSPropertyOp44
 70
     1
102
RTVSPropertyOp45
 70
     1
102
RTVSPropertyOp46
 70
     1
102
RTVSPropertyOp47
 70
     1
102
RTVSPropertyOp48
 70
     1
102
RTVSPropertyOp49
 70
     1
102
RTVSPropertyOp50
 70
     1
102
RTVSPropertyOp51
 70
     0
102
RTVSPropertyOp52
 70
     0
102
RTVSPropertyOp53
 70
     1
102
RTVSPropertyOp54
 70
     1
102
RTVSPropertyOp55
 70
     1
102
RTVSPropertyOp56
 70
     1
102
RTVSPropertyOp57
 70
     1
102
RTVSPropertyOp58
 70
     1
102
RTVSPropertyOp59
 70
     1
102
RTVSPropertyOp60
 70
     1
102
RTVSPropertyOp61
 70
     1
102
RTVSPropertyOp62
 70
     1
  0
XRECORD
  5
154
102
{ACAD_REACTORS
330
153
102
}
330
153
100
AcDbXrecord
280
     1
102
RTVSPost2010Prop28
280
     0
102
RTVSPost2010PropOp28
 70
     1
102
RTVSPost2010Prop29
280
     1
102
RTVSPost2010PropOp29
 70
     1
102
RTVSPost2010Prop30
280
     1
102
RTVSPost2010PropOp30
 70
     1
102
RTVSPost2010Prop31
280
     0
102
RTVSPost2010PropOp31
 70
     1
102
RTVSPost2010Prop32
280
     0
102
RTVSPost2010PropOp32
 70
     1
102
RTVSPost2010Prop33
280
     0
102
RTVSPost2010PropOp33
 70
     1
102
RTVSPost2010Prop34
280
     0
102
RTVSPost2010PropOp34
 70
     1
102
RTVSPost2010Prop35
280
     0
102
RTVSPost2010PropOp35
 70
     1
102
RTVSPost2010Prop36
280
     0
102
RTVSPost2010PropOp36
 70
     1
102
RTVSPost2010Prop37
 90
       50
102
RTVSPost2010PropOp37
 70
     1
102
RTVSPost2010Prop38
140
0.0
102
RTVSPost2010PropOp38
 70
     1
102
RTVSPost2010Prop39
140
1.0
102
RTVSPost2010PropOp39
 70
     1
102
RTVSPost2010Prop40
 90
        0
102
RTVSPost2010PropOp40
 70
     1
102
RTVSPost2010Prop41ColorIndex
 90
       18
102
RTVSPost2010Prop41ColorRGB
 90
        0
102
RTVSPost2010PropOp41
 70
     1
102
RTVSPost2010Prop42
 90
       50
102
RTVSPost2010PropOp42
 70
     1
102
RTVSPost2010Prop43
 90
        3
102
RTVSPost2010PropOp43
 70
     1
102
RTVSPost2010Prop44ColorIndex
 90
        5
102
RTVSPost2010Prop44ColorRGB
 90
      255
102
RTVSPost2010PropOp44
 70
     1
102
RTVSPost2010Prop45
280
     0
102
RTVSPost2010PropOp45
 70
     1
102
RTVSPost2010Prop46
 90
       50
102
RTVSPost2010PropOp46
 70
     1
102
RTVSPost2010Prop47
 90
       50
102
RTVSPost2010PropOp47
 70
     1
102
RTVSPost2010Prop48
 90
       50
102
RTVSPost2010PropOp48
 70
     1
102
RTVSPost2010Prop49
280
     0
102
RTVSPost2010PropOp49
 70
     1
102
RTVSPost2010Prop50
 90
       50
102
RTVSPost2010PropOp50
 70
     1
102
RTVSPost2010Prop51ColorIndex
 90
      256
102
RTVSPost2010Prop51ColorRGB
 90
-16777216
102
RTVSPost2010PropOp51
 70
     0
102
RTVSPost2010Prop52
140
1.0
102
RTVSPost2010PropOp52
 70
     0
102
RTVSPost2010Prop53
 90
        2
102
RTVSPost2010PropOp53
 70
     1
102
RTVSPost2010Prop54
  1
strokes_ogs.tif
102
RTVSPost2010PropOp54
 70
     1
102
RTVSPost2010Prop55
280
     0
102
RTVSPost2010PropOp55
 70
     1
102
RTVSPost2010Prop56
140
1.0
102
RTVSPost2010PropOp56
 70
     1
102
RTVSPost2010Prop57
140
1.0
102
RTVSPost2010PropOp57
 70
     1
102
RTVSPropertyOp0
 70
     1
102
RTVSPropertyOp1
 70
     1
102
RTVSPropertyOp2
 70
     1
102
RTVSPropertyOp3
 70
     1
102
RTVSPropertyOp4
 70
     1
102
RTVSPropertyOp5
 70
     1
102
RTVSPropertyOp6
 70
     1
102
RTVSPropertyOp7
 70
     1
102
RTVSPropertyOp8
 70
     1
102
RTVSPropertyOp9
 70
     1
102
RTVSPropertyOp10
 70
     1
102
RTVSPropertyOp11
 70
     1
102
RTVSPropertyOp12
 70
     1
102
RTVSPropertyOp13
 70
     1
102
RTVSPropertyOp14
 70
     1
102
RTVSPropertyOp15
 70
     1
102
RTVSPropertyOp16
 70
     1
102
RTVSPropertyOp17
 70
     1
102
RTVSPropertyOp18
 70
     1
102
RTVSPropertyOp19
 70
     1
102
RTVSPropertyOp20
 70
     1
102
RTVSPropertyOp21
 70
     1
102
RTVSPropertyOp22
 70
     1
102
RTVSPropertyOp23
 70
     1
102
RTVSPropertyOp24
 70
     1
102
RTVSPropertyOp25
 70
     1
102
RTVSPropertyOp26
 70
     1
102
RTVSPropertyOp27
 70
     1
102
RTVSPropertyOp28
 70
     1
102
RTVSPropertyOp29
 70
     1
102
RTVSPropertyOp30
 70
     1
102
RTVSPropertyOp31
 70
     1
102
RTVSPropertyOp32
 70
     1
102
RTVSPropertyOp33
 70
     1
102
RTVSPropertyOp34
 70
     1
102
RTVSPropertyOp35
 70
     1
102
RTVSPropertyOp36
 70
     1
102
RTVSPropertyOp37
 70
     1
102
RTVSPropertyOp38
 70
     1
102
RTVSPropertyOp39
 70
     1
102
RTVSPropertyOp40
 70
     1
102
RTVSPropertyOp41
 70
     1
102
RTVSPropertyOp42
 70
     1
102
RTVSPropertyOp43
 70
     1
102
RTVSPropertyOp44
 70
     1
102
RTVSPropertyOp45
 70
     1
102
RTVSPropertyOp46
 70
     1
102
RTVSPropertyOp47
 70
     1
102
RTVSPropertyOp48
 70
     1
102
RTVSPropertyOp49
 70
     1
102
RTVSPropertyOp50
 70
     1
102
RTVSPropertyOp51
 70
     0
102
RTVSPropertyOp52
 70
     0
102
RTVSPropertyOp53
 70
     1
102
RTVSPropertyOp54
 70
     1
102
RTVSPropertyOp55
 70
     1
102
RTVSPropertyOp56
 70
     1
102
RTVSPropertyOp57
 70
     1
102
RTVSPropertyOp58
 70
     1
102
RTVSPropertyOp59
 70
     1
102
RTVSPropertyOp60
 70
     1
102
RTVSPropertyOp61
 70
     1
102
RTVSPropertyOp62
 70
     1
  0
XRECORD
  5
156
102
{ACAD_REACTORS
330
155
102
}
330
155
100
AcDbXrecord
280
     1
102
RTVSPost2010Prop28
280
     0
102
RTVSPost2010PropOp28
 70
     1
102
RTVSPost2010Prop29
280
     1
102
RTVSPost2010PropOp29
 70
     1
102
RTVSPost2010Prop30
280
     1
102
RTVSPost2010PropOp30
 70
     1
102
RTVSPost2010Prop31
280
     0
102
RTVSPost2010PropOp31
 70
     1
102
RTVSPost2010Prop32
280
     0
102
RTVSPost2010PropOp32
 70
     1
102
RTVSPost2010Prop33
280
     0
102
RTVSPost2010PropOp33
 70
     1
102
RTVSPost2010Prop34
280
     0
102
RTVSPost2010PropOp34
 70
     1
102
RTVSPost2010Prop35
280
     0
102
RTVSPost2010PropOp35
 70
     1
102
RTVSPost2010Prop36
280
     0
102
RTVSPost2010PropOp36
 70
     1
102
RTVSPost2010Prop37
 90
       50
102
RTVSPost2010PropOp37
 70
     1
102
RTVSPost2010Prop38
140
0.0
102
RTVSPost2010PropOp38
 70
     1
102
RTVSPost2010Prop39
140
1.0
102
RTVSPost2010PropOp39
 70
     1
102
RTVSPost2010Prop40
 90
        0
102
RTVSPost2010PropOp40
 70
     1
102
RTVSPost2010Prop41ColorIndex
 90
       18
102
RTVSPost2010Prop41ColorRGB
 90
        0
102
RTVSPost2010PropOp41
 70
     1
102
RTVSPost2010Prop42
 90
       50
102
RTVSPost2010PropOp42
 70
     1
102
RTVSPost2010Prop43
 90
        3
102
RTVSPost2010PropOp43
 70
     1
102
RTVSPost2010Prop44ColorIndex
 90
        5
102
RTVSPost2010Prop44ColorRGB
 90
      255
102
RTVSPost2010PropOp44
 70
     1
102
RTVSPost2010Prop45
280
     0
102
RTVSPost2010PropOp45
 70
     1
102
RTVSPost2010Prop46
 90
       50
102
RTVSPost2010PropOp46
 70
     1
102
RTVSPost2010Prop47
 90
       50
102
RTVSPost2010PropOp47
 70
     1
102
RTVSPost2010Prop48
 90
       50
102
RTVSPost2010PropOp48
 70
     1
102
RTVSPost2010Prop49
280
     0
102
RTVSPost2010PropOp49
 70
     1
102
RTVSPost2010Prop50
 90
       50
102
RTVSPost2010PropOp50
 70
     1
102
RTVSPost2010Prop51ColorIndex
 90
      256
102
RTVSPost2010Prop51ColorRGB
 90
-16777216
102
RTVSPost2010PropOp51
 70
     0
102
RTVSPost2010Prop52
140
1.0
102
RTVSPost2010PropOp52
 70
     0
102
RTVSPost2010Prop53
 90
        2
102
RTVSPost2010PropOp53
 70
     1
102
RTVSPost2010Prop54
  1
strokes_ogs.tif
102
RTVSPost2010PropOp54
 70
     1
102
RTVSPost2010Prop55
280
     0
102
RTVSPost2010PropOp55
 70
     1
102
RTVSPost2010Prop56
140
1.0
102
RTVSPost2010PropOp56
 70
     1
102
RTVSPost2010Prop57
140
1.0
102
RTVSPost2010PropOp57
 70
     1
102
RTVSPropertyOp0
 70
     1
102
RTVSPropertyOp1
 70
     1
102
RTVSPropertyOp2
 70
     1
102
RTVSPropertyOp3
 70
     1
102
RTVSPropertyOp4
 70
     1
102
RTVSPropertyOp5
 70
     1
102
RTVSPropertyOp6
 70
     1
102
RTVSPropertyOp7
 70
     1
102
RTVSPropertyOp8
 70
     1
102
RTVSPropertyOp9
 70
     1
102
RTVSPropertyOp10
 70
     1
102
RTVSPropertyOp11
 70
     1
102
RTVSPropertyOp12
 70
     1
102
RTVSPropertyOp13
 70
     1
102
RTVSPropertyOp14
 70
     1
102
RTVSPropertyOp15
 70
     1
102
RTVSPropertyOp16
 70
     1
102
RTVSPropertyOp17
 70
     1
102
RTVSPropertyOp18
 70
     1
102
RTVSPropertyOp19
 70
     1
102
RTVSPropertyOp20
 70
     1
102
RTVSPropertyOp21
 70
     1
102
RTVSPropertyOp22
 70
     1
102
RTVSPropertyOp23
 70
     1
102
RTVSPropertyOp24
 70
     1
102
RTVSPropertyOp25
 70
     1
102
RTVSPropertyOp26
 70
     1
102
RTVSPropertyOp27
 70
     1
102
RTVSPropertyOp28
 70
     1
102
RTVSPropertyOp29
 70
     1
102
RTVSPropertyOp30
 70
     1
102
RTVSPropertyOp31
 70
     1
102
RTVSPropertyOp32
 70
     1
102
RTVSPropertyOp33
 70
     1
102
RTVSPropertyOp34
 70
     1
102
RTVSPropertyOp35
 70
     1
102
RTVSPropertyOp36
 70
     1
102
RTVSPropertyOp37
 70
     1
102
RTVSPropertyOp38
 70
     1
102
RTVSPropertyOp39
 70
     1
102
RTVSPropertyOp40
 70
     1
102
RTVSPropertyOp41
 70
     1
102
RTVSPropertyOp42
 70
     1
102
RTVSPropertyOp43
 70
     1
102
RTVSPropertyOp44
 70
     1
102
RTVSPropertyOp45
 70
     1
102
RTVSPropertyOp46
 70
     1
102
RTVSPropertyOp47
 70
     1
102
RTVSPropertyOp48
 70
     1
102
RTVSPropertyOp49
 70
     1
102
RTVSPropertyOp50
 70
     1
102
RTVSPropertyOp51
 70
     0
102
RTVSPropertyOp52
 70
     0
102
RTVSPropertyOp53
 70
     1
102
RTVSPropertyOp54
 70
     1
102
RTVSPropertyOp55
 70
     1
102
RTVSPropertyOp56
 70
     1
102
RTVSPropertyOp57
 70
     1
102
RTVSPropertyOp58
 70
     1
102
RTVSPropertyOp59
 70
     1
102
RTVSPropertyOp60
 70
     1
102
RTVSPropertyOp61
 70
     1
102
RTVSPropertyOp62
 70
     1
  0
XRECORD
  5
14C
102
{ACAD_REACTORS
330
14B
102
}
330
14B
100
AcDbXrecord
280
     1
102
RTVSPost2010Prop28
280
     0
102
RTVSPost2010PropOp28
 70
     1
102
RTVSPost2010Prop29
280
     1
102
RTVSPost2010PropOp29
 70
     1
102
RTVSPost2010Prop30
280
     1
102
RTVSPost2010PropOp30
 70
     1
102
RTVSPost2010Prop31
280
     0
102
RTVSPost2010PropOp31
 70
     1
102
RTVSPost2010Prop32
280
     0
102
RTVSPost2010PropOp32
 70
     1
102
RTVSPost2010Prop33
280
     0
102
RTVSPost2010PropOp33
 70
     1
102
RTVSPost2010Prop34
280
     0
102
RTVSPost2010PropOp34
 70
     1
102
RTVSPost2010Prop35
280
     0
102
RTVSPost2010PropOp35
 70
     1
102
RTVSPost2010Prop36
280
     0
102
RTVSPost2010PropOp36
 70
     1
102
RTVSPost2010Prop37
 90
       50
102
RTVSPost2010PropOp37
 70
     1
102
RTVSPost2010Prop38
140
0.0
102
RTVSPost2010PropOp38
 70
     1
102
RTVSPost2010Prop39
140
1.0
102
RTVSPost2010PropOp39
 70
     1
102
RTVSPost2010Prop40
 90
        0
102
RTVSPost2010PropOp40
 70
     1
102
RTVSPost2010Prop41ColorIndex
 90
       18
102
RTVSPost2010Prop41ColorRGB
 90
        0
102
RTVSPost2010PropOp41
 70
     1
102
RTVSPost2010Prop42
 90
       50
102
RTVSPost2010PropOp42
 70
     1
102
RTVSPost2010Prop43
 90
        3
102
RTVSPost2010PropOp43
 70
     1
102
RTVSPost2010Prop44ColorIndex
 90
        5
102
RTVSPost2010Prop44ColorRGB
 90
      255
102
RTVSPost2010PropOp44
 70
     1
102
RTVSPost2010Prop45
280
     0
102
RTVSPost2010PropOp45
 70
     1
102
RTVSPost2010Prop46
 90
       50
102
RTVSPost2010PropOp46
 70
     1
102
RTVSPost2010Prop47
 90
       50
102
RTVSPost2010PropOp47
 70
     1
102
RTVSPost2010Prop48
 90
       50
102
RTVSPost2010PropOp48
 70
     1
102
RTVSPost2010Prop49
280
     0
102
RTVSPost2010PropOp49
 70
     1
102
RTVSPost2010Prop50
 90
       50
102
RTVSPost2010PropOp50
 70
     1
102
RTVSPost2010Prop51ColorIndex
 90
      256
102
RTVSPost2010Prop51ColorRGB
 90
-16777216
102
RTVSPost2010PropOp51
 70
     0
102
RTVSPost2010Prop52
140
1.0
102
RTVSPost2010PropOp52
 70
     0
102
RTVSPost2010Prop53
 90
        2
102
RTVSPost2010PropOp53
 70
     1
102
RTVSPost2010Prop54
  1
strokes_ogs.tif
102
RTVSPost2010PropOp54
 70
     1
102
RTVSPost2010Prop55
280
     0
102
RTVSPost2010PropOp55
 70
     1
102
RTVSPost2010Prop56
140
1.0
102
RTVSPost2010PropOp56
 70
     1
102
RTVSPost2010Prop57
140
1.0
102
RTVSPost2010PropOp57
 70
     1
102
RTVSPropertyOp0
 70
     1
102
RTVSPropertyOp1
 70
     1
102
RTVSPropertyOp2
 70
     1
102
RTVSPropertyOp3
 70
     1
102
RTVSPropertyOp4
 70
     1
102
RTVSPropertyOp5
 70
     1
102
RTVSPropertyOp6
 70
     1
102
RTVSPropertyOp7
 70
     1
102
RTVSPropertyOp8
 70
     1
102
RTVSPropertyOp9
 70
     1
102
RTVSPropertyOp10
 70
     1
102
RTVSPropertyOp11
 70
     1
102
RTVSPropertyOp12
 70
     1
102
RTVSPropertyOp13
 70
     1
102
RTVSPropertyOp14
 70
     1
102
RTVSPropertyOp15
 70
     1
102
RTVSPropertyOp16
 70
     1
102
RTVSPropertyOp17
 70
     1
102
RTVSPropertyOp18
 70
     1
102
RTVSPropertyOp19
 70
     1
102
RTVSPropertyOp20
 70
     1
102
RTVSPropertyOp21
 70
     1
102
RTVSPropertyOp22
 70
     1
102
RTVSPropertyOp23
 70
     1
102
RTVSPropertyOp24
 70
     1
102
RTVSPropertyOp25
 70
     1
102
RTVSPropertyOp26
 70
     1
102
RTVSPropertyOp27
 70
     1
102
RTVSPropertyOp28
 70
     1
102
RTVSPropertyOp29
 70
     1
102
RTVSPropertyOp30
 70
     1
102
RTVSPropertyOp31
 70
     1
102
RTVSPropertyOp32
 70
     1
102
RTVSPropertyOp33
 70
     1
102
RTVSPropertyOp34
 70
     1
102
RTVSPropertyOp35
 70
     1
102
RTVSPropertyOp36
 70
     1
102
RTVSPropertyOp37
 70
     1
102
RTVSPropertyOp38
 70
     1
102
RTVSPropertyOp39
 70
     1
102
RTVSPropertyOp40
 70
     1
102
RTVSPropertyOp41
 70
     1
102
RTVSPropertyOp42
 70
     1
102
RTVSPropertyOp43
 70
     1
102
RTVSPropertyOp44
 70
     1
102
RTVSPropertyOp45
 70
     1
102
RTVSPropertyOp46
 70
     1
102
RTVSPropertyOp47
 70
     1
102
RTVSPropertyOp48
 70
     1
102
RTVSPropertyOp49
 70
     1
102
RTVSPropertyOp50
 70
     1
102
RTVSPropertyOp51
 70
     0
102
RTVSPropertyOp52
 70
     0
102
RTVSPropertyOp53
 70
     1
102
RTVSPropertyOp54
 70
     1
102
RTVSPropertyOp55
 70
     1
102
RTVSPropertyOp56
 70
     1
102
RTVSPropertyOp57
 70
     1
102
RTVSPropertyOp58
 70
     1
102
RTVSPropertyOp59
 70
     1
102
RTVSPropertyOp60
 70
     1
102
RTVSPropertyOp61
 70
     1
102
RTVSPropertyOp62
 70
     1
  0
XRECORD
  5
140
102
{ACAD_REACTORS
330
13F
102
}
330
13F
100
AcDbXrecord
280
     1
102
RTVSPost2010Prop28
280
     0
102
RTVSPost2010PropOp28
 70
     1
102
RTVSPost2010Prop29
280
     1
102
RTVSPost2010PropOp29
 70
     1
102
RTVSPost2010Prop30
280
     1
102
RTVSPost2010PropOp30
 70
     1
102
RTVSPost2010Prop31
280
     0
102
RTVSPost2010PropOp31
 70
     1
102
RTVSPost2010Prop32
280
     0
102
RTVSPost2010PropOp32
 70
     1
102
RTVSPost2010Prop33
280
     0
102
RTVSPost2010PropOp33
 70
     1
102
RTVSPost2010Prop34
280
     0
102
RTVSPost2010PropOp34
 70
     1
102
RTVSPost2010Prop35
280
     0
102
RTVSPost2010PropOp35
 70
     1
102
RTVSPost2010Prop36
280
     0
102
RTVSPost2010PropOp36
 70
     1
102
RTVSPost2010Prop37
 90
       50
102
RTVSPost2010PropOp37
 70
     1
102
RTVSPost2010Prop38
140
0.0
102
RTVSPost2010PropOp38
 70
     1
102
RTVSPost2010Prop39
140
1.0
102
RTVSPost2010PropOp39
 70
     1
102
RTVSPost2010Prop40
 90
        0
102
RTVSPost2010PropOp40
 70
     1
102
RTVSPost2010Prop41ColorIndex
 90
       18
102
RTVSPost2010Prop41ColorRGB
 90
        0
102
RTVSPost2010PropOp41
 70
     1
102
RTVSPost2010Prop42
 90
       50
102
RTVSPost2010PropOp42
 70
     1
102
RTVSPost2010Prop43
 90
        3
102
RTVSPost2010PropOp43
 70
     1
102
RTVSPost2010Prop44ColorIndex
 90
        5
102
RTVSPost2010Prop44ColorRGB
 90
      255
102
RTVSPost2010PropOp44
 70
     1
102
RTVSPost2010Prop45
280
     0
102
RTVSPost2010PropOp45
 70
     1
102
RTVSPost2010Prop46
 90
       50
102
RTVSPost2010PropOp46
 70
     1
102
RTVSPost2010Prop47
 90
       50
102
RTVSPost2010PropOp47
 70
     1
102
RTVSPost2010Prop48
 90
       50
102
RTVSPost2010PropOp48
 70
     1
102
RTVSPost2010Prop49
280
     0
102
RTVSPost2010PropOp49
 70
     1
102
RTVSPost2010Prop50
 90
       50
102
RTVSPost2010PropOp50
 70
     1
102
RTVSPost2010Prop51ColorIndex
 90
      256
102
RTVSPost2010Prop51ColorRGB
 90
-16777216
102
RTVSPost2010PropOp51
 70
     0
102
RTVSPost2010Prop52
140
1.0
102
RTVSPost2010PropOp52
 70
     0
102
RTVSPost2010Prop53
 90
        2
102
RTVSPost2010PropOp53
 70
     1
102
RTVSPost2010Prop54
  1
strokes_ogs.tif
102
RTVSPost2010PropOp54
 70
     1
102
RTVSPost2010Prop55
280
     0
102
RTVSPost2010PropOp55
 70
     1
102
RTVSPost2010Prop56
140
1.0
102
RTVSPost2010PropOp56
 70
     1
102
RTVSPost2010Prop57
140
1.0
102
RTVSPost2010PropOp57
 70
     1
102
RTVSPropertyOp0
 70
     1
102
RTVSPropertyOp1
 70
     1
102
RTVSPropertyOp2
 70
     1
102
RTVSPropertyOp3
 70
     1
102
RTVSPropertyOp4
 70
     1
102
RTVSPropertyOp5
 70
     1
102
RTVSPropertyOp6
 70
     1
102
RTVSPropertyOp7
 70
     1
102
RTVSPropertyOp8
 70
     1
102
RTVSPropertyOp9
 70
     1
102
RTVSPropertyOp10
 70
     1
102
RTVSPropertyOp11
 70
     1
102
RTVSPropertyOp12
 70
     1
102
RTVSPropertyOp13
 70
     1
102
RTVSPropertyOp14
 70
     1
102
RTVSPropertyOp15
 70
     1
102
RTVSPropertyOp16
 70
     1
102
RTVSPropertyOp17
 70
     1
102
RTVSPropertyOp18
 70
     1
102
RTVSPropertyOp19
 70
     1
102
RTVSPropertyOp20
 70
     1
102
RTVSPropertyOp21
 70
     1
102
RTVSPropertyOp22
 70
     1
102
RTVSPropertyOp23
 70
     1
102
RTVSPropertyOp24
 70
     1
102
RTVSPropertyOp25
 70
     1
102
RTVSPropertyOp26
 70
     1
102
RTVSPropertyOp27
 70
     1
102
RTVSPropertyOp28
 70
     1
102
RTVSPropertyOp29
 70
     1
102
RTVSPropertyOp30
 70
     1
102
RTVSPropertyOp31
 70
     1
102
RTVSPropertyOp32
 70
     1
102
RTVSPropertyOp33
 70
     1
102
RTVSPropertyOp34
 70
     1
102
RTVSPropertyOp35
 70
     1
102
RTVSPropertyOp36
 70
     1
102
RTVSPropertyOp37
 70
     1
102
RTVSPropertyOp38
 70
     1
102
RTVSPropertyOp39
 70
     1
102
RTVSPropertyOp40
 70
     1
102
RTVSPropertyOp41
 70
     1
102
RTVSPropertyOp42
 70
     1
102
RTVSPropertyOp43
 70
     1
102
RTVSPropertyOp44
 70
     1
102
RTVSPropertyOp45
 70
     1
102
RTVSPropertyOp46
 70
     1
102
RTVSPropertyOp47
 70
     1
102
RTVSPropertyOp48
 70
     1
102
RTVSPropertyOp49
 70
     1
102
RTVSPropertyOp50
 70
     1
102
RTVSPropertyOp51
 70
     0
102
RTVSPropertyOp52
 70
     0
102
RTVSPropertyOp53
 70
     1
102
RTVSPropertyOp54
 70
     1
102
RTVSPropertyOp55
 70
     1
102
RTVSPropertyOp56
 70
     1
102
RTVSPropertyOp57
 70
     1
102
RTVSPropertyOp58
 70
     1
102
RTVSPropertyOp59
 70
     1
102
RTVSPropertyOp60
 70
     1
102
RTVSPropertyOp61
 70
     1
102
RTVSPropertyOp62
 70
     1
  0
XRECORD
  5
158
102
{ACAD_REACTORS
330
157
102
}
330
157
100
AcDbXrecord
280
     1
102
RTVSPost2010Prop28
280
     0
102
RTVSPost2010PropOp28
 70
     1
102
RTVSPost2010Prop29
280
     1
102
RTVSPost2010PropOp29
 70
     1
102
RTVSPost2010Prop30
280
     1
102
RTVSPost2010PropOp30
 70
     1
102
RTVSPost2010Prop31
280
     0
102
RTVSPost2010PropOp31
 70
     1
102
RTVSPost2010Prop32
280
     0
102
RTVSPost2010PropOp32
 70
     1
102
RTVSPost2010Prop33
280
     0
102
RTVSPost2010PropOp33
 70
     1
102
RTVSPost2010Prop34
280
     0
102
RTVSPost2010PropOp34
 70
     1
102
RTVSPost2010Prop35
280
     0
102
RTVSPost2010PropOp35
 70
     1
102
RTVSPost2010Prop36
280
     0
102
RTVSPost2010PropOp36
 70
     1
102
RTVSPost2010Prop37
 90
       50
102
RTVSPost2010PropOp37
 70
     1
102
RTVSPost2010Prop38
140
0.0
102
RTVSPost2010PropOp38
 70
     1
102
RTVSPost2010Prop39
140
1.0
102
RTVSPost2010PropOp39
 70
     1
102
RTVSPost2010Prop40
 90
        0
102
RTVSPost2010PropOp40
 70
     1
102
RTVSPost2010Prop41ColorIndex
 90
       18
102
RTVSPost2010Prop41ColorRGB
 90
        0
102
RTVSPost2010PropOp41
 70
     1
102
RTVSPost2010Prop42
 90
       50
102
RTVSPost2010PropOp42
 70
     1
102
RTVSPost2010Prop43
 90
        3
102
RTVSPost2010PropOp43
 70
     1
102
RTVSPost2010Prop44ColorIndex
 90
        5
102
RTVSPost2010Prop44ColorRGB
 90
      255
102
RTVSPost2010PropOp44
 70
     1
102
RTVSPost2010Prop45
280
     0
102
RTVSPost2010PropOp45
 70
     1
102
RTVSPost2010Prop46
 90
       50
102
RTVSPost2010PropOp46
 70
     1
102
RTVSPost2010Prop47
 90
       50
102
RTVSPost2010PropOp47
 70
     1
102
RTVSPost2010Prop48
 90
       50
102
RTVSPost2010PropOp48
 70
     1
102
RTVSPost2010Prop49
280
     0
102
RTVSPost2010PropOp49
 70
     1
102
RTVSPost2010Prop50
 90
       50
102
RTVSPost2010PropOp50
 70
     1
102
RTVSPost2010Prop51ColorIndex
 90
      256
102
RTVSPost2010Prop51ColorRGB
 90
-16777216
102
RTVSPost2010PropOp51
 70
     0
102
RTVSPost2010Prop52
140
1.0
102
RTVSPost2010PropOp52
 70
     0
102
RTVSPost2010Prop53
 90
        2
102
RTVSPost2010PropOp53
 70
     1
102
RTVSPost2010Prop54
  1
strokes_ogs.tif
102
RTVSPost2010PropOp54
 70
     1
102
RTVSPost2010Prop55
280
     0
102
RTVSPost2010PropOp55
 70
     1
102
RTVSPost2010Prop56
140
1.0
102
RTVSPost2010PropOp56
 70
     1
102
RTVSPost2010Prop57
140
1.0
102
RTVSPost2010PropOp57
 70
     1
102
RTVSPropertyOp0
 70
     1
102
RTVSPropertyOp1
 70
     1
102
RTVSPropertyOp2
 70
     1
102
RTVSPropertyOp3
 70
     1
102
RTVSPropertyOp4
 70
     1
102
RTVSPropertyOp5
 70
     1
102
RTVSPropertyOp6
 70
     1
102
RTVSPropertyOp7
 70
     1
102
RTVSPropertyOp8
 70
     1
102
RTVSPropertyOp9
 70
     1
102
RTVSPropertyOp10
 70
     1
102
RTVSPropertyOp11
 70
     1
102
RTVSPropertyOp12
 70
     1
102
RTVSPropertyOp13
 70
     1
102
RTVSPropertyOp14
 70
     1
102
RTVSPropertyOp15
 70
     1
102
RTVSPropertyOp16
 70
     1
102
RTVSPropertyOp17
 70
     1
102
RTVSPropertyOp18
 70
     1
102
RTVSPropertyOp19
 70
     1
102
RTVSPropertyOp20
 70
     1
102
RTVSPropertyOp21
 70
     1
102
RTVSPropertyOp22
 70
     1
102
RTVSPropertyOp23
 70
     1
102
RTVSPropertyOp24
 70
     1
102
RTVSPropertyOp25
 70
     1
102
RTVSPropertyOp26
 70
     1
102
RTVSPropertyOp27
 70
     1
102
RTVSPropertyOp28
 70
     1
102
RTVSPropertyOp29
 70
     1
102
RTVSPropertyOp30
 70
     1
102
RTVSPropertyOp31
 70
     1
102
RTVSPropertyOp32
 70
     1
102
RTVSPropertyOp33
 70
     1
102
RTVSPropertyOp34
 70
     1
102
RTVSPropertyOp35
 70
     1
102
RTVSPropertyOp36
 70
     1
102
RTVSPropertyOp37
 70
     1
102
RTVSPropertyOp38
 70
     1
102
RTVSPropertyOp39
 70
     1
102
RTVSPropertyOp40
 70
     1
102
RTVSPropertyOp41
 70
     1
102
RTVSPropertyOp42
 70
     1
102
RTVSPropertyOp43
 70
     1
102
RTVSPropertyOp44
 70
     1
102
RTVSPropertyOp45
 70
     1
102
RTVSPropertyOp46
 70
     1
102
RTVSPropertyOp47
 70
     1
102
RTVSPropertyOp48
 70
     1
102
RTVSPropertyOp49
 70
     1
102
RTVSPropertyOp50
 70
     1
102
RTVSPropertyOp51
 70
     0
102
RTVSPropertyOp52
 70
     0
102
RTVSPropertyOp53
 70
     1
102
RTVSPropertyOp54
 70
     1
102
RTVSPropertyOp55
 70
     1
102
RTVSPropertyOp56
 70
     1
102
RTVSPropertyOp57
 70
     1
102
RTVSPropertyOp58
 70
     1
102
RTVSPropertyOp59
 70
     1
102
RTVSPropertyOp60
 70
     1
102
RTVSPropertyOp61
 70
     1
102
RTVSPropertyOp62
 70
     1
  0
ENDSEC
  0
EOF
